
=== phase2_arm_b_aleatoric ===
Started: 2026-05-29T21:06:23
Command: /scratch/PDRL/dissertation-project/venv/bin/python experiments/runners/run_probabilistic_agent.py --tickers market_sample --seeds extended --timesteps 50000 --bootstrap-paths 32 --uncertainty-mode aleatoric --tag phase2_aleatoric --device cpu
Log:     /scratch/PDRL/dissertation-project/experiments/results/logs/phase2_arm_b_aleatoric_20260529_185754.log
============================================================
AAPL  seed=  7 ts=50000 bs=32 unc=aleatoric: final=1654914.52, sharpe=0.4773, max_dd=0.3336, preservation=0.9566 -> probabilistic__AAPL__seed7__phase2_aleatoric.json
AAPL  seed= 13 ts=50000 bs=32 unc=aleatoric: final=1009501.50, sharpe=0.0327, max_dd=0.1364, preservation=0.9680 -> probabilistic__AAPL__seed13__phase2_aleatoric.json
AAPL  seed= 19 ts=50000 bs=32 unc=aleatoric: final=1654188.46, sharpe=0.4705, max_dd=0.3336, preservation=0.9566 -> probabilistic__AAPL__seed19__phase2_aleatoric.json
AAPL  seed= 23 ts=50000 bs=32 unc=aleatoric: final=993128.35, sharpe=-0.3248, max_dd=0.0100, preservation=0.9900 -> probabilistic__AAPL__seed23__phase2_aleatoric.json
AAPL  seed= 29 ts=50000 bs=32 unc=aleatoric: final=994792.08, sharpe=-0.2615, max_dd=0.0089, preservation=0.9917 -> probabilistic__AAPL__seed29__phase2_aleatoric.json
AAPL  seed= 37 ts=50000 bs=32 unc=aleatoric: final=1659006.16, sharpe=0.5209, max_dd=0.3300, preservation=0.9569 -> probabilistic__AAPL__seed37__phase2_aleatoric.json
AAPL  seed= 42 ts=50000 bs=32 unc=aleatoric: final=1511226.37, sharpe=0.5113, max_dd=0.2681, preservation=0.9641 -> probabilistic__AAPL__seed42__phase2_aleatoric.json
AAPL  seed= 53 ts=50000 bs=32 unc=aleatoric: final=1149005.21, sharpe=0.3927, max_dd=0.1253, preservation=0.9826 -> probabilistic__AAPL__seed53__phase2_aleatoric.json
AAPL  seed= 67 ts=50000 bs=32 unc=aleatoric: final=1388382.42, sharpe=0.6395, max_dd=0.1955, preservation=0.9659 -> probabilistic__AAPL__seed67__phase2_aleatoric.json
AAPL  seed= 89 ts=50000 bs=32 unc=aleatoric: final=1428779.27, sharpe=0.5423, max_dd=0.2540, preservation=0.9677 -> probabilistic__AAPL__seed89__phase2_aleatoric.json
AMAT  seed=  7 ts=50000 bs=32 unc=aleatoric: final=2169765.11, sharpe=0.4801, max_dd=0.4988, preservation=0.9560 -> probabilistic__AMAT__seed7__phase2_aleatoric.json
AMAT  seed= 13 ts=50000 bs=32 unc=aleatoric: final=1381889.02, sharpe=0.5686, max_dd=0.1952, preservation=0.9789 -> probabilistic__AMAT__seed13__phase2_aleatoric.json
AMAT  seed= 19 ts=50000 bs=32 unc=aleatoric: final=2106247.28, sharpe=0.4545, max_dd=0.4988, preservation=0.9560 -> probabilistic__AMAT__seed19__phase2_aleatoric.json
AMAT  seed= 23 ts=50000 bs=32 unc=aleatoric: final=1195652.41, sharpe=0.2893, max_dd=0.2517, preservation=0.9803 -> probabilistic__AMAT__seed23__phase2_aleatoric.json
AMAT  seed= 29 ts=50000 bs=32 unc=aleatoric: final=1027523.83, sharpe=0.2192, max_dd=0.0503, preservation=0.9923 -> probabilistic__AMAT__seed29__phase2_aleatoric.json
AMAT  seed= 37 ts=50000 bs=32 unc=aleatoric: final=2115890.83, sharpe=0.4574, max_dd=0.4988, preservation=0.9560 -> probabilistic__AMAT__seed37__phase2_aleatoric.json
AMAT  seed= 42 ts=50000 bs=32 unc=aleatoric: final=1005570.22, sharpe=0.0316, max_dd=0.0799, preservation=0.9868 -> probabilistic__AMAT__seed42__phase2_aleatoric.json
AMAT  seed= 53 ts=50000 bs=32 unc=aleatoric: final=2111518.98, sharpe=0.5136, max_dd=0.4607, preservation=0.9583 -> probabilistic__AMAT__seed53__phase2_aleatoric.json
AMAT  seed= 67 ts=50000 bs=32 unc=aleatoric: final=1414634.74, sharpe=0.4310, max_dd=0.2668, preservation=0.9745 -> probabilistic__AMAT__seed67__phase2_aleatoric.json
AMAT  seed= 89 ts=50000 bs=32 unc=aleatoric: final=2190460.18, sharpe=0.5429, max_dd=0.4910, preservation=0.9563 -> probabilistic__AMAT__seed89__phase2_aleatoric.json
AMD   seed=  7 ts=50000 bs=32 unc=aleatoric: final=1512939.94, sharpe=0.3363, max_dd=0.4964, preservation=0.8198 -> probabilistic__AMD__seed7__phase2_aleatoric.json
AMD   seed= 13 ts=50000 bs=32 unc=aleatoric: final=1010840.08, sharpe=0.1181, max_dd=0.0413, preservation=0.9621 -> probabilistic__AMD__seed13__phase2_aleatoric.json
AMD   seed= 19 ts=50000 bs=32 unc=aleatoric: final=1973377.58, sharpe=0.3342, max_dd=0.6300, preservation=0.8157 -> probabilistic__AMD__seed19__phase2_aleatoric.json
AMD   seed= 23 ts=50000 bs=32 unc=aleatoric: final=1029728.60, sharpe=0.2727, max_dd=0.0454, preservation=0.9791 -> probabilistic__AMD__seed23__phase2_aleatoric.json
AMD   seed= 29 ts=50000 bs=32 unc=aleatoric: final=1027335.06, sharpe=0.2868, max_dd=0.0413, preservation=0.9778 -> probabilistic__AMD__seed29__phase2_aleatoric.json
AMD   seed= 37 ts=50000 bs=32 unc=aleatoric: final=1948133.36, sharpe=0.3259, max_dd=0.6300, preservation=0.8157 -> probabilistic__AMD__seed37__phase2_aleatoric.json
AMD   seed= 42 ts=50000 bs=32 unc=aleatoric: final=1008799.08, sharpe=0.0951, max_dd=0.0415, preservation=0.9601 -> probabilistic__AMD__seed42__phase2_aleatoric.json
AMD   seed= 53 ts=50000 bs=32 unc=aleatoric: final=1109552.44, sharpe=0.1550, max_dd=0.3431, preservation=0.9265 -> probabilistic__AMD__seed53__phase2_aleatoric.json
AMD   seed= 67 ts=50000 bs=32 unc=aleatoric: final=1019958.71, sharpe=0.2103, max_dd=0.0413, preservation=0.9708 -> probabilistic__AMD__seed67__phase2_aleatoric.json
AMD   seed= 89 ts=50000 bs=32 unc=aleatoric: final=1060726.82, sharpe=0.1147, max_dd=0.1981, preservation=0.9437 -> probabilistic__AMD__seed89__phase2_aleatoric.json
AMZN  seed=  7 ts=50000 bs=32 unc=aleatoric: final=1915825.72, sharpe=0.5471, max_dd=0.3288, preservation=0.9137 -> probabilistic__AMZN__seed7__phase2_aleatoric.json
AMZN  seed= 13 ts=50000 bs=32 unc=aleatoric: final=1750427.00, sharpe=0.4912, max_dd=0.3423, preservation=0.9146 -> probabilistic__AMZN__seed13__phase2_aleatoric.json
AMZN  seed= 19 ts=50000 bs=32 unc=aleatoric: final=1558520.31, sharpe=0.4513, max_dd=0.3108, preservation=0.9214 -> probabilistic__AMZN__seed19__phase2_aleatoric.json
AMZN  seed= 23 ts=50000 bs=32 unc=aleatoric: final=1008526.81, sharpe=0.0632, max_dd=0.0371, preservation=0.9833 -> probabilistic__AMZN__seed23__phase2_aleatoric.json
AMZN  seed= 29 ts=50000 bs=32 unc=aleatoric: final=1839665.96, sharpe=0.6417, max_dd=0.2840, preservation=0.9211 -> probabilistic__AMZN__seed29__phase2_aleatoric.json
AMZN  seed= 37 ts=50000 bs=32 unc=aleatoric: final=1616260.46, sharpe=0.3852, max_dd=0.4365, preservation=0.9198 -> probabilistic__AMZN__seed37__phase2_aleatoric.json
AMZN  seed= 42 ts=50000 bs=32 unc=aleatoric: final=1613134.84, sharpe=0.3950, max_dd=0.4020, preservation=0.9145 -> probabilistic__AMZN__seed42__phase2_aleatoric.json
AMZN  seed= 53 ts=50000 bs=32 unc=aleatoric: final=1371625.83, sharpe=0.3116, max_dd=0.4084, preservation=0.9341 -> probabilistic__AMZN__seed53__phase2_aleatoric.json
AMZN  seed= 67 ts=50000 bs=32 unc=aleatoric: final=1502110.85, sharpe=0.3897, max_dd=0.3624, preservation=0.9318 -> probabilistic__AMZN__seed67__phase2_aleatoric.json
AMZN  seed= 89 ts=50000 bs=32 unc=aleatoric: final=1622537.85, sharpe=0.4651, max_dd=0.2992, preservation=0.9148 -> probabilistic__AMZN__seed89__phase2_aleatoric.json
AVGO  seed=  7 ts=50000 bs=32 unc=aleatoric: final=6457076.12, sharpe=1.0924, max_dd=0.4115, preservation=0.8477 -> probabilistic__AVGO__seed7__phase2_aleatoric.json
AVGO  seed= 13 ts=50000 bs=32 unc=aleatoric: final=3549165.75, sharpe=1.1800, max_dd=0.2707, preservation=0.8737 -> probabilistic__AVGO__seed13__phase2_aleatoric.json
AVGO  seed= 19 ts=50000 bs=32 unc=aleatoric: final=6488806.09, sharpe=1.0954, max_dd=0.4115, preservation=0.8477 -> probabilistic__AVGO__seed19__phase2_aleatoric.json
AVGO  seed= 23 ts=50000 bs=32 unc=aleatoric: final=6417874.01, sharpe=1.0859, max_dd=0.4115, preservation=0.8477 -> probabilistic__AVGO__seed23__phase2_aleatoric.json
AVGO  seed= 29 ts=50000 bs=32 unc=aleatoric: final=6435773.06, sharpe=1.0878, max_dd=0.4115, preservation=0.8477 -> probabilistic__AVGO__seed29__phase2_aleatoric.json
AVGO  seed= 37 ts=50000 bs=32 unc=aleatoric: final=5796318.28, sharpe=1.0845, max_dd=0.4081, preservation=0.8481 -> probabilistic__AVGO__seed37__phase2_aleatoric.json
AVGO  seed= 42 ts=50000 bs=32 unc=aleatoric: final=2735472.13, sharpe=1.0634, max_dd=0.2499, preservation=0.9313 -> probabilistic__AVGO__seed42__phase2_aleatoric.json
AVGO  seed= 53 ts=50000 bs=32 unc=aleatoric: final=2538153.06, sharpe=1.0117, max_dd=0.2298, preservation=0.9023 -> probabilistic__AVGO__seed53__phase2_aleatoric.json
AVGO  seed= 67 ts=50000 bs=32 unc=aleatoric: final=5259807.53, sharpe=1.1155, max_dd=0.3706, preservation=0.8612 -> probabilistic__AVGO__seed67__phase2_aleatoric.json
AVGO  seed= 89 ts=50000 bs=32 unc=aleatoric: final=6691249.81, sharpe=1.1272, max_dd=0.4115, preservation=0.8477 -> probabilistic__AVGO__seed89__phase2_aleatoric.json
AXP   seed=  7 ts=50000 bs=32 unc=aleatoric: final=2339353.80, sharpe=0.8140, max_dd=0.2876, preservation=0.9751 -> probabilistic__AXP__seed7__phase2_aleatoric.json
AXP   seed= 13 ts=50000 bs=32 unc=aleatoric: final=2300522.34, sharpe=0.8559, max_dd=0.2780, preservation=0.9758 -> probabilistic__AXP__seed13__phase2_aleatoric.json
AXP   seed= 19 ts=50000 bs=32 unc=aleatoric: final=1651832.39, sharpe=0.8148, max_dd=0.1489, preservation=0.9851 -> probabilistic__AXP__seed19__phase2_aleatoric.json
AXP   seed= 23 ts=50000 bs=32 unc=aleatoric: final=2325442.99, sharpe=0.8464, max_dd=0.2876, preservation=0.9751 -> probabilistic__AXP__seed23__phase2_aleatoric.json
AXP   seed= 29 ts=50000 bs=32 unc=aleatoric: final=2103411.25, sharpe=0.7903, max_dd=0.2529, preservation=0.9781 -> probabilistic__AXP__seed29__phase2_aleatoric.json
AXP   seed= 37 ts=50000 bs=32 unc=aleatoric: final=2112824.99, sharpe=0.7584, max_dd=0.2668, preservation=0.9771 -> probabilistic__AXP__seed37__phase2_aleatoric.json
AXP   seed= 42 ts=50000 bs=32 unc=aleatoric: final=1882519.39, sharpe=0.7457, max_dd=0.2769, preservation=0.9754 -> probabilistic__AXP__seed42__phase2_aleatoric.json
AXP   seed= 53 ts=50000 bs=32 unc=aleatoric: final=2246137.64, sharpe=0.7483, max_dd=0.2876, preservation=0.9751 -> probabilistic__AXP__seed53__phase2_aleatoric.json
AXP   seed= 67 ts=50000 bs=32 unc=aleatoric: final=2212524.23, sharpe=0.8029, max_dd=0.2734, preservation=0.9761 -> probabilistic__AXP__seed67__phase2_aleatoric.json
AXP   seed= 89 ts=50000 bs=32 unc=aleatoric: final=2091127.58, sharpe=0.8987, max_dd=0.2682, preservation=0.9777 -> probabilistic__AXP__seed89__phase2_aleatoric.json
BA    seed=  7 ts=50000 bs=32 unc=aleatoric: final=1201579.08, sharpe=0.1406, max_dd=0.4829, preservation=0.8225 -> probabilistic__BA__seed7__phase2_aleatoric.json
BA    seed= 13 ts=50000 bs=32 unc=aleatoric: final=1181593.40, sharpe=0.1476, max_dd=0.4217, preservation=0.8809 -> probabilistic__BA__seed13__phase2_aleatoric.json
BA    seed= 19 ts=50000 bs=32 unc=aleatoric: final=1210559.96, sharpe=0.1402, max_dd=0.4831, preservation=0.8221 -> probabilistic__BA__seed19__phase2_aleatoric.json
BA    seed= 23 ts=50000 bs=32 unc=aleatoric: final=1190953.98, sharpe=0.1283, max_dd=0.4831, preservation=0.8221 -> probabilistic__BA__seed23__phase2_aleatoric.json
BA    seed= 29 ts=50000 bs=32 unc=aleatoric: final=1003770.37, sharpe=0.0902, max_dd=0.0183, preservation=0.9870 -> probabilistic__BA__seed29__phase2_aleatoric.json
BA    seed= 37 ts=50000 bs=32 unc=aleatoric: final=918179.64, sharpe=-0.5720, max_dd=0.1455, preservation=0.8956 -> probabilistic__BA__seed37__phase2_aleatoric.json
BA    seed= 42 ts=50000 bs=32 unc=aleatoric: final=979802.10, sharpe=-0.3134, max_dd=0.0463, preservation=0.9610 -> probabilistic__BA__seed42__phase2_aleatoric.json
BA    seed= 53 ts=50000 bs=32 unc=aleatoric: final=987567.95, sharpe=-0.2569, max_dd=0.0322, preservation=0.9711 -> probabilistic__BA__seed53__phase2_aleatoric.json
BA    seed= 67 ts=50000 bs=32 unc=aleatoric: final=1236048.24, sharpe=0.1946, max_dd=0.3941, preservation=0.8952 -> probabilistic__BA__seed67__phase2_aleatoric.json
BA    seed= 89 ts=50000 bs=32 unc=aleatoric: final=801611.56, sharpe=-0.9017, max_dd=0.2212, preservation=0.7811 -> probabilistic__BA__seed89__phase2_aleatoric.json
BLK   seed=  7 ts=50000 bs=32 unc=aleatoric: final=998074.35, sharpe=-0.0068, max_dd=0.1190, preservation=0.9542 -> probabilistic__BLK__seed7__phase2_aleatoric.json
BLK   seed= 13 ts=50000 bs=32 unc=aleatoric: final=1618320.55, sharpe=0.4894, max_dd=0.2791, preservation=0.9095 -> probabilistic__BLK__seed13__phase2_aleatoric.json
BLK   seed= 19 ts=50000 bs=32 unc=aleatoric: final=1562562.81, sharpe=0.4356, max_dd=0.2955, preservation=0.9095 -> probabilistic__BLK__seed19__phase2_aleatoric.json
BLK   seed= 23 ts=50000 bs=32 unc=aleatoric: final=976800.43, sharpe=-0.5418, max_dd=0.0317, preservation=0.9768 -> probabilistic__BLK__seed23__phase2_aleatoric.json
BLK   seed= 29 ts=50000 bs=32 unc=aleatoric: final=981491.44, sharpe=-0.5696, max_dd=0.0234, preservation=0.9815 -> probabilistic__BLK__seed29__phase2_aleatoric.json
BLK   seed= 37 ts=50000 bs=32 unc=aleatoric: final=1585177.04, sharpe=0.4591, max_dd=0.2858, preservation=0.9095 -> probabilistic__BLK__seed37__phase2_aleatoric.json
BLK   seed= 42 ts=50000 bs=32 unc=aleatoric: final=971347.10, sharpe=-0.7337, max_dd=0.0294, preservation=0.9713 -> probabilistic__BLK__seed42__phase2_aleatoric.json
BLK   seed= 53 ts=50000 bs=32 unc=aleatoric: final=972750.63, sharpe=-0.1142, max_dd=0.1568, preservation=0.9728 -> probabilistic__BLK__seed53__phase2_aleatoric.json
BLK   seed= 67 ts=50000 bs=32 unc=aleatoric: final=1529291.02, sharpe=0.5895, max_dd=0.1990, preservation=0.9272 -> probabilistic__BLK__seed67__phase2_aleatoric.json
BLK   seed= 89 ts=50000 bs=32 unc=aleatoric: final=1440790.04, sharpe=0.5202, max_dd=0.1973, preservation=0.9229 -> probabilistic__BLK__seed89__phase2_aleatoric.json
BRK-B seed=  7 ts=50000 bs=32 unc=aleatoric: final=1602242.35, sharpe=0.7115, max_dd=0.2268, preservation=0.9282 -> probabilistic__BRK-B__seed7__phase2_aleatoric.json
BRK-B seed= 13 ts=50000 bs=32 unc=aleatoric: final=1629845.58, sharpe=0.7528, max_dd=0.2067, preservation=0.9282 -> probabilistic__BRK-B__seed13__phase2_aleatoric.json
BRK-B seed= 19 ts=50000 bs=32 unc=aleatoric: final=1582557.34, sharpe=0.6859, max_dd=0.2393, preservation=0.9282 -> probabilistic__BRK-B__seed19__phase2_aleatoric.json
BRK-B seed= 23 ts=50000 bs=32 unc=aleatoric: final=1583545.79, sharpe=0.7131, max_dd=0.2206, preservation=0.9282 -> probabilistic__BRK-B__seed23__phase2_aleatoric.json
BRK-B seed= 29 ts=50000 bs=32 unc=aleatoric: final=1665117.59, sharpe=0.8069, max_dd=0.1750, preservation=0.9282 -> probabilistic__BRK-B__seed29__phase2_aleatoric.json
BRK-B seed= 37 ts=50000 bs=32 unc=aleatoric: final=1465150.92, sharpe=0.7254, max_dd=0.1677, preservation=0.9333 -> probabilistic__BRK-B__seed37__phase2_aleatoric.json
BRK-B seed= 42 ts=50000 bs=32 unc=aleatoric: final=1555322.58, sharpe=0.7057, max_dd=0.2211, preservation=0.9305 -> probabilistic__BRK-B__seed42__phase2_aleatoric.json
BRK-B seed= 53 ts=50000 bs=32 unc=aleatoric: final=1599192.34, sharpe=0.7114, max_dd=0.2277, preservation=0.9282 -> probabilistic__BRK-B__seed53__phase2_aleatoric.json
BRK-B seed= 67 ts=50000 bs=32 unc=aleatoric: final=1615665.93, sharpe=0.7610, max_dd=0.1879, preservation=0.9291 -> probabilistic__BRK-B__seed67__phase2_aleatoric.json
BRK-B seed= 89 ts=50000 bs=32 unc=aleatoric: final=1620310.97, sharpe=0.7718, max_dd=0.1897, preservation=0.9286 -> probabilistic__BRK-B__seed89__phase2_aleatoric.json
C     seed=  7 ts=50000 bs=32 unc=aleatoric: final=2289985.06, sharpe=0.7552, max_dd=0.3240, preservation=0.9718 -> probabilistic__C__seed7__phase2_aleatoric.json
C     seed= 13 ts=50000 bs=32 unc=aleatoric: final=2237442.65, sharpe=0.7913, max_dd=0.3112, preservation=0.9723 -> probabilistic__C__seed13__phase2_aleatoric.json
C     seed= 19 ts=50000 bs=32 unc=aleatoric: final=2391829.37, sharpe=0.8133, max_dd=0.3131, preservation=0.9718 -> probabilistic__C__seed19__phase2_aleatoric.json
C     seed= 23 ts=50000 bs=32 unc=aleatoric: final=2234654.67, sharpe=0.7181, max_dd=0.3392, preservation=0.9718 -> probabilistic__C__seed23__phase2_aleatoric.json
C     seed= 29 ts=50000 bs=32 unc=aleatoric: final=1608450.62, sharpe=0.7331, max_dd=0.2428, preservation=0.9818 -> probabilistic__C__seed29__phase2_aleatoric.json
C     seed= 37 ts=50000 bs=32 unc=aleatoric: final=2176985.73, sharpe=0.7490, max_dd=0.3180, preservation=0.9731 -> probabilistic__C__seed37__phase2_aleatoric.json
C     seed= 42 ts=50000 bs=32 unc=aleatoric: final=2153938.84, sharpe=0.7162, max_dd=0.3325, preservation=0.9730 -> probabilistic__C__seed42__phase2_aleatoric.json
C     seed= 53 ts=50000 bs=32 unc=aleatoric: final=2219836.66, sharpe=0.7590, max_dd=0.3137, preservation=0.9722 -> probabilistic__C__seed53__phase2_aleatoric.json
C     seed= 67 ts=50000 bs=32 unc=aleatoric: final=2361877.69, sharpe=0.8170, max_dd=0.3107, preservation=0.9719 -> probabilistic__C__seed67__phase2_aleatoric.json
C     seed= 89 ts=50000 bs=32 unc=aleatoric: final=1278493.53, sharpe=0.5553, max_dd=0.1988, preservation=0.9859 -> probabilistic__C__seed89__phase2_aleatoric.json
CAT   seed=  7 ts=50000 bs=32 unc=aleatoric: final=3066950.39, sharpe=1.0329, max_dd=0.3404, preservation=0.9249 -> probabilistic__CAT__seed7__phase2_aleatoric.json
CAT   seed= 13 ts=50000 bs=32 unc=aleatoric: final=2484722.26, sharpe=1.0387, max_dd=0.2771, preservation=0.9352 -> probabilistic__CAT__seed13__phase2_aleatoric.json
CAT   seed= 19 ts=50000 bs=32 unc=aleatoric: final=3038260.81, sharpe=0.9793, max_dd=0.3405, preservation=0.9249 -> probabilistic__CAT__seed19__phase2_aleatoric.json
CAT   seed= 23 ts=50000 bs=32 unc=aleatoric: final=1846680.27, sharpe=0.9664, max_dd=0.2078, preservation=0.9392 -> probabilistic__CAT__seed23__phase2_aleatoric.json
CAT   seed= 29 ts=50000 bs=32 unc=aleatoric: final=1415840.53, sharpe=1.0264, max_dd=0.1197, preservation=0.9814 -> probabilistic__CAT__seed29__phase2_aleatoric.json
CAT   seed= 37 ts=50000 bs=32 unc=aleatoric: final=3004212.19, sharpe=1.0167, max_dd=0.3396, preservation=0.9249 -> probabilistic__CAT__seed37__phase2_aleatoric.json
CAT   seed= 42 ts=50000 bs=32 unc=aleatoric: final=2901686.95, sharpe=1.0062, max_dd=0.3341, preservation=0.9268 -> probabilistic__CAT__seed42__phase2_aleatoric.json
CAT   seed= 53 ts=50000 bs=32 unc=aleatoric: final=2991694.12, sharpe=1.0138, max_dd=0.3391, preservation=0.9250 -> probabilistic__CAT__seed53__phase2_aleatoric.json
CAT   seed= 67 ts=50000 bs=32 unc=aleatoric: final=2954428.02, sharpe=1.0072, max_dd=0.3370, preservation=0.9253 -> probabilistic__CAT__seed67__phase2_aleatoric.json
CAT   seed= 89 ts=50000 bs=32 unc=aleatoric: final=3000682.81, sharpe=1.0384, max_dd=0.3401, preservation=0.9249 -> probabilistic__CAT__seed89__phase2_aleatoric.json
COPX  seed=  7 ts=50000 bs=32 unc=aleatoric: final=2185825.23, sharpe=0.6280, max_dd=0.3970, preservation=0.9639 -> probabilistic__COPX__seed7__phase2_aleatoric.json
COPX  seed= 13 ts=50000 bs=32 unc=aleatoric: final=2214689.74, sharpe=0.6561, max_dd=0.3966, preservation=0.9639 -> probabilistic__COPX__seed13__phase2_aleatoric.json
COPX  seed= 19 ts=50000 bs=32 unc=aleatoric: final=2126982.19, sharpe=0.5851, max_dd=0.3972, preservation=0.9639 -> probabilistic__COPX__seed19__phase2_aleatoric.json
COPX  seed= 23 ts=50000 bs=32 unc=aleatoric: final=2114185.01, sharpe=0.5812, max_dd=0.3972, preservation=0.9639 -> probabilistic__COPX__seed23__phase2_aleatoric.json
COPX  seed= 29 ts=50000 bs=32 unc=aleatoric: final=2211778.81, sharpe=0.7151, max_dd=0.3903, preservation=0.9640 -> probabilistic__COPX__seed29__phase2_aleatoric.json
COPX  seed= 37 ts=50000 bs=32 unc=aleatoric: final=2119691.19, sharpe=0.6284, max_dd=0.3959, preservation=0.9640 -> probabilistic__COPX__seed37__phase2_aleatoric.json
COPX  seed= 42 ts=50000 bs=32 unc=aleatoric: final=2083830.65, sharpe=0.6000, max_dd=0.3958, preservation=0.9640 -> probabilistic__COPX__seed42__phase2_aleatoric.json
COPX  seed= 53 ts=50000 bs=32 unc=aleatoric: final=1587955.77, sharpe=0.6232, max_dd=0.2490, preservation=0.9780 -> probabilistic__COPX__seed53__phase2_aleatoric.json
COPX  seed= 67 ts=50000 bs=32 unc=aleatoric: final=1790167.25, sharpe=0.5862, max_dd=0.3138, preservation=0.9708 -> probabilistic__COPX__seed67__phase2_aleatoric.json
COPX  seed= 89 ts=50000 bs=32 unc=aleatoric: final=1049426.61, sharpe=0.1533, max_dd=0.1602, preservation=0.9407 -> probabilistic__COPX__seed89__phase2_aleatoric.json
COST  seed=  7 ts=50000 bs=32 unc=aleatoric: final=1544489.83, sharpe=0.7061, max_dd=0.1789, preservation=0.8482 -> probabilistic__COST__seed7__phase2_aleatoric.json
COST  seed= 13 ts=50000 bs=32 unc=aleatoric: final=1315104.80, sharpe=0.6268, max_dd=0.1559, preservation=0.8984 -> probabilistic__COST__seed13__phase2_aleatoric.json
COST  seed= 19 ts=50000 bs=32 unc=aleatoric: final=1805265.36, sharpe=0.7487, max_dd=0.2069, preservation=0.8097 -> probabilistic__COST__seed19__phase2_aleatoric.json
COST  seed= 23 ts=50000 bs=32 unc=aleatoric: final=1624742.09, sharpe=0.7257, max_dd=0.2028, preservation=0.8373 -> probabilistic__COST__seed23__phase2_aleatoric.json
COST  seed= 29 ts=50000 bs=32 unc=aleatoric: final=1832833.62, sharpe=0.8617, max_dd=0.2073, preservation=0.8093 -> probabilistic__COST__seed29__phase2_aleatoric.json
COST  seed= 37 ts=50000 bs=32 unc=aleatoric: final=1756391.23, sharpe=0.6867, max_dd=0.2377, preservation=0.8092 -> probabilistic__COST__seed37__phase2_aleatoric.json
COST  seed= 42 ts=50000 bs=32 unc=aleatoric: final=1776993.48, sharpe=0.6603, max_dd=0.2722, preservation=0.8092 -> probabilistic__COST__seed42__phase2_aleatoric.json
COST  seed= 53 ts=50000 bs=32 unc=aleatoric: final=1789851.07, sharpe=0.6840, max_dd=0.2498, preservation=0.8092 -> probabilistic__COST__seed53__phase2_aleatoric.json
COST  seed= 67 ts=50000 bs=32 unc=aleatoric: final=1847263.12, sharpe=0.7704, max_dd=0.2074, preservation=0.8092 -> probabilistic__COST__seed67__phase2_aleatoric.json
COST  seed= 89 ts=50000 bs=32 unc=aleatoric: final=1483330.17, sharpe=0.6798, max_dd=0.1899, preservation=0.8565 -> probabilistic__COST__seed89__phase2_aleatoric.json
CRM   seed=  7 ts=50000 bs=32 unc=aleatoric: final=1394131.74, sharpe=0.2651, max_dd=0.3836, preservation=0.7293 -> probabilistic__CRM__seed7__phase2_aleatoric.json
CRM   seed= 13 ts=50000 bs=32 unc=aleatoric: final=958823.54, sharpe=-0.5671, max_dd=0.0479, preservation=0.9588 -> probabilistic__CRM__seed13__phase2_aleatoric.json
CRM   seed= 19 ts=50000 bs=32 unc=aleatoric: final=1356991.21, sharpe=0.2287, max_dd=0.3837, preservation=0.7293 -> probabilistic__CRM__seed19__phase2_aleatoric.json
CRM   seed= 23 ts=50000 bs=32 unc=aleatoric: final=944599.88, sharpe=-0.6912, max_dd=0.0574, preservation=0.9446 -> probabilistic__CRM__seed23__phase2_aleatoric.json
CRM   seed= 29 ts=50000 bs=32 unc=aleatoric: final=958746.95, sharpe=-0.5870, max_dd=0.0425, preservation=0.9587 -> probabilistic__CRM__seed29__phase2_aleatoric.json
CRM   seed= 37 ts=50000 bs=32 unc=aleatoric: final=955574.17, sharpe=-0.6284, max_dd=0.0458, preservation=0.9556 -> probabilistic__CRM__seed37__phase2_aleatoric.json
CRM   seed= 42 ts=50000 bs=32 unc=aleatoric: final=957858.00, sharpe=-0.6001, max_dd=0.0425, preservation=0.9579 -> probabilistic__CRM__seed42__phase2_aleatoric.json
CRM   seed= 53 ts=50000 bs=32 unc=aleatoric: final=955426.00, sharpe=-0.1200, max_dd=0.1766, preservation=0.9449 -> probabilistic__CRM__seed53__phase2_aleatoric.json
CRM   seed= 67 ts=50000 bs=32 unc=aleatoric: final=1327486.02, sharpe=0.2090, max_dd=0.3837, preservation=0.7293 -> probabilistic__CRM__seed67__phase2_aleatoric.json
CRM   seed= 89 ts=50000 bs=32 unc=aleatoric: final=1251706.33, sharpe=0.1599, max_dd=0.4042, preservation=0.7293 -> probabilistic__CRM__seed89__phase2_aleatoric.json
DIA   seed=  7 ts=50000 bs=32 unc=aleatoric: final=1507128.93, sharpe=0.7165, max_dd=0.1620, preservation=0.9950 -> probabilistic__DIA__seed7__phase2_aleatoric.json
DIA   seed= 13 ts=50000 bs=32 unc=aleatoric: final=1339842.53, sharpe=0.7078, max_dd=0.1224, preservation=0.9961 -> probabilistic__DIA__seed13__phase2_aleatoric.json
DIA   seed= 19 ts=50000 bs=32 unc=aleatoric: final=1501781.17, sharpe=0.7029, max_dd=0.1686, preservation=0.9950 -> probabilistic__DIA__seed19__phase2_aleatoric.json
DIA   seed= 23 ts=50000 bs=32 unc=aleatoric: final=992215.79, sharpe=-0.2609, max_dd=0.0184, preservation=0.9886 -> probabilistic__DIA__seed23__phase2_aleatoric.json
DIA   seed= 29 ts=50000 bs=32 unc=aleatoric: final=1322667.23, sharpe=0.7025, max_dd=0.1161, preservation=0.9964 -> probabilistic__DIA__seed29__phase2_aleatoric.json
DIA   seed= 37 ts=50000 bs=32 unc=aleatoric: final=1081312.69, sharpe=0.3872, max_dd=0.0939, preservation=0.9981 -> probabilistic__DIA__seed37__phase2_aleatoric.json
DIA   seed= 42 ts=50000 bs=32 unc=aleatoric: final=1359631.65, sharpe=0.7017, max_dd=0.1392, preservation=0.9954 -> probabilistic__DIA__seed42__phase2_aleatoric.json
DIA   seed= 53 ts=50000 bs=32 unc=aleatoric: final=1516234.15, sharpe=0.7350, max_dd=0.1595, preservation=0.9950 -> probabilistic__DIA__seed53__phase2_aleatoric.json
DIA   seed= 67 ts=50000 bs=32 unc=aleatoric: final=1497646.40, sharpe=0.7739, max_dd=0.1530, preservation=0.9951 -> probabilistic__DIA__seed67__phase2_aleatoric.json
DIA   seed= 89 ts=50000 bs=32 unc=aleatoric: final=1383888.15, sharpe=0.7867, max_dd=0.1457, preservation=0.9954 -> probabilistic__DIA__seed89__phase2_aleatoric.json
EEMX  seed=  7 ts=50000 bs=32 unc=aleatoric: final=1111426.73, sharpe=0.4307, max_dd=0.1137, preservation=0.9909 -> probabilistic__EEMX__seed7__phase2_aleatoric.json
EEMX  seed= 13 ts=50000 bs=32 unc=aleatoric: final=1172803.72, sharpe=0.4163, max_dd=0.1755, preservation=0.9938 -> probabilistic__EEMX__seed13__phase2_aleatoric.json
EEMX  seed= 19 ts=50000 bs=32 unc=aleatoric: final=1333519.63, sharpe=0.4233, max_dd=0.2679, preservation=0.9879 -> probabilistic__EEMX__seed19__phase2_aleatoric.json
EEMX  seed= 23 ts=50000 bs=32 unc=aleatoric: final=1383582.39, sharpe=0.5166, max_dd=0.2175, preservation=0.9879 -> probabilistic__EEMX__seed23__phase2_aleatoric.json
EEMX  seed= 29 ts=50000 bs=32 unc=aleatoric: final=1424306.97, sharpe=0.6060, max_dd=0.1739, preservation=0.9882 -> probabilistic__EEMX__seed29__phase2_aleatoric.json
EEMX  seed= 37 ts=50000 bs=32 unc=aleatoric: final=1343879.47, sharpe=0.4723, max_dd=0.2277, preservation=0.9883 -> probabilistic__EEMX__seed37__phase2_aleatoric.json
EEMX  seed= 42 ts=50000 bs=32 unc=aleatoric: final=973633.41, sharpe=-0.7632, max_dd=0.0328, preservation=0.9703 -> probabilistic__EEMX__seed42__phase2_aleatoric.json
EEMX  seed= 53 ts=50000 bs=32 unc=aleatoric: final=992437.71, sharpe=-0.3067, max_dd=0.0105, preservation=0.9898 -> probabilistic__EEMX__seed53__phase2_aleatoric.json
EEMX  seed= 67 ts=50000 bs=32 unc=aleatoric: final=1308295.58, sharpe=0.4677, max_dd=0.2217, preservation=0.9895 -> probabilistic__EEMX__seed67__phase2_aleatoric.json
EEMX  seed= 89 ts=50000 bs=32 unc=aleatoric: final=968826.62, sharpe=-0.2082, max_dd=0.0979, preservation=0.9629 -> probabilistic__EEMX__seed89__phase2_aleatoric.json
GLD   seed=  7 ts=50000 bs=32 unc=aleatoric: final=2327985.32, sharpe=1.3697, max_dd=0.1889, preservation=0.9565 -> probabilistic__GLD__seed7__phase2_aleatoric.json
GLD   seed= 13 ts=50000 bs=32 unc=aleatoric: final=2322072.05, sharpe=1.3574, max_dd=0.1974, preservation=0.9565 -> probabilistic__GLD__seed13__phase2_aleatoric.json
GLD   seed= 19 ts=50000 bs=32 unc=aleatoric: final=2313855.15, sharpe=1.3611, max_dd=0.1881, preservation=0.9565 -> probabilistic__GLD__seed19__phase2_aleatoric.json
GLD   seed= 23 ts=50000 bs=32 unc=aleatoric: final=2324918.07, sharpe=1.3942, max_dd=0.1739, preservation=0.9565 -> probabilistic__GLD__seed23__phase2_aleatoric.json
GLD   seed= 29 ts=50000 bs=32 unc=aleatoric: final=2417094.50, sharpe=1.4934, max_dd=0.1262, preservation=0.9565 -> probabilistic__GLD__seed29__phase2_aleatoric.json
GLD   seed= 37 ts=50000 bs=32 unc=aleatoric: final=2317707.78, sharpe=1.3660, max_dd=0.1866, preservation=0.9565 -> probabilistic__GLD__seed37__phase2_aleatoric.json
GLD   seed= 42 ts=50000 bs=32 unc=aleatoric: final=1719919.07, sharpe=1.3847, max_dd=0.1301, preservation=0.9808 -> probabilistic__GLD__seed42__phase2_aleatoric.json
GLD   seed= 53 ts=50000 bs=32 unc=aleatoric: final=2310588.50, sharpe=1.3572, max_dd=0.1896, preservation=0.9565 -> probabilistic__GLD__seed53__phase2_aleatoric.json
GLD   seed= 67 ts=50000 bs=32 unc=aleatoric: final=2311586.11, sharpe=1.4014, max_dd=0.1620, preservation=0.9568 -> probabilistic__GLD__seed67__phase2_aleatoric.json
GLD   seed= 89 ts=50000 bs=32 unc=aleatoric: final=1638764.72, sharpe=1.6480, max_dd=0.0752, preservation=0.9692 -> probabilistic__GLD__seed89__phase2_aleatoric.json
GOOGL seed=  7 ts=50000 bs=32 unc=aleatoric: final=2635448.66, sharpe=0.8398, max_dd=0.3191, preservation=0.9701 -> probabilistic__GOOGL__seed7__phase2_aleatoric.json
GOOGL seed= 13 ts=50000 bs=32 unc=aleatoric: final=2221066.88, sharpe=0.7779, max_dd=0.3207, preservation=0.9731 -> probabilistic__GOOGL__seed13__phase2_aleatoric.json
GOOGL seed= 19 ts=50000 bs=32 unc=aleatoric: final=2525422.01, sharpe=0.7829, max_dd=0.3489, preservation=0.9701 -> probabilistic__GOOGL__seed19__phase2_aleatoric.json
GOOGL seed= 23 ts=50000 bs=32 unc=aleatoric: final=2509106.19, sharpe=0.7730, max_dd=0.3518, preservation=0.9701 -> probabilistic__GOOGL__seed23__phase2_aleatoric.json
GOOGL seed= 29 ts=50000 bs=32 unc=aleatoric: final=2539050.56, sharpe=1.0572, max_dd=0.2968, preservation=0.9701 -> probabilistic__GOOGL__seed29__phase2_aleatoric.json
GOOGL seed= 37 ts=50000 bs=32 unc=aleatoric: final=2440940.50, sharpe=0.7805, max_dd=0.3445, preservation=0.9704 -> probabilistic__GOOGL__seed37__phase2_aleatoric.json
GOOGL seed= 42 ts=50000 bs=32 unc=aleatoric: final=1625394.54, sharpe=0.8259, max_dd=0.2072, preservation=0.9821 -> probabilistic__GOOGL__seed42__phase2_aleatoric.json
GOOGL seed= 53 ts=50000 bs=32 unc=aleatoric: final=2481785.16, sharpe=0.7821, max_dd=0.3471, preservation=0.9703 -> probabilistic__GOOGL__seed53__phase2_aleatoric.json
GOOGL seed= 67 ts=50000 bs=32 unc=aleatoric: final=1556719.85, sharpe=0.6744, max_dd=0.2421, preservation=0.9828 -> probabilistic__GOOGL__seed67__phase2_aleatoric.json
GOOGL seed= 89 ts=50000 bs=32 unc=aleatoric: final=2555420.43, sharpe=0.7927, max_dd=0.3422, preservation=0.9701 -> probabilistic__GOOGL__seed89__phase2_aleatoric.json
GS    seed=  7 ts=50000 bs=32 unc=aleatoric: final=2858470.99, sharpe=1.0272, max_dd=0.3090, preservation=0.9793 -> probabilistic__GS__seed7__phase2_aleatoric.json
GS    seed= 13 ts=50000 bs=32 unc=aleatoric: final=1694394.13, sharpe=1.0754, max_dd=0.1346, preservation=0.9853 -> probabilistic__GS__seed13__phase2_aleatoric.json
GS    seed= 19 ts=50000 bs=32 unc=aleatoric: final=2843656.72, sharpe=0.9974, max_dd=0.3090, preservation=0.9793 -> probabilistic__GS__seed19__phase2_aleatoric.json
GS    seed= 23 ts=50000 bs=32 unc=aleatoric: final=2817568.33, sharpe=1.0404, max_dd=0.3089, preservation=0.9793 -> probabilistic__GS__seed23__phase2_aleatoric.json
GS    seed= 29 ts=50000 bs=32 unc=aleatoric: final=2840363.45, sharpe=1.1085, max_dd=0.3086, preservation=0.9793 -> probabilistic__GS__seed29__phase2_aleatoric.json
GS    seed= 37 ts=50000 bs=32 unc=aleatoric: final=2779136.15, sharpe=1.0343, max_dd=0.3082, preservation=0.9793 -> probabilistic__GS__seed37__phase2_aleatoric.json
GS    seed= 42 ts=50000 bs=32 unc=aleatoric: final=2520543.69, sharpe=0.9987, max_dd=0.2790, preservation=0.9817 -> probabilistic__GS__seed42__phase2_aleatoric.json
GS    seed= 53 ts=50000 bs=32 unc=aleatoric: final=2840696.76, sharpe=0.9974, max_dd=0.3090, preservation=0.9793 -> probabilistic__GS__seed53__phase2_aleatoric.json
GS    seed= 67 ts=50000 bs=32 unc=aleatoric: final=2920530.16, sharpe=1.0704, max_dd=0.3089, preservation=0.9793 -> probabilistic__GS__seed67__phase2_aleatoric.json
GS    seed= 89 ts=50000 bs=32 unc=aleatoric: final=1051378.22, sharpe=0.2370, max_dd=0.0917, preservation=0.9565 -> probabilistic__GS__seed89__phase2_aleatoric.json
HSBC  seed=  7 ts=50000 bs=32 unc=aleatoric: final=2981388.31, sharpe=1.2846, max_dd=0.2183, preservation=0.9860 -> probabilistic__HSBC__seed7__phase2_aleatoric.json
HSBC  seed= 13 ts=50000 bs=32 unc=aleatoric: final=2790498.61, sharpe=1.2426, max_dd=0.2158, preservation=0.9860 -> probabilistic__HSBC__seed13__phase2_aleatoric.json
HSBC  seed= 19 ts=50000 bs=32 unc=aleatoric: final=2720212.51, sharpe=1.2817, max_dd=0.2110, preservation=0.9862 -> probabilistic__HSBC__seed19__phase2_aleatoric.json
HSBC  seed= 23 ts=50000 bs=32 unc=aleatoric: final=1210085.77, sharpe=0.6587, max_dd=0.1117, preservation=0.9974 -> probabilistic__HSBC__seed23__phase2_aleatoric.json
HSBC  seed= 29 ts=50000 bs=32 unc=aleatoric: final=2573614.35, sharpe=1.1392, max_dd=0.2362, preservation=0.9877 -> probabilistic__HSBC__seed29__phase2_aleatoric.json
HSBC  seed= 37 ts=50000 bs=32 unc=aleatoric: final=2862696.87, sharpe=1.2171, max_dd=0.2234, preservation=0.9860 -> probabilistic__HSBC__seed37__phase2_aleatoric.json
HSBC  seed= 42 ts=50000 bs=32 unc=aleatoric: final=2856183.94, sharpe=1.1990, max_dd=0.2324, preservation=0.9860 -> probabilistic__HSBC__seed42__phase2_aleatoric.json
HSBC  seed= 53 ts=50000 bs=32 unc=aleatoric: final=2848314.95, sharpe=1.1545, max_dd=0.2525, preservation=0.9863 -> probabilistic__HSBC__seed53__phase2_aleatoric.json
HSBC  seed= 67 ts=50000 bs=32 unc=aleatoric: final=2937821.82, sharpe=1.2678, max_dd=0.2200, preservation=0.9861 -> probabilistic__HSBC__seed67__phase2_aleatoric.json
HSBC  seed= 89 ts=50000 bs=32 unc=aleatoric: final=2952562.56, sharpe=1.2813, max_dd=0.2183, preservation=0.9860 -> probabilistic__HSBC__seed89__phase2_aleatoric.json
IAU   seed=  7 ts=50000 bs=32 unc=aleatoric: final=2339323.28, sharpe=1.3790, max_dd=0.1887, preservation=0.9563 -> probabilistic__IAU__seed7__phase2_aleatoric.json
IAU   seed= 13 ts=50000 bs=32 unc=aleatoric: final=2334101.28, sharpe=1.3674, max_dd=0.1968, preservation=0.9563 -> probabilistic__IAU__seed13__phase2_aleatoric.json
IAU   seed= 19 ts=50000 bs=32 unc=aleatoric: final=2325892.79, sharpe=1.3713, max_dd=0.1875, preservation=0.9563 -> probabilistic__IAU__seed19__phase2_aleatoric.json
IAU   seed= 23 ts=50000 bs=32 unc=aleatoric: final=2323020.62, sharpe=1.4101, max_dd=0.1698, preservation=0.9565 -> probabilistic__IAU__seed23__phase2_aleatoric.json
IAU   seed= 29 ts=50000 bs=32 unc=aleatoric: final=2403081.61, sharpe=1.4645, max_dd=0.1443, preservation=0.9563 -> probabilistic__IAU__seed29__phase2_aleatoric.json
IAU   seed= 37 ts=50000 bs=32 unc=aleatoric: final=2339260.95, sharpe=1.3912, max_dd=0.1784, preservation=0.9563 -> probabilistic__IAU__seed37__phase2_aleatoric.json
IAU   seed= 42 ts=50000 bs=32 unc=aleatoric: final=1865749.63, sharpe=1.4122, max_dd=0.1373, preservation=0.9741 -> probabilistic__IAU__seed42__phase2_aleatoric.json
IAU   seed= 53 ts=50000 bs=32 unc=aleatoric: final=2322670.52, sharpe=1.3680, max_dd=0.1885, preservation=0.9563 -> probabilistic__IAU__seed53__phase2_aleatoric.json
IAU   seed= 67 ts=50000 bs=32 unc=aleatoric: final=2319400.17, sharpe=1.4254, max_dd=0.1542, preservation=0.9568 -> probabilistic__IAU__seed67__phase2_aleatoric.json
IAU   seed= 89 ts=50000 bs=32 unc=aleatoric: final=1943118.57, sharpe=1.5933, max_dd=0.0951, preservation=0.9581 -> probabilistic__IAU__seed89__phase2_aleatoric.json
IBB   seed=  7 ts=50000 bs=32 unc=aleatoric: final=951929.54, sharpe=-0.5371, max_dd=0.0799, preservation=0.9490 -> probabilistic__IBB__seed7__phase2_aleatoric.json
IBB   seed= 13 ts=50000 bs=32 unc=aleatoric: final=1346855.54, sharpe=0.3912, max_dd=0.2465, preservation=0.9834 -> probabilistic__IBB__seed13__phase2_aleatoric.json
IBB   seed= 19 ts=50000 bs=32 unc=aleatoric: final=1344623.11, sharpe=0.3622, max_dd=0.2485, preservation=0.9834 -> probabilistic__IBB__seed19__phase2_aleatoric.json
IBB   seed= 23 ts=50000 bs=32 unc=aleatoric: final=981514.73, sharpe=-0.4075, max_dd=0.0287, preservation=0.9808 -> probabilistic__IBB__seed23__phase2_aleatoric.json
IBB   seed= 29 ts=50000 bs=32 unc=aleatoric: final=975970.15, sharpe=-0.5952, max_dd=0.0249, preservation=0.9759 -> probabilistic__IBB__seed29__phase2_aleatoric.json
IBB   seed= 37 ts=50000 bs=32 unc=aleatoric: final=1338393.74, sharpe=0.3649, max_dd=0.2485, preservation=0.9834 -> probabilistic__IBB__seed37__phase2_aleatoric.json
IBB   seed= 42 ts=50000 bs=32 unc=aleatoric: final=1345626.47, sharpe=0.3729, max_dd=0.2484, preservation=0.9834 -> probabilistic__IBB__seed42__phase2_aleatoric.json
IBB   seed= 53 ts=50000 bs=32 unc=aleatoric: final=1121288.68, sharpe=0.2691, max_dd=0.1221, preservation=0.9914 -> probabilistic__IBB__seed53__phase2_aleatoric.json
IBB   seed= 67 ts=50000 bs=32 unc=aleatoric: final=1155479.60, sharpe=0.3223, max_dd=0.1494, preservation=0.9920 -> probabilistic__IBB__seed67__phase2_aleatoric.json
IBB   seed= 89 ts=50000 bs=32 unc=aleatoric: final=1354643.68, sharpe=0.3999, max_dd=0.2485, preservation=0.9834 -> probabilistic__IBB__seed89__phase2_aleatoric.json
IBM   seed=  7 ts=50000 bs=32 unc=aleatoric: final=2307767.87, sharpe=1.0819, max_dd=0.1732, preservation=0.9744 -> probabilistic__IBM__seed7__phase2_aleatoric.json
IBM   seed= 13 ts=50000 bs=32 unc=aleatoric: final=1588332.20, sharpe=1.0154, max_dd=0.0966, preservation=0.9864 -> probabilistic__IBM__seed13__phase2_aleatoric.json
IBM   seed= 19 ts=50000 bs=32 unc=aleatoric: final=2691452.25, sharpe=1.0905, max_dd=0.1982, preservation=0.9707 -> probabilistic__IBM__seed19__phase2_aleatoric.json
IBM   seed= 23 ts=50000 bs=32 unc=aleatoric: final=1950222.87, sharpe=1.0353, max_dd=0.1670, preservation=0.9819 -> probabilistic__IBM__seed23__phase2_aleatoric.json
IBM   seed= 29 ts=50000 bs=32 unc=aleatoric: final=2629815.21, sharpe=1.1040, max_dd=0.1982, preservation=0.9707 -> probabilistic__IBM__seed29__phase2_aleatoric.json
IBM   seed= 37 ts=50000 bs=32 unc=aleatoric: final=2273069.34, sharpe=1.0776, max_dd=0.1695, preservation=0.9768 -> probabilistic__IBM__seed37__phase2_aleatoric.json
IBM   seed= 42 ts=50000 bs=32 unc=aleatoric: final=2004264.99, sharpe=1.0666, max_dd=0.1541, preservation=0.9776 -> probabilistic__IBM__seed42__phase2_aleatoric.json
IBM   seed= 53 ts=50000 bs=32 unc=aleatoric: final=2704690.09, sharpe=1.1085, max_dd=0.1982, preservation=0.9707 -> probabilistic__IBM__seed53__phase2_aleatoric.json
IBM   seed= 67 ts=50000 bs=32 unc=aleatoric: final=2418319.08, sharpe=1.0929, max_dd=0.1802, preservation=0.9730 -> probabilistic__IBM__seed67__phase2_aleatoric.json
IBM   seed= 89 ts=50000 bs=32 unc=aleatoric: final=2347572.76, sharpe=1.0811, max_dd=0.1767, preservation=0.9724 -> probabilistic__IBM__seed89__phase2_aleatoric.json
IJR   seed=  7 ts=50000 bs=32 unc=aleatoric: final=1241716.95, sharpe=0.2593, max_dd=0.2802, preservation=0.9812 -> probabilistic__IJR__seed7__phase2_aleatoric.json
IJR   seed= 13 ts=50000 bs=32 unc=aleatoric: final=1055220.29, sharpe=0.1920, max_dd=0.0913, preservation=0.9933 -> probabilistic__IJR__seed13__phase2_aleatoric.json
IJR   seed= 19 ts=50000 bs=32 unc=aleatoric: final=1251812.75, sharpe=0.2717, max_dd=0.2802, preservation=0.9812 -> probabilistic__IJR__seed19__phase2_aleatoric.json
IJR   seed= 23 ts=50000 bs=32 unc=aleatoric: final=1001079.52, sharpe=0.0397, max_dd=0.0085, preservation=0.9990 -> probabilistic__IJR__seed23__phase2_aleatoric.json
IJR   seed= 29 ts=50000 bs=32 unc=aleatoric: final=995699.79, sharpe=-0.1703, max_dd=0.0085, preservation=0.9937 -> probabilistic__IJR__seed29__phase2_aleatoric.json
IJR   seed= 37 ts=50000 bs=32 unc=aleatoric: final=1254599.24, sharpe=0.2841, max_dd=0.2802, preservation=0.9812 -> probabilistic__IJR__seed37__phase2_aleatoric.json
IJR   seed= 42 ts=50000 bs=32 unc=aleatoric: final=995400.56, sharpe=-0.1822, max_dd=0.0085, preservation=0.9934 -> probabilistic__IJR__seed42__phase2_aleatoric.json
IJR   seed= 53 ts=50000 bs=32 unc=aleatoric: final=1250350.74, sharpe=0.2760, max_dd=0.2797, preservation=0.9812 -> probabilistic__IJR__seed53__phase2_aleatoric.json
IJR   seed= 67 ts=50000 bs=32 unc=aleatoric: final=1290372.53, sharpe=0.3229, max_dd=0.2802, preservation=0.9812 -> probabilistic__IJR__seed67__phase2_aleatoric.json
IJR   seed= 89 ts=50000 bs=32 unc=aleatoric: final=999756.07, sharpe=-0.0089, max_dd=0.0097, preservation=0.9972 -> probabilistic__IJR__seed89__phase2_aleatoric.json
JNJ   seed=  7 ts=50000 bs=32 unc=aleatoric: final=1183712.93, sharpe=0.4971, max_dd=0.0985, preservation=0.9846 -> probabilistic__JNJ__seed7__phase2_aleatoric.json
JNJ   seed= 13 ts=50000 bs=32 unc=aleatoric: final=1326423.02, sharpe=0.4839, max_dd=0.1559, preservation=0.9715 -> probabilistic__JNJ__seed13__phase2_aleatoric.json
JNJ   seed= 19 ts=50000 bs=32 unc=aleatoric: final=1352861.63, sharpe=0.4616, max_dd=0.1775, preservation=0.9691 -> probabilistic__JNJ__seed19__phase2_aleatoric.json
JNJ   seed= 23 ts=50000 bs=32 unc=aleatoric: final=1358156.91, sharpe=0.4655, max_dd=0.1787, preservation=0.9691 -> probabilistic__JNJ__seed23__phase2_aleatoric.json
JNJ   seed= 29 ts=50000 bs=32 unc=aleatoric: final=1341628.58, sharpe=0.4565, max_dd=0.1742, preservation=0.9691 -> probabilistic__JNJ__seed29__phase2_aleatoric.json
JNJ   seed= 37 ts=50000 bs=32 unc=aleatoric: final=1340431.11, sharpe=0.4610, max_dd=0.1729, preservation=0.9691 -> probabilistic__JNJ__seed37__phase2_aleatoric.json
JNJ   seed= 42 ts=50000 bs=32 unc=aleatoric: final=1355889.50, sharpe=0.4810, max_dd=0.1666, preservation=0.9692 -> probabilistic__JNJ__seed42__phase2_aleatoric.json
JNJ   seed= 53 ts=50000 bs=32 unc=aleatoric: final=1361151.83, sharpe=0.4790, max_dd=0.1725, preservation=0.9691 -> probabilistic__JNJ__seed53__phase2_aleatoric.json
JNJ   seed= 67 ts=50000 bs=32 unc=aleatoric: final=1141079.05, sharpe=0.4025, max_dd=0.0923, preservation=0.9844 -> probabilistic__JNJ__seed67__phase2_aleatoric.json
JNJ   seed= 89 ts=50000 bs=32 unc=aleatoric: final=1235463.24, sharpe=0.4681, max_dd=0.1317, preservation=0.9764 -> probabilistic__JNJ__seed89__phase2_aleatoric.json
JPM   seed=  7 ts=50000 bs=32 unc=aleatoric: final=2584740.96, sharpe=1.0619, max_dd=0.2467, preservation=0.9835 -> probabilistic__JPM__seed7__phase2_aleatoric.json
JPM   seed= 13 ts=50000 bs=32 unc=aleatoric: final=2100665.96, sharpe=1.0402, max_dd=0.2210, preservation=0.9860 -> probabilistic__JPM__seed13__phase2_aleatoric.json
JPM   seed= 19 ts=50000 bs=32 unc=aleatoric: final=2452667.40, sharpe=0.9501, max_dd=0.2975, preservation=0.9835 -> probabilistic__JPM__seed19__phase2_aleatoric.json
JPM   seed= 23 ts=50000 bs=32 unc=aleatoric: final=2132565.90, sharpe=1.0474, max_dd=0.2156, preservation=0.9851 -> probabilistic__JPM__seed23__phase2_aleatoric.json
JPM   seed= 29 ts=50000 bs=32 unc=aleatoric: final=2627022.73, sharpe=1.1186, max_dd=0.2441, preservation=0.9835 -> probabilistic__JPM__seed29__phase2_aleatoric.json
JPM   seed= 37 ts=50000 bs=32 unc=aleatoric: final=2492265.04, sharpe=1.0363, max_dd=0.2458, preservation=0.9836 -> probabilistic__JPM__seed37__phase2_aleatoric.json
JPM   seed= 42 ts=50000 bs=32 unc=aleatoric: final=2516666.42, sharpe=1.0325, max_dd=0.2531, preservation=0.9835 -> probabilistic__JPM__seed42__phase2_aleatoric.json
JPM   seed= 53 ts=50000 bs=32 unc=aleatoric: final=2481640.80, sharpe=0.9659, max_dd=0.2885, preservation=0.9835 -> probabilistic__JPM__seed53__phase2_aleatoric.json
JPM   seed= 67 ts=50000 bs=32 unc=aleatoric: final=2663929.70, sharpe=1.1268, max_dd=0.2442, preservation=0.9835 -> probabilistic__JPM__seed67__phase2_aleatoric.json
JPM   seed= 89 ts=50000 bs=32 unc=aleatoric: final=2333496.61, sharpe=1.1293, max_dd=0.2331, preservation=0.9843 -> probabilistic__JPM__seed89__phase2_aleatoric.json
LLY   seed=  7 ts=50000 bs=32 unc=aleatoric: final=2877369.22, sharpe=1.0341, max_dd=0.3275, preservation=0.9721 -> probabilistic__LLY__seed7__phase2_aleatoric.json
LLY   seed= 13 ts=50000 bs=32 unc=aleatoric: final=2586599.23, sharpe=1.2971, max_dd=0.2023, preservation=0.9790 -> probabilistic__LLY__seed13__phase2_aleatoric.json
LLY   seed= 19 ts=50000 bs=32 unc=aleatoric: final=4334511.17, sharpe=1.1871, max_dd=0.3447, preservation=0.9719 -> probabilistic__LLY__seed19__phase2_aleatoric.json
LLY   seed= 23 ts=50000 bs=32 unc=aleatoric: final=3936019.90, sharpe=1.1648, max_dd=0.3363, preservation=0.9726 -> probabilistic__LLY__seed23__phase2_aleatoric.json
LLY   seed= 29 ts=50000 bs=32 unc=aleatoric: final=4149322.72, sharpe=1.1671, max_dd=0.3447, preservation=0.9719 -> probabilistic__LLY__seed29__phase2_aleatoric.json
LLY   seed= 37 ts=50000 bs=32 unc=aleatoric: final=4277909.28, sharpe=1.1809, max_dd=0.3447, preservation=0.9719 -> probabilistic__LLY__seed37__phase2_aleatoric.json
LLY   seed= 42 ts=50000 bs=32 unc=aleatoric: final=4284100.54, sharpe=1.1831, max_dd=0.3447, preservation=0.9719 -> probabilistic__LLY__seed42__phase2_aleatoric.json
LLY   seed= 53 ts=50000 bs=32 unc=aleatoric: final=3730655.00, sharpe=1.2152, max_dd=0.3059, preservation=0.9733 -> probabilistic__LLY__seed53__phase2_aleatoric.json
LLY   seed= 67 ts=50000 bs=32 unc=aleatoric: final=3815011.76, sharpe=1.1986, max_dd=0.3188, preservation=0.9739 -> probabilistic__LLY__seed67__phase2_aleatoric.json
LLY   seed= 89 ts=50000 bs=32 unc=aleatoric: final=4144830.75, sharpe=1.1753, max_dd=0.3447, preservation=0.9719 -> probabilistic__LLY__seed89__phase2_aleatoric.json
MA    seed=  7 ts=50000 bs=32 unc=aleatoric: final=1643016.55, sharpe=0.6713, max_dd=0.1868, preservation=0.9661 -> probabilistic__MA__seed7__phase2_aleatoric.json
MA    seed= 13 ts=50000 bs=32 unc=aleatoric: final=1591986.37, sharpe=0.5948, max_dd=0.2110, preservation=0.9675 -> probabilistic__MA__seed13__phase2_aleatoric.json
MA    seed= 19 ts=50000 bs=32 unc=aleatoric: final=1609824.45, sharpe=0.5715, max_dd=0.2343, preservation=0.9661 -> probabilistic__MA__seed19__phase2_aleatoric.json
MA    seed= 23 ts=50000 bs=32 unc=aleatoric: final=970027.49, sharpe=-0.6207, max_dd=0.0359, preservation=0.9643 -> probabilistic__MA__seed23__phase2_aleatoric.json
MA    seed= 29 ts=50000 bs=32 unc=aleatoric: final=969916.35, sharpe=-0.6231, max_dd=0.0359, preservation=0.9642 -> probabilistic__MA__seed29__phase2_aleatoric.json
MA    seed= 37 ts=50000 bs=32 unc=aleatoric: final=1541137.73, sharpe=0.5930, max_dd=0.1965, preservation=0.9672 -> probabilistic__MA__seed37__phase2_aleatoric.json
MA    seed= 42 ts=50000 bs=32 unc=aleatoric: final=1618268.94, sharpe=0.5907, max_dd=0.2223, preservation=0.9661 -> probabilistic__MA__seed42__phase2_aleatoric.json
MA    seed= 53 ts=50000 bs=32 unc=aleatoric: final=1619511.73, sharpe=0.5771, max_dd=0.2363, preservation=0.9661 -> probabilistic__MA__seed53__phase2_aleatoric.json
MA    seed= 67 ts=50000 bs=32 unc=aleatoric: final=1644602.58, sharpe=0.6764, max_dd=0.1791, preservation=0.9661 -> probabilistic__MA__seed67__phase2_aleatoric.json
MA    seed= 89 ts=50000 bs=32 unc=aleatoric: final=1621742.41, sharpe=0.6437, max_dd=0.2001, preservation=0.9661 -> probabilistic__MA__seed89__phase2_aleatoric.json
MCD   seed=  7 ts=50000 bs=32 unc=aleatoric: final=992323.83, sharpe=-0.4591, max_dd=0.0140, preservation=0.9864 -> probabilistic__MCD__seed7__phase2_aleatoric.json
MCD   seed= 13 ts=50000 bs=32 unc=aleatoric: final=989034.05, sharpe=-0.0788, max_dd=0.0584, preservation=0.9759 -> probabilistic__MCD__seed13__phase2_aleatoric.json
MCD   seed= 19 ts=50000 bs=32 unc=aleatoric: final=1338151.41, sharpe=0.4304, max_dd=0.1721, preservation=0.9652 -> probabilistic__MCD__seed19__phase2_aleatoric.json
MCD   seed= 23 ts=50000 bs=32 unc=aleatoric: final=1341930.52, sharpe=0.4349, max_dd=0.1721, preservation=0.9652 -> probabilistic__MCD__seed23__phase2_aleatoric.json
MCD   seed= 29 ts=50000 bs=32 unc=aleatoric: final=1337905.19, sharpe=0.4624, max_dd=0.1720, preservation=0.9652 -> probabilistic__MCD__seed29__phase2_aleatoric.json
MCD   seed= 37 ts=50000 bs=32 unc=aleatoric: final=1059465.16, sharpe=0.1800, max_dd=0.1201, preservation=0.9807 -> probabilistic__MCD__seed37__phase2_aleatoric.json
MCD   seed= 42 ts=50000 bs=32 unc=aleatoric: final=1044747.51, sharpe=0.2171, max_dd=0.0810, preservation=0.9939 -> probabilistic__MCD__seed42__phase2_aleatoric.json
MCD   seed= 53 ts=50000 bs=32 unc=aleatoric: final=992258.86, sharpe=-0.4631, max_dd=0.0140, preservation=0.9863 -> probabilistic__MCD__seed53__phase2_aleatoric.json
MCD   seed= 67 ts=50000 bs=32 unc=aleatoric: final=1246121.92, sharpe=0.4271, max_dd=0.1387, preservation=0.9716 -> probabilistic__MCD__seed67__phase2_aleatoric.json
MCD   seed= 89 ts=50000 bs=32 unc=aleatoric: final=994520.61, sharpe=-0.0287, max_dd=0.0996, preservation=0.9631 -> probabilistic__MCD__seed89__phase2_aleatoric.json
META  seed=  7 ts=50000 bs=32 unc=aleatoric: final=2850713.73, sharpe=0.6520, max_dd=0.6092, preservation=0.8350 -> probabilistic__META__seed7__phase2_aleatoric.json
META  seed= 13 ts=50000 bs=32 unc=aleatoric: final=2714833.57, sharpe=0.5965, max_dd=0.6368, preservation=0.8350 -> probabilistic__META__seed13__phase2_aleatoric.json
META  seed= 19 ts=50000 bs=32 unc=aleatoric: final=2194471.80, sharpe=0.6364, max_dd=0.5155, preservation=0.8648 -> probabilistic__META__seed19__phase2_aleatoric.json
META  seed= 23 ts=50000 bs=32 unc=aleatoric: final=2826655.58, sharpe=0.6471, max_dd=0.6043, preservation=0.8350 -> probabilistic__META__seed23__phase2_aleatoric.json
META  seed= 29 ts=50000 bs=32 unc=aleatoric: final=3275680.43, sharpe=0.7791, max_dd=0.5396, preservation=0.8350 -> probabilistic__META__seed29__phase2_aleatoric.json
META  seed= 37 ts=50000 bs=32 unc=aleatoric: final=1589592.96, sharpe=0.6065, max_dd=0.3639, preservation=0.9501 -> probabilistic__META__seed37__phase2_aleatoric.json
META  seed= 42 ts=50000 bs=32 unc=aleatoric: final=1616508.08, sharpe=0.4394, max_dd=0.4830, preservation=0.8732 -> probabilistic__META__seed42__phase2_aleatoric.json
META  seed= 53 ts=50000 bs=32 unc=aleatoric: final=2757716.57, sharpe=0.6233, max_dd=0.6131, preservation=0.8363 -> probabilistic__META__seed53__phase2_aleatoric.json
META  seed= 67 ts=50000 bs=32 unc=aleatoric: final=2830699.73, sharpe=0.6981, max_dd=0.5693, preservation=0.8412 -> probabilistic__META__seed67__phase2_aleatoric.json
META  seed= 89 ts=50000 bs=32 unc=aleatoric: final=2846660.50, sharpe=0.7104, max_dd=0.5457, preservation=0.8355 -> probabilistic__META__seed89__phase2_aleatoric.json
MSFT  seed=  7 ts=50000 bs=32 unc=aleatoric: final=1688713.91, sharpe=0.5205, max_dd=0.2985, preservation=0.9003 -> probabilistic__MSFT__seed7__phase2_aleatoric.json
MSFT  seed= 13 ts=50000 bs=32 unc=aleatoric: final=1730947.18, sharpe=0.6274, max_dd=0.2292, preservation=0.9013 -> probabilistic__MSFT__seed13__phase2_aleatoric.json
MSFT  seed= 19 ts=50000 bs=32 unc=aleatoric: final=1744597.68, sharpe=0.6169, max_dd=0.2329, preservation=0.9005 -> probabilistic__MSFT__seed19__phase2_aleatoric.json
MSFT  seed= 23 ts=50000 bs=32 unc=aleatoric: final=992598.98, sharpe=-0.1438, max_dd=0.0211, preservation=0.9855 -> probabilistic__MSFT__seed23__phase2_aleatoric.json
MSFT  seed= 29 ts=50000 bs=32 unc=aleatoric: final=989506.69, sharpe=-0.2160, max_dd=0.0203, preservation=0.9824 -> probabilistic__MSFT__seed29__phase2_aleatoric.json
MSFT  seed= 37 ts=50000 bs=32 unc=aleatoric: final=1698914.22, sharpe=0.5451, max_dd=0.2818, preservation=0.9011 -> probabilistic__MSFT__seed37__phase2_aleatoric.json
MSFT  seed= 42 ts=50000 bs=32 unc=aleatoric: final=1474225.26, sharpe=0.5081, max_dd=0.2306, preservation=0.9116 -> probabilistic__MSFT__seed42__phase2_aleatoric.json
MSFT  seed= 53 ts=50000 bs=32 unc=aleatoric: final=999136.91, sharpe=-0.0056, max_dd=0.0906, preservation=0.9846 -> probabilistic__MSFT__seed53__phase2_aleatoric.json
MSFT  seed= 67 ts=50000 bs=32 unc=aleatoric: final=1798398.32, sharpe=0.6270, max_dd=0.2417, preservation=0.9003 -> probabilistic__MSFT__seed67__phase2_aleatoric.json
MSFT  seed= 89 ts=50000 bs=32 unc=aleatoric: final=989726.81, sharpe=-0.2113, max_dd=0.0203, preservation=0.9827 -> probabilistic__MSFT__seed89__phase2_aleatoric.json
NFLX  seed=  7 ts=50000 bs=32 unc=aleatoric: final=2223512.31, sharpe=0.7275, max_dd=0.3280, preservation=0.7212 -> probabilistic__NFLX__seed7__phase2_aleatoric.json
NFLX  seed= 13 ts=50000 bs=32 unc=aleatoric: final=1861570.36, sharpe=0.6323, max_dd=0.3570, preservation=0.7946 -> probabilistic__NFLX__seed13__phase2_aleatoric.json
NFLX  seed= 19 ts=50000 bs=32 unc=aleatoric: final=2595746.21, sharpe=0.5812, max_dd=0.5334, preservation=0.7031 -> probabilistic__NFLX__seed19__phase2_aleatoric.json
NFLX  seed= 23 ts=50000 bs=32 unc=aleatoric: final=987402.11, sharpe=-0.0203, max_dd=0.3452, preservation=0.8405 -> probabilistic__NFLX__seed23__phase2_aleatoric.json
NFLX  seed= 29 ts=50000 bs=32 unc=aleatoric: final=1131694.59, sharpe=0.5205, max_dd=0.1159, preservation=0.9479 -> probabilistic__NFLX__seed29__phase2_aleatoric.json
NFLX  seed= 37 ts=50000 bs=32 unc=aleatoric: final=2148193.19, sharpe=0.6312, max_dd=0.4010, preservation=0.7147 -> probabilistic__NFLX__seed37__phase2_aleatoric.json
NFLX  seed= 42 ts=50000 bs=32 unc=aleatoric: final=1004508.37, sharpe=0.0073, max_dd=0.3536, preservation=0.9669 -> probabilistic__NFLX__seed42__phase2_aleatoric.json
NFLX  seed= 53 ts=50000 bs=32 unc=aleatoric: final=2537381.70, sharpe=0.6637, max_dd=0.4354, preservation=0.7120 -> probabilistic__NFLX__seed53__phase2_aleatoric.json
NFLX  seed= 67 ts=50000 bs=32 unc=aleatoric: final=2897873.81, sharpe=0.7297, max_dd=0.4228, preservation=0.7031 -> probabilistic__NFLX__seed67__phase2_aleatoric.json
NFLX  seed= 89 ts=50000 bs=32 unc=aleatoric: final=2833321.46, sharpe=0.7390, max_dd=0.4075, preservation=0.7055 -> probabilistic__NFLX__seed89__phase2_aleatoric.json
NVDA  seed=  7 ts=50000 bs=32 unc=aleatoric: final=9021443.45, sharpe=1.1337, max_dd=0.5024, preservation=0.9092 -> probabilistic__NVDA__seed7__phase2_aleatoric.json
NVDA  seed= 13 ts=50000 bs=32 unc=aleatoric: final=5401944.35, sharpe=1.1923, max_dd=0.3918, preservation=0.9231 -> probabilistic__NVDA__seed13__phase2_aleatoric.json
NVDA  seed= 19 ts=50000 bs=32 unc=aleatoric: final=8996925.98, sharpe=1.1300, max_dd=0.4981, preservation=0.9092 -> probabilistic__NVDA__seed19__phase2_aleatoric.json
NVDA  seed= 23 ts=50000 bs=32 unc=aleatoric: final=5720499.06, sharpe=1.1071, max_dd=0.4292, preservation=0.9264 -> probabilistic__NVDA__seed23__phase2_aleatoric.json
NVDA  seed= 29 ts=50000 bs=32 unc=aleatoric: final=9288344.61, sharpe=1.2870, max_dd=0.3678, preservation=0.9093 -> probabilistic__NVDA__seed29__phase2_aleatoric.json
NVDA  seed= 37 ts=50000 bs=32 unc=aleatoric: final=7530603.28, sharpe=1.1252, max_dd=0.4465, preservation=0.9092 -> probabilistic__NVDA__seed37__phase2_aleatoric.json
NVDA  seed= 42 ts=50000 bs=32 unc=aleatoric: final=1139605.21, sharpe=0.1914, max_dd=0.3323, preservation=0.9443 -> probabilistic__NVDA__seed42__phase2_aleatoric.json
NVDA  seed= 53 ts=50000 bs=32 unc=aleatoric: final=8327090.26, sharpe=1.0584, max_dd=0.5655, preservation=0.9092 -> probabilistic__NVDA__seed53__phase2_aleatoric.json
NVDA  seed= 67 ts=50000 bs=32 unc=aleatoric: final=8339966.16, sharpe=1.0622, max_dd=0.5529, preservation=0.9092 -> probabilistic__NVDA__seed67__phase2_aleatoric.json
NVDA  seed= 89 ts=50000 bs=32 unc=aleatoric: final=7185973.24, sharpe=1.1683, max_dd=0.4355, preservation=0.9177 -> probabilistic__NVDA__seed89__phase2_aleatoric.json
ORCL  seed=  7 ts=50000 bs=32 unc=aleatoric: final=2594698.22, sharpe=0.6380, max_dd=0.4555, preservation=0.5961 -> probabilistic__ORCL__seed7__phase2_aleatoric.json
ORCL  seed= 13 ts=50000 bs=32 unc=aleatoric: final=2639992.18, sharpe=0.6361, max_dd=0.4555, preservation=0.5961 -> probabilistic__ORCL__seed13__phase2_aleatoric.json
ORCL  seed= 19 ts=50000 bs=32 unc=aleatoric: final=2650296.00, sharpe=0.6396, max_dd=0.4555, preservation=0.5961 -> probabilistic__ORCL__seed19__phase2_aleatoric.json
ORCL  seed= 23 ts=50000 bs=32 unc=aleatoric: final=1323253.55, sharpe=0.5941, max_dd=0.1388, preservation=0.8867 -> probabilistic__ORCL__seed23__phase2_aleatoric.json
ORCL  seed= 29 ts=50000 bs=32 unc=aleatoric: final=1769458.32, sharpe=0.9683, max_dd=0.1494, preservation=0.8819 -> probabilistic__ORCL__seed29__phase2_aleatoric.json
ORCL  seed= 37 ts=50000 bs=32 unc=aleatoric: final=2435530.38, sharpe=0.6214, max_dd=0.4230, preservation=0.6244 -> probabilistic__ORCL__seed37__phase2_aleatoric.json
ORCL  seed= 42 ts=50000 bs=32 unc=aleatoric: final=2097748.98, sharpe=0.6754, max_dd=0.3185, preservation=0.7040 -> probabilistic__ORCL__seed42__phase2_aleatoric.json
ORCL  seed= 53 ts=50000 bs=32 unc=aleatoric: final=2603403.15, sharpe=0.6188, max_dd=0.4555, preservation=0.5961 -> probabilistic__ORCL__seed53__phase2_aleatoric.json
ORCL  seed= 67 ts=50000 bs=32 unc=aleatoric: final=2557308.25, sharpe=0.6583, max_dd=0.4406, preservation=0.6096 -> probabilistic__ORCL__seed67__phase2_aleatoric.json
ORCL  seed= 89 ts=50000 bs=32 unc=aleatoric: final=2539770.04, sharpe=0.6321, max_dd=0.4537, preservation=0.5977 -> probabilistic__ORCL__seed89__phase2_aleatoric.json
PGR   seed=  7 ts=50000 bs=32 unc=aleatoric: final=1384772.39, sharpe=0.6357, max_dd=0.2277, preservation=0.8376 -> probabilistic__PGR__seed7__phase2_aleatoric.json
PGR   seed= 13 ts=50000 bs=32 unc=aleatoric: final=2152306.26, sharpe=0.7968, max_dd=0.2997, preservation=0.7856 -> probabilistic__PGR__seed13__phase2_aleatoric.json
PGR   seed= 19 ts=50000 bs=32 unc=aleatoric: final=1129791.19, sharpe=0.3871, max_dd=0.1132, preservation=0.9424 -> probabilistic__PGR__seed19__phase2_aleatoric.json
PGR   seed= 23 ts=50000 bs=32 unc=aleatoric: final=1821244.43, sharpe=0.7889, max_dd=0.2393, preservation=0.8239 -> probabilistic__PGR__seed23__phase2_aleatoric.json
PGR   seed= 29 ts=50000 bs=32 unc=aleatoric: final=2069437.27, sharpe=0.7963, max_dd=0.2969, preservation=0.7874 -> probabilistic__PGR__seed29__phase2_aleatoric.json
PGR   seed= 37 ts=50000 bs=32 unc=aleatoric: final=2025979.24, sharpe=0.7849, max_dd=0.2971, preservation=0.7875 -> probabilistic__PGR__seed37__phase2_aleatoric.json
PGR   seed= 42 ts=50000 bs=32 unc=aleatoric: final=2139626.59, sharpe=0.7961, max_dd=0.2997, preservation=0.7856 -> probabilistic__PGR__seed42__phase2_aleatoric.json
PGR   seed= 53 ts=50000 bs=32 unc=aleatoric: final=2176323.03, sharpe=0.7986, max_dd=0.2997, preservation=0.7856 -> probabilistic__PGR__seed53__phase2_aleatoric.json
PGR   seed= 67 ts=50000 bs=32 unc=aleatoric: final=1750053.75, sharpe=0.7728, max_dd=0.2410, preservation=0.8319 -> probabilistic__PGR__seed67__phase2_aleatoric.json
PGR   seed= 89 ts=50000 bs=32 unc=aleatoric: final=2059050.94, sharpe=0.7846, max_dd=0.2997, preservation=0.7856 -> probabilistic__PGR__seed89__phase2_aleatoric.json
PLTR  seed=  7 ts=50000 bs=32 unc=aleatoric: final=14688171.29, sharpe=1.2737, max_dd=0.4012, preservation=0.8894 -> probabilistic__PLTR__seed7__phase2_aleatoric.json
PLTR  seed= 13 ts=50000 bs=32 unc=aleatoric: final=16366220.41, sharpe=1.1734, max_dd=0.4610, preservation=0.8891 -> probabilistic__PLTR__seed13__phase2_aleatoric.json
PLTR  seed= 19 ts=50000 bs=32 unc=aleatoric: final=16447472.81, sharpe=1.1877, max_dd=0.4363, preservation=0.8890 -> probabilistic__PLTR__seed19__phase2_aleatoric.json
PLTR  seed= 23 ts=50000 bs=32 unc=aleatoric: final=1353345.21, sharpe=0.4243, max_dd=0.2308, preservation=0.9782 -> probabilistic__PLTR__seed23__phase2_aleatoric.json
PLTR  seed= 29 ts=50000 bs=32 unc=aleatoric: final=17847723.01, sharpe=1.4185, max_dd=0.4047, preservation=0.8892 -> probabilistic__PLTR__seed29__phase2_aleatoric.json
PLTR  seed= 37 ts=50000 bs=32 unc=aleatoric: final=9954597.32, sharpe=1.1507, max_dd=0.4460, preservation=0.9197 -> probabilistic__PLTR__seed37__phase2_aleatoric.json
PLTR  seed= 42 ts=50000 bs=32 unc=aleatoric: final=15625115.67, sharpe=1.1181, max_dd=0.5103, preservation=0.8890 -> probabilistic__PLTR__seed42__phase2_aleatoric.json
PLTR  seed= 53 ts=50000 bs=32 unc=aleatoric: final=13676389.23, sharpe=1.1132, max_dd=0.4972, preservation=0.8918 -> probabilistic__PLTR__seed53__phase2_aleatoric.json
PLTR  seed= 67 ts=50000 bs=32 unc=aleatoric: final=15154104.53, sharpe=1.2264, max_dd=0.3918, preservation=0.8924 -> probabilistic__PLTR__seed67__phase2_aleatoric.json
PLTR  seed= 89 ts=50000 bs=32 unc=aleatoric: final=7547453.21, sharpe=1.1321, max_dd=0.3800, preservation=0.9035 -> probabilistic__PLTR__seed89__phase2_aleatoric.json
PPLT  seed=  7 ts=50000 bs=32 unc=aleatoric: final=2049767.43, sharpe=0.6506, max_dd=0.2492, preservation=0.8757 -> probabilistic__PPLT__seed7__phase2_aleatoric.json
PPLT  seed= 13 ts=50000 bs=32 unc=aleatoric: final=2042550.59, sharpe=0.6486, max_dd=0.2493, preservation=0.8757 -> probabilistic__PPLT__seed13__phase2_aleatoric.json
PPLT  seed= 19 ts=50000 bs=32 unc=aleatoric: final=1756386.83, sharpe=0.7911, max_dd=0.1693, preservation=0.9106 -> probabilistic__PPLT__seed19__phase2_aleatoric.json
PPLT  seed= 23 ts=50000 bs=32 unc=aleatoric: final=2057238.58, sharpe=0.6767, max_dd=0.2439, preservation=0.8757 -> probabilistic__PPLT__seed23__phase2_aleatoric.json
PPLT  seed= 29 ts=50000 bs=32 unc=aleatoric: final=2120488.40, sharpe=0.7962, max_dd=0.2282, preservation=0.8757 -> probabilistic__PPLT__seed29__phase2_aleatoric.json
PPLT  seed= 37 ts=50000 bs=32 unc=aleatoric: final=2082958.05, sharpe=0.6738, max_dd=0.2492, preservation=0.8757 -> probabilistic__PPLT__seed37__phase2_aleatoric.json
PPLT  seed= 42 ts=50000 bs=32 unc=aleatoric: final=1263868.84, sharpe=0.6194, max_dd=0.1039, preservation=0.9930 -> probabilistic__PPLT__seed42__phase2_aleatoric.json
PPLT  seed= 53 ts=50000 bs=32 unc=aleatoric: final=2057516.17, sharpe=0.6636, max_dd=0.2488, preservation=0.8757 -> probabilistic__PPLT__seed53__phase2_aleatoric.json
PPLT  seed= 67 ts=50000 bs=32 unc=aleatoric: final=1238293.15, sharpe=0.6190, max_dd=0.1129, preservation=0.9693 -> probabilistic__PPLT__seed67__phase2_aleatoric.json
PPLT  seed= 89 ts=50000 bs=32 unc=aleatoric: final=1311818.37, sharpe=0.7165, max_dd=0.0969, preservation=0.9844 -> probabilistic__PPLT__seed89__phase2_aleatoric.json
QCOM  seed=  7 ts=50000 bs=32 unc=aleatoric: final=1188868.86, sharpe=0.1429, max_dd=0.4064, preservation=0.8094 -> probabilistic__QCOM__seed7__phase2_aleatoric.json
QCOM  seed= 13 ts=50000 bs=32 unc=aleatoric: final=993889.56, sharpe=-0.0535, max_dd=0.0533, preservation=0.9649 -> probabilistic__QCOM__seed13__phase2_aleatoric.json
QCOM  seed= 19 ts=50000 bs=32 unc=aleatoric: final=1175758.96, sharpe=0.1111, max_dd=0.4423, preservation=0.7889 -> probabilistic__QCOM__seed19__phase2_aleatoric.json
QCOM  seed= 23 ts=50000 bs=32 unc=aleatoric: final=1194424.96, sharpe=0.1243, max_dd=0.4423, preservation=0.7890 -> probabilistic__QCOM__seed23__phase2_aleatoric.json
QCOM  seed= 29 ts=50000 bs=32 unc=aleatoric: final=980520.81, sharpe=-0.1855, max_dd=0.0529, preservation=0.9519 -> probabilistic__QCOM__seed29__phase2_aleatoric.json
QCOM  seed= 37 ts=50000 bs=32 unc=aleatoric: final=1247933.48, sharpe=0.1740, max_dd=0.4366, preservation=0.7941 -> probabilistic__QCOM__seed37__phase2_aleatoric.json
QCOM  seed= 42 ts=50000 bs=32 unc=aleatoric: final=1158334.80, sharpe=0.1156, max_dd=0.4059, preservation=0.8062 -> probabilistic__QCOM__seed42__phase2_aleatoric.json
QCOM  seed= 53 ts=50000 bs=32 unc=aleatoric: final=912780.63, sharpe=-0.4899, max_dd=0.1408, preservation=0.8862 -> probabilistic__QCOM__seed53__phase2_aleatoric.json
QCOM  seed= 67 ts=50000 bs=32 unc=aleatoric: final=1060327.43, sharpe=0.1018, max_dd=0.1927, preservation=0.9895 -> probabilistic__QCOM__seed67__phase2_aleatoric.json
QCOM  seed= 89 ts=50000 bs=32 unc=aleatoric: final=979034.21, sharpe=-0.1988, max_dd=0.0529, preservation=0.9505 -> probabilistic__QCOM__seed89__phase2_aleatoric.json
QQQ   seed=  7 ts=50000 bs=32 unc=aleatoric: final=1912775.19, sharpe=0.8001, max_dd=0.2276, preservation=0.9778 -> probabilistic__QQQ__seed7__phase2_aleatoric.json
QQQ   seed= 13 ts=50000 bs=32 unc=aleatoric: final=1601177.95, sharpe=0.7112, max_dd=0.2041, preservation=0.9819 -> probabilistic__QQQ__seed13__phase2_aleatoric.json
QQQ   seed= 19 ts=50000 bs=32 unc=aleatoric: final=1871892.54, sharpe=0.7328, max_dd=0.2425, preservation=0.9778 -> probabilistic__QQQ__seed19__phase2_aleatoric.json
QQQ   seed= 23 ts=50000 bs=32 unc=aleatoric: final=1027356.52, sharpe=0.1143, max_dd=0.1233, preservation=0.9972 -> probabilistic__QQQ__seed23__phase2_aleatoric.json
QQQ   seed= 29 ts=50000 bs=32 unc=aleatoric: final=1663384.15, sharpe=0.7575, max_dd=0.1932, preservation=0.9846 -> probabilistic__QQQ__seed29__phase2_aleatoric.json
QQQ   seed= 37 ts=50000 bs=32 unc=aleatoric: final=1851453.12, sharpe=0.7456, max_dd=0.2437, preservation=0.9779 -> probabilistic__QQQ__seed37__phase2_aleatoric.json
QQQ   seed= 42 ts=50000 bs=32 unc=aleatoric: final=1440139.20, sharpe=0.6608, max_dd=0.1833, preservation=0.9827 -> probabilistic__QQQ__seed42__phase2_aleatoric.json
QQQ   seed= 53 ts=50000 bs=32 unc=aleatoric: final=1442814.06, sharpe=0.6130, max_dd=0.2172, preservation=0.9838 -> probabilistic__QQQ__seed53__phase2_aleatoric.json
QQQ   seed= 67 ts=50000 bs=32 unc=aleatoric: final=1848567.72, sharpe=0.7932, max_dd=0.2160, preservation=0.9786 -> probabilistic__QQQ__seed67__phase2_aleatoric.json
QQQ   seed= 89 ts=50000 bs=32 unc=aleatoric: final=1539177.53, sharpe=0.6647, max_dd=0.1960, preservation=0.9808 -> probabilistic__QQQ__seed89__phase2_aleatoric.json
REGN  seed=  7 ts=50000 bs=32 unc=aleatoric: final=1264874.73, sharpe=0.1993, max_dd=0.5969, preservation=0.6531 -> probabilistic__REGN__seed7__phase2_aleatoric.json
REGN  seed= 13 ts=50000 bs=32 unc=aleatoric: final=1160019.73, sharpe=0.2247, max_dd=0.3756, preservation=0.8144 -> probabilistic__REGN__seed13__phase2_aleatoric.json
/scratch/PDRL/dissertation-project/experiments/common.py:273: RuntimeWarning: overflow encountered in multiply
  levels[1:] = last_real * np.exp(np.cumsum(sampled_returns))
/scratch/PDRL/dissertation-project/venv/lib/python3.12/site-packages/numpy/lib/_function_base_impl.py:1529: RuntimeWarning: invalid value encountered in subtract
  a = op(a[slice1], a[slice2])
REGN  seed= 19 ts=50000 bs=32 unc=aleatoric: final=1279540.76, sharpe=0.2479, max_dd=0.5114, preservation=0.7371 -> probabilistic__REGN__seed19__phase2_aleatoric.json
REGN  seed= 23 ts=50000 bs=32 unc=aleatoric: final=1242636.34, sharpe=0.1835, max_dd=0.5969, preservation=0.6531 -> probabilistic__REGN__seed23__phase2_aleatoric.json
REGN  seed= 29 ts=50000 bs=32 unc=aleatoric: final=1261992.55, sharpe=0.2274, max_dd=0.5382, preservation=0.6972 -> probabilistic__REGN__seed29__phase2_aleatoric.json
REGN  seed= 37 ts=50000 bs=32 unc=aleatoric: final=1248991.73, sharpe=0.1889, max_dd=0.5969, preservation=0.6531 -> probabilistic__REGN__seed37__phase2_aleatoric.json
REGN  seed= 42 ts=50000 bs=32 unc=aleatoric: final=1223989.00, sharpe=0.1887, max_dd=0.5648, preservation=0.6799 -> probabilistic__REGN__seed42__phase2_aleatoric.json
REGN  seed= 53 ts=50000 bs=32 unc=aleatoric: final=1078866.53, sharpe=0.6340, max_dd=0.0358, preservation=0.9945 -> probabilistic__REGN__seed53__phase2_aleatoric.json
REGN  seed= 67 ts=50000 bs=32 unc=aleatoric: final=1005725.77, sharpe=0.2098, max_dd=0.0075, preservation=0.9925 -> probabilistic__REGN__seed67__phase2_aleatoric.json
REGN  seed= 89 ts=50000 bs=32 unc=aleatoric: final=1228780.80, sharpe=0.1812, max_dd=0.5965, preservation=0.6536 -> probabilistic__REGN__seed89__phase2_aleatoric.json
RY    seed=  7 ts=50000 bs=32 unc=aleatoric: final=1231875.71, sharpe=0.8766, max_dd=0.0998, preservation=1.0000 -> probabilistic__RY__seed7__phase2_aleatoric.json
RY    seed= 13 ts=50000 bs=32 unc=aleatoric: final=1712726.82, sharpe=0.8646, max_dd=0.2183, preservation=1.0000 -> probabilistic__RY__seed13__phase2_aleatoric.json
RY    seed= 19 ts=50000 bs=32 unc=aleatoric: final=1770081.56, sharpe=0.8086, max_dd=0.2472, preservation=1.0000 -> probabilistic__RY__seed19__phase2_aleatoric.json
RY    seed= 23 ts=50000 bs=32 unc=aleatoric: final=1790007.01, sharpe=0.8411, max_dd=0.2383, preservation=1.0000 -> probabilistic__RY__seed23__phase2_aleatoric.json
RY    seed= 29 ts=50000 bs=32 unc=aleatoric: final=1814097.80, sharpe=0.9075, max_dd=0.2168, preservation=1.0000 -> probabilistic__RY__seed29__phase2_aleatoric.json
RY    seed= 37 ts=50000 bs=32 unc=aleatoric: final=1785081.83, sharpe=0.8307, max_dd=0.2411, preservation=1.0000 -> probabilistic__RY__seed37__phase2_aleatoric.json
RY    seed= 42 ts=50000 bs=32 unc=aleatoric: final=1720088.20, sharpe=0.8079, max_dd=0.2393, preservation=1.0000 -> probabilistic__RY__seed42__phase2_aleatoric.json
RY    seed= 53 ts=50000 bs=32 unc=aleatoric: final=1778132.89, sharpe=0.8236, max_dd=0.2443, preservation=1.0000 -> probabilistic__RY__seed53__phase2_aleatoric.json
RY    seed= 67 ts=50000 bs=32 unc=aleatoric: final=1830277.05, sharpe=0.9111, max_dd=0.2195, preservation=1.0000 -> probabilistic__RY__seed67__phase2_aleatoric.json
RY    seed= 89 ts=50000 bs=32 unc=aleatoric: final=1827790.41, sharpe=1.0078, max_dd=0.1967, preservation=1.0000 -> probabilistic__RY__seed89__phase2_aleatoric.json
RYTM  seed=  7 ts=50000 bs=32 unc=aleatoric: final=16735521.20, sharpe=0.9773, max_dd=0.6543, preservation=0.9569 -> probabilistic__RYTM__seed7__phase2_aleatoric.json
[FAIL] RYTM  seed= 13: ValueError: Expected parameter loc (Tensor of shape (64, 1)) of distribution Normal(loc: torch.Size([64, 1]), scale: torch.Size([64, -> probabilistic__RYTM__seed13__phase2_aleatoric.failed.json
[FAIL] RYTM  seed= 19: ValueError: Expected parameter loc (Tensor of shape (64, 1)) of distribution Normal(loc: torch.Size([64, 1]), scale: torch.Size([64, -> probabilistic__RYTM__seed19__phase2_aleatoric.failed.json
RYTM  seed= 23 ts=50000 bs=32 unc=aleatoric: final=2811676.84, sharpe=1.3377, max_dd=0.2583, preservation=0.9830 -> probabilistic__RYTM__seed23__phase2_aleatoric.json
RYTM  seed= 29 ts=50000 bs=32 unc=aleatoric: final=1303416.13, sharpe=0.6957, max_dd=0.1457, preservation=0.9910 -> probabilistic__RYTM__seed29__phase2_aleatoric.json
RYTM  seed= 37 ts=50000 bs=32 unc=aleatoric: final=9236322.88, sharpe=0.9182, max_dd=0.5439, preservation=0.9569 -> probabilistic__RYTM__seed37__phase2_aleatoric.json
RYTM  seed= 42 ts=50000 bs=32 unc=aleatoric: final=15625346.01, sharpe=0.9406, max_dd=0.6948, preservation=0.9569 -> probabilistic__RYTM__seed42__phase2_aleatoric.json
RYTM  seed= 53 ts=50000 bs=32 unc=aleatoric: final=15197963.90, sharpe=0.9934, max_dd=0.5718, preservation=0.9569 -> probabilistic__RYTM__seed53__phase2_aleatoric.json
[FAIL] RYTM  seed= 67: ValueError: Expected parameter loc (Tensor of shape (64, 1)) of distribution Normal(loc: torch.Size([64, 1]), scale: torch.Size([64, -> probabilistic__RYTM__seed67__phase2_aleatoric.failed.json
RYTM  seed= 89 ts=50000 bs=32 unc=aleatoric: final=2328356.17, sharpe=0.7590, max_dd=0.3048, preservation=0.9596 -> probabilistic__RYTM__seed89__phase2_aleatoric.json
SAP   seed=  7 ts=50000 bs=32 unc=aleatoric: final=2237552.31, sharpe=0.8055, max_dd=0.2982, preservation=0.7888 -> probabilistic__SAP__seed7__phase2_aleatoric.json
SAP   seed= 13 ts=50000 bs=32 unc=aleatoric: final=1923957.91, sharpe=0.7699, max_dd=0.2767, preservation=0.8235 -> probabilistic__SAP__seed13__phase2_aleatoric.json
SAP   seed= 19 ts=50000 bs=32 unc=aleatoric: final=2170486.07, sharpe=0.7478, max_dd=0.3280, preservation=0.7888 -> probabilistic__SAP__seed19__phase2_aleatoric.json
SAP   seed= 23 ts=50000 bs=32 unc=aleatoric: final=1133272.61, sharpe=0.2577, max_dd=0.1868, preservation=0.8624 -> probabilistic__SAP__seed23__phase2_aleatoric.json
SAP   seed= 29 ts=50000 bs=32 unc=aleatoric: final=988289.10, sharpe=-0.4242, max_dd=0.0142, preservation=0.9883 -> probabilistic__SAP__seed29__phase2_aleatoric.json
SAP   seed= 37 ts=50000 bs=32 unc=aleatoric: final=2253429.02, sharpe=0.8501, max_dd=0.2573, preservation=0.7891 -> probabilistic__SAP__seed37__phase2_aleatoric.json
SAP   seed= 42 ts=50000 bs=32 unc=aleatoric: final=1930146.13, sharpe=0.7523, max_dd=0.2846, preservation=0.8156 -> probabilistic__SAP__seed42__phase2_aleatoric.json
SAP   seed= 53 ts=50000 bs=32 unc=aleatoric: final=2207142.69, sharpe=0.8234, max_dd=0.2762, preservation=0.7942 -> probabilistic__SAP__seed53__phase2_aleatoric.json
SAP   seed= 67 ts=50000 bs=32 unc=aleatoric: final=2337575.16, sharpe=0.8668, max_dd=0.2640, preservation=0.7888 -> probabilistic__SAP__seed67__phase2_aleatoric.json
SAP   seed= 89 ts=50000 bs=32 unc=aleatoric: final=1869438.02, sharpe=0.7909, max_dd=0.2453, preservation=0.7930 -> probabilistic__SAP__seed89__phase2_aleatoric.json
SCHB  seed=  7 ts=50000 bs=32 unc=aleatoric: final=1641917.53, sharpe=0.7487, max_dd=0.1934, preservation=0.9966 -> probabilistic__SCHB__seed7__phase2_aleatoric.json
SCHB  seed= 13 ts=50000 bs=32 unc=aleatoric: final=1454387.79, sharpe=0.7407, max_dd=0.1535, preservation=0.9972 -> probabilistic__SCHB__seed13__phase2_aleatoric.json
SCHB  seed= 19 ts=50000 bs=32 unc=aleatoric: final=1656822.05, sharpe=0.7713, max_dd=0.1934, preservation=0.9966 -> probabilistic__SCHB__seed19__phase2_aleatoric.json
SCHB  seed= 23 ts=50000 bs=32 unc=aleatoric: final=988991.42, sharpe=-0.2765, max_dd=0.0228, preservation=0.9854 -> probabilistic__SCHB__seed23__phase2_aleatoric.json
SCHB  seed= 29 ts=50000 bs=32 unc=aleatoric: final=1623852.69, sharpe=0.8009, max_dd=0.1856, preservation=0.9967 -> probabilistic__SCHB__seed29__phase2_aleatoric.json
SCHB  seed= 37 ts=50000 bs=32 unc=aleatoric: final=1587234.09, sharpe=0.7610, max_dd=0.1844, preservation=0.9968 -> probabilistic__SCHB__seed37__phase2_aleatoric.json
SCHB  seed= 42 ts=50000 bs=32 unc=aleatoric: final=1594287.37, sharpe=0.7739, max_dd=0.1897, preservation=0.9967 -> probabilistic__SCHB__seed42__phase2_aleatoric.json
SCHB  seed= 53 ts=50000 bs=32 unc=aleatoric: final=1543124.33, sharpe=0.7093, max_dd=0.1897, preservation=0.9969 -> probabilistic__SCHB__seed53__phase2_aleatoric.json
SCHB  seed= 67 ts=50000 bs=32 unc=aleatoric: final=1642471.17, sharpe=0.8132, max_dd=0.1885, preservation=0.9967 -> probabilistic__SCHB__seed67__phase2_aleatoric.json
SCHB  seed= 89 ts=50000 bs=32 unc=aleatoric: final=1454066.51, sharpe=0.7283, max_dd=0.1590, preservation=0.9974 -> probabilistic__SCHB__seed89__phase2_aleatoric.json
SCHD  seed=  7 ts=50000 bs=32 unc=aleatoric: final=1236668.24, sharpe=0.4388, max_dd=0.1607, preservation=0.9814 -> probabilistic__SCHD__seed7__phase2_aleatoric.json
SCHD  seed= 13 ts=50000 bs=32 unc=aleatoric: final=1054314.60, sharpe=0.2400, max_dd=0.0674, preservation=0.9976 -> probabilistic__SCHD__seed13__phase2_aleatoric.json
SCHD  seed= 19 ts=50000 bs=32 unc=aleatoric: final=1226943.33, sharpe=0.3581, max_dd=0.1612, preservation=0.9811 -> probabilistic__SCHD__seed19__phase2_aleatoric.json
SCHD  seed= 23 ts=50000 bs=32 unc=aleatoric: final=994267.65, sharpe=-0.2406, max_dd=0.0146, preservation=0.9905 -> probabilistic__SCHD__seed23__phase2_aleatoric.json
SCHD  seed= 29 ts=50000 bs=32 unc=aleatoric: final=990095.02, sharpe=-0.4516, max_dd=0.0142, preservation=0.9863 -> probabilistic__SCHD__seed29__phase2_aleatoric.json
SCHD  seed= 37 ts=50000 bs=32 unc=aleatoric: final=1161789.38, sharpe=0.3487, max_dd=0.1409, preservation=0.9829 -> probabilistic__SCHD__seed37__phase2_aleatoric.json
SCHD  seed= 42 ts=50000 bs=32 unc=aleatoric: final=1232418.43, sharpe=0.3723, max_dd=0.1612, preservation=0.9811 -> probabilistic__SCHD__seed42__phase2_aleatoric.json
SCHD  seed= 53 ts=50000 bs=32 unc=aleatoric: final=1233918.04, sharpe=0.3748, max_dd=0.1612, preservation=0.9811 -> probabilistic__SCHD__seed53__phase2_aleatoric.json
SCHD  seed= 67 ts=50000 bs=32 unc=aleatoric: final=1223372.06, sharpe=0.4062, max_dd=0.1511, preservation=0.9819 -> probabilistic__SCHD__seed67__phase2_aleatoric.json
SCHD  seed= 89 ts=50000 bs=32 unc=aleatoric: final=991864.00, sharpe=-0.0489, max_dd=0.0525, preservation=0.9738 -> probabilistic__SCHD__seed89__phase2_aleatoric.json
SCHF  seed=  7 ts=50000 bs=32 unc=aleatoric: final=1508725.31, sharpe=0.6736, max_dd=0.2283, preservation=0.9983 -> probabilistic__SCHF__seed7__phase2_aleatoric.json
SCHF  seed= 13 ts=50000 bs=32 unc=aleatoric: final=1292804.20, sharpe=0.6310, max_dd=0.1683, preservation=0.9988 -> probabilistic__SCHF__seed13__phase2_aleatoric.json
SCHF  seed= 19 ts=50000 bs=32 unc=aleatoric: final=1502795.13, sharpe=0.6617, max_dd=0.2316, preservation=0.9983 -> probabilistic__SCHF__seed19__phase2_aleatoric.json
SCHF  seed= 23 ts=50000 bs=32 unc=aleatoric: final=1513267.45, sharpe=0.6847, max_dd=0.2227, preservation=0.9983 -> probabilistic__SCHF__seed23__phase2_aleatoric.json
SCHF  seed= 29 ts=50000 bs=32 unc=aleatoric: final=1270964.06, sharpe=0.5999, max_dd=0.1669, preservation=0.9989 -> probabilistic__SCHF__seed29__phase2_aleatoric.json
SCHF  seed= 37 ts=50000 bs=32 unc=aleatoric: final=1525568.10, sharpe=0.7361, max_dd=0.1953, preservation=0.9983 -> probabilistic__SCHF__seed37__phase2_aleatoric.json
SCHF  seed= 42 ts=50000 bs=32 unc=aleatoric: final=1360270.19, sharpe=0.6270, max_dd=0.1951, preservation=0.9987 -> probabilistic__SCHF__seed42__phase2_aleatoric.json
SCHF  seed= 53 ts=50000 bs=32 unc=aleatoric: final=1417106.17, sharpe=0.6357, max_dd=0.2136, preservation=0.9985 -> probabilistic__SCHF__seed53__phase2_aleatoric.json
SCHF  seed= 67 ts=50000 bs=32 unc=aleatoric: final=1488198.59, sharpe=0.7308, max_dd=0.1927, preservation=0.9984 -> probabilistic__SCHF__seed67__phase2_aleatoric.json
SCHF  seed= 89 ts=50000 bs=32 unc=aleatoric: final=1007110.88, sharpe=0.0437, max_dd=0.0915, preservation=0.9978 -> probabilistic__SCHF__seed89__phase2_aleatoric.json
SCHG  seed=  7 ts=50000 bs=32 unc=aleatoric: final=1888440.85, sharpe=0.8238, max_dd=0.2270, preservation=0.9788 -> probabilistic__SCHG__seed7__phase2_aleatoric.json
SCHG  seed= 13 ts=50000 bs=32 unc=aleatoric: final=1556697.21, sharpe=0.7348, max_dd=0.1844, preservation=0.9834 -> probabilistic__SCHG__seed13__phase2_aleatoric.json
SCHG  seed= 19 ts=50000 bs=32 unc=aleatoric: final=1958832.27, sharpe=0.8309, max_dd=0.2338, preservation=0.9784 -> probabilistic__SCHG__seed19__phase2_aleatoric.json
SCHG  seed= 23 ts=50000 bs=32 unc=aleatoric: final=985306.60, sharpe=-0.2497, max_dd=0.0303, preservation=0.9827 -> probabilistic__SCHG__seed23__phase2_aleatoric.json
SCHG  seed= 29 ts=50000 bs=32 unc=aleatoric: final=1952096.28, sharpe=0.9679, max_dd=0.2300, preservation=0.9787 -> probabilistic__SCHG__seed29__phase2_aleatoric.json
SCHG  seed= 37 ts=50000 bs=32 unc=aleatoric: final=1887303.43, sharpe=0.7811, max_dd=0.2388, preservation=0.9785 -> probabilistic__SCHG__seed37__phase2_aleatoric.json
SCHG  seed= 42 ts=50000 bs=32 unc=aleatoric: final=1785557.38, sharpe=0.7694, max_dd=0.2223, preservation=0.9790 -> probabilistic__SCHG__seed42__phase2_aleatoric.json
SCHG  seed= 53 ts=50000 bs=32 unc=aleatoric: final=1507103.03, sharpe=0.6513, max_dd=0.2223, preservation=0.9834 -> probabilistic__SCHG__seed53__phase2_aleatoric.json
SCHG  seed= 67 ts=50000 bs=32 unc=aleatoric: final=1907898.12, sharpe=0.8429, max_dd=0.2256, preservation=0.9788 -> probabilistic__SCHG__seed67__phase2_aleatoric.json
SCHG  seed= 89 ts=50000 bs=32 unc=aleatoric: final=1592018.29, sharpe=0.7079, max_dd=0.1947, preservation=0.9811 -> probabilistic__SCHG__seed89__phase2_aleatoric.json
SCHK  seed=  7 ts=50000 bs=32 unc=aleatoric: final=1661797.07, sharpe=0.7722, max_dd=0.1920, preservation=0.9967 -> probabilistic__SCHK__seed7__phase2_aleatoric.json
SCHK  seed= 13 ts=50000 bs=32 unc=aleatoric: final=1497117.55, sharpe=0.7661, max_dd=0.1586, preservation=0.9972 -> probabilistic__SCHK__seed13__phase2_aleatoric.json
SCHK  seed= 19 ts=50000 bs=32 unc=aleatoric: final=1661373.36, sharpe=0.7697, max_dd=0.1920, preservation=0.9967 -> probabilistic__SCHK__seed19__phase2_aleatoric.json
SCHK  seed= 23 ts=50000 bs=32 unc=aleatoric: final=988953.58, sharpe=-0.2675, max_dd=0.0237, preservation=0.9847 -> probabilistic__SCHK__seed23__phase2_aleatoric.json
SCHK  seed= 29 ts=50000 bs=32 unc=aleatoric: final=1675528.25, sharpe=0.8547, max_dd=0.1892, preservation=0.9967 -> probabilistic__SCHK__seed29__phase2_aleatoric.json
SCHK  seed= 37 ts=50000 bs=32 unc=aleatoric: final=1610133.78, sharpe=0.7799, max_dd=0.1851, preservation=0.9968 -> probabilistic__SCHK__seed37__phase2_aleatoric.json
SCHK  seed= 42 ts=50000 bs=32 unc=aleatoric: final=1581984.05, sharpe=0.7894, max_dd=0.1858, preservation=0.9968 -> probabilistic__SCHK__seed42__phase2_aleatoric.json
SCHK  seed= 53 ts=50000 bs=32 unc=aleatoric: final=1504257.73, sharpe=0.7017, max_dd=0.1874, preservation=0.9971 -> probabilistic__SCHK__seed53__phase2_aleatoric.json
SCHK  seed= 67 ts=50000 bs=32 unc=aleatoric: final=1661718.67, sharpe=0.8551, max_dd=0.1849, preservation=0.9968 -> probabilistic__SCHK__seed67__phase2_aleatoric.json
SCHK  seed= 89 ts=50000 bs=32 unc=aleatoric: final=1557369.96, sharpe=0.8502, max_dd=0.1798, preservation=0.9969 -> probabilistic__SCHK__seed89__phase2_aleatoric.json
SCHV  seed=  7 ts=50000 bs=32 unc=aleatoric: final=1349620.22, sharpe=0.6353, max_dd=0.1365, preservation=0.9980 -> probabilistic__SCHV__seed7__phase2_aleatoric.json
SCHV  seed= 13 ts=50000 bs=32 unc=aleatoric: final=1320753.80, sharpe=0.6261, max_dd=0.1279, preservation=0.9980 -> probabilistic__SCHV__seed13__phase2_aleatoric.json
SCHV  seed= 19 ts=50000 bs=32 unc=aleatoric: final=1398292.71, sharpe=0.5887, max_dd=0.1720, preservation=0.9977 -> probabilistic__SCHV__seed19__phase2_aleatoric.json
SCHV  seed= 23 ts=50000 bs=32 unc=aleatoric: final=996058.17, sharpe=-0.1348, max_dd=0.0169, preservation=0.9909 -> probabilistic__SCHV__seed23__phase2_aleatoric.json
SCHV  seed= 29 ts=50000 bs=32 unc=aleatoric: final=1262539.08, sharpe=0.5723, max_dd=0.1274, preservation=0.9983 -> probabilistic__SCHV__seed29__phase2_aleatoric.json
SCHV  seed= 37 ts=50000 bs=32 unc=aleatoric: final=1156675.37, sharpe=0.4942, max_dd=0.1094, preservation=0.9987 -> probabilistic__SCHV__seed37__phase2_aleatoric.json
SCHV  seed= 42 ts=50000 bs=32 unc=aleatoric: final=1405484.96, sharpe=0.6480, max_dd=0.1522, preservation=0.9977 -> probabilistic__SCHV__seed42__phase2_aleatoric.json
SCHV  seed= 53 ts=50000 bs=32 unc=aleatoric: final=1407158.09, sharpe=0.6097, max_dd=0.1659, preservation=0.9977 -> probabilistic__SCHV__seed53__phase2_aleatoric.json
SCHV  seed= 67 ts=50000 bs=32 unc=aleatoric: final=1399362.93, sharpe=0.6542, max_dd=0.1475, preservation=0.9977 -> probabilistic__SCHV__seed67__phase2_aleatoric.json
SCHV  seed= 89 ts=50000 bs=32 unc=aleatoric: final=1318048.79, sharpe=0.6235, max_dd=0.1316, preservation=0.9981 -> probabilistic__SCHV__seed89__phase2_aleatoric.json
SCHW  seed=  7 ts=50000 bs=32 unc=aleatoric: final=1207080.32, sharpe=0.3417, max_dd=0.2042, preservation=0.9963 -> probabilistic__SCHW__seed7__phase2_aleatoric.json
SCHW  seed= 13 ts=50000 bs=32 unc=aleatoric: final=1369012.37, sharpe=0.3304, max_dd=0.3374, preservation=0.9947 -> probabilistic__SCHW__seed13__phase2_aleatoric.json
SCHW  seed= 19 ts=50000 bs=32 unc=aleatoric: final=1328935.30, sharpe=0.2326, max_dd=0.4439, preservation=0.9943 -> probabilistic__SCHW__seed19__phase2_aleatoric.json
SCHW  seed= 23 ts=50000 bs=32 unc=aleatoric: final=1241719.02, sharpe=0.2868, max_dd=0.2875, preservation=0.9960 -> probabilistic__SCHW__seed23__phase2_aleatoric.json
SCHW  seed= 29 ts=50000 bs=32 unc=aleatoric: final=1372702.79, sharpe=0.2671, max_dd=0.4390, preservation=0.9943 -> probabilistic__SCHW__seed29__phase2_aleatoric.json
SCHW  seed= 37 ts=50000 bs=32 unc=aleatoric: final=1310651.08, sharpe=0.2265, max_dd=0.4353, preservation=0.9943 -> probabilistic__SCHW__seed37__phase2_aleatoric.json
SCHW  seed= 42 ts=50000 bs=32 unc=aleatoric: final=1307385.49, sharpe=0.2194, max_dd=0.4406, preservation=0.9943 -> probabilistic__SCHW__seed42__phase2_aleatoric.json
SCHW  seed= 53 ts=50000 bs=32 unc=aleatoric: final=852869.08, sharpe=-0.2415, max_dd=0.3464, preservation=0.8288 -> probabilistic__SCHW__seed53__phase2_aleatoric.json
SCHW  seed= 67 ts=50000 bs=32 unc=aleatoric: final=1039726.25, sharpe=0.0745, max_dd=0.2294, preservation=0.9971 -> probabilistic__SCHW__seed67__phase2_aleatoric.json
SCHW  seed= 89 ts=50000 bs=32 unc=aleatoric: final=1187756.34, sharpe=0.3054, max_dd=0.2277, preservation=0.9957 -> probabilistic__SCHW__seed89__phase2_aleatoric.json
SLV   seed=  7 ts=50000 bs=32 unc=aleatoric: final=3118757.15, sharpe=1.0041, max_dd=0.3038, preservation=0.9281 -> probabilistic__SLV__seed7__phase2_aleatoric.json
SLV   seed= 13 ts=50000 bs=32 unc=aleatoric: final=3222091.39, sharpe=1.0494, max_dd=0.2663, preservation=0.9281 -> probabilistic__SLV__seed13__phase2_aleatoric.json
SLV   seed= 19 ts=50000 bs=32 unc=aleatoric: final=3085076.88, sharpe=0.9937, max_dd=0.3068, preservation=0.9281 -> probabilistic__SLV__seed19__phase2_aleatoric.json
SLV   seed= 23 ts=50000 bs=32 unc=aleatoric: final=1955877.89, sharpe=1.2043, max_dd=0.2116, preservation=0.9396 -> probabilistic__SLV__seed23__phase2_aleatoric.json
SLV   seed= 29 ts=50000 bs=32 unc=aleatoric: final=1870592.37, sharpe=1.2500, max_dd=0.1052, preservation=0.9771 -> probabilistic__SLV__seed29__phase2_aleatoric.json
SLV   seed= 37 ts=50000 bs=32 unc=aleatoric: final=3162507.58, sharpe=1.0373, max_dd=0.2712, preservation=0.9281 -> probabilistic__SLV__seed37__phase2_aleatoric.json
SLV   seed= 42 ts=50000 bs=32 unc=aleatoric: final=1536853.81, sharpe=0.9710, max_dd=0.1531, preservation=0.9812 -> probabilistic__SLV__seed42__phase2_aleatoric.json
SLV   seed= 53 ts=50000 bs=32 unc=aleatoric: final=3094317.59, sharpe=0.9993, max_dd=0.2993, preservation=0.9281 -> probabilistic__SLV__seed53__phase2_aleatoric.json
SLV   seed= 67 ts=50000 bs=32 unc=aleatoric: final=3321348.82, sharpe=1.1450, max_dd=0.1828, preservation=0.9282 -> probabilistic__SLV__seed67__phase2_aleatoric.json
SLV   seed= 89 ts=50000 bs=32 unc=aleatoric: final=3330705.01, sharpe=1.1507, max_dd=0.1920, preservation=0.9281 -> probabilistic__SLV__seed89__phase2_aleatoric.json
SNY   seed=  7 ts=50000 bs=32 unc=aleatoric: final=1046529.98, sharpe=0.0785, max_dd=0.1775, preservation=0.8989 -> probabilistic__SNY__seed7__phase2_aleatoric.json
SNY   seed= 13 ts=50000 bs=32 unc=aleatoric: final=1058108.67, sharpe=0.0977, max_dd=0.2017, preservation=0.9076 -> probabilistic__SNY__seed13__phase2_aleatoric.json
SNY   seed= 19 ts=50000 bs=32 unc=aleatoric: final=1070237.52, sharpe=0.1134, max_dd=0.2189, preservation=0.9143 -> probabilistic__SNY__seed19__phase2_aleatoric.json
SNY   seed= 23 ts=50000 bs=32 unc=aleatoric: final=1085825.07, sharpe=0.0923, max_dd=0.2808, preservation=0.8643 -> probabilistic__SNY__seed23__phase2_aleatoric.json
SNY   seed= 29 ts=50000 bs=32 unc=aleatoric: final=1098533.72, sharpe=0.0936, max_dd=0.3204, preservation=0.8498 -> probabilistic__SNY__seed29__phase2_aleatoric.json
SNY   seed= 37 ts=50000 bs=32 unc=aleatoric: final=1100955.41, sharpe=0.0958, max_dd=0.3193, preservation=0.8498 -> probabilistic__SNY__seed37__phase2_aleatoric.json
SNY   seed= 42 ts=50000 bs=32 unc=aleatoric: final=1009461.30, sharpe=0.3076, max_dd=0.0092, preservation=0.9928 -> probabilistic__SNY__seed42__phase2_aleatoric.json
SNY   seed= 53 ts=50000 bs=32 unc=aleatoric: final=1003915.57, sharpe=0.0365, max_dd=0.0386, preservation=0.9813 -> probabilistic__SNY__seed53__phase2_aleatoric.json
SNY   seed= 67 ts=50000 bs=32 unc=aleatoric: final=1073224.32, sharpe=0.0968, max_dd=0.2392, preservation=0.8866 -> probabilistic__SNY__seed67__phase2_aleatoric.json
SNY   seed= 89 ts=50000 bs=32 unc=aleatoric: final=1011993.02, sharpe=0.3842, max_dd=0.0096, preservation=0.9952 -> probabilistic__SNY__seed89__phase2_aleatoric.json
SPOT  seed=  7 ts=50000 bs=32 unc=aleatoric: final=3905109.22, sharpe=0.8286, max_dd=0.5182, preservation=0.7491 -> probabilistic__SPOT__seed7__phase2_aleatoric.json
SPOT  seed= 13 ts=50000 bs=32 unc=aleatoric: final=2453787.67, sharpe=0.7515, max_dd=0.4394, preservation=0.8106 -> probabilistic__SPOT__seed13__phase2_aleatoric.json
SPOT  seed= 19 ts=50000 bs=32 unc=aleatoric: final=3595182.43, sharpe=0.7336, max_dd=0.5604, preservation=0.7491 -> probabilistic__SPOT__seed19__phase2_aleatoric.json
SPOT  seed= 23 ts=50000 bs=32 unc=aleatoric: final=2207875.41, sharpe=0.8593, max_dd=0.3044, preservation=0.8287 -> probabilistic__SPOT__seed23__phase2_aleatoric.json
SPOT  seed= 29 ts=50000 bs=32 unc=aleatoric: final=3258173.60, sharpe=0.8119, max_dd=0.4816, preservation=0.7866 -> probabilistic__SPOT__seed29__phase2_aleatoric.json
SPOT  seed= 37 ts=50000 bs=32 unc=aleatoric: final=3003848.24, sharpe=0.7783, max_dd=0.4790, preservation=0.7946 -> probabilistic__SPOT__seed37__phase2_aleatoric.json
SPOT  seed= 42 ts=50000 bs=32 unc=aleatoric: final=2352800.11, sharpe=0.6954, max_dd=0.4633, preservation=0.8145 -> probabilistic__SPOT__seed42__phase2_aleatoric.json
SPOT  seed= 53 ts=50000 bs=32 unc=aleatoric: final=3662357.08, sharpe=0.7989, max_dd=0.5107, preservation=0.7530 -> probabilistic__SPOT__seed53__phase2_aleatoric.json
SPOT  seed= 67 ts=50000 bs=32 unc=aleatoric: final=4047590.10, sharpe=1.0374, max_dd=0.3370, preservation=0.7503 -> probabilistic__SPOT__seed67__phase2_aleatoric.json
SPOT  seed= 89 ts=50000 bs=32 unc=aleatoric: final=3170947.48, sharpe=0.6882, max_dd=0.5672, preservation=0.7618 -> probabilistic__SPOT__seed89__phase2_aleatoric.json
SPY   seed=  7 ts=50000 bs=32 unc=aleatoric: final=1681751.41, sharpe=0.7961, max_dd=0.1876, preservation=0.9963 -> probabilistic__SPY__seed7__phase2_aleatoric.json
SPY   seed= 13 ts=50000 bs=32 unc=aleatoric: final=1501887.81, sharpe=0.7807, max_dd=0.1533, preservation=0.9969 -> probabilistic__SPY__seed13__phase2_aleatoric.json
SPY   seed= 19 ts=50000 bs=32 unc=aleatoric: final=1674904.21, sharpe=0.7812, max_dd=0.1876, preservation=0.9963 -> probabilistic__SPY__seed19__phase2_aleatoric.json
SPY   seed= 23 ts=50000 bs=32 unc=aleatoric: final=988836.69, sharpe=-0.2809, max_dd=0.0238, preservation=0.9842 -> probabilistic__SPY__seed23__phase2_aleatoric.json
SPY   seed= 29 ts=50000 bs=32 unc=aleatoric: final=1711172.75, sharpe=0.9159, max_dd=0.1859, preservation=0.9964 -> probabilistic__SPY__seed29__phase2_aleatoric.json
SPY   seed= 37 ts=50000 bs=32 unc=aleatoric: final=1639563.21, sharpe=0.8034, max_dd=0.1833, preservation=0.9964 -> probabilistic__SPY__seed37__phase2_aleatoric.json
SPY   seed= 42 ts=50000 bs=32 unc=aleatoric: final=1648976.93, sharpe=0.8150, max_dd=0.1862, preservation=0.9963 -> probabilistic__SPY__seed42__phase2_aleatoric.json
SPY   seed= 53 ts=50000 bs=32 unc=aleatoric: final=1644647.21, sharpe=0.7827, max_dd=0.1849, preservation=0.9964 -> probabilistic__SPY__seed53__phase2_aleatoric.json
SPY   seed= 67 ts=50000 bs=32 unc=aleatoric: final=1683441.29, sharpe=0.8498, max_dd=0.1849, preservation=0.9964 -> probabilistic__SPY__seed67__phase2_aleatoric.json
SPY   seed= 89 ts=50000 bs=32 unc=aleatoric: final=1476059.96, sharpe=0.7544, max_dd=0.1542, preservation=0.9972 -> probabilistic__SPY__seed89__phase2_aleatoric.json
SPYG  seed=  7 ts=50000 bs=32 unc=aleatoric: final=1824059.22, sharpe=0.7792, max_dd=0.2214, preservation=0.9855 -> probabilistic__SPYG__seed7__phase2_aleatoric.json
SPYG  seed= 13 ts=50000 bs=32 unc=aleatoric: final=1600120.89, sharpe=0.7182, max_dd=0.1910, preservation=0.9872 -> probabilistic__SPYG__seed13__phase2_aleatoric.json
SPYG  seed= 19 ts=50000 bs=32 unc=aleatoric: final=1826373.53, sharpe=0.7785, max_dd=0.2214, preservation=0.9855 -> probabilistic__SPYG__seed19__phase2_aleatoric.json
SPYG  seed= 23 ts=50000 bs=32 unc=aleatoric: final=984963.64, sharpe=-0.2867, max_dd=0.0278, preservation=0.9796 -> probabilistic__SPYG__seed23__phase2_aleatoric.json
SPYG  seed= 29 ts=50000 bs=32 unc=aleatoric: final=1860726.67, sharpe=0.8143, max_dd=0.2214, preservation=0.9855 -> probabilistic__SPYG__seed29__phase2_aleatoric.json
SPYG  seed= 37 ts=50000 bs=32 unc=aleatoric: final=1756311.05, sharpe=0.7515, max_dd=0.2200, preservation=0.9855 -> probabilistic__SPYG__seed37__phase2_aleatoric.json
SPYG  seed= 42 ts=50000 bs=32 unc=aleatoric: final=1653445.21, sharpe=0.7233, max_dd=0.2055, preservation=0.9859 -> probabilistic__SPYG__seed42__phase2_aleatoric.json
SPYG  seed= 53 ts=50000 bs=32 unc=aleatoric: final=1688171.47, sharpe=0.6891, max_dd=0.2328, preservation=0.9864 -> probabilistic__SPYG__seed53__phase2_aleatoric.json
SPYG  seed= 67 ts=50000 bs=32 unc=aleatoric: final=1650083.00, sharpe=0.7601, max_dd=0.1864, preservation=0.9876 -> probabilistic__SPYG__seed67__phase2_aleatoric.json
SPYG  seed= 89 ts=50000 bs=32 unc=aleatoric: final=1462455.86, sharpe=0.6528, max_dd=0.1696, preservation=0.9876 -> probabilistic__SPYG__seed89__phase2_aleatoric.json
SPYV  seed=  7 ts=50000 bs=32 unc=aleatoric: final=1461584.81, sharpe=0.8299, max_dd=0.1625, preservation=0.9983 -> probabilistic__SPYV__seed7__phase2_aleatoric.json
SPYV  seed= 13 ts=50000 bs=32 unc=aleatoric: final=1423461.37, sharpe=0.7817, max_dd=0.1496, preservation=0.9983 -> probabilistic__SPYV__seed13__phase2_aleatoric.json
SPYV  seed= 19 ts=50000 bs=32 unc=aleatoric: final=1533378.95, sharpe=0.7709, max_dd=0.1754, preservation=0.9981 -> probabilistic__SPYV__seed19__phase2_aleatoric.json
SPYV  seed= 23 ts=50000 bs=32 unc=aleatoric: final=997707.10, sharpe=-0.0848, max_dd=0.0160, preservation=0.9925 -> probabilistic__SPYV__seed23__phase2_aleatoric.json
SPYV  seed= 29 ts=50000 bs=32 unc=aleatoric: final=1343061.10, sharpe=0.7241, max_dd=0.1300, preservation=0.9986 -> probabilistic__SPYV__seed29__phase2_aleatoric.json
SPYV  seed= 37 ts=50000 bs=32 unc=aleatoric: final=1226756.70, sharpe=0.6535, max_dd=0.1202, preservation=0.9987 -> probabilistic__SPYV__seed37__phase2_aleatoric.json
SPYV  seed= 42 ts=50000 bs=32 unc=aleatoric: final=1426249.26, sharpe=0.7317, max_dd=0.1529, preservation=0.9984 -> probabilistic__SPYV__seed42__phase2_aleatoric.json
SPYV  seed= 53 ts=50000 bs=32 unc=aleatoric: final=1528667.04, sharpe=0.7658, max_dd=0.1753, preservation=0.9981 -> probabilistic__SPYV__seed53__phase2_aleatoric.json
SPYV  seed= 67 ts=50000 bs=32 unc=aleatoric: final=1522772.61, sharpe=0.8107, max_dd=0.1741, preservation=0.9981 -> probabilistic__SPYV__seed67__phase2_aleatoric.json
SPYV  seed= 89 ts=50000 bs=32 unc=aleatoric: final=1463647.88, sharpe=0.7881, max_dd=0.1616, preservation=0.9983 -> probabilistic__SPYV__seed89__phase2_aleatoric.json
SPYX  seed=  7 ts=50000 bs=32 unc=aleatoric: final=1676414.57, sharpe=0.7890, max_dd=0.1910, preservation=0.9960 -> probabilistic__SPYX__seed7__phase2_aleatoric.json
SPYX  seed= 13 ts=50000 bs=32 unc=aleatoric: final=1485254.44, sharpe=0.7824, max_dd=0.1526, preservation=0.9967 -> probabilistic__SPYX__seed13__phase2_aleatoric.json
SPYX  seed= 19 ts=50000 bs=32 unc=aleatoric: final=1689457.53, sharpe=0.8118, max_dd=0.1874, preservation=0.9960 -> probabilistic__SPYX__seed19__phase2_aleatoric.json
SPYX  seed= 23 ts=50000 bs=32 unc=aleatoric: final=987788.81, sharpe=-0.3026, max_dd=0.0241, preservation=0.9832 -> probabilistic__SPYX__seed23__phase2_aleatoric.json
SPYX  seed= 29 ts=50000 bs=32 unc=aleatoric: final=1689586.12, sharpe=0.8460, max_dd=0.1865, preservation=0.9961 -> probabilistic__SPYX__seed29__phase2_aleatoric.json
SPYX  seed= 37 ts=50000 bs=32 unc=aleatoric: final=1638559.59, sharpe=0.8066, max_dd=0.1831, preservation=0.9961 -> probabilistic__SPYX__seed37__phase2_aleatoric.json
SPYX  seed= 42 ts=50000 bs=32 unc=aleatoric: final=1587626.86, sharpe=0.7943, max_dd=0.1764, preservation=0.9963 -> probabilistic__SPYX__seed42__phase2_aleatoric.json
SPYX  seed= 53 ts=50000 bs=32 unc=aleatoric: final=1526429.77, sharpe=0.7271, max_dd=0.1921, preservation=0.9965 -> probabilistic__SPYX__seed53__phase2_aleatoric.json
SPYX  seed= 67 ts=50000 bs=32 unc=aleatoric: final=1509210.55, sharpe=0.7921, max_dd=0.1493, preservation=0.9967 -> probabilistic__SPYX__seed67__phase2_aleatoric.json
SPYX  seed= 89 ts=50000 bs=32 unc=aleatoric: final=1508848.66, sharpe=0.8001, max_dd=0.1601, preservation=0.9968 -> probabilistic__SPYX__seed89__phase2_aleatoric.json
TAN   seed=  7 ts=50000 bs=32 unc=aleatoric: final=996936.12, sharpe=-0.0172, max_dd=0.0837, preservation=0.9506 -> probabilistic__TAN__seed7__phase2_aleatoric.json
TAN   seed= 13 ts=50000 bs=32 unc=aleatoric: final=989505.69, sharpe=-0.1662, max_dd=0.0263, preservation=0.9876 -> probabilistic__TAN__seed13__phase2_aleatoric.json
TAN   seed= 19 ts=50000 bs=32 unc=aleatoric: final=743345.67, sharpe=-0.2095, max_dd=0.6999, preservation=0.5779 -> probabilistic__TAN__seed19__phase2_aleatoric.json
TAN   seed= 23 ts=50000 bs=32 unc=aleatoric: final=985463.23, sharpe=-0.1947, max_dd=0.0277, preservation=0.9814 -> probabilistic__TAN__seed23__phase2_aleatoric.json
TAN   seed= 29 ts=50000 bs=32 unc=aleatoric: final=995425.78, sharpe=-0.0610, max_dd=0.0268, preservation=0.9924 -> probabilistic__TAN__seed29__phase2_aleatoric.json
TAN   seed= 37 ts=50000 bs=32 unc=aleatoric: final=990108.35, sharpe=-0.1573, max_dd=0.0263, preservation=0.9882 -> probabilistic__TAN__seed37__phase2_aleatoric.json
TAN   seed= 42 ts=50000 bs=32 unc=aleatoric: final=985027.38, sharpe=-0.2218, max_dd=0.0268, preservation=0.9822 -> probabilistic__TAN__seed42__phase2_aleatoric.json
TAN   seed= 53 ts=50000 bs=32 unc=aleatoric: final=1007924.47, sharpe=0.0790, max_dd=0.0345, preservation=0.9922 -> probabilistic__TAN__seed53__phase2_aleatoric.json
TAN   seed= 67 ts=50000 bs=32 unc=aleatoric: final=988836.61, sharpe=-0.1775, max_dd=0.0263, preservation=0.9870 -> probabilistic__TAN__seed67__phase2_aleatoric.json
TAN   seed= 89 ts=50000 bs=32 unc=aleatoric: final=990918.17, sharpe=-0.1378, max_dd=0.0263, preservation=0.9882 -> probabilistic__TAN__seed89__phase2_aleatoric.json
TMUS  seed=  7 ts=50000 bs=32 unc=aleatoric: final=1754464.89, sharpe=0.6710, max_dd=0.2759, preservation=0.7537 -> probabilistic__TMUS__seed7__phase2_aleatoric.json
TMUS  seed= 13 ts=50000 bs=32 unc=aleatoric: final=1716047.80, sharpe=0.6660, max_dd=0.2614, preservation=0.7671 -> probabilistic__TMUS__seed13__phase2_aleatoric.json
TMUS  seed= 19 ts=50000 bs=32 unc=aleatoric: final=1790235.02, sharpe=0.6636, max_dd=0.2759, preservation=0.7537 -> probabilistic__TMUS__seed19__phase2_aleatoric.json
TMUS  seed= 23 ts=50000 bs=32 unc=aleatoric: final=1060301.13, sharpe=0.6006, max_dd=0.0180, preservation=0.9902 -> probabilistic__TMUS__seed23__phase2_aleatoric.json
TMUS  seed= 29 ts=50000 bs=32 unc=aleatoric: final=1791257.60, sharpe=0.6724, max_dd=0.2759, preservation=0.7537 -> probabilistic__TMUS__seed29__phase2_aleatoric.json
TMUS  seed= 37 ts=50000 bs=32 unc=aleatoric: final=1765777.98, sharpe=0.6572, max_dd=0.2759, preservation=0.7537 -> probabilistic__TMUS__seed37__phase2_aleatoric.json
TMUS  seed= 42 ts=50000 bs=32 unc=aleatoric: final=1773865.63, sharpe=0.6702, max_dd=0.2748, preservation=0.7548 -> probabilistic__TMUS__seed42__phase2_aleatoric.json
TMUS  seed= 53 ts=50000 bs=32 unc=aleatoric: final=1794631.75, sharpe=0.6668, max_dd=0.2759, preservation=0.7537 -> probabilistic__TMUS__seed53__phase2_aleatoric.json
TMUS  seed= 67 ts=50000 bs=32 unc=aleatoric: final=1637148.87, sharpe=0.6900, max_dd=0.2608, preservation=0.7682 -> probabilistic__TMUS__seed67__phase2_aleatoric.json
TMUS  seed= 89 ts=50000 bs=32 unc=aleatoric: final=1670726.71, sharpe=0.6616, max_dd=0.2759, preservation=0.7537 -> probabilistic__TMUS__seed89__phase2_aleatoric.json
TSLA  seed=  7 ts=50000 bs=32 unc=aleatoric: final=1567761.78, sharpe=0.2586, max_dd=0.5461, preservation=0.9520 -> probabilistic__TSLA__seed7__phase2_aleatoric.json
TSLA  seed= 13 ts=50000 bs=32 unc=aleatoric: final=1049990.55, sharpe=0.4907, max_dd=0.0315, preservation=0.9985 -> probabilistic__TSLA__seed13__phase2_aleatoric.json
TSLA  seed= 19 ts=50000 bs=32 unc=aleatoric: final=969892.96, sharpe=-0.3711, max_dd=0.0453, preservation=0.9699 -> probabilistic__TSLA__seed19__phase2_aleatoric.json
TSLA  seed= 23 ts=50000 bs=32 unc=aleatoric: final=989929.87, sharpe=-0.1554, max_dd=0.0243, preservation=0.9899 -> probabilistic__TSLA__seed23__phase2_aleatoric.json
TSLA  seed= 29 ts=50000 bs=32 unc=aleatoric: final=1729640.24, sharpe=0.2430, max_dd=0.6453, preservation=0.9383 -> probabilistic__TSLA__seed29__phase2_aleatoric.json
TSLA  seed= 37 ts=50000 bs=32 unc=aleatoric: final=996264.53, sharpe=-0.0343, max_dd=0.0523, preservation=0.9901 -> probabilistic__TSLA__seed37__phase2_aleatoric.json
TSLA  seed= 42 ts=50000 bs=32 unc=aleatoric: final=962154.00, sharpe=-0.5830, max_dd=0.0380, preservation=0.9622 -> probabilistic__TSLA__seed42__phase2_aleatoric.json
TSLA  seed= 53 ts=50000 bs=32 unc=aleatoric: final=949722.93, sharpe=-0.7395, max_dd=0.0568, preservation=0.9497 -> probabilistic__TSLA__seed53__phase2_aleatoric.json
TSLA  seed= 67 ts=50000 bs=32 unc=aleatoric: final=1194578.47, sharpe=0.3157, max_dd=0.3219, preservation=0.9819 -> probabilistic__TSLA__seed67__phase2_aleatoric.json
TSLA  seed= 89 ts=50000 bs=32 unc=aleatoric: final=1457095.06, sharpe=0.2753, max_dd=0.4419, preservation=0.9450 -> probabilistic__TSLA__seed89__phase2_aleatoric.json
TSM   seed=  7 ts=50000 bs=32 unc=aleatoric: final=2783277.80, sharpe=0.7041, max_dd=0.4780, preservation=0.9729 -> probabilistic__TSM__seed7__phase2_aleatoric.json
TSM   seed= 13 ts=50000 bs=32 unc=aleatoric: final=2949833.03, sharpe=0.7810, max_dd=0.4201, preservation=0.9729 -> probabilistic__TSM__seed13__phase2_aleatoric.json
TSM   seed= 19 ts=50000 bs=32 unc=aleatoric: final=2866879.27, sharpe=0.8382, max_dd=0.3532, preservation=0.9733 -> probabilistic__TSM__seed19__phase2_aleatoric.json
TSM   seed= 23 ts=50000 bs=32 unc=aleatoric: final=2939243.95, sharpe=0.8182, max_dd=0.3670, preservation=0.9729 -> probabilistic__TSM__seed23__phase2_aleatoric.json
TSM   seed= 29 ts=50000 bs=32 unc=aleatoric: final=2255842.56, sharpe=0.8459, max_dd=0.3043, preservation=0.9810 -> probabilistic__TSM__seed29__phase2_aleatoric.json
TSM   seed= 37 ts=50000 bs=32 unc=aleatoric: final=2834840.44, sharpe=0.7207, max_dd=0.4654, preservation=0.9729 -> probabilistic__TSM__seed37__phase2_aleatoric.json
TSM   seed= 42 ts=50000 bs=32 unc=aleatoric: final=2400729.24, sharpe=0.7262, max_dd=0.4004, preservation=0.9781 -> probabilistic__TSM__seed42__phase2_aleatoric.json
TSM   seed= 53 ts=50000 bs=32 unc=aleatoric: final=2764394.48, sharpe=0.7348, max_dd=0.4463, preservation=0.9737 -> probabilistic__TSM__seed53__phase2_aleatoric.json
TSM   seed= 67 ts=50000 bs=32 unc=aleatoric: final=3259667.54, sharpe=0.8530, max_dd=0.3721, preservation=0.9729 -> probabilistic__TSM__seed67__phase2_aleatoric.json
TSM   seed= 89 ts=50000 bs=32 unc=aleatoric: final=2785531.30, sharpe=0.9087, max_dd=0.3542, preservation=0.9740 -> probabilistic__TSM__seed89__phase2_aleatoric.json
V     seed=  7 ts=50000 bs=32 unc=aleatoric: final=1664787.81, sharpe=0.7524, max_dd=0.1497, preservation=0.9536 -> probabilistic__V__seed7__phase2_aleatoric.json
V     seed= 13 ts=50000 bs=32 unc=aleatoric: final=1497920.38, sharpe=0.6238, max_dd=0.1654, preservation=0.9623 -> probabilistic__V__seed13__phase2_aleatoric.json
V     seed= 19 ts=50000 bs=32 unc=aleatoric: final=1662866.25, sharpe=0.6325, max_dd=0.1966, preservation=0.9535 -> probabilistic__V__seed19__phase2_aleatoric.json
V     seed= 23 ts=50000 bs=32 unc=aleatoric: final=975740.88, sharpe=-0.6179, max_dd=0.0307, preservation=0.9694 -> probabilistic__V__seed23__phase2_aleatoric.json
V     seed= 29 ts=50000 bs=32 unc=aleatoric: final=1705950.23, sharpe=0.6995, max_dd=0.1720, preservation=0.9535 -> probabilistic__V__seed29__phase2_aleatoric.json
V     seed= 37 ts=50000 bs=32 unc=aleatoric: final=1278729.63, sharpe=0.5228, max_dd=0.1253, preservation=0.9737 -> probabilistic__V__seed37__phase2_aleatoric.json
V     seed= 42 ts=50000 bs=32 unc=aleatoric: final=1660851.45, sharpe=0.6270, max_dd=0.2031, preservation=0.9535 -> probabilistic__V__seed42__phase2_aleatoric.json
V     seed= 53 ts=50000 bs=32 unc=aleatoric: final=1674458.61, sharpe=0.6450, max_dd=0.1979, preservation=0.9535 -> probabilistic__V__seed53__phase2_aleatoric.json
V     seed= 67 ts=50000 bs=32 unc=aleatoric: final=1679476.95, sharpe=0.7168, max_dd=0.1570, preservation=0.9539 -> probabilistic__V__seed67__phase2_aleatoric.json
V     seed= 89 ts=50000 bs=32 unc=aleatoric: final=977589.80, sharpe=-0.5511, max_dd=0.0321, preservation=0.9713 -> probabilistic__V__seed89__phase2_aleatoric.json
VOO   seed=  7 ts=50000 bs=32 unc=aleatoric: final=1690995.26, sharpe=0.8241, max_dd=0.1869, preservation=0.9965 -> probabilistic__VOO__seed7__phase2_aleatoric.json
VOO   seed= 13 ts=50000 bs=32 unc=aleatoric: final=1506046.12, sharpe=0.7973, max_dd=0.1532, preservation=0.9970 -> probabilistic__VOO__seed13__phase2_aleatoric.json
VOO   seed= 19 ts=50000 bs=32 unc=aleatoric: final=1681441.29, sharpe=0.8021, max_dd=0.1869, preservation=0.9965 -> probabilistic__VOO__seed19__phase2_aleatoric.json
VOO   seed= 23 ts=50000 bs=32 unc=aleatoric: final=988000.31, sharpe=-0.3077, max_dd=0.0236, preservation=0.9835 -> probabilistic__VOO__seed23__phase2_aleatoric.json
VOO   seed= 29 ts=50000 bs=32 unc=aleatoric: final=1707787.24, sharpe=0.9762, max_dd=0.1843, preservation=0.9965 -> probabilistic__VOO__seed29__phase2_aleatoric.json
VOO   seed= 37 ts=50000 bs=32 unc=aleatoric: final=1618569.19, sharpe=0.8145, max_dd=0.1777, preservation=0.9967 -> probabilistic__VOO__seed37__phase2_aleatoric.json
VOO   seed= 42 ts=50000 bs=32 unc=aleatoric: final=1636084.17, sharpe=0.8333, max_dd=0.1840, preservation=0.9965 -> probabilistic__VOO__seed42__phase2_aleatoric.json
VOO   seed= 53 ts=50000 bs=32 unc=aleatoric: final=1515301.41, sharpe=0.7374, max_dd=0.1825, preservation=0.9969 -> probabilistic__VOO__seed53__phase2_aleatoric.json
VOO   seed= 67 ts=50000 bs=32 unc=aleatoric: final=1673788.33, sharpe=0.8670, max_dd=0.1813, preservation=0.9965 -> probabilistic__VOO__seed67__phase2_aleatoric.json
VOO   seed= 89 ts=50000 bs=32 unc=aleatoric: final=1566125.93, sharpe=0.8126, max_dd=0.1669, preservation=0.9970 -> probabilistic__VOO__seed89__phase2_aleatoric.json
VTI   seed=  7 ts=50000 bs=32 unc=aleatoric: final=1645793.26, sharpe=0.7508, max_dd=0.1930, preservation=0.9956 -> probabilistic__VTI__seed7__phase2_aleatoric.json
VTI   seed= 13 ts=50000 bs=32 unc=aleatoric: final=1421174.62, sharpe=0.7228, max_dd=0.1460, preservation=0.9966 -> probabilistic__VTI__seed13__phase2_aleatoric.json
VTI   seed= 19 ts=50000 bs=32 unc=aleatoric: final=1659595.53, sharpe=0.7696, max_dd=0.1930, preservation=0.9956 -> probabilistic__VTI__seed19__phase2_aleatoric.json
VTI   seed= 23 ts=50000 bs=32 unc=aleatoric: final=989862.27, sharpe=-0.2501, max_dd=0.0233, preservation=0.9858 -> probabilistic__VTI__seed23__phase2_aleatoric.json
VTI   seed= 29 ts=50000 bs=32 unc=aleatoric: final=1414705.51, sharpe=0.7183, max_dd=0.1456, preservation=0.9968 -> probabilistic__VTI__seed29__phase2_aleatoric.json
VTI   seed= 37 ts=50000 bs=32 unc=aleatoric: final=1585778.79, sharpe=0.7537, max_dd=0.1842, preservation=0.9959 -> probabilistic__VTI__seed37__phase2_aleatoric.json
VTI   seed= 42 ts=50000 bs=32 unc=aleatoric: final=1607874.03, sharpe=0.7602, max_dd=0.1905, preservation=0.9957 -> probabilistic__VTI__seed42__phase2_aleatoric.json
VTI   seed= 53 ts=50000 bs=32 unc=aleatoric: final=1473437.96, sharpe=0.6726, max_dd=0.1839, preservation=0.9962 -> probabilistic__VTI__seed53__phase2_aleatoric.json
VTI   seed= 67 ts=50000 bs=32 unc=aleatoric: final=1655562.61, sharpe=0.8081, max_dd=0.1911, preservation=0.9956 -> probabilistic__VTI__seed67__phase2_aleatoric.json
VTI   seed= 89 ts=50000 bs=32 unc=aleatoric: final=1526340.42, sharpe=0.7667, max_dd=0.1715, preservation=0.9963 -> probabilistic__VTI__seed89__phase2_aleatoric.json
VYM   seed=  7 ts=50000 bs=32 unc=aleatoric: final=1478187.52, sharpe=0.7575, max_dd=0.1445, preservation=0.9856 -> probabilistic__VYM__seed7__phase2_aleatoric.json
VYM   seed= 13 ts=50000 bs=32 unc=aleatoric: final=1481092.44, sharpe=0.7880, max_dd=0.1442, preservation=0.9856 -> probabilistic__VYM__seed13__phase2_aleatoric.json
VYM   seed= 19 ts=50000 bs=32 unc=aleatoric: final=1463836.63, sharpe=0.6924, max_dd=0.1486, preservation=0.9856 -> probabilistic__VYM__seed19__phase2_aleatoric.json
VYM   seed= 23 ts=50000 bs=32 unc=aleatoric: final=996187.64, sharpe=-0.1538, max_dd=0.0155, preservation=0.9920 -> probabilistic__VYM__seed23__phase2_aleatoric.json
VYM   seed= 29 ts=50000 bs=32 unc=aleatoric: final=1483012.97, sharpe=0.7580, max_dd=0.1445, preservation=0.9856 -> probabilistic__VYM__seed29__phase2_aleatoric.json
VYM   seed= 37 ts=50000 bs=32 unc=aleatoric: final=1422455.40, sharpe=0.7208, max_dd=0.1372, preservation=0.9864 -> probabilistic__VYM__seed37__phase2_aleatoric.json
VYM   seed= 42 ts=50000 bs=32 unc=aleatoric: final=1404456.56, sharpe=0.6971, max_dd=0.1307, preservation=0.9871 -> probabilistic__VYM__seed42__phase2_aleatoric.json
VYM   seed= 53 ts=50000 bs=32 unc=aleatoric: final=1471085.82, sharpe=0.7103, max_dd=0.1446, preservation=0.9856 -> probabilistic__VYM__seed53__phase2_aleatoric.json
VYM   seed= 67 ts=50000 bs=32 unc=aleatoric: final=1400113.74, sharpe=0.7116, max_dd=0.1266, preservation=0.9871 -> probabilistic__VYM__seed67__phase2_aleatoric.json
VYM   seed= 89 ts=50000 bs=32 unc=aleatoric: final=1026018.01, sharpe=0.1545, max_dd=0.0520, preservation=0.9859 -> probabilistic__VYM__seed89__phase2_aleatoric.json
VYMI  seed=  7 ts=50000 bs=32 unc=aleatoric: final=1655398.01, sharpe=0.9562, max_dd=0.1697, preservation=0.9981 -> probabilistic__VYMI__seed7__phase2_aleatoric.json
VYMI  seed= 13 ts=50000 bs=32 unc=aleatoric: final=1558654.39, sharpe=0.9009, max_dd=0.1736, preservation=0.9982 -> probabilistic__VYMI__seed13__phase2_aleatoric.json
VYMI  seed= 19 ts=50000 bs=32 unc=aleatoric: final=1606647.99, sharpe=0.8347, max_dd=0.2100, preservation=0.9981 -> probabilistic__VYMI__seed19__phase2_aleatoric.json
VYMI  seed= 23 ts=50000 bs=32 unc=aleatoric: final=1612477.78, sharpe=0.8471, max_dd=0.2058, preservation=0.9981 -> probabilistic__VYMI__seed23__phase2_aleatoric.json
VYMI  seed= 29 ts=50000 bs=32 unc=aleatoric: final=1412672.01, sharpe=0.7875, max_dd=0.1746, preservation=0.9985 -> probabilistic__VYMI__seed29__phase2_aleatoric.json
VYMI  seed= 37 ts=50000 bs=32 unc=aleatoric: final=1515893.05, sharpe=0.9258, max_dd=0.1414, preservation=0.9982 -> probabilistic__VYMI__seed37__phase2_aleatoric.json
VYMI  seed= 42 ts=50000 bs=32 unc=aleatoric: final=1481039.60, sharpe=0.8395, max_dd=0.1767, preservation=0.9985 -> probabilistic__VYMI__seed42__phase2_aleatoric.json
VYMI  seed= 53 ts=50000 bs=32 unc=aleatoric: final=1497815.26, sharpe=0.8066, max_dd=0.1934, preservation=0.9983 -> probabilistic__VYMI__seed53__phase2_aleatoric.json
VYMI  seed= 67 ts=50000 bs=32 unc=aleatoric: final=1425152.23, sharpe=0.8071, max_dd=0.1745, preservation=0.9985 -> probabilistic__VYMI__seed67__phase2_aleatoric.json
VYMI  seed= 89 ts=50000 bs=32 unc=aleatoric: final=1260391.69, sharpe=0.8478, max_dd=0.1002, preservation=0.9989 -> probabilistic__VYMI__seed89__phase2_aleatoric.json
XLF   seed=  7 ts=50000 bs=32 unc=aleatoric: final=1565063.48, sharpe=0.7281, max_dd=0.1562, preservation=0.9930 -> probabilistic__XLF__seed7__phase2_aleatoric.json
XLF   seed= 13 ts=50000 bs=32 unc=aleatoric: final=1602936.89, sharpe=0.7816, max_dd=0.1525, preservation=0.9927 -> probabilistic__XLF__seed13__phase2_aleatoric.json
XLF   seed= 19 ts=50000 bs=32 unc=aleatoric: final=1554734.56, sharpe=0.6242, max_dd=0.2091, preservation=0.9926 -> probabilistic__XLF__seed19__phase2_aleatoric.json
XLF   seed= 23 ts=50000 bs=32 unc=aleatoric: final=996847.05, sharpe=-0.0875, max_dd=0.0234, preservation=0.9819 -> probabilistic__XLF__seed23__phase2_aleatoric.json
XLF   seed= 29 ts=50000 bs=32 unc=aleatoric: final=1636095.97, sharpe=0.8109, max_dd=0.1551, preservation=0.9926 -> probabilistic__XLF__seed29__phase2_aleatoric.json
XLF   seed= 37 ts=50000 bs=32 unc=aleatoric: final=1489883.68, sharpe=0.6567, max_dd=0.1789, preservation=0.9934 -> probabilistic__XLF__seed37__phase2_aleatoric.json
XLF   seed= 42 ts=50000 bs=32 unc=aleatoric: final=1482392.39, sharpe=0.6146, max_dd=0.1967, preservation=0.9934 -> probabilistic__XLF__seed42__phase2_aleatoric.json
XLF   seed= 53 ts=50000 bs=32 unc=aleatoric: final=1552540.92, sharpe=0.6455, max_dd=0.1964, preservation=0.9927 -> probabilistic__XLF__seed53__phase2_aleatoric.json
XLF   seed= 67 ts=50000 bs=32 unc=aleatoric: final=1604197.07, sharpe=0.8098, max_dd=0.1488, preservation=0.9928 -> probabilistic__XLF__seed67__phase2_aleatoric.json
XLF   seed= 89 ts=50000 bs=32 unc=aleatoric: final=1007970.54, sharpe=0.0422, max_dd=0.0914, preservation=0.9694 -> probabilistic__XLF__seed89__phase2_aleatoric.json
XLI   seed=  7 ts=50000 bs=32 unc=aleatoric: final=1311381.69, sharpe=0.7456, max_dd=0.1139, preservation=0.9979 -> probabilistic__XLI__seed7__phase2_aleatoric.json
XLI   seed= 13 ts=50000 bs=32 unc=aleatoric: final=1646728.84, sharpe=0.8484, max_dd=0.1744, preservation=0.9961 -> probabilistic__XLI__seed13__phase2_aleatoric.json
XLI   seed= 19 ts=50000 bs=32 unc=aleatoric: final=1679824.46, sharpe=0.7823, max_dd=0.1849, preservation=0.9960 -> probabilistic__XLI__seed19__phase2_aleatoric.json
XLI   seed= 23 ts=50000 bs=32 unc=aleatoric: final=1679229.96, sharpe=0.8103, max_dd=0.1849, preservation=0.9960 -> probabilistic__XLI__seed23__phase2_aleatoric.json
XLI   seed= 29 ts=50000 bs=32 unc=aleatoric: final=1452469.58, sharpe=0.7669, max_dd=0.1393, preservation=0.9970 -> probabilistic__XLI__seed29__phase2_aleatoric.json
XLI   seed= 37 ts=50000 bs=32 unc=aleatoric: final=1567081.67, sharpe=0.8050, max_dd=0.1818, preservation=0.9960 -> probabilistic__XLI__seed37__phase2_aleatoric.json
XLI   seed= 42 ts=50000 bs=32 unc=aleatoric: final=1642066.16, sharpe=0.8266, max_dd=0.1837, preservation=0.9960 -> probabilistic__XLI__seed42__phase2_aleatoric.json
XLI   seed= 53 ts=50000 bs=32 unc=aleatoric: final=1665375.59, sharpe=0.8137, max_dd=0.1825, preservation=0.9960 -> probabilistic__XLI__seed53__phase2_aleatoric.json
XLI   seed= 67 ts=50000 bs=32 unc=aleatoric: final=1703137.70, sharpe=0.8696, max_dd=0.1832, preservation=0.9960 -> probabilistic__XLI__seed67__phase2_aleatoric.json
XLI   seed= 89 ts=50000 bs=32 unc=aleatoric: final=983129.34, sharpe=-0.1550, max_dd=0.0388, preservation=0.9682 -> probabilistic__XLI__seed89__phase2_aleatoric.json
XLK   seed=  7 ts=50000 bs=32 unc=aleatoric: final=2017313.96, sharpe=0.7603, max_dd=0.2566, preservation=0.9607 -> probabilistic__XLK__seed7__phase2_aleatoric.json
XLK   seed= 13 ts=50000 bs=32 unc=aleatoric: final=1848643.43, sharpe=0.7487, max_dd=0.2322, preservation=0.9643 -> probabilistic__XLK__seed13__phase2_aleatoric.json
XLK   seed= 19 ts=50000 bs=32 unc=aleatoric: final=1974582.10, sharpe=0.7110, max_dd=0.2566, preservation=0.9607 -> probabilistic__XLK__seed19__phase2_aleatoric.json
XLK   seed= 23 ts=50000 bs=32 unc=aleatoric: final=1806876.10, sharpe=0.7330, max_dd=0.2439, preservation=0.9625 -> probabilistic__XLK__seed23__phase2_aleatoric.json
XLK   seed= 29 ts=50000 bs=32 unc=aleatoric: final=1969759.53, sharpe=0.8510, max_dd=0.2480, preservation=0.9622 -> probabilistic__XLK__seed29__phase2_aleatoric.json
XLK   seed= 37 ts=50000 bs=32 unc=aleatoric: final=1900668.16, sharpe=0.7296, max_dd=0.2451, preservation=0.9625 -> probabilistic__XLK__seed37__phase2_aleatoric.json
XLK   seed= 42 ts=50000 bs=32 unc=aleatoric: final=1876528.93, sharpe=0.7237, max_dd=0.2541, preservation=0.9609 -> probabilistic__XLK__seed42__phase2_aleatoric.json
XLK   seed= 53 ts=50000 bs=32 unc=aleatoric: final=1541046.29, sharpe=0.6346, max_dd=0.2128, preservation=0.9707 -> probabilistic__XLK__seed53__phase2_aleatoric.json
XLK   seed= 67 ts=50000 bs=32 unc=aleatoric: final=1825649.28, sharpe=0.7526, max_dd=0.2205, preservation=0.9652 -> probabilistic__XLK__seed67__phase2_aleatoric.json
XLK   seed= 89 ts=50000 bs=32 unc=aleatoric: final=1791434.47, sharpe=0.7687, max_dd=0.2429, preservation=0.9621 -> probabilistic__XLK__seed89__phase2_aleatoric.json
XLU   seed=  7 ts=50000 bs=32 unc=aleatoric: final=1401726.83, sharpe=0.5669, max_dd=0.2089, preservation=0.9297 -> probabilistic__XLU__seed7__phase2_aleatoric.json
XLU   seed= 13 ts=50000 bs=32 unc=aleatoric: final=1399482.78, sharpe=0.5897, max_dd=0.2038, preservation=0.9301 -> probabilistic__XLU__seed13__phase2_aleatoric.json
XLU   seed= 19 ts=50000 bs=32 unc=aleatoric: final=1413073.01, sharpe=0.5755, max_dd=0.2121, preservation=0.9298 -> probabilistic__XLU__seed19__phase2_aleatoric.json
XLU   seed= 23 ts=50000 bs=32 unc=aleatoric: final=1402224.56, sharpe=0.5057, max_dd=0.2460, preservation=0.9296 -> probabilistic__XLU__seed23__phase2_aleatoric.json
XLU   seed= 29 ts=50000 bs=32 unc=aleatoric: final=1395886.99, sharpe=0.5080, max_dd=0.2439, preservation=0.9296 -> probabilistic__XLU__seed29__phase2_aleatoric.json
XLU   seed= 37 ts=50000 bs=32 unc=aleatoric: final=1283051.48, sharpe=0.5266, max_dd=0.1969, preservation=0.9387 -> probabilistic__XLU__seed37__phase2_aleatoric.json
XLU   seed= 42 ts=50000 bs=32 unc=aleatoric: final=1385042.17, sharpe=0.5472, max_dd=0.2139, preservation=0.9324 -> probabilistic__XLU__seed42__phase2_aleatoric.json
XLU   seed= 53 ts=50000 bs=32 unc=aleatoric: final=1225180.31, sharpe=0.4652, max_dd=0.1754, preservation=0.9511 -> probabilistic__XLU__seed53__phase2_aleatoric.json
XLU   seed= 67 ts=50000 bs=32 unc=aleatoric: final=1245110.51, sharpe=0.4880, max_dd=0.1763, preservation=0.9487 -> probabilistic__XLU__seed67__phase2_aleatoric.json
XLU   seed= 89 ts=50000 bs=32 unc=aleatoric: final=1190216.70, sharpe=0.5081, max_dd=0.1300, preservation=0.9651 -> probabilistic__XLU__seed89__phase2_aleatoric.json

[!] 3 cell(s) failed during this run:
    RYTM  seed= 13: ValueError
    RYTM  seed= 19: ValueError
    RYTM  seed= 67: ValueError
    (.failed.json markers written; resume will skip them.)

Wrote probabilistic results:
- /scratch/PDRL/dissertation-project/experiments/results/probabilistic_20260529T200624Z_phase2_aleatoric.json
- /scratch/PDRL/dissertation-project/experiments/results/probabilistic_20260529T200624Z_phase2_aleatoric.csv

============================================================
Finished: 2026-05-30T01:52:37
Exit code: 0
