
=== phase2_arm_c_epistemic ===
Started: 2026-05-30T01:52:37
Command: /scratch/PDRL/dissertation-project/venv/bin/python experiments/runners/run_probabilistic_agent.py --tickers market_sample --seeds extended --timesteps 50000 --bootstrap-paths 32 --uncertainty-mode epistemic --tag phase2_epistemic --device cpu
Log:     /scratch/PDRL/dissertation-project/experiments/results/logs/phase2_arm_c_epistemic_20260529_185754.log
============================================================
AAPL  seed=  7 ts=50000 bs=32 unc=epistemic: final=1659850.47, sharpe=0.4749, max_dd=0.3336, preservation=0.9566 -> probabilistic__AAPL__seed7__phase2_epistemic.json
AAPL  seed= 13 ts=50000 bs=32 unc=epistemic: final=1157180.03, sharpe=0.3465, max_dd=0.1579, preservation=0.9800 -> probabilistic__AAPL__seed13__phase2_epistemic.json
AAPL  seed= 19 ts=50000 bs=32 unc=epistemic: final=1667791.80, sharpe=0.4791, max_dd=0.3336, preservation=0.9566 -> probabilistic__AAPL__seed19__phase2_epistemic.json
AAPL  seed= 23 ts=50000 bs=32 unc=epistemic: final=1044651.00, sharpe=0.1570, max_dd=0.1173, preservation=0.9885 -> probabilistic__AAPL__seed23__phase2_epistemic.json
AAPL  seed= 29 ts=50000 bs=32 unc=epistemic: final=1696274.98, sharpe=0.5006, max_dd=0.3336, preservation=0.9566 -> probabilistic__AAPL__seed29__phase2_epistemic.json
AAPL  seed= 37 ts=50000 bs=32 unc=epistemic: final=1694974.11, sharpe=0.5356, max_dd=0.3336, preservation=0.9566 -> probabilistic__AAPL__seed37__phase2_epistemic.json
AAPL  seed= 42 ts=50000 bs=32 unc=epistemic: final=1680481.06, sharpe=0.4991, max_dd=0.3336, preservation=0.9566 -> probabilistic__AAPL__seed42__phase2_epistemic.json
AAPL  seed= 53 ts=50000 bs=32 unc=epistemic: final=1235513.68, sharpe=0.3884, max_dd=0.1829, preservation=0.9754 -> probabilistic__AAPL__seed53__phase2_epistemic.json
AAPL  seed= 67 ts=50000 bs=32 unc=epistemic: final=1704884.24, sharpe=0.5763, max_dd=0.3199, preservation=0.9581 -> probabilistic__AAPL__seed67__phase2_epistemic.json
AAPL  seed= 89 ts=50000 bs=32 unc=epistemic: final=1554886.63, sharpe=0.5747, max_dd=0.3261, preservation=0.9569 -> probabilistic__AAPL__seed89__phase2_epistemic.json
AMAT  seed=  7 ts=50000 bs=32 unc=epistemic: final=2136156.24, sharpe=0.4698, max_dd=0.4988, preservation=0.9560 -> probabilistic__AMAT__seed7__phase2_epistemic.json
AMAT  seed= 13 ts=50000 bs=32 unc=epistemic: final=1238955.02, sharpe=0.4814, max_dd=0.1707, preservation=0.9832 -> probabilistic__AMAT__seed13__phase2_epistemic.json
AMAT  seed= 19 ts=50000 bs=32 unc=epistemic: final=2168721.34, sharpe=0.4807, max_dd=0.4988, preservation=0.9560 -> probabilistic__AMAT__seed19__phase2_epistemic.json
AMAT  seed= 23 ts=50000 bs=32 unc=epistemic: final=1256062.80, sharpe=0.3712, max_dd=0.2637, preservation=0.9779 -> probabilistic__AMAT__seed23__phase2_epistemic.json
AMAT  seed= 29 ts=50000 bs=32 unc=epistemic: final=1435973.85, sharpe=0.6284, max_dd=0.2311, preservation=0.9826 -> probabilistic__AMAT__seed29__phase2_epistemic.json
AMAT  seed= 37 ts=50000 bs=32 unc=epistemic: final=2145160.63, sharpe=0.4864, max_dd=0.4958, preservation=0.9562 -> probabilistic__AMAT__seed37__phase2_epistemic.json
AMAT  seed= 42 ts=50000 bs=32 unc=epistemic: final=2054860.12, sharpe=0.4761, max_dd=0.4978, preservation=0.9560 -> probabilistic__AMAT__seed42__phase2_epistemic.json
AMAT  seed= 53 ts=50000 bs=32 unc=epistemic: final=1868327.07, sharpe=0.4850, max_dd=0.3892, preservation=0.9623 -> probabilistic__AMAT__seed53__phase2_epistemic.json
AMAT  seed= 67 ts=50000 bs=32 unc=epistemic: final=2126641.88, sharpe=0.4771, max_dd=0.4934, preservation=0.9562 -> probabilistic__AMAT__seed67__phase2_epistemic.json
AMAT  seed= 89 ts=50000 bs=32 unc=epistemic: final=1760485.23, sharpe=0.5327, max_dd=0.4086, preservation=0.9599 -> probabilistic__AMAT__seed89__phase2_epistemic.json
AMD   seed=  7 ts=50000 bs=32 unc=epistemic: final=2070084.04, sharpe=0.3981, max_dd=0.6276, preservation=0.8157 -> probabilistic__AMD__seed7__phase2_epistemic.json
AMD   seed= 13 ts=50000 bs=32 unc=epistemic: final=1011520.14, sharpe=0.1145, max_dd=0.0463, preservation=0.9586 -> probabilistic__AMD__seed13__phase2_epistemic.json
AMD   seed= 19 ts=50000 bs=32 unc=epistemic: final=2049821.90, sharpe=0.3600, max_dd=0.6300, preservation=0.8157 -> probabilistic__AMD__seed19__phase2_epistemic.json
AMD   seed= 23 ts=50000 bs=32 unc=epistemic: final=1938576.76, sharpe=0.4215, max_dd=0.5526, preservation=0.8297 -> probabilistic__AMD__seed23__phase2_epistemic.json
AMD   seed= 29 ts=50000 bs=32 unc=epistemic: final=1008928.46, sharpe=0.0710, max_dd=0.0679, preservation=0.9562 -> probabilistic__AMD__seed29__phase2_epistemic.json
AMD   seed= 37 ts=50000 bs=32 unc=epistemic: final=1918142.79, sharpe=0.3180, max_dd=0.6300, preservation=0.8157 -> probabilistic__AMD__seed37__phase2_epistemic.json
AMD   seed= 42 ts=50000 bs=32 unc=epistemic: final=1004420.19, sharpe=0.0440, max_dd=0.0481, preservation=0.9519 -> probabilistic__AMD__seed42__phase2_epistemic.json
AMD   seed= 53 ts=50000 bs=32 unc=epistemic: final=1381238.25, sharpe=0.3232, max_dd=0.3765, preservation=0.8968 -> probabilistic__AMD__seed53__phase2_epistemic.json
AMD   seed= 67 ts=50000 bs=32 unc=epistemic: final=1018756.78, sharpe=0.1778, max_dd=0.0463, preservation=0.9655 -> probabilistic__AMD__seed67__phase2_epistemic.json
AMD   seed= 89 ts=50000 bs=32 unc=epistemic: final=1820721.80, sharpe=0.4287, max_dd=0.5449, preservation=0.8205 -> probabilistic__AMD__seed89__phase2_epistemic.json
AMZN  seed=  7 ts=50000 bs=32 unc=epistemic: final=1635214.87, sharpe=0.3638, max_dd=0.4608, preservation=0.9137 -> probabilistic__AMZN__seed7__phase2_epistemic.json
AMZN  seed= 13 ts=50000 bs=32 unc=epistemic: final=1013959.11, sharpe=0.1080, max_dd=0.0366, preservation=0.9897 -> probabilistic__AMZN__seed13__phase2_epistemic.json
AMZN  seed= 19 ts=50000 bs=32 unc=epistemic: final=1412474.04, sharpe=0.3403, max_dd=0.3771, preservation=0.9246 -> probabilistic__AMZN__seed19__phase2_epistemic.json
AMZN  seed= 23 ts=50000 bs=32 unc=epistemic: final=975814.18, sharpe=-0.1319, max_dd=0.0708, preservation=0.9499 -> probabilistic__AMZN__seed23__phase2_epistemic.json
AMZN  seed= 29 ts=50000 bs=32 unc=epistemic: final=1922649.06, sharpe=0.6026, max_dd=0.3069, preservation=0.9140 -> probabilistic__AMZN__seed29__phase2_epistemic.json
AMZN  seed= 37 ts=50000 bs=32 unc=epistemic: final=1741304.83, sharpe=0.5211, max_dd=0.3046, preservation=0.9160 -> probabilistic__AMZN__seed37__phase2_epistemic.json
AMZN  seed= 42 ts=50000 bs=32 unc=epistemic: final=1489382.60, sharpe=0.3648, max_dd=0.3711, preservation=0.9189 -> probabilistic__AMZN__seed42__phase2_epistemic.json
AMZN  seed= 53 ts=50000 bs=32 unc=epistemic: final=1577766.56, sharpe=0.3348, max_dd=0.4846, preservation=0.9150 -> probabilistic__AMZN__seed53__phase2_epistemic.json
AMZN  seed= 67 ts=50000 bs=32 unc=epistemic: final=1736529.62, sharpe=0.4251, max_dd=0.4151, preservation=0.9137 -> probabilistic__AMZN__seed67__phase2_epistemic.json
AMZN  seed= 89 ts=50000 bs=32 unc=epistemic: final=970802.35, sharpe=-0.0630, max_dd=0.2337, preservation=0.9296 -> probabilistic__AMZN__seed89__phase2_epistemic.json
AVGO  seed=  7 ts=50000 bs=32 unc=epistemic: final=6473378.87, sharpe=1.0979, max_dd=0.4115, preservation=0.8477 -> probabilistic__AVGO__seed7__phase2_epistemic.json
AVGO  seed= 13 ts=50000 bs=32 unc=epistemic: final=6452903.00, sharpe=1.0915, max_dd=0.4115, preservation=0.8477 -> probabilistic__AVGO__seed13__phase2_epistemic.json
AVGO  seed= 19 ts=50000 bs=32 unc=epistemic: final=6552785.09, sharpe=1.1126, max_dd=0.4115, preservation=0.8477 -> probabilistic__AVGO__seed19__phase2_epistemic.json
AVGO  seed= 23 ts=50000 bs=32 unc=epistemic: final=6462221.64, sharpe=1.0995, max_dd=0.4115, preservation=0.8477 -> probabilistic__AVGO__seed23__phase2_epistemic.json
AVGO  seed= 29 ts=50000 bs=32 unc=epistemic: final=6696216.01, sharpe=1.1306, max_dd=0.4115, preservation=0.8477 -> probabilistic__AVGO__seed29__phase2_epistemic.json
AVGO  seed= 37 ts=50000 bs=32 unc=epistemic: final=5141087.15, sharpe=1.1231, max_dd=0.3569, preservation=0.8718 -> probabilistic__AVGO__seed37__phase2_epistemic.json
AVGO  seed= 42 ts=50000 bs=32 unc=epistemic: final=4759651.36, sharpe=1.0905, max_dd=0.3538, preservation=0.8741 -> probabilistic__AVGO__seed42__phase2_epistemic.json
AVGO  seed= 53 ts=50000 bs=32 unc=epistemic: final=6259853.97, sharpe=1.0913, max_dd=0.4056, preservation=0.8490 -> probabilistic__AVGO__seed53__phase2_epistemic.json
AVGO  seed= 67 ts=50000 bs=32 unc=epistemic: final=5267466.95, sharpe=1.1181, max_dd=0.3772, preservation=0.8594 -> probabilistic__AVGO__seed67__phase2_epistemic.json
AVGO  seed= 89 ts=50000 bs=32 unc=epistemic: final=6511516.36, sharpe=1.1613, max_dd=0.4114, preservation=0.8477 -> probabilistic__AVGO__seed89__phase2_epistemic.json
AXP   seed=  7 ts=50000 bs=32 unc=epistemic: final=2192909.97, sharpe=0.7530, max_dd=0.2864, preservation=0.9752 -> probabilistic__AXP__seed7__phase2_epistemic.json
AXP   seed= 13 ts=50000 bs=32 unc=epistemic: final=2090829.19, sharpe=0.7421, max_dd=0.2701, preservation=0.9762 -> probabilistic__AXP__seed13__phase2_epistemic.json
AXP   seed= 19 ts=50000 bs=32 unc=epistemic: final=2283279.56, sharpe=0.7836, max_dd=0.2876, preservation=0.9751 -> probabilistic__AXP__seed19__phase2_epistemic.json
AXP   seed= 23 ts=50000 bs=32 unc=epistemic: final=2210725.26, sharpe=0.7494, max_dd=0.2876, preservation=0.9751 -> probabilistic__AXP__seed23__phase2_epistemic.json
AXP   seed= 29 ts=50000 bs=32 unc=epistemic: final=2377132.81, sharpe=0.8464, max_dd=0.2876, preservation=0.9751 -> probabilistic__AXP__seed29__phase2_epistemic.json
AXP   seed= 37 ts=50000 bs=32 unc=epistemic: final=2070019.85, sharpe=0.7330, max_dd=0.2625, preservation=0.9779 -> probabilistic__AXP__seed37__phase2_epistemic.json
AXP   seed= 42 ts=50000 bs=32 unc=epistemic: final=2117557.95, sharpe=0.7620, max_dd=0.2867, preservation=0.9751 -> probabilistic__AXP__seed42__phase2_epistemic.json
AXP   seed= 53 ts=50000 bs=32 unc=epistemic: final=2183354.92, sharpe=0.7124, max_dd=0.2876, preservation=0.9751 -> probabilistic__AXP__seed53__phase2_epistemic.json
AXP   seed= 67 ts=50000 bs=32 unc=epistemic: final=2149049.53, sharpe=0.7543, max_dd=0.2780, preservation=0.9758 -> probabilistic__AXP__seed67__phase2_epistemic.json
AXP   seed= 89 ts=50000 bs=32 unc=epistemic: final=2297975.98, sharpe=0.8955, max_dd=0.2875, preservation=0.9751 -> probabilistic__AXP__seed89__phase2_epistemic.json
BA    seed=  7 ts=50000 bs=32 unc=epistemic: final=1158393.36, sharpe=0.1066, max_dd=0.4831, preservation=0.8221 -> probabilistic__BA__seed7__phase2_epistemic.json
BA    seed= 13 ts=50000 bs=32 unc=epistemic: final=1010796.75, sharpe=0.3231, max_dd=0.0107, preservation=0.9939 -> probabilistic__BA__seed13__phase2_epistemic.json
BA    seed= 19 ts=50000 bs=32 unc=epistemic: final=1116545.08, sharpe=0.0783, max_dd=0.4831, preservation=0.8221 -> probabilistic__BA__seed19__phase2_epistemic.json
BA    seed= 23 ts=50000 bs=32 unc=epistemic: final=1044685.95, sharpe=0.0407, max_dd=0.4230, preservation=0.8922 -> probabilistic__BA__seed23__phase2_epistemic.json
BA    seed= 29 ts=50000 bs=32 unc=epistemic: final=1010331.60, sharpe=0.3100, max_dd=0.0107, preservation=0.9935 -> probabilistic__BA__seed29__phase2_epistemic.json
BA    seed= 37 ts=50000 bs=32 unc=epistemic: final=961353.20, sharpe=-0.1820, max_dd=0.1441, preservation=0.9375 -> probabilistic__BA__seed37__phase2_epistemic.json
BA    seed= 42 ts=50000 bs=32 unc=epistemic: final=943709.23, sharpe=-0.3144, max_dd=0.1423, preservation=0.9239 -> probabilistic__BA__seed42__phase2_epistemic.json
BA    seed= 53 ts=50000 bs=32 unc=epistemic: final=1168282.46, sharpe=0.1183, max_dd=0.4816, preservation=0.8236 -> probabilistic__BA__seed53__phase2_epistemic.json
BA    seed= 67 ts=50000 bs=32 unc=epistemic: final=1251287.36, sharpe=0.1707, max_dd=0.4827, preservation=0.8228 -> probabilistic__BA__seed67__phase2_epistemic.json
BA    seed= 89 ts=50000 bs=32 unc=epistemic: final=951437.87, sharpe=-0.1374, max_dd=0.1754, preservation=0.8868 -> probabilistic__BA__seed89__phase2_epistemic.json
BLK   seed=  7 ts=50000 bs=32 unc=epistemic: final=928292.96, sharpe=-0.6245, max_dd=0.1170, preservation=0.9283 -> probabilistic__BLK__seed7__phase2_epistemic.json
BLK   seed= 13 ts=50000 bs=32 unc=epistemic: final=1583360.06, sharpe=0.5123, max_dd=0.2377, preservation=0.9095 -> probabilistic__BLK__seed13__phase2_epistemic.json
BLK   seed= 19 ts=50000 bs=32 unc=epistemic: final=1560813.55, sharpe=0.4360, max_dd=0.2963, preservation=0.9095 -> probabilistic__BLK__seed19__phase2_epistemic.json
BLK   seed= 23 ts=50000 bs=32 unc=epistemic: final=973631.63, sharpe=-0.6160, max_dd=0.0337, preservation=0.9736 -> probabilistic__BLK__seed23__phase2_epistemic.json
BLK   seed= 29 ts=50000 bs=32 unc=epistemic: final=978464.19, sharpe=-0.6247, max_dd=0.0248, preservation=0.9785 -> probabilistic__BLK__seed29__phase2_epistemic.json
BLK   seed= 37 ts=50000 bs=32 unc=epistemic: final=1577863.52, sharpe=0.4728, max_dd=0.2701, preservation=0.9095 -> probabilistic__BLK__seed37__phase2_epistemic.json
BLK   seed= 42 ts=50000 bs=32 unc=epistemic: final=1582530.27, sharpe=0.4602, max_dd=0.2841, preservation=0.9095 -> probabilistic__BLK__seed42__phase2_epistemic.json
BLK   seed= 53 ts=50000 bs=32 unc=epistemic: final=1534754.29, sharpe=0.4686, max_dd=0.2633, preservation=0.9162 -> probabilistic__BLK__seed53__phase2_epistemic.json
BLK   seed= 67 ts=50000 bs=32 unc=epistemic: final=1681031.05, sharpe=0.5997, max_dd=0.2369, preservation=0.9095 -> probabilistic__BLK__seed67__phase2_epistemic.json
BLK   seed= 89 ts=50000 bs=32 unc=epistemic: final=1618122.91, sharpe=0.4877, max_dd=0.2844, preservation=0.9095 -> probabilistic__BLK__seed89__phase2_epistemic.json
BRK-B seed=  7 ts=50000 bs=32 unc=epistemic: final=1572356.51, sharpe=0.6703, max_dd=0.2531, preservation=0.9282 -> probabilistic__BRK-B__seed7__phase2_epistemic.json
BRK-B seed= 13 ts=50000 bs=32 unc=epistemic: final=1589794.26, sharpe=0.7057, max_dd=0.2334, preservation=0.9282 -> probabilistic__BRK-B__seed13__phase2_epistemic.json
BRK-B seed= 19 ts=50000 bs=32 unc=epistemic: final=1571350.82, sharpe=0.6661, max_dd=0.2594, preservation=0.9282 -> probabilistic__BRK-B__seed19__phase2_epistemic.json
BRK-B seed= 23 ts=50000 bs=32 unc=epistemic: final=1581533.04, sharpe=0.6912, max_dd=0.2360, preservation=0.9282 -> probabilistic__BRK-B__seed23__phase2_epistemic.json
BRK-B seed= 29 ts=50000 bs=32 unc=epistemic: final=1603979.21, sharpe=0.7191, max_dd=0.2201, preservation=0.9282 -> probabilistic__BRK-B__seed29__phase2_epistemic.json
BRK-B seed= 37 ts=50000 bs=32 unc=epistemic: final=1531542.85, sharpe=0.7557, max_dd=0.1683, preservation=0.9284 -> probabilistic__BRK-B__seed37__phase2_epistemic.json
BRK-B seed= 42 ts=50000 bs=32 unc=epistemic: final=1474619.40, sharpe=0.6832, max_dd=0.1950, preservation=0.9297 -> probabilistic__BRK-B__seed42__phase2_epistemic.json
BRK-B seed= 53 ts=50000 bs=32 unc=epistemic: final=1578250.60, sharpe=0.6833, max_dd=0.2454, preservation=0.9282 -> probabilistic__BRK-B__seed53__phase2_epistemic.json
BRK-B seed= 67 ts=50000 bs=32 unc=epistemic: final=1540113.71, sharpe=0.6775, max_dd=0.2295, preservation=0.9308 -> probabilistic__BRK-B__seed67__phase2_epistemic.json
BRK-B seed= 89 ts=50000 bs=32 unc=epistemic: final=1594907.10, sharpe=0.8595, max_dd=0.1484, preservation=0.9290 -> probabilistic__BRK-B__seed89__phase2_epistemic.json
C     seed=  7 ts=50000 bs=32 unc=epistemic: final=2263514.15, sharpe=0.7432, max_dd=0.3319, preservation=0.9718 -> probabilistic__C__seed7__phase2_epistemic.json
C     seed= 13 ts=50000 bs=32 unc=epistemic: final=2222666.89, sharpe=0.7413, max_dd=0.3341, preservation=0.9718 -> probabilistic__C__seed13__phase2_epistemic.json
C     seed= 19 ts=50000 bs=32 unc=epistemic: final=2293356.56, sharpe=0.7566, max_dd=0.3224, preservation=0.9718 -> probabilistic__C__seed19__phase2_epistemic.json
C     seed= 23 ts=50000 bs=32 unc=epistemic: final=2218992.10, sharpe=0.7123, max_dd=0.3434, preservation=0.9718 -> probabilistic__C__seed23__phase2_epistemic.json
C     seed= 29 ts=50000 bs=32 unc=epistemic: final=1684248.75, sharpe=0.7655, max_dd=0.2260, preservation=0.9821 -> probabilistic__C__seed29__phase2_epistemic.json
C     seed= 37 ts=50000 bs=32 unc=epistemic: final=2140874.39, sharpe=0.7368, max_dd=0.3177, preservation=0.9741 -> probabilistic__C__seed37__phase2_epistemic.json
C     seed= 42 ts=50000 bs=32 unc=epistemic: final=2138612.81, sharpe=0.7164, max_dd=0.3355, preservation=0.9732 -> probabilistic__C__seed42__phase2_epistemic.json
C     seed= 53 ts=50000 bs=32 unc=epistemic: final=2155807.36, sharpe=0.7558, max_dd=0.3115, preservation=0.9729 -> probabilistic__C__seed53__phase2_epistemic.json
C     seed= 67 ts=50000 bs=32 unc=epistemic: final=2087263.93, sharpe=0.7340, max_dd=0.3038, preservation=0.9738 -> probabilistic__C__seed67__phase2_epistemic.json
C     seed= 89 ts=50000 bs=32 unc=epistemic: final=986527.36, sharpe=-0.0525, max_dd=0.1687, preservation=0.9729 -> probabilistic__C__seed89__phase2_epistemic.json
CAT   seed=  7 ts=50000 bs=32 unc=epistemic: final=2999426.14, sharpe=0.9988, max_dd=0.3404, preservation=0.9249 -> probabilistic__CAT__seed7__phase2_epistemic.json
CAT   seed= 13 ts=50000 bs=32 unc=epistemic: final=2794828.78, sharpe=1.0118, max_dd=0.3156, preservation=0.9276 -> probabilistic__CAT__seed13__phase2_epistemic.json
CAT   seed= 19 ts=50000 bs=32 unc=epistemic: final=3015176.22, sharpe=0.9655, max_dd=0.3405, preservation=0.9249 -> probabilistic__CAT__seed19__phase2_epistemic.json
CAT   seed= 23 ts=50000 bs=32 unc=epistemic: final=2468807.91, sharpe=0.9425, max_dd=0.3173, preservation=0.9263 -> probabilistic__CAT__seed23__phase2_epistemic.json
CAT   seed= 29 ts=50000 bs=32 unc=epistemic: final=2444145.97, sharpe=1.0165, max_dd=0.3331, preservation=0.9254 -> probabilistic__CAT__seed29__phase2_epistemic.json
CAT   seed= 37 ts=50000 bs=32 unc=epistemic: final=2962128.52, sharpe=0.9852, max_dd=0.3340, preservation=0.9261 -> probabilistic__CAT__seed37__phase2_epistemic.json
CAT   seed= 42 ts=50000 bs=32 unc=epistemic: final=2822575.68, sharpe=0.9893, max_dd=0.3390, preservation=0.9249 -> probabilistic__CAT__seed42__phase2_epistemic.json
CAT   seed= 53 ts=50000 bs=32 unc=epistemic: final=3014528.53, sharpe=0.9791, max_dd=0.3405, preservation=0.9249 -> probabilistic__CAT__seed53__phase2_epistemic.json
CAT   seed= 67 ts=50000 bs=32 unc=epistemic: final=2957127.46, sharpe=1.0040, max_dd=0.3377, preservation=0.9250 -> probabilistic__CAT__seed67__phase2_epistemic.json
CAT   seed= 89 ts=50000 bs=32 unc=epistemic: final=2394444.19, sharpe=1.0618, max_dd=0.3112, preservation=0.9296 -> probabilistic__CAT__seed89__phase2_epistemic.json
COPX  seed=  7 ts=50000 bs=32 unc=epistemic: final=1984596.02, sharpe=0.5900, max_dd=0.3687, preservation=0.9665 -> probabilistic__COPX__seed7__phase2_epistemic.json
COPX  seed= 13 ts=50000 bs=32 unc=epistemic: final=2129293.29, sharpe=0.6016, max_dd=0.3965, preservation=0.9639 -> probabilistic__COPX__seed13__phase2_epistemic.json
COPX  seed= 19 ts=50000 bs=32 unc=epistemic: final=2051054.33, sharpe=0.5468, max_dd=0.3972, preservation=0.9639 -> probabilistic__COPX__seed19__phase2_epistemic.json
COPX  seed= 23 ts=50000 bs=32 unc=epistemic: final=2016495.09, sharpe=0.5298, max_dd=0.3972, preservation=0.9639 -> probabilistic__COPX__seed23__phase2_epistemic.json
COPX  seed= 29 ts=50000 bs=32 unc=epistemic: final=2091775.10, sharpe=0.6781, max_dd=0.3936, preservation=0.9639 -> probabilistic__COPX__seed29__phase2_epistemic.json
COPX  seed= 37 ts=50000 bs=32 unc=epistemic: final=1068149.58, sharpe=0.7849, max_dd=0.0224, preservation=0.9995 -> probabilistic__COPX__seed37__phase2_epistemic.json
COPX  seed= 42 ts=50000 bs=32 unc=epistemic: final=1312230.47, sharpe=0.4226, max_dd=0.2847, preservation=0.9841 -> probabilistic__COPX__seed42__phase2_epistemic.json
COPX  seed= 53 ts=50000 bs=32 unc=epistemic: final=1642639.12, sharpe=0.6380, max_dd=0.2817, preservation=0.9774 -> probabilistic__COPX__seed53__phase2_epistemic.json
COPX  seed= 67 ts=50000 bs=32 unc=epistemic: final=1781377.80, sharpe=0.5342, max_dd=0.3508, preservation=0.9697 -> probabilistic__COPX__seed67__phase2_epistemic.json
COPX  seed= 89 ts=50000 bs=32 unc=epistemic: final=2216963.44, sharpe=0.6455, max_dd=0.3972, preservation=0.9639 -> probabilistic__COPX__seed89__phase2_epistemic.json
COST  seed=  7 ts=50000 bs=32 unc=epistemic: final=1779142.64, sharpe=0.6885, max_dd=0.2411, preservation=0.8092 -> probabilistic__COST__seed7__phase2_epistemic.json
COST  seed= 13 ts=50000 bs=32 unc=epistemic: final=1374565.22, sharpe=0.6163, max_dd=0.1873, preservation=0.8886 -> probabilistic__COST__seed13__phase2_epistemic.json
COST  seed= 19 ts=50000 bs=32 unc=epistemic: final=1770869.24, sharpe=0.6592, max_dd=0.2671, preservation=0.8092 -> probabilistic__COST__seed19__phase2_epistemic.json
COST  seed= 23 ts=50000 bs=32 unc=epistemic: final=1774187.46, sharpe=0.6622, max_dd=0.2687, preservation=0.8092 -> probabilistic__COST__seed23__phase2_epistemic.json
COST  seed= 29 ts=50000 bs=32 unc=epistemic: final=1833067.76, sharpe=0.7525, max_dd=0.2074, preservation=0.8092 -> probabilistic__COST__seed29__phase2_epistemic.json
COST  seed= 37 ts=50000 bs=32 unc=epistemic: final=1741502.07, sharpe=0.6466, max_dd=0.2659, preservation=0.8092 -> probabilistic__COST__seed37__phase2_epistemic.json
COST  seed= 42 ts=50000 bs=32 unc=epistemic: final=1762516.04, sharpe=0.6344, max_dd=0.3025, preservation=0.8092 -> probabilistic__COST__seed42__phase2_epistemic.json
COST  seed= 53 ts=50000 bs=32 unc=epistemic: final=1762612.31, sharpe=0.6551, max_dd=0.2713, preservation=0.8092 -> probabilistic__COST__seed53__phase2_epistemic.json
COST  seed= 67 ts=50000 bs=32 unc=epistemic: final=1805024.95, sharpe=0.7239, max_dd=0.2074, preservation=0.8092 -> probabilistic__COST__seed67__phase2_epistemic.json
COST  seed= 89 ts=50000 bs=32 unc=epistemic: final=1593153.64, sharpe=0.6568, max_dd=0.2209, preservation=0.8328 -> probabilistic__COST__seed89__phase2_epistemic.json
CRM   seed=  7 ts=50000 bs=32 unc=epistemic: final=1270505.49, sharpe=0.1921, max_dd=0.3776, preservation=0.7340 -> probabilistic__CRM__seed7__phase2_epistemic.json
CRM   seed= 13 ts=50000 bs=32 unc=epistemic: final=962122.79, sharpe=-0.5687, max_dd=0.0406, preservation=0.9621 -> probabilistic__CRM__seed13__phase2_epistemic.json
CRM   seed= 19 ts=50000 bs=32 unc=epistemic: final=947989.92, sharpe=-0.6917, max_dd=0.0533, preservation=0.9480 -> probabilistic__CRM__seed19__phase2_epistemic.json
CRM   seed= 23 ts=50000 bs=32 unc=epistemic: final=947775.61, sharpe=-0.4276, max_dd=0.0751, preservation=0.9478 -> probabilistic__CRM__seed23__phase2_epistemic.json
CRM   seed= 29 ts=50000 bs=32 unc=epistemic: final=962247.33, sharpe=-0.5659, max_dd=0.0406, preservation=0.9622 -> probabilistic__CRM__seed29__phase2_epistemic.json
CRM   seed= 37 ts=50000 bs=32 unc=epistemic: final=961590.67, sharpe=-0.5769, max_dd=0.0406, preservation=0.9616 -> probabilistic__CRM__seed37__phase2_epistemic.json
CRM   seed= 42 ts=50000 bs=32 unc=epistemic: final=955267.10, sharpe=-0.6661, max_dd=0.0447, preservation=0.9553 -> probabilistic__CRM__seed42__phase2_epistemic.json
CRM   seed= 53 ts=50000 bs=32 unc=epistemic: final=1351888.83, sharpe=0.2492, max_dd=0.3615, preservation=0.7465 -> probabilistic__CRM__seed53__phase2_epistemic.json
CRM   seed= 67 ts=50000 bs=32 unc=epistemic: final=1387255.04, sharpe=0.2507, max_dd=0.3837, preservation=0.7293 -> probabilistic__CRM__seed67__phase2_epistemic.json
CRM   seed= 89 ts=50000 bs=32 unc=epistemic: final=1240232.93, sharpe=0.1531, max_dd=0.4096, preservation=0.7293 -> probabilistic__CRM__seed89__phase2_epistemic.json
DIA   seed=  7 ts=50000 bs=32 unc=epistemic: final=1500774.19, sharpe=0.7100, max_dd=0.1643, preservation=0.9950 -> probabilistic__DIA__seed7__phase2_epistemic.json
DIA   seed= 13 ts=50000 bs=32 unc=epistemic: final=1408805.85, sharpe=0.6919, max_dd=0.1454, preservation=0.9955 -> probabilistic__DIA__seed13__phase2_epistemic.json
DIA   seed= 19 ts=50000 bs=32 unc=epistemic: final=1493952.32, sharpe=0.6885, max_dd=0.1743, preservation=0.9950 -> probabilistic__DIA__seed19__phase2_epistemic.json
DIA   seed= 23 ts=50000 bs=32 unc=epistemic: final=1502590.00, sharpe=0.7131, max_dd=0.1627, preservation=0.9950 -> probabilistic__DIA__seed23__phase2_epistemic.json
DIA   seed= 29 ts=50000 bs=32 unc=epistemic: final=1543344.99, sharpe=0.8095, max_dd=0.1595, preservation=0.9950 -> probabilistic__DIA__seed29__phase2_epistemic.json
DIA   seed= 37 ts=50000 bs=32 unc=epistemic: final=1287644.11, sharpe=0.7038, max_dd=0.1099, preservation=0.9964 -> probabilistic__DIA__seed37__phase2_epistemic.json
DIA   seed= 42 ts=50000 bs=32 unc=epistemic: final=1451639.00, sharpe=0.7406, max_dd=0.1574, preservation=0.9950 -> probabilistic__DIA__seed42__phase2_epistemic.json
DIA   seed= 53 ts=50000 bs=32 unc=epistemic: final=1508176.79, sharpe=0.7248, max_dd=0.1616, preservation=0.9950 -> probabilistic__DIA__seed53__phase2_epistemic.json
DIA   seed= 67 ts=50000 bs=32 unc=epistemic: final=1517607.61, sharpe=0.7471, max_dd=0.1595, preservation=0.9950 -> probabilistic__DIA__seed67__phase2_epistemic.json
DIA   seed= 89 ts=50000 bs=32 unc=epistemic: final=1066923.50, sharpe=0.3047, max_dd=0.0750, preservation=0.9958 -> probabilistic__DIA__seed89__phase2_epistemic.json
EEMX  seed=  7 ts=50000 bs=32 unc=epistemic: final=1125944.55, sharpe=0.3452, max_dd=0.1655, preservation=0.9888 -> probabilistic__EEMX__seed7__phase2_epistemic.json
EEMX  seed= 13 ts=50000 bs=32 unc=epistemic: final=1131493.60, sharpe=0.3127, max_dd=0.1812, preservation=0.9923 -> probabilistic__EEMX__seed13__phase2_epistemic.json
EEMX  seed= 19 ts=50000 bs=32 unc=epistemic: final=1334073.91, sharpe=0.4250, max_dd=0.2671, preservation=0.9879 -> probabilistic__EEMX__seed19__phase2_epistemic.json
EEMX  seed= 23 ts=50000 bs=32 unc=epistemic: final=1336128.00, sharpe=0.4305, max_dd=0.2632, preservation=0.9879 -> probabilistic__EEMX__seed23__phase2_epistemic.json
EEMX  seed= 29 ts=50000 bs=32 unc=epistemic: final=1427198.37, sharpe=0.5827, max_dd=0.1767, preservation=0.9879 -> probabilistic__EEMX__seed29__phase2_epistemic.json
EEMX  seed= 37 ts=50000 bs=32 unc=epistemic: final=998622.70, sharpe=-0.0685, max_dd=0.0071, preservation=0.9964 -> probabilistic__EEMX__seed37__phase2_epistemic.json
EEMX  seed= 42 ts=50000 bs=32 unc=epistemic: final=976877.81, sharpe=-0.7639, max_dd=0.0294, preservation=0.9737 -> probabilistic__EEMX__seed42__phase2_epistemic.json
EEMX  seed= 53 ts=50000 bs=32 unc=epistemic: final=997269.02, sharpe=-0.1348, max_dd=0.0071, preservation=0.9951 -> probabilistic__EEMX__seed53__phase2_epistemic.json
EEMX  seed= 67 ts=50000 bs=32 unc=epistemic: final=1192093.34, sharpe=0.3649, max_dd=0.2112, preservation=0.9917 -> probabilistic__EEMX__seed67__phase2_epistemic.json
EEMX  seed= 89 ts=50000 bs=32 unc=epistemic: final=1384982.43, sharpe=0.5017, max_dd=0.2330, preservation=0.9879 -> probabilistic__EEMX__seed89__phase2_epistemic.json
GLD   seed=  7 ts=50000 bs=32 unc=epistemic: final=2334250.43, sharpe=1.3807, max_dd=0.1826, preservation=0.9565 -> probabilistic__GLD__seed7__phase2_epistemic.json
GLD   seed= 13 ts=50000 bs=32 unc=epistemic: final=2317005.29, sharpe=1.3491, max_dd=0.2032, preservation=0.9565 -> probabilistic__GLD__seed13__phase2_epistemic.json
GLD   seed= 19 ts=50000 bs=32 unc=epistemic: final=2306393.39, sharpe=1.3479, max_dd=0.1980, preservation=0.9565 -> probabilistic__GLD__seed19__phase2_epistemic.json
GLD   seed= 23 ts=50000 bs=32 unc=epistemic: final=2261780.71, sharpe=1.3903, max_dd=0.1714, preservation=0.9570 -> probabilistic__GLD__seed23__phase2_epistemic.json
GLD   seed= 29 ts=50000 bs=32 unc=epistemic: final=2342529.05, sharpe=1.3982, max_dd=0.1712, preservation=0.9565 -> probabilistic__GLD__seed29__phase2_epistemic.json
GLD   seed= 37 ts=50000 bs=32 unc=epistemic: final=2314996.28, sharpe=1.3626, max_dd=0.1895, preservation=0.9565 -> probabilistic__GLD__seed37__phase2_epistemic.json
GLD   seed= 42 ts=50000 bs=32 unc=epistemic: final=1087749.76, sharpe=0.5572, max_dd=0.0768, preservation=0.9751 -> probabilistic__GLD__seed42__phase2_epistemic.json
GLD   seed= 53 ts=50000 bs=32 unc=epistemic: final=2306007.36, sharpe=1.3484, max_dd=0.1970, preservation=0.9565 -> probabilistic__GLD__seed53__phase2_epistemic.json
GLD   seed= 67 ts=50000 bs=32 unc=epistemic: final=2342289.34, sharpe=1.4280, max_dd=0.1526, preservation=0.9565 -> probabilistic__GLD__seed67__phase2_epistemic.json
GLD   seed= 89 ts=50000 bs=32 unc=epistemic: final=1476444.48, sharpe=1.4972, max_dd=0.0769, preservation=0.9779 -> probabilistic__GLD__seed89__phase2_epistemic.json
GOOGL seed=  7 ts=50000 bs=32 unc=epistemic: final=2420019.20, sharpe=0.7285, max_dd=0.3808, preservation=0.9701 -> probabilistic__GOOGL__seed7__phase2_epistemic.json
GOOGL seed= 13 ts=50000 bs=32 unc=epistemic: final=2253907.99, sharpe=0.7473, max_dd=0.3488, preservation=0.9717 -> probabilistic__GOOGL__seed13__phase2_epistemic.json
GOOGL seed= 19 ts=50000 bs=32 unc=epistemic: final=2521976.78, sharpe=0.7997, max_dd=0.3371, preservation=0.9701 -> probabilistic__GOOGL__seed19__phase2_epistemic.json
GOOGL seed= 23 ts=50000 bs=32 unc=epistemic: final=2540072.26, sharpe=0.8311, max_dd=0.3021, preservation=0.9701 -> probabilistic__GOOGL__seed23__phase2_epistemic.json
GOOGL seed= 29 ts=50000 bs=32 unc=epistemic: final=2753894.72, sharpe=0.9676, max_dd=0.2980, preservation=0.9701 -> probabilistic__GOOGL__seed29__phase2_epistemic.json
GOOGL seed= 37 ts=50000 bs=32 unc=epistemic: final=2341390.59, sharpe=0.7390, max_dd=0.3668, preservation=0.9711 -> probabilistic__GOOGL__seed37__phase2_epistemic.json
GOOGL seed= 42 ts=50000 bs=32 unc=epistemic: final=2382563.04, sharpe=0.7869, max_dd=0.3324, preservation=0.9711 -> probabilistic__GOOGL__seed42__phase2_epistemic.json
GOOGL seed= 53 ts=50000 bs=32 unc=epistemic: final=2118315.25, sharpe=0.7169, max_dd=0.3578, preservation=0.9733 -> probabilistic__GOOGL__seed53__phase2_epistemic.json
GOOGL seed= 67 ts=50000 bs=32 unc=epistemic: final=1850795.77, sharpe=0.7276, max_dd=0.2835, preservation=0.9763 -> probabilistic__GOOGL__seed67__phase2_epistemic.json
GOOGL seed= 89 ts=50000 bs=32 unc=epistemic: final=2666990.42, sharpe=0.8668, max_dd=0.3025, preservation=0.9701 -> probabilistic__GOOGL__seed89__phase2_epistemic.json
GS    seed=  7 ts=50000 bs=32 unc=epistemic: final=2820449.55, sharpe=0.9915, max_dd=0.3090, preservation=0.9793 -> probabilistic__GS__seed7__phase2_epistemic.json
GS    seed= 13 ts=50000 bs=32 unc=epistemic: final=1478717.01, sharpe=0.8277, max_dd=0.1512, preservation=0.9852 -> probabilistic__GS__seed13__phase2_epistemic.json
GS    seed= 19 ts=50000 bs=32 unc=epistemic: final=2817441.14, sharpe=0.9841, max_dd=0.3090, preservation=0.9793 -> probabilistic__GS__seed19__phase2_epistemic.json
GS    seed= 23 ts=50000 bs=32 unc=epistemic: final=2825954.53, sharpe=0.9930, max_dd=0.3090, preservation=0.9793 -> probabilistic__GS__seed23__phase2_epistemic.json
GS    seed= 29 ts=50000 bs=32 unc=epistemic: final=2863989.03, sharpe=1.0464, max_dd=0.3089, preservation=0.9793 -> probabilistic__GS__seed29__phase2_epistemic.json
GS    seed= 37 ts=50000 bs=32 unc=epistemic: final=2525735.57, sharpe=0.9892, max_dd=0.2791, preservation=0.9813 -> probabilistic__GS__seed37__phase2_epistemic.json
GS    seed= 42 ts=50000 bs=32 unc=epistemic: final=2725976.19, sharpe=1.0331, max_dd=0.3080, preservation=0.9793 -> probabilistic__GS__seed42__phase2_epistemic.json
GS    seed= 53 ts=50000 bs=32 unc=epistemic: final=2836300.96, sharpe=0.9987, max_dd=0.3090, preservation=0.9793 -> probabilistic__GS__seed53__phase2_epistemic.json
GS    seed= 67 ts=50000 bs=32 unc=epistemic: final=2774825.57, sharpe=1.0995, max_dd=0.3043, preservation=0.9794 -> probabilistic__GS__seed67__phase2_epistemic.json
GS    seed= 89 ts=50000 bs=32 unc=epistemic: final=1111359.74, sharpe=0.3386, max_dd=0.1270, preservation=0.9843 -> probabilistic__GS__seed89__phase2_epistemic.json
HSBC  seed=  7 ts=50000 bs=32 unc=epistemic: final=2879388.22, sharpe=1.1255, max_dd=0.2810, preservation=0.9860 -> probabilistic__HSBC__seed7__phase2_epistemic.json
HSBC  seed= 13 ts=50000 bs=32 unc=epistemic: final=2914560.17, sharpe=1.1986, max_dd=0.2466, preservation=0.9860 -> probabilistic__HSBC__seed13__phase2_epistemic.json
HSBC  seed= 19 ts=50000 bs=32 unc=epistemic: final=2920352.62, sharpe=1.1952, max_dd=0.2513, preservation=0.9860 -> probabilistic__HSBC__seed19__phase2_epistemic.json
HSBC  seed= 23 ts=50000 bs=32 unc=epistemic: final=2903307.16, sharpe=1.1542, max_dd=0.2639, preservation=0.9860 -> probabilistic__HSBC__seed23__phase2_epistemic.json
HSBC  seed= 29 ts=50000 bs=32 unc=epistemic: final=2901409.08, sharpe=1.1292, max_dd=0.2737, preservation=0.9860 -> probabilistic__HSBC__seed29__phase2_epistemic.json
HSBC  seed= 37 ts=50000 bs=32 unc=epistemic: final=2920981.24, sharpe=1.1669, max_dd=0.2615, preservation=0.9860 -> probabilistic__HSBC__seed37__phase2_epistemic.json
HSBC  seed= 42 ts=50000 bs=32 unc=epistemic: final=2894280.91, sharpe=1.1490, max_dd=0.2660, preservation=0.9860 -> probabilistic__HSBC__seed42__phase2_epistemic.json
HSBC  seed= 53 ts=50000 bs=32 unc=epistemic: final=2862570.90, sharpe=1.1381, max_dd=0.2656, preservation=0.9861 -> probabilistic__HSBC__seed53__phase2_epistemic.json
HSBC  seed= 67 ts=50000 bs=32 unc=epistemic: final=2929014.08, sharpe=1.1723, max_dd=0.2617, preservation=0.9860 -> probabilistic__HSBC__seed67__phase2_epistemic.json
HSBC  seed= 89 ts=50000 bs=32 unc=epistemic: final=2893152.45, sharpe=1.3430, max_dd=0.2183, preservation=0.9860 -> probabilistic__HSBC__seed89__phase2_epistemic.json
IAU   seed=  7 ts=50000 bs=32 unc=epistemic: final=2346143.75, sharpe=1.3911, max_dd=0.1818, preservation=0.9563 -> probabilistic__IAU__seed7__phase2_epistemic.json
IAU   seed= 13 ts=50000 bs=32 unc=epistemic: final=2328887.85, sharpe=1.3596, max_dd=0.2020, preservation=0.9563 -> probabilistic__IAU__seed13__phase2_epistemic.json
IAU   seed= 19 ts=50000 bs=32 unc=epistemic: final=2318319.57, sharpe=1.3585, max_dd=0.1969, preservation=0.9563 -> probabilistic__IAU__seed19__phase2_epistemic.json
IAU   seed= 23 ts=50000 bs=32 unc=epistemic: final=2254646.67, sharpe=1.3973, max_dd=0.1706, preservation=0.9573 -> probabilistic__IAU__seed23__phase2_epistemic.json
IAU   seed= 29 ts=50000 bs=32 unc=epistemic: final=2344705.98, sharpe=1.3964, max_dd=0.1761, preservation=0.9563 -> probabilistic__IAU__seed29__phase2_epistemic.json
IAU   seed= 37 ts=50000 bs=32 unc=epistemic: final=2324502.36, sharpe=1.3691, max_dd=0.1907, preservation=0.9563 -> probabilistic__IAU__seed37__phase2_epistemic.json
IAU   seed= 42 ts=50000 bs=32 unc=epistemic: final=1804531.45, sharpe=1.3528, max_dd=0.1418, preservation=0.9726 -> probabilistic__IAU__seed42__phase2_epistemic.json
IAU   seed= 53 ts=50000 bs=32 unc=epistemic: final=2318189.72, sharpe=1.3595, max_dd=0.1955, preservation=0.9563 -> probabilistic__IAU__seed53__phase2_epistemic.json
IAU   seed= 67 ts=50000 bs=32 unc=epistemic: final=2285343.04, sharpe=1.3842, max_dd=0.1756, preservation=0.9569 -> probabilistic__IAU__seed67__phase2_epistemic.json
IAU   seed= 89 ts=50000 bs=32 unc=epistemic: final=2336520.46, sharpe=1.5660, max_dd=0.1005, preservation=0.9563 -> probabilistic__IAU__seed89__phase2_epistemic.json
IBB   seed=  7 ts=50000 bs=32 unc=epistemic: final=1328851.45, sharpe=0.3705, max_dd=0.2485, preservation=0.9834 -> probabilistic__IBB__seed7__phase2_epistemic.json
IBB   seed= 13 ts=50000 bs=32 unc=epistemic: final=986545.84, sharpe=-0.4052, max_dd=0.0153, preservation=0.9865 -> probabilistic__IBB__seed13__phase2_epistemic.json
IBB   seed= 19 ts=50000 bs=32 unc=epistemic: final=1328989.61, sharpe=0.3416, max_dd=0.2485, preservation=0.9834 -> probabilistic__IBB__seed19__phase2_epistemic.json
IBB   seed= 23 ts=50000 bs=32 unc=epistemic: final=1062810.57, sharpe=0.1803, max_dd=0.1373, preservation=0.9934 -> probabilistic__IBB__seed23__phase2_epistemic.json
IBB   seed= 29 ts=50000 bs=32 unc=epistemic: final=1010078.25, sharpe=0.0981, max_dd=0.0373, preservation=0.9954 -> probabilistic__IBB__seed29__phase2_epistemic.json
IBB   seed= 37 ts=50000 bs=32 unc=epistemic: final=1263103.02, sharpe=0.3247, max_dd=0.2176, preservation=0.9850 -> probabilistic__IBB__seed37__phase2_epistemic.json
IBB   seed= 42 ts=50000 bs=32 unc=epistemic: final=1264473.30, sharpe=0.3674, max_dd=0.2216, preservation=0.9840 -> probabilistic__IBB__seed42__phase2_epistemic.json
IBB   seed= 53 ts=50000 bs=32 unc=epistemic: final=1180474.50, sharpe=0.3446, max_dd=0.1383, preservation=0.9895 -> probabilistic__IBB__seed53__phase2_epistemic.json
IBB   seed= 67 ts=50000 bs=32 unc=epistemic: final=1159517.25, sharpe=0.3155, max_dd=0.1590, preservation=0.9892 -> probabilistic__IBB__seed67__phase2_epistemic.json
IBB   seed= 89 ts=50000 bs=32 unc=epistemic: final=1342580.40, sharpe=0.3612, max_dd=0.2485, preservation=0.9834 -> probabilistic__IBB__seed89__phase2_epistemic.json
IBM   seed=  7 ts=50000 bs=32 unc=epistemic: final=1543042.96, sharpe=0.7648, max_dd=0.1622, preservation=0.9747 -> probabilistic__IBM__seed7__phase2_epistemic.json
IBM   seed= 13 ts=50000 bs=32 unc=epistemic: final=1278170.72, sharpe=0.9640, max_dd=0.0608, preservation=0.9907 -> probabilistic__IBM__seed13__phase2_epistemic.json
IBM   seed= 19 ts=50000 bs=32 unc=epistemic: final=2691414.51, sharpe=1.0896, max_dd=0.1982, preservation=0.9707 -> probabilistic__IBM__seed19__phase2_epistemic.json
IBM   seed= 23 ts=50000 bs=32 unc=epistemic: final=1800514.67, sharpe=0.9711, max_dd=0.1625, preservation=0.9792 -> probabilistic__IBM__seed23__phase2_epistemic.json
IBM   seed= 29 ts=50000 bs=32 unc=epistemic: final=2628396.73, sharpe=1.0902, max_dd=0.1982, preservation=0.9707 -> probabilistic__IBM__seed29__phase2_epistemic.json
IBM   seed= 37 ts=50000 bs=32 unc=epistemic: final=2139704.68, sharpe=1.0698, max_dd=0.1699, preservation=0.9831 -> probabilistic__IBM__seed37__phase2_epistemic.json
IBM   seed= 42 ts=50000 bs=32 unc=epistemic: final=2634960.65, sharpe=1.1006, max_dd=0.1982, preservation=0.9707 -> probabilistic__IBM__seed42__phase2_epistemic.json
IBM   seed= 53 ts=50000 bs=32 unc=epistemic: final=2683619.16, sharpe=1.0945, max_dd=0.1982, preservation=0.9707 -> probabilistic__IBM__seed53__phase2_epistemic.json
IBM   seed= 67 ts=50000 bs=32 unc=epistemic: final=2474272.25, sharpe=1.0952, max_dd=0.1911, preservation=0.9716 -> probabilistic__IBM__seed67__phase2_epistemic.json
IBM   seed= 89 ts=50000 bs=32 unc=epistemic: final=2509311.50, sharpe=1.1082, max_dd=0.1980, preservation=0.9707 -> probabilistic__IBM__seed89__phase2_epistemic.json
IJR   seed=  7 ts=50000 bs=32 unc=epistemic: final=1231269.36, sharpe=0.2475, max_dd=0.2802, preservation=0.9812 -> probabilistic__IJR__seed7__phase2_epistemic.json
IJR   seed= 13 ts=50000 bs=32 unc=epistemic: final=998071.81, sharpe=-0.0808, max_dd=0.0085, preservation=0.9959 -> probabilistic__IJR__seed13__phase2_epistemic.json
IJR   seed= 19 ts=50000 bs=32 unc=epistemic: final=1233606.33, sharpe=0.2507, max_dd=0.2802, preservation=0.9812 -> probabilistic__IJR__seed19__phase2_epistemic.json
IJR   seed= 23 ts=50000 bs=32 unc=epistemic: final=1001722.10, sharpe=0.0639, max_dd=0.0085, preservation=0.9993 -> probabilistic__IJR__seed23__phase2_epistemic.json
IJR   seed= 29 ts=50000 bs=32 unc=epistemic: final=999706.19, sharpe=-0.0130, max_dd=0.0085, preservation=0.9976 -> probabilistic__IJR__seed29__phase2_epistemic.json
IJR   seed= 37 ts=50000 bs=32 unc=epistemic: final=1176614.75, sharpe=0.2689, max_dd=0.2069, preservation=0.9875 -> probabilistic__IJR__seed37__phase2_epistemic.json
IJR   seed= 42 ts=50000 bs=32 unc=epistemic: final=1112621.43, sharpe=0.1925, max_dd=0.2111, preservation=0.9835 -> probabilistic__IJR__seed42__phase2_epistemic.json
IJR   seed= 53 ts=50000 bs=32 unc=epistemic: final=1239481.55, sharpe=0.2600, max_dd=0.2802, preservation=0.9812 -> probabilistic__IJR__seed53__phase2_epistemic.json
IJR   seed= 67 ts=50000 bs=32 unc=epistemic: final=1262635.60, sharpe=0.2876, max_dd=0.2802, preservation=0.9812 -> probabilistic__IJR__seed67__phase2_epistemic.json
IJR   seed= 89 ts=50000 bs=32 unc=epistemic: final=989340.72, sharpe=-0.2820, max_dd=0.0151, preservation=0.9850 -> probabilistic__IJR__seed89__phase2_epistemic.json
JNJ   seed=  7 ts=50000 bs=32 unc=epistemic: final=1215145.07, sharpe=0.5171, max_dd=0.1048, preservation=0.9844 -> probabilistic__JNJ__seed7__phase2_epistemic.json
JNJ   seed= 13 ts=50000 bs=32 unc=epistemic: final=1296918.58, sharpe=0.4704, max_dd=0.1427, preservation=0.9726 -> probabilistic__JNJ__seed13__phase2_epistemic.json
JNJ   seed= 19 ts=50000 bs=32 unc=epistemic: final=1359109.23, sharpe=0.4653, max_dd=0.1815, preservation=0.9691 -> probabilistic__JNJ__seed19__phase2_epistemic.json
JNJ   seed= 23 ts=50000 bs=32 unc=epistemic: final=1359657.40, sharpe=0.4650, max_dd=0.1818, preservation=0.9691 -> probabilistic__JNJ__seed23__phase2_epistemic.json
JNJ   seed= 29 ts=50000 bs=32 unc=epistemic: final=1351423.63, sharpe=0.4579, max_dd=0.1802, preservation=0.9691 -> probabilistic__JNJ__seed29__phase2_epistemic.json
JNJ   seed= 37 ts=50000 bs=32 unc=epistemic: final=1341545.35, sharpe=0.4598, max_dd=0.1724, preservation=0.9691 -> probabilistic__JNJ__seed37__phase2_epistemic.json
JNJ   seed= 42 ts=50000 bs=32 unc=epistemic: final=1352380.93, sharpe=0.5385, max_dd=0.1450, preservation=0.9704 -> probabilistic__JNJ__seed42__phase2_epistemic.json
JNJ   seed= 53 ts=50000 bs=32 unc=epistemic: final=1354596.47, sharpe=0.4663, max_dd=0.1745, preservation=0.9691 -> probabilistic__JNJ__seed53__phase2_epistemic.json
JNJ   seed= 67 ts=50000 bs=32 unc=epistemic: final=1235989.78, sharpe=0.4743, max_dd=0.1183, preservation=0.9785 -> probabilistic__JNJ__seed67__phase2_epistemic.json
JNJ   seed= 89 ts=50000 bs=32 unc=epistemic: final=1356393.27, sharpe=0.4809, max_dd=0.1723, preservation=0.9691 -> probabilistic__JNJ__seed89__phase2_epistemic.json
JPM   seed=  7 ts=50000 bs=32 unc=epistemic: final=2516452.23, sharpe=1.0072, max_dd=0.2743, preservation=0.9835 -> probabilistic__JPM__seed7__phase2_epistemic.json
JPM   seed= 13 ts=50000 bs=32 unc=epistemic: final=2106900.00, sharpe=0.9908, max_dd=0.2419, preservation=0.9856 -> probabilistic__JPM__seed13__phase2_epistemic.json
JPM   seed= 19 ts=50000 bs=32 unc=epistemic: final=2426563.74, sharpe=0.9373, max_dd=0.3050, preservation=0.9835 -> probabilistic__JPM__seed19__phase2_epistemic.json
JPM   seed= 23 ts=50000 bs=32 unc=epistemic: final=2281710.98, sharpe=1.0103, max_dd=0.2345, preservation=0.9842 -> probabilistic__JPM__seed23__phase2_epistemic.json
JPM   seed= 29 ts=50000 bs=32 unc=epistemic: final=2621548.85, sharpe=1.0796, max_dd=0.2442, preservation=0.9835 -> probabilistic__JPM__seed29__phase2_epistemic.json
JPM   seed= 37 ts=50000 bs=32 unc=epistemic: final=2553509.67, sharpe=1.0545, max_dd=0.2438, preservation=0.9836 -> probabilistic__JPM__seed37__phase2_epistemic.json
JPM   seed= 42 ts=50000 bs=32 unc=epistemic: final=2513406.12, sharpe=1.0082, max_dd=0.2708, preservation=0.9835 -> probabilistic__JPM__seed42__phase2_epistemic.json
JPM   seed= 53 ts=50000 bs=32 unc=epistemic: final=2470043.39, sharpe=0.9631, max_dd=0.2917, preservation=0.9835 -> probabilistic__JPM__seed53__phase2_epistemic.json
JPM   seed= 67 ts=50000 bs=32 unc=epistemic: final=2498529.94, sharpe=1.1034, max_dd=0.2394, preservation=0.9836 -> probabilistic__JPM__seed67__phase2_epistemic.json
JPM   seed= 89 ts=50000 bs=32 unc=epistemic: final=2377660.97, sharpe=1.1247, max_dd=0.2428, preservation=0.9836 -> probabilistic__JPM__seed89__phase2_epistemic.json
LLY   seed=  7 ts=50000 bs=32 unc=epistemic: final=3502395.72, sharpe=1.1038, max_dd=0.3420, preservation=0.9719 -> probabilistic__LLY__seed7__phase2_epistemic.json
LLY   seed= 13 ts=50000 bs=32 unc=epistemic: final=3710957.81, sharpe=1.1927, max_dd=0.3130, preservation=0.9735 -> probabilistic__LLY__seed13__phase2_epistemic.json
LLY   seed= 19 ts=50000 bs=32 unc=epistemic: final=4327540.19, sharpe=1.1836, max_dd=0.3447, preservation=0.9719 -> probabilistic__LLY__seed19__phase2_epistemic.json
LLY   seed= 23 ts=50000 bs=32 unc=epistemic: final=4051069.86, sharpe=1.1587, max_dd=0.3442, preservation=0.9719 -> probabilistic__LLY__seed23__phase2_epistemic.json
LLY   seed= 29 ts=50000 bs=32 unc=epistemic: final=4202590.97, sharpe=1.1688, max_dd=0.3447, preservation=0.9719 -> probabilistic__LLY__seed29__phase2_epistemic.json
LLY   seed= 37 ts=50000 bs=32 unc=epistemic: final=4235885.16, sharpe=1.1725, max_dd=0.3447, preservation=0.9719 -> probabilistic__LLY__seed37__phase2_epistemic.json
LLY   seed= 42 ts=50000 bs=32 unc=epistemic: final=4326727.10, sharpe=1.1869, max_dd=0.3447, preservation=0.9719 -> probabilistic__LLY__seed42__phase2_epistemic.json
LLY   seed= 53 ts=50000 bs=32 unc=epistemic: final=4328810.20, sharpe=1.1853, max_dd=0.3447, preservation=0.9719 -> probabilistic__LLY__seed53__phase2_epistemic.json
LLY   seed= 67 ts=50000 bs=32 unc=epistemic: final=3909232.04, sharpe=1.1685, max_dd=0.3327, preservation=0.9727 -> probabilistic__LLY__seed67__phase2_epistemic.json
LLY   seed= 89 ts=50000 bs=32 unc=epistemic: final=4180631.03, sharpe=1.1748, max_dd=0.3447, preservation=0.9719 -> probabilistic__LLY__seed89__phase2_epistemic.json
MA    seed=  7 ts=50000 bs=32 unc=epistemic: final=1594543.32, sharpe=0.5747, max_dd=0.2318, preservation=0.9661 -> probabilistic__MA__seed7__phase2_epistemic.json
MA    seed= 13 ts=50000 bs=32 unc=epistemic: final=1606938.99, sharpe=0.5806, max_dd=0.2266, preservation=0.9661 -> probabilistic__MA__seed13__phase2_epistemic.json
MA    seed= 19 ts=50000 bs=32 unc=epistemic: final=1575166.46, sharpe=0.5313, max_dd=0.2470, preservation=0.9661 -> probabilistic__MA__seed19__phase2_epistemic.json
MA    seed= 23 ts=50000 bs=32 unc=epistemic: final=1581187.00, sharpe=0.5372, max_dd=0.2464, preservation=0.9661 -> probabilistic__MA__seed23__phase2_epistemic.json
MA    seed= 29 ts=50000 bs=32 unc=epistemic: final=1307665.36, sharpe=0.6372, max_dd=0.1025, preservation=0.9878 -> probabilistic__MA__seed29__phase2_epistemic.json
MA    seed= 37 ts=50000 bs=32 unc=epistemic: final=1580492.19, sharpe=0.5950, max_dd=0.2142, preservation=0.9664 -> probabilistic__MA__seed37__phase2_epistemic.json
MA    seed= 42 ts=50000 bs=32 unc=epistemic: final=1582701.17, sharpe=0.5530, max_dd=0.2402, preservation=0.9661 -> probabilistic__MA__seed42__phase2_epistemic.json
MA    seed= 53 ts=50000 bs=32 unc=epistemic: final=1596944.33, sharpe=0.5651, max_dd=0.2345, preservation=0.9661 -> probabilistic__MA__seed53__phase2_epistemic.json
MA    seed= 67 ts=50000 bs=32 unc=epistemic: final=1548368.79, sharpe=0.5776, max_dd=0.2138, preservation=0.9674 -> probabilistic__MA__seed67__phase2_epistemic.json
MA    seed= 89 ts=50000 bs=32 unc=epistemic: final=1055368.99, sharpe=0.1696, max_dd=0.1323, preservation=0.9589 -> probabilistic__MA__seed89__phase2_epistemic.json
MCD   seed=  7 ts=50000 bs=32 unc=epistemic: final=1171685.44, sharpe=0.4159, max_dd=0.0974, preservation=0.9825 -> probabilistic__MCD__seed7__phase2_epistemic.json
MCD   seed= 13 ts=50000 bs=32 unc=epistemic: final=1134620.85, sharpe=0.3152, max_dd=0.1095, preservation=0.9758 -> probabilistic__MCD__seed13__phase2_epistemic.json
MCD   seed= 19 ts=50000 bs=32 unc=epistemic: final=1334220.07, sharpe=0.4250, max_dd=0.1721, preservation=0.9652 -> probabilistic__MCD__seed19__phase2_epistemic.json
MCD   seed= 23 ts=50000 bs=32 unc=epistemic: final=1338578.17, sharpe=0.4311, max_dd=0.1721, preservation=0.9652 -> probabilistic__MCD__seed23__phase2_epistemic.json
MCD   seed= 29 ts=50000 bs=32 unc=epistemic: final=991381.20, sharpe=-0.5330, max_dd=0.0145, preservation=0.9855 -> probabilistic__MCD__seed29__phase2_epistemic.json
MCD   seed= 37 ts=50000 bs=32 unc=epistemic: final=1170905.92, sharpe=0.3271, max_dd=0.1365, preservation=0.9730 -> probabilistic__MCD__seed37__phase2_epistemic.json
MCD   seed= 42 ts=50000 bs=32 unc=epistemic: final=993275.72, sharpe=-0.4278, max_dd=0.0132, preservation=0.9874 -> probabilistic__MCD__seed42__phase2_epistemic.json
MCD   seed= 53 ts=50000 bs=32 unc=epistemic: final=994118.81, sharpe=-0.3774, max_dd=0.0118, preservation=0.9882 -> probabilistic__MCD__seed53__phase2_epistemic.json
MCD   seed= 67 ts=50000 bs=32 unc=epistemic: final=1296997.52, sharpe=0.4342, max_dd=0.1605, preservation=0.9653 -> probabilistic__MCD__seed67__phase2_epistemic.json
MCD   seed= 89 ts=50000 bs=32 unc=epistemic: final=1219625.02, sharpe=0.3449, max_dd=0.1713, preservation=0.9652 -> probabilistic__MCD__seed89__phase2_epistemic.json
META  seed=  7 ts=50000 bs=32 unc=epistemic: final=2689518.62, sharpe=0.5952, max_dd=0.6401, preservation=0.8350 -> probabilistic__META__seed7__phase2_epistemic.json
META  seed= 13 ts=50000 bs=32 unc=epistemic: final=930209.31, sharpe=-0.2293, max_dd=0.2117, preservation=0.9247 -> probabilistic__META__seed13__phase2_epistemic.json
META  seed= 19 ts=50000 bs=32 unc=epistemic: final=2120033.22, sharpe=0.6116, max_dd=0.5191, preservation=0.8669 -> probabilistic__META__seed19__phase2_epistemic.json
META  seed= 23 ts=50000 bs=32 unc=epistemic: final=2729982.75, sharpe=0.6054, max_dd=0.6330, preservation=0.8350 -> probabilistic__META__seed23__phase2_epistemic.json
META  seed= 29 ts=50000 bs=32 unc=epistemic: final=3196286.91, sharpe=0.7775, max_dd=0.5291, preservation=0.8350 -> probabilistic__META__seed29__phase2_epistemic.json
META  seed= 37 ts=50000 bs=32 unc=epistemic: final=868111.03, sharpe=-0.5580, max_dd=0.1405, preservation=0.8630 -> probabilistic__META__seed37__phase2_epistemic.json
META  seed= 42 ts=50000 bs=32 unc=epistemic: final=854242.26, sharpe=-0.6194, max_dd=0.1512, preservation=0.8492 -> probabilistic__META__seed42__phase2_epistemic.json
META  seed= 53 ts=50000 bs=32 unc=epistemic: final=2716442.93, sharpe=0.6156, max_dd=0.6205, preservation=0.8387 -> probabilistic__META__seed53__phase2_epistemic.json
META  seed= 67 ts=50000 bs=32 unc=epistemic: final=871664.78, sharpe=-0.4741, max_dd=0.2161, preservation=0.8665 -> probabilistic__META__seed67__phase2_epistemic.json
META  seed= 89 ts=50000 bs=32 unc=epistemic: final=2864164.41, sharpe=0.6889, max_dd=0.5831, preservation=0.8376 -> probabilistic__META__seed89__phase2_epistemic.json
MSFT  seed=  7 ts=50000 bs=32 unc=epistemic: final=1672845.52, sharpe=0.5095, max_dd=0.3063, preservation=0.9003 -> probabilistic__MSFT__seed7__phase2_epistemic.json
MSFT  seed= 13 ts=50000 bs=32 unc=epistemic: final=994048.83, sharpe=-0.0745, max_dd=0.0371, preservation=0.9861 -> probabilistic__MSFT__seed13__phase2_epistemic.json
MSFT  seed= 19 ts=50000 bs=32 unc=epistemic: final=1738316.35, sharpe=0.5892, max_dd=0.2525, preservation=0.9003 -> probabilistic__MSFT__seed19__phase2_epistemic.json
MSFT  seed= 23 ts=50000 bs=32 unc=epistemic: final=1574859.11, sharpe=0.5922, max_dd=0.2038, preservation=0.9182 -> probabilistic__MSFT__seed23__phase2_epistemic.json
MSFT  seed= 29 ts=50000 bs=32 unc=epistemic: final=994648.11, sharpe=-0.0972, max_dd=0.0288, preservation=0.9876 -> probabilistic__MSFT__seed29__phase2_epistemic.json
MSFT  seed= 37 ts=50000 bs=32 unc=epistemic: final=1700538.63, sharpe=0.5674, max_dd=0.2685, preservation=0.9027 -> probabilistic__MSFT__seed37__phase2_epistemic.json
MSFT  seed= 42 ts=50000 bs=32 unc=epistemic: final=1052655.79, sharpe=0.1134, max_dd=0.1879, preservation=0.9434 -> probabilistic__MSFT__seed42__phase2_epistemic.json
MSFT  seed= 53 ts=50000 bs=32 unc=epistemic: final=1157582.97, sharpe=0.3402, max_dd=0.1742, preservation=0.9566 -> probabilistic__MSFT__seed53__phase2_epistemic.json
MSFT  seed= 67 ts=50000 bs=32 unc=epistemic: final=1735597.16, sharpe=0.5732, max_dd=0.2651, preservation=0.9003 -> probabilistic__MSFT__seed67__phase2_epistemic.json
MSFT  seed= 89 ts=50000 bs=32 unc=epistemic: final=1693279.93, sharpe=0.5829, max_dd=0.2454, preservation=0.9017 -> probabilistic__MSFT__seed89__phase2_epistemic.json
NFLX  seed=  7 ts=50000 bs=32 unc=epistemic: final=2520953.68, sharpe=0.6938, max_dd=0.4171, preservation=0.7284 -> probabilistic__NFLX__seed7__phase2_epistemic.json
NFLX  seed= 13 ts=50000 bs=32 unc=epistemic: final=1653802.06, sharpe=0.5244, max_dd=0.3661, preservation=0.7932 -> probabilistic__NFLX__seed13__phase2_epistemic.json
NFLX  seed= 19 ts=50000 bs=32 unc=epistemic: final=2415416.94, sharpe=0.5192, max_dd=0.5691, preservation=0.7031 -> probabilistic__NFLX__seed19__phase2_epistemic.json
NFLX  seed= 23 ts=50000 bs=32 unc=epistemic: final=2406544.55, sharpe=0.6585, max_dd=0.4291, preservation=0.7149 -> probabilistic__NFLX__seed23__phase2_epistemic.json
NFLX  seed= 29 ts=50000 bs=32 unc=epistemic: final=2975352.83, sharpe=0.8334, max_dd=0.3191, preservation=0.7053 -> probabilistic__NFLX__seed29__phase2_epistemic.json
NFLX  seed= 37 ts=50000 bs=32 unc=epistemic: final=2226594.52, sharpe=0.6508, max_dd=0.3997, preservation=0.7432 -> probabilistic__NFLX__seed37__phase2_epistemic.json
NFLX  seed= 42 ts=50000 bs=32 unc=epistemic: final=874226.42, sharpe=-0.3053, max_dd=0.2948, preservation=0.8742 -> probabilistic__NFLX__seed42__phase2_epistemic.json
NFLX  seed= 53 ts=50000 bs=32 unc=epistemic: final=2110201.30, sharpe=0.5833, max_dd=0.4336, preservation=0.7617 -> probabilistic__NFLX__seed53__phase2_epistemic.json
NFLX  seed= 67 ts=50000 bs=32 unc=epistemic: final=2861490.42, sharpe=0.6704, max_dd=0.4779, preservation=0.7031 -> probabilistic__NFLX__seed67__phase2_epistemic.json
NFLX  seed= 89 ts=50000 bs=32 unc=epistemic: final=2769072.34, sharpe=0.8298, max_dd=0.3111, preservation=0.7333 -> probabilistic__NFLX__seed89__phase2_epistemic.json
NVDA  seed=  7 ts=50000 bs=32 unc=epistemic: final=8194022.33, sharpe=1.0552, max_dd=0.5609, preservation=0.9092 -> probabilistic__NVDA__seed7__phase2_epistemic.json
NVDA  seed= 13 ts=50000 bs=32 unc=epistemic: final=5918873.37, sharpe=1.1635, max_dd=0.4128, preservation=0.9202 -> probabilistic__NVDA__seed13__phase2_epistemic.json
NVDA  seed= 19 ts=50000 bs=32 unc=epistemic: final=8702713.88, sharpe=1.1286, max_dd=0.5033, preservation=0.9092 -> probabilistic__NVDA__seed19__phase2_epistemic.json
NVDA  seed= 23 ts=50000 bs=32 unc=epistemic: final=7469853.05, sharpe=1.1034, max_dd=0.4847, preservation=0.9133 -> probabilistic__NVDA__seed23__phase2_epistemic.json
NVDA  seed= 29 ts=50000 bs=32 unc=epistemic: final=9434741.39, sharpe=1.2798, max_dd=0.3687, preservation=0.9092 -> probabilistic__NVDA__seed29__phase2_epistemic.json
NVDA  seed= 37 ts=50000 bs=32 unc=epistemic: final=8578986.79, sharpe=1.1061, max_dd=0.5278, preservation=0.9092 -> probabilistic__NVDA__seed37__phase2_epistemic.json
NVDA  seed= 42 ts=50000 bs=32 unc=epistemic: final=1400597.12, sharpe=0.3876, max_dd=0.3579, preservation=0.9356 -> probabilistic__NVDA__seed42__phase2_epistemic.json
NVDA  seed= 53 ts=50000 bs=32 unc=epistemic: final=8709962.17, sharpe=1.1188, max_dd=0.5193, preservation=0.9092 -> probabilistic__NVDA__seed53__phase2_epistemic.json
NVDA  seed= 67 ts=50000 bs=32 unc=epistemic: final=8210335.12, sharpe=1.0576, max_dd=0.5576, preservation=0.9092 -> probabilistic__NVDA__seed67__phase2_epistemic.json
NVDA  seed= 89 ts=50000 bs=32 unc=epistemic: final=8876064.91, sharpe=1.2496, max_dd=0.3745, preservation=0.9129 -> probabilistic__NVDA__seed89__phase2_epistemic.json
ORCL  seed=  7 ts=50000 bs=32 unc=epistemic: final=2612280.03, sharpe=0.6315, max_dd=0.4555, preservation=0.5961 -> probabilistic__ORCL__seed7__phase2_epistemic.json
ORCL  seed= 13 ts=50000 bs=32 unc=epistemic: final=2574190.11, sharpe=0.6280, max_dd=0.4555, preservation=0.5961 -> probabilistic__ORCL__seed13__phase2_epistemic.json
ORCL  seed= 19 ts=50000 bs=32 unc=epistemic: final=2630808.86, sharpe=0.6319, max_dd=0.4555, preservation=0.5961 -> probabilistic__ORCL__seed19__phase2_epistemic.json
ORCL  seed= 23 ts=50000 bs=32 unc=epistemic: final=1464594.11, sharpe=0.4982, max_dd=0.2828, preservation=0.7562 -> probabilistic__ORCL__seed23__phase2_epistemic.json
ORCL  seed= 29 ts=50000 bs=32 unc=epistemic: final=1978273.82, sharpe=0.7270, max_dd=0.2974, preservation=0.7385 -> probabilistic__ORCL__seed29__phase2_epistemic.json
ORCL  seed= 37 ts=50000 bs=32 unc=epistemic: final=2370524.33, sharpe=0.6603, max_dd=0.3739, preservation=0.6682 -> probabilistic__ORCL__seed37__phase2_epistemic.json
ORCL  seed= 42 ts=50000 bs=32 unc=epistemic: final=1785915.44, sharpe=0.6831, max_dd=0.2668, preservation=0.7527 -> probabilistic__ORCL__seed42__phase2_epistemic.json
ORCL  seed= 53 ts=50000 bs=32 unc=epistemic: final=2607071.53, sharpe=0.6239, max_dd=0.4555, preservation=0.5961 -> probabilistic__ORCL__seed53__phase2_epistemic.json
ORCL  seed= 67 ts=50000 bs=32 unc=epistemic: final=2319842.24, sharpe=0.6410, max_dd=0.4082, preservation=0.6382 -> probabilistic__ORCL__seed67__phase2_epistemic.json
ORCL  seed= 89 ts=50000 bs=32 unc=epistemic: final=2652839.51, sharpe=0.6386, max_dd=0.4555, preservation=0.5961 -> probabilistic__ORCL__seed89__phase2_epistemic.json
PGR   seed=  7 ts=50000 bs=32 unc=epistemic: final=1105690.67, sharpe=0.3394, max_dd=0.1404, preservation=0.9019 -> probabilistic__PGR__seed7__phase2_epistemic.json
PGR   seed= 13 ts=50000 bs=32 unc=epistemic: final=2066139.68, sharpe=0.7820, max_dd=0.2997, preservation=0.7856 -> probabilistic__PGR__seed13__phase2_epistemic.json
PGR   seed= 19 ts=50000 bs=32 unc=epistemic: final=1273392.05, sharpe=0.5793, max_dd=0.1109, preservation=0.9525 -> probabilistic__PGR__seed19__phase2_epistemic.json
PGR   seed= 23 ts=50000 bs=32 unc=epistemic: final=2146972.21, sharpe=0.7874, max_dd=0.2997, preservation=0.7856 -> probabilistic__PGR__seed23__phase2_epistemic.json
PGR   seed= 29 ts=50000 bs=32 unc=epistemic: final=2051445.54, sharpe=0.8030, max_dd=0.2757, preservation=0.8026 -> probabilistic__PGR__seed29__phase2_epistemic.json
PGR   seed= 37 ts=50000 bs=32 unc=epistemic: final=1983359.95, sharpe=0.7731, max_dd=0.2903, preservation=0.7904 -> probabilistic__PGR__seed37__phase2_epistemic.json
PGR   seed= 42 ts=50000 bs=32 unc=epistemic: final=2109552.39, sharpe=0.7907, max_dd=0.2997, preservation=0.7856 -> probabilistic__PGR__seed42__phase2_epistemic.json
PGR   seed= 53 ts=50000 bs=32 unc=epistemic: final=2156729.53, sharpe=0.7895, max_dd=0.2997, preservation=0.7856 -> probabilistic__PGR__seed53__phase2_epistemic.json
PGR   seed= 67 ts=50000 bs=32 unc=epistemic: final=1779669.48, sharpe=0.7316, max_dd=0.2679, preservation=0.8086 -> probabilistic__PGR__seed67__phase2_epistemic.json
PGR   seed= 89 ts=50000 bs=32 unc=epistemic: final=2001976.13, sharpe=0.7625, max_dd=0.2997, preservation=0.7856 -> probabilistic__PGR__seed89__phase2_epistemic.json
PLTR  seed=  7 ts=50000 bs=32 unc=epistemic: final=15888601.39, sharpe=1.1426, max_dd=0.4907, preservation=0.8890 -> probabilistic__PLTR__seed7__phase2_epistemic.json
PLTR  seed= 13 ts=50000 bs=32 unc=epistemic: final=15390946.14, sharpe=1.1286, max_dd=0.4969, preservation=0.8890 -> probabilistic__PLTR__seed13__phase2_epistemic.json
PLTR  seed= 19 ts=50000 bs=32 unc=epistemic: final=15472905.52, sharpe=1.1174, max_dd=0.5091, preservation=0.8890 -> probabilistic__PLTR__seed19__phase2_epistemic.json
PLTR  seed= 23 ts=50000 bs=32 unc=epistemic: final=7084395.48, sharpe=1.0992, max_dd=0.3916, preservation=0.9236 -> probabilistic__PLTR__seed23__phase2_epistemic.json
PLTR  seed= 29 ts=50000 bs=32 unc=epistemic: final=18080732.69, sharpe=1.2846, max_dd=0.4057, preservation=0.8891 -> probabilistic__PLTR__seed29__phase2_epistemic.json
PLTR  seed= 37 ts=50000 bs=32 unc=epistemic: final=9643794.39, sharpe=1.1539, max_dd=0.4493, preservation=0.9324 -> probabilistic__PLTR__seed37__phase2_epistemic.json
PLTR  seed= 42 ts=50000 bs=32 unc=epistemic: final=8999337.71, sharpe=1.1630, max_dd=0.3955, preservation=0.8897 -> probabilistic__PLTR__seed42__phase2_epistemic.json
PLTR  seed= 53 ts=50000 bs=32 unc=epistemic: final=14881872.30, sharpe=1.0723, max_dd=0.5451, preservation=0.8890 -> probabilistic__PLTR__seed53__phase2_epistemic.json
PLTR  seed= 67 ts=50000 bs=32 unc=epistemic: final=16571667.92, sharpe=1.1589, max_dd=0.4694, preservation=0.8890 -> probabilistic__PLTR__seed67__phase2_epistemic.json
PLTR  seed= 89 ts=50000 bs=32 unc=epistemic: final=11164721.72, sharpe=1.3001, max_dd=0.3933, preservation=0.8904 -> probabilistic__PLTR__seed89__phase2_epistemic.json
PPLT  seed=  7 ts=50000 bs=32 unc=epistemic: final=2090921.07, sharpe=0.6844, max_dd=0.2483, preservation=0.8757 -> probabilistic__PPLT__seed7__phase2_epistemic.json
PPLT  seed= 13 ts=50000 bs=32 unc=epistemic: final=2064184.21, sharpe=0.6712, max_dd=0.2488, preservation=0.8757 -> probabilistic__PPLT__seed13__phase2_epistemic.json
PPLT  seed= 19 ts=50000 bs=32 unc=epistemic: final=2049424.12, sharpe=0.6575, max_dd=0.2488, preservation=0.8757 -> probabilistic__PPLT__seed19__phase2_epistemic.json
PPLT  seed= 23 ts=50000 bs=32 unc=epistemic: final=2051186.65, sharpe=0.6626, max_dd=0.2483, preservation=0.8757 -> probabilistic__PPLT__seed23__phase2_epistemic.json
PPLT  seed= 29 ts=50000 bs=32 unc=epistemic: final=2078901.55, sharpe=0.6751, max_dd=0.2492, preservation=0.8757 -> probabilistic__PPLT__seed29__phase2_epistemic.json
PPLT  seed= 37 ts=50000 bs=32 unc=epistemic: final=2076585.44, sharpe=0.7064, max_dd=0.2459, preservation=0.8757 -> probabilistic__PPLT__seed37__phase2_epistemic.json
PPLT  seed= 42 ts=50000 bs=32 unc=epistemic: final=1561379.54, sharpe=0.6221, max_dd=0.1960, preservation=0.9253 -> probabilistic__PPLT__seed42__phase2_epistemic.json
PPLT  seed= 53 ts=50000 bs=32 unc=epistemic: final=2060633.77, sharpe=0.6691, max_dd=0.2486, preservation=0.8757 -> probabilistic__PPLT__seed53__phase2_epistemic.json
PPLT  seed= 67 ts=50000 bs=32 unc=epistemic: final=1493081.50, sharpe=0.6797, max_dd=0.1509, preservation=0.9005 -> probabilistic__PPLT__seed67__phase2_epistemic.json
PPLT  seed= 89 ts=50000 bs=32 unc=epistemic: final=2013806.00, sharpe=0.7572, max_dd=0.2096, preservation=0.8824 -> probabilistic__PPLT__seed89__phase2_epistemic.json
QCOM  seed=  7 ts=50000 bs=32 unc=epistemic: final=1169452.85, sharpe=0.1086, max_dd=0.4423, preservation=0.7889 -> probabilistic__QCOM__seed7__phase2_epistemic.json
QCOM  seed= 13 ts=50000 bs=32 unc=epistemic: final=986227.58, sharpe=-0.1506, max_dd=0.0443, preservation=0.9579 -> probabilistic__QCOM__seed13__phase2_epistemic.json
QCOM  seed= 19 ts=50000 bs=32 unc=epistemic: final=1176869.90, sharpe=0.1122, max_dd=0.4423, preservation=0.7889 -> probabilistic__QCOM__seed19__phase2_epistemic.json
QCOM  seed= 23 ts=50000 bs=32 unc=epistemic: final=1098804.63, sharpe=0.1663, max_dd=0.2460, preservation=0.9804 -> probabilistic__QCOM__seed23__phase2_epistemic.json
QCOM  seed= 29 ts=50000 bs=32 unc=epistemic: final=1312960.64, sharpe=0.2207, max_dd=0.4393, preservation=0.7920 -> probabilistic__QCOM__seed29__phase2_epistemic.json
QCOM  seed= 37 ts=50000 bs=32 unc=epistemic: final=1229743.52, sharpe=0.1549, max_dd=0.4415, preservation=0.7899 -> probabilistic__QCOM__seed37__phase2_epistemic.json
QCOM  seed= 42 ts=50000 bs=32 unc=epistemic: final=1025846.53, sharpe=0.1157, max_dd=0.1023, preservation=0.9824 -> probabilistic__QCOM__seed42__phase2_epistemic.json
QCOM  seed= 53 ts=50000 bs=32 unc=epistemic: final=1155441.33, sharpe=0.1096, max_dd=0.4054, preservation=0.7998 -> probabilistic__QCOM__seed53__phase2_epistemic.json
QCOM  seed= 67 ts=50000 bs=32 unc=epistemic: final=989190.54, sharpe=-0.1182, max_dd=0.0443, preservation=0.9608 -> probabilistic__QCOM__seed67__phase2_epistemic.json
QCOM  seed= 89 ts=50000 bs=32 unc=epistemic: final=1167235.98, sharpe=0.1071, max_dd=0.4423, preservation=0.7889 -> probabilistic__QCOM__seed89__phase2_epistemic.json
QQQ   seed=  7 ts=50000 bs=32 unc=epistemic: final=1824646.27, sharpe=0.6891, max_dd=0.2665, preservation=0.9778 -> probabilistic__QQQ__seed7__phase2_epistemic.json
QQQ   seed= 13 ts=50000 bs=32 unc=epistemic: final=1429841.13, sharpe=0.6180, max_dd=0.1991, preservation=0.9835 -> probabilistic__QQQ__seed13__phase2_epistemic.json
QQQ   seed= 19 ts=50000 bs=32 unc=epistemic: final=1871265.66, sharpe=0.7411, max_dd=0.2439, preservation=0.9778 -> probabilistic__QQQ__seed19__phase2_epistemic.json
QQQ   seed= 23 ts=50000 bs=32 unc=epistemic: final=1725241.06, sharpe=0.7742, max_dd=0.2096, preservation=0.9792 -> probabilistic__QQQ__seed23__phase2_epistemic.json
QQQ   seed= 29 ts=50000 bs=32 unc=epistemic: final=1971447.53, sharpe=0.8998, max_dd=0.2273, preservation=0.9778 -> probabilistic__QQQ__seed29__phase2_epistemic.json
QQQ   seed= 37 ts=50000 bs=32 unc=epistemic: final=1700058.08, sharpe=0.8273, max_dd=0.2072, preservation=0.9797 -> probabilistic__QQQ__seed37__phase2_epistemic.json
QQQ   seed= 42 ts=50000 bs=32 unc=epistemic: final=1653986.09, sharpe=0.7097, max_dd=0.2136, preservation=0.9783 -> probabilistic__QQQ__seed42__phase2_epistemic.json
QQQ   seed= 53 ts=50000 bs=32 unc=epistemic: final=1542245.39, sharpe=0.6508, max_dd=0.2350, preservation=0.9834 -> probabilistic__QQQ__seed53__phase2_epistemic.json
QQQ   seed= 67 ts=50000 bs=32 unc=epistemic: final=1887871.83, sharpe=0.7787, max_dd=0.2266, preservation=0.9779 -> probabilistic__QQQ__seed67__phase2_epistemic.json
QQQ   seed= 89 ts=50000 bs=32 unc=epistemic: final=1778728.78, sharpe=0.7435, max_dd=0.2174, preservation=0.9786 -> probabilistic__QQQ__seed89__phase2_epistemic.json
REGN  seed=  7 ts=50000 bs=32 unc=epistemic: final=1248240.29, sharpe=0.1841, max_dd=0.5969, preservation=0.6531 -> probabilistic__REGN__seed7__phase2_epistemic.json
REGN  seed= 13 ts=50000 bs=32 unc=epistemic: final=1008754.07, sharpe=0.3326, max_dd=0.0055, preservation=0.9957 -> probabilistic__REGN__seed13__phase2_epistemic.json
/scratch/PDRL/dissertation-project/experiments/common.py:273: RuntimeWarning: overflow encountered in multiply
  levels[1:] = last_real * np.exp(np.cumsum(sampled_returns))
/scratch/PDRL/dissertation-project/venv/lib/python3.12/site-packages/numpy/lib/_function_base_impl.py:1529: RuntimeWarning: invalid value encountered in subtract
  a = op(a[slice1], a[slice2])
REGN  seed= 19 ts=50000 bs=32 unc=epistemic: final=1269969.23, sharpe=0.2442, max_dd=0.4994, preservation=0.7499 -> probabilistic__REGN__seed19__phase2_epistemic.json
REGN  seed= 23 ts=50000 bs=32 unc=epistemic: final=1223043.09, sharpe=0.1703, max_dd=0.5969, preservation=0.6531 -> probabilistic__REGN__seed23__phase2_epistemic.json
REGN  seed= 29 ts=50000 bs=32 unc=epistemic: final=1250013.24, sharpe=0.1994, max_dd=0.5699, preservation=0.6730 -> probabilistic__REGN__seed29__phase2_epistemic.json
REGN  seed= 37 ts=50000 bs=32 unc=epistemic: final=1194901.34, sharpe=0.1580, max_dd=0.5958, preservation=0.6544 -> probabilistic__REGN__seed37__phase2_epistemic.json
REGN  seed= 42 ts=50000 bs=32 unc=epistemic: final=1256451.32, sharpe=0.2262, max_dd=0.5248, preservation=0.7162 -> probabilistic__REGN__seed42__phase2_epistemic.json
REGN  seed= 53 ts=50000 bs=32 unc=epistemic: final=1005511.63, sharpe=0.1901, max_dd=0.0096, preservation=0.9925 -> probabilistic__REGN__seed53__phase2_epistemic.json
REGN  seed= 67 ts=50000 bs=32 unc=epistemic: final=1227236.36, sharpe=0.1779, max_dd=0.5942, preservation=0.6565 -> probabilistic__REGN__seed67__phase2_epistemic.json
REGN  seed= 89 ts=50000 bs=32 unc=epistemic: final=1092098.26, sharpe=0.0891, max_dd=0.5794, preservation=0.6741 -> probabilistic__REGN__seed89__phase2_epistemic.json
RY    seed=  7 ts=50000 bs=32 unc=epistemic: final=1489206.52, sharpe=0.7706, max_dd=0.1990, preservation=1.0000 -> probabilistic__RY__seed7__phase2_epistemic.json
RY    seed= 13 ts=50000 bs=32 unc=epistemic: final=1532121.09, sharpe=0.7992, max_dd=0.2004, preservation=1.0000 -> probabilistic__RY__seed13__phase2_epistemic.json
RY    seed= 19 ts=50000 bs=32 unc=epistemic: final=1775727.46, sharpe=0.8183, max_dd=0.2449, preservation=1.0000 -> probabilistic__RY__seed19__phase2_epistemic.json
RY    seed= 23 ts=50000 bs=32 unc=epistemic: final=1782604.29, sharpe=0.8349, max_dd=0.2413, preservation=1.0000 -> probabilistic__RY__seed23__phase2_epistemic.json
RY    seed= 29 ts=50000 bs=32 unc=epistemic: final=1834833.24, sharpe=0.9393, max_dd=0.2165, preservation=1.0000 -> probabilistic__RY__seed29__phase2_epistemic.json
RY    seed= 37 ts=50000 bs=32 unc=epistemic: final=1777702.70, sharpe=0.8242, max_dd=0.2442, preservation=1.0000 -> probabilistic__RY__seed37__phase2_epistemic.json
RY    seed= 42 ts=50000 bs=32 unc=epistemic: final=1716592.68, sharpe=0.8146, max_dd=0.2387, preservation=1.0000 -> probabilistic__RY__seed42__phase2_epistemic.json
RY    seed= 53 ts=50000 bs=32 unc=epistemic: final=1784014.57, sharpe=0.8472, max_dd=0.2383, preservation=1.0000 -> probabilistic__RY__seed53__phase2_epistemic.json
RY    seed= 67 ts=50000 bs=32 unc=epistemic: final=1780210.86, sharpe=0.8658, max_dd=0.2249, preservation=1.0000 -> probabilistic__RY__seed67__phase2_epistemic.json
RY    seed= 89 ts=50000 bs=32 unc=epistemic: final=1818818.15, sharpe=1.0189, max_dd=0.1988, preservation=1.0000 -> probabilistic__RY__seed89__phase2_epistemic.json
RYTM  seed=  7 ts=50000 bs=32 unc=epistemic: final=14840140.61, sharpe=0.9165, max_dd=0.7217, preservation=0.9569 -> probabilistic__RYTM__seed7__phase2_epistemic.json
[FAIL] RYTM  seed= 13: ValueError: Expected parameter loc (Tensor of shape (64, 1)) of distribution Normal(loc: torch.Size([64, 1]), scale: torch.Size([64, -> probabilistic__RYTM__seed13__phase2_epistemic.failed.json
[FAIL] RYTM  seed= 19: ValueError: Expected parameter loc (Tensor of shape (64, 1)) of distribution Normal(loc: torch.Size([64, 1]), scale: torch.Size([64, -> probabilistic__RYTM__seed19__phase2_epistemic.failed.json
RYTM  seed= 23 ts=50000 bs=32 unc=epistemic: final=7113678.88, sharpe=1.0343, max_dd=0.4950, preservation=0.9699 -> probabilistic__RYTM__seed23__phase2_epistemic.json
RYTM  seed= 29 ts=50000 bs=32 unc=epistemic: final=9086433.58, sharpe=1.0522, max_dd=0.4623, preservation=0.9607 -> probabilistic__RYTM__seed29__phase2_epistemic.json
RYTM  seed= 37 ts=50000 bs=32 unc=epistemic: final=2430023.25, sharpe=0.6477, max_dd=0.4528, preservation=0.9841 -> probabilistic__RYTM__seed37__phase2_epistemic.json
RYTM  seed= 42 ts=50000 bs=32 unc=epistemic: final=14576840.59, sharpe=0.9091, max_dd=0.7274, preservation=0.9569 -> probabilistic__RYTM__seed42__phase2_epistemic.json
RYTM  seed= 53 ts=50000 bs=32 unc=epistemic: final=14062820.01, sharpe=0.9490, max_dd=0.6402, preservation=0.9569 -> probabilistic__RYTM__seed53__phase2_epistemic.json
[FAIL] RYTM  seed= 67: ValueError: Expected parameter loc (Tensor of shape (64, 1)) of distribution Normal(loc: torch.Size([64, 1]), scale: torch.Size([64, -> probabilistic__RYTM__seed67__phase2_epistemic.failed.json
RYTM  seed= 89 ts=50000 bs=32 unc=epistemic: final=1181146.88, sharpe=0.2089, max_dd=0.2905, preservation=0.9422 -> probabilistic__RYTM__seed89__phase2_epistemic.json
SAP   seed=  7 ts=50000 bs=32 unc=epistemic: final=2263003.85, sharpe=0.8350, max_dd=0.2786, preservation=0.7888 -> probabilistic__SAP__seed7__phase2_epistemic.json
SAP   seed= 13 ts=50000 bs=32 unc=epistemic: final=983539.65, sharpe=-0.2904, max_dd=0.0411, preservation=0.9835 -> probabilistic__SAP__seed13__phase2_epistemic.json
SAP   seed= 19 ts=50000 bs=32 unc=epistemic: final=2196687.82, sharpe=0.7642, max_dd=0.3199, preservation=0.7888 -> probabilistic__SAP__seed19__phase2_epistemic.json
SAP   seed= 23 ts=50000 bs=32 unc=epistemic: final=2087491.56, sharpe=0.8015, max_dd=0.2492, preservation=0.7895 -> probabilistic__SAP__seed23__phase2_epistemic.json
SAP   seed= 29 ts=50000 bs=32 unc=epistemic: final=979089.07, sharpe=-0.5899, max_dd=0.0219, preservation=0.9791 -> probabilistic__SAP__seed29__phase2_epistemic.json
SAP   seed= 37 ts=50000 bs=32 unc=epistemic: final=2290859.72, sharpe=0.8604, max_dd=0.2596, preservation=0.7893 -> probabilistic__SAP__seed37__phase2_epistemic.json
SAP   seed= 42 ts=50000 bs=32 unc=epistemic: final=1063974.60, sharpe=0.1314, max_dd=0.2132, preservation=0.8635 -> probabilistic__SAP__seed42__phase2_epistemic.json
SAP   seed= 53 ts=50000 bs=32 unc=epistemic: final=2280593.86, sharpe=0.8268, max_dd=0.2866, preservation=0.7888 -> probabilistic__SAP__seed53__phase2_epistemic.json
SAP   seed= 67 ts=50000 bs=32 unc=epistemic: final=2302102.66, sharpe=0.9004, max_dd=0.2464, preservation=0.7919 -> probabilistic__SAP__seed67__phase2_epistemic.json
SAP   seed= 89 ts=50000 bs=32 unc=epistemic: final=2209305.18, sharpe=0.9188, max_dd=0.2491, preservation=0.7895 -> probabilistic__SAP__seed89__phase2_epistemic.json
SCHB  seed=  7 ts=50000 bs=32 unc=epistemic: final=1604178.19, sharpe=0.6924, max_dd=0.2110, preservation=0.9966 -> probabilistic__SCHB__seed7__phase2_epistemic.json
SCHB  seed= 13 ts=50000 bs=32 unc=epistemic: final=1411176.41, sharpe=0.6628, max_dd=0.1681, preservation=0.9972 -> probabilistic__SCHB__seed13__phase2_epistemic.json
SCHB  seed= 19 ts=50000 bs=32 unc=epistemic: final=1617187.69, sharpe=0.7097, max_dd=0.2063, preservation=0.9966 -> probabilistic__SCHB__seed19__phase2_epistemic.json
SCHB  seed= 23 ts=50000 bs=32 unc=epistemic: final=1634589.32, sharpe=0.7655, max_dd=0.1934, preservation=0.9966 -> probabilistic__SCHB__seed23__phase2_epistemic.json
SCHB  seed= 29 ts=50000 bs=32 unc=epistemic: final=1713400.60, sharpe=0.9394, max_dd=0.1934, preservation=0.9966 -> probabilistic__SCHB__seed29__phase2_epistemic.json
SCHB  seed= 37 ts=50000 bs=32 unc=epistemic: final=1539183.87, sharpe=0.8315, max_dd=0.1851, preservation=0.9967 -> probabilistic__SCHB__seed37__phase2_epistemic.json
SCHB  seed= 42 ts=50000 bs=32 unc=epistemic: final=1123421.45, sharpe=0.3484, max_dd=0.1417, preservation=0.9974 -> probabilistic__SCHB__seed42__phase2_epistemic.json
SCHB  seed= 53 ts=50000 bs=32 unc=epistemic: final=1524426.90, sharpe=0.7139, max_dd=0.1892, preservation=0.9969 -> probabilistic__SCHB__seed53__phase2_epistemic.json
SCHB  seed= 67 ts=50000 bs=32 unc=epistemic: final=1541166.86, sharpe=0.7294, max_dd=0.1754, preservation=0.9969 -> probabilistic__SCHB__seed67__phase2_epistemic.json
SCHB  seed= 89 ts=50000 bs=32 unc=epistemic: final=1522938.21, sharpe=0.8139, max_dd=0.1696, preservation=0.9972 -> probabilistic__SCHB__seed89__phase2_epistemic.json
SCHD  seed=  7 ts=50000 bs=32 unc=epistemic: final=1150324.18, sharpe=0.3222, max_dd=0.1263, preservation=0.9806 -> probabilistic__SCHD__seed7__phase2_epistemic.json
SCHD  seed= 13 ts=50000 bs=32 unc=epistemic: final=999407.76, sharpe=-0.0030, max_dd=0.0662, preservation=0.9865 -> probabilistic__SCHD__seed13__phase2_epistemic.json
SCHD  seed= 19 ts=50000 bs=32 unc=epistemic: final=1222558.19, sharpe=0.3484, max_dd=0.1612, preservation=0.9811 -> probabilistic__SCHD__seed19__phase2_epistemic.json
SCHD  seed= 23 ts=50000 bs=32 unc=epistemic: final=1222213.08, sharpe=0.3506, max_dd=0.1612, preservation=0.9811 -> probabilistic__SCHD__seed23__phase2_epistemic.json
SCHD  seed= 29 ts=50000 bs=32 unc=epistemic: final=1185883.82, sharpe=0.3718, max_dd=0.1340, preservation=0.9832 -> probabilistic__SCHD__seed29__phase2_epistemic.json
SCHD  seed= 37 ts=50000 bs=32 unc=epistemic: final=1190852.17, sharpe=0.3635, max_dd=0.1500, preservation=0.9823 -> probabilistic__SCHD__seed37__phase2_epistemic.json
SCHD  seed= 42 ts=50000 bs=32 unc=epistemic: final=1228488.74, sharpe=0.3676, max_dd=0.1612, preservation=0.9811 -> probabilistic__SCHD__seed42__phase2_epistemic.json
SCHD  seed= 53 ts=50000 bs=32 unc=epistemic: final=1223076.16, sharpe=0.3516, max_dd=0.1612, preservation=0.9811 -> probabilistic__SCHD__seed53__phase2_epistemic.json
SCHD  seed= 67 ts=50000 bs=32 unc=epistemic: final=1185639.03, sharpe=0.3522, max_dd=0.1424, preservation=0.9815 -> probabilistic__SCHD__seed67__phase2_epistemic.json
SCHD  seed= 89 ts=50000 bs=32 unc=epistemic: final=1163752.53, sharpe=0.3802, max_dd=0.1439, preservation=0.9829 -> probabilistic__SCHD__seed89__phase2_epistemic.json
SCHF  seed=  7 ts=50000 bs=32 unc=epistemic: final=1484258.01, sharpe=0.6385, max_dd=0.2417, preservation=0.9983 -> probabilistic__SCHF__seed7__phase2_epistemic.json
SCHF  seed= 13 ts=50000 bs=32 unc=epistemic: final=1285462.92, sharpe=0.5951, max_dd=0.1774, preservation=0.9987 -> probabilistic__SCHF__seed13__phase2_epistemic.json
SCHF  seed= 19 ts=50000 bs=32 unc=epistemic: final=1483252.72, sharpe=0.6328, max_dd=0.2420, preservation=0.9983 -> probabilistic__SCHF__seed19__phase2_epistemic.json
SCHF  seed= 23 ts=50000 bs=32 unc=epistemic: final=1501852.62, sharpe=0.6869, max_dd=0.2172, preservation=0.9983 -> probabilistic__SCHF__seed23__phase2_epistemic.json
SCHF  seed= 29 ts=50000 bs=32 unc=epistemic: final=1513535.67, sharpe=0.6828, max_dd=0.2252, preservation=0.9983 -> probabilistic__SCHF__seed29__phase2_epistemic.json
SCHF  seed= 37 ts=50000 bs=32 unc=epistemic: final=1513004.68, sharpe=0.6830, max_dd=0.2246, preservation=0.9983 -> probabilistic__SCHF__seed37__phase2_epistemic.json
SCHF  seed= 42 ts=50000 bs=32 unc=epistemic: final=1495782.34, sharpe=0.6630, max_dd=0.2290, preservation=0.9983 -> probabilistic__SCHF__seed42__phase2_epistemic.json
SCHF  seed= 53 ts=50000 bs=32 unc=epistemic: final=1510680.73, sharpe=0.6884, max_dd=0.2205, preservation=0.9983 -> probabilistic__SCHF__seed53__phase2_epistemic.json
SCHF  seed= 67 ts=50000 bs=32 unc=epistemic: final=1427791.48, sharpe=0.6549, max_dd=0.2112, preservation=0.9985 -> probabilistic__SCHF__seed67__phase2_epistemic.json
SCHF  seed= 89 ts=50000 bs=32 unc=epistemic: final=1052133.16, sharpe=0.2441, max_dd=0.0931, preservation=0.9958 -> probabilistic__SCHF__seed89__phase2_epistemic.json
SCHG  seed=  7 ts=50000 bs=32 unc=epistemic: final=1885609.38, sharpe=0.7440, max_dd=0.2504, preservation=0.9784 -> probabilistic__SCHG__seed7__phase2_epistemic.json
SCHG  seed= 13 ts=50000 bs=32 unc=epistemic: final=1541775.58, sharpe=0.6732, max_dd=0.2100, preservation=0.9824 -> probabilistic__SCHG__seed13__phase2_epistemic.json
SCHG  seed= 19 ts=50000 bs=32 unc=epistemic: final=1913802.53, sharpe=0.7730, max_dd=0.2410, preservation=0.9784 -> probabilistic__SCHG__seed19__phase2_epistemic.json
SCHG  seed= 23 ts=50000 bs=32 unc=epistemic: final=1065705.49, sharpe=0.2221, max_dd=0.1482, preservation=0.9972 -> probabilistic__SCHG__seed23__phase2_epistemic.json
SCHG  seed= 29 ts=50000 bs=32 unc=epistemic: final=2028962.58, sharpe=0.9208, max_dd=0.2339, preservation=0.9784 -> probabilistic__SCHG__seed29__phase2_epistemic.json
SCHG  seed= 37 ts=50000 bs=32 unc=epistemic: final=1892501.02, sharpe=0.8195, max_dd=0.2324, preservation=0.9785 -> probabilistic__SCHG__seed37__phase2_epistemic.json
SCHG  seed= 42 ts=50000 bs=32 unc=epistemic: final=1892847.60, sharpe=0.7880, max_dd=0.2338, preservation=0.9784 -> probabilistic__SCHG__seed42__phase2_epistemic.json
SCHG  seed= 53 ts=50000 bs=32 unc=epistemic: final=1546814.87, sharpe=0.6733, max_dd=0.2288, preservation=0.9841 -> probabilistic__SCHG__seed53__phase2_epistemic.json
SCHG  seed= 67 ts=50000 bs=32 unc=epistemic: final=1919567.17, sharpe=0.7875, max_dd=0.2338, preservation=0.9784 -> probabilistic__SCHG__seed67__phase2_epistemic.json
SCHG  seed= 89 ts=50000 bs=32 unc=epistemic: final=1755377.78, sharpe=0.7408, max_dd=0.2218, preservation=0.9800 -> probabilistic__SCHG__seed89__phase2_epistemic.json
SCHK  seed=  7 ts=50000 bs=32 unc=epistemic: final=1619937.73, sharpe=0.7076, max_dd=0.2111, preservation=0.9967 -> probabilistic__SCHK__seed7__phase2_epistemic.json
SCHK  seed= 13 ts=50000 bs=32 unc=epistemic: final=1434787.52, sharpe=0.6805, max_dd=0.1712, preservation=0.9972 -> probabilistic__SCHK__seed13__phase2_epistemic.json
SCHK  seed= 19 ts=50000 bs=32 unc=epistemic: final=1631621.46, sharpe=0.7224, max_dd=0.2077, preservation=0.9967 -> probabilistic__SCHK__seed19__phase2_epistemic.json
SCHK  seed= 23 ts=50000 bs=32 unc=epistemic: final=1650815.19, sharpe=0.7889, max_dd=0.1920, preservation=0.9967 -> probabilistic__SCHK__seed23__phase2_epistemic.json
SCHK  seed= 29 ts=50000 bs=32 unc=epistemic: final=1733649.48, sharpe=0.9549, max_dd=0.1920, preservation=0.9967 -> probabilistic__SCHK__seed29__phase2_epistemic.json
SCHK  seed= 37 ts=50000 bs=32 unc=epistemic: final=1601504.33, sharpe=0.8514, max_dd=0.1901, preservation=0.9967 -> probabilistic__SCHK__seed37__phase2_epistemic.json
SCHK  seed= 42 ts=50000 bs=32 unc=epistemic: final=1563050.30, sharpe=0.7716, max_dd=0.1830, preservation=0.9968 -> probabilistic__SCHK__seed42__phase2_epistemic.json
SCHK  seed= 53 ts=50000 bs=32 unc=epistemic: final=1598325.06, sharpe=0.7581, max_dd=0.1872, preservation=0.9969 -> probabilistic__SCHK__seed53__phase2_epistemic.json
SCHK  seed= 67 ts=50000 bs=32 unc=epistemic: final=1610652.01, sharpe=0.7697, max_dd=0.1837, preservation=0.9968 -> probabilistic__SCHK__seed67__phase2_epistemic.json
SCHK  seed= 89 ts=50000 bs=32 unc=epistemic: final=1290378.64, sharpe=0.7197, max_dd=0.1407, preservation=0.9975 -> probabilistic__SCHK__seed89__phase2_epistemic.json
SCHV  seed=  7 ts=50000 bs=32 unc=epistemic: final=1399500.63, sharpe=0.6288, max_dd=0.1523, preservation=0.9977 -> probabilistic__SCHV__seed7__phase2_epistemic.json
SCHV  seed= 13 ts=50000 bs=32 unc=epistemic: final=1306805.06, sharpe=0.5674, max_dd=0.1473, preservation=0.9979 -> probabilistic__SCHV__seed13__phase2_epistemic.json
SCHV  seed= 19 ts=50000 bs=32 unc=epistemic: final=1389292.71, sharpe=0.5706, max_dd=0.1810, preservation=0.9977 -> probabilistic__SCHV__seed19__phase2_epistemic.json
SCHV  seed= 23 ts=50000 bs=32 unc=epistemic: final=1388585.93, sharpe=0.5707, max_dd=0.1802, preservation=0.9977 -> probabilistic__SCHV__seed23__phase2_epistemic.json
SCHV  seed= 29 ts=50000 bs=32 unc=epistemic: final=1443652.21, sharpe=0.7267, max_dd=0.1527, preservation=0.9977 -> probabilistic__SCHV__seed29__phase2_epistemic.json
SCHV  seed= 37 ts=50000 bs=32 unc=epistemic: final=1357706.00, sharpe=0.6023, max_dd=0.1537, preservation=0.9979 -> probabilistic__SCHV__seed37__phase2_epistemic.json
SCHV  seed= 42 ts=50000 bs=32 unc=epistemic: final=1400206.41, sharpe=0.6275, max_dd=0.1533, preservation=0.9977 -> probabilistic__SCHV__seed42__phase2_epistemic.json
SCHV  seed= 53 ts=50000 bs=32 unc=epistemic: final=1398133.71, sharpe=0.5954, max_dd=0.1704, preservation=0.9977 -> probabilistic__SCHV__seed53__phase2_epistemic.json
SCHV  seed= 67 ts=50000 bs=32 unc=epistemic: final=1275143.58, sharpe=0.5665, max_dd=0.1331, preservation=0.9982 -> probabilistic__SCHV__seed67__phase2_epistemic.json
SCHV  seed= 89 ts=50000 bs=32 unc=epistemic: final=1298271.07, sharpe=0.5914, max_dd=0.1295, preservation=0.9982 -> probabilistic__SCHV__seed89__phase2_epistemic.json
SCHW  seed=  7 ts=50000 bs=32 unc=epistemic: final=1235408.05, sharpe=0.2444, max_dd=0.3345, preservation=0.9946 -> probabilistic__SCHW__seed7__phase2_epistemic.json
SCHW  seed= 13 ts=50000 bs=32 unc=epistemic: final=1274551.00, sharpe=0.1961, max_dd=0.4445, preservation=0.9943 -> probabilistic__SCHW__seed13__phase2_epistemic.json
SCHW  seed= 19 ts=50000 bs=32 unc=epistemic: final=1314660.75, sharpe=0.2280, max_dd=0.4353, preservation=0.9943 -> probabilistic__SCHW__seed19__phase2_epistemic.json
SCHW  seed= 23 ts=50000 bs=32 unc=epistemic: final=1302897.50, sharpe=0.2218, max_dd=0.4339, preservation=0.9943 -> probabilistic__SCHW__seed23__phase2_epistemic.json
SCHW  seed= 29 ts=50000 bs=32 unc=epistemic: final=1343497.58, sharpe=0.2437, max_dd=0.4447, preservation=0.9943 -> probabilistic__SCHW__seed29__phase2_epistemic.json
SCHW  seed= 37 ts=50000 bs=32 unc=epistemic: final=1302149.24, sharpe=0.2256, max_dd=0.4300, preservation=0.9944 -> probabilistic__SCHW__seed37__phase2_epistemic.json
SCHW  seed= 42 ts=50000 bs=32 unc=epistemic: final=1258938.71, sharpe=0.1835, max_dd=0.4549, preservation=0.9943 -> probabilistic__SCHW__seed42__phase2_epistemic.json
SCHW  seed= 53 ts=50000 bs=32 unc=epistemic: final=1079474.66, sharpe=0.0948, max_dd=0.3534, preservation=0.9962 -> probabilistic__SCHW__seed53__phase2_epistemic.json
SCHW  seed= 67 ts=50000 bs=32 unc=epistemic: final=1202832.31, sharpe=0.2353, max_dd=0.2790, preservation=0.9961 -> probabilistic__SCHW__seed67__phase2_epistemic.json
SCHW  seed= 89 ts=50000 bs=32 unc=epistemic: final=915273.98, sharpe=-0.2251, max_dd=0.2198, preservation=0.8905 -> probabilistic__SCHW__seed89__phase2_epistemic.json
SLV   seed=  7 ts=50000 bs=32 unc=epistemic: final=3195665.13, sharpe=1.0465, max_dd=0.2667, preservation=0.9281 -> probabilistic__SLV__seed7__phase2_epistemic.json
SLV   seed= 13 ts=50000 bs=32 unc=epistemic: final=3201422.24, sharpe=1.0469, max_dd=0.2676, preservation=0.9281 -> probabilistic__SLV__seed13__phase2_epistemic.json
SLV   seed= 19 ts=50000 bs=32 unc=epistemic: final=3075220.80, sharpe=0.9908, max_dd=0.3093, preservation=0.9281 -> probabilistic__SLV__seed19__phase2_epistemic.json
SLV   seed= 23 ts=50000 bs=32 unc=epistemic: final=2984726.79, sharpe=1.0448, max_dd=0.2655, preservation=0.9290 -> probabilistic__SLV__seed23__phase2_epistemic.json
SLV   seed= 29 ts=50000 bs=32 unc=epistemic: final=1848493.21, sharpe=1.2199, max_dd=0.1042, preservation=0.9624 -> probabilistic__SLV__seed29__phase2_epistemic.json
SLV   seed= 37 ts=50000 bs=32 unc=epistemic: final=3120954.53, sharpe=1.0130, max_dd=0.2903, preservation=0.9281 -> probabilistic__SLV__seed37__phase2_epistemic.json
SLV   seed= 42 ts=50000 bs=32 unc=epistemic: final=2489095.38, sharpe=1.0351, max_dd=0.2445, preservation=0.9429 -> probabilistic__SLV__seed42__phase2_epistemic.json
SLV   seed= 53 ts=50000 bs=32 unc=epistemic: final=3127475.83, sharpe=1.0171, max_dd=0.2861, preservation=0.9281 -> probabilistic__SLV__seed53__phase2_epistemic.json
SLV   seed= 67 ts=50000 bs=32 unc=epistemic: final=3148998.02, sharpe=1.0503, max_dd=0.2561, preservation=0.9282 -> probabilistic__SLV__seed67__phase2_epistemic.json
SLV   seed= 89 ts=50000 bs=32 unc=epistemic: final=3258430.59, sharpe=1.1976, max_dd=0.1700, preservation=0.9284 -> probabilistic__SLV__seed89__phase2_epistemic.json
SNY   seed=  7 ts=50000 bs=32 unc=epistemic: final=1055500.87, sharpe=0.0844, max_dd=0.2061, preservation=0.8832 -> probabilistic__SNY__seed7__phase2_epistemic.json
SNY   seed= 13 ts=50000 bs=32 unc=epistemic: final=1010418.35, sharpe=0.3755, max_dd=0.0073, preservation=0.9941 -> probabilistic__SNY__seed13__phase2_epistemic.json
SNY   seed= 19 ts=50000 bs=32 unc=epistemic: final=1093262.39, sharpe=0.0890, max_dd=0.3200, preservation=0.8498 -> probabilistic__SNY__seed19__phase2_epistemic.json
SNY   seed= 23 ts=50000 bs=32 unc=epistemic: final=1090823.72, sharpe=0.0853, max_dd=0.3340, preservation=0.8498 -> probabilistic__SNY__seed23__phase2_epistemic.json
SNY   seed= 29 ts=50000 bs=32 unc=epistemic: final=1093322.29, sharpe=0.0887, max_dd=0.3243, preservation=0.8498 -> probabilistic__SNY__seed29__phase2_epistemic.json
SNY   seed= 37 ts=50000 bs=32 unc=epistemic: final=1091790.85, sharpe=0.0868, max_dd=0.3302, preservation=0.8498 -> probabilistic__SNY__seed37__phase2_epistemic.json
SNY   seed= 42 ts=50000 bs=32 unc=epistemic: final=1009310.39, sharpe=0.3434, max_dd=0.0073, preservation=0.9930 -> probabilistic__SNY__seed42__phase2_epistemic.json
SNY   seed= 53 ts=50000 bs=32 unc=epistemic: final=1187373.36, sharpe=0.5467, max_dd=0.1047, preservation=0.9746 -> probabilistic__SNY__seed53__phase2_epistemic.json
SNY   seed= 67 ts=50000 bs=32 unc=epistemic: final=1095995.91, sharpe=0.0926, max_dd=0.3041, preservation=0.8498 -> probabilistic__SNY__seed67__phase2_epistemic.json
SNY   seed= 89 ts=50000 bs=32 unc=epistemic: final=1014126.68, sharpe=0.5153, max_dd=0.0073, preservation=0.9978 -> probabilistic__SNY__seed89__phase2_epistemic.json
SPOT  seed=  7 ts=50000 bs=32 unc=epistemic: final=3662758.51, sharpe=0.7612, max_dd=0.5517, preservation=0.7491 -> probabilistic__SPOT__seed7__phase2_epistemic.json
SPOT  seed= 13 ts=50000 bs=32 unc=epistemic: final=1650191.24, sharpe=0.5782, max_dd=0.3781, preservation=0.8570 -> probabilistic__SPOT__seed13__phase2_epistemic.json
SPOT  seed= 19 ts=50000 bs=32 unc=epistemic: final=3546208.08, sharpe=0.7249, max_dd=0.5664, preservation=0.7491 -> probabilistic__SPOT__seed19__phase2_epistemic.json
SPOT  seed= 23 ts=50000 bs=32 unc=epistemic: final=2848596.59, sharpe=0.8767, max_dd=0.3362, preservation=0.7781 -> probabilistic__SPOT__seed23__phase2_epistemic.json
SPOT  seed= 29 ts=50000 bs=32 unc=epistemic: final=2762667.06, sharpe=0.7950, max_dd=0.4486, preservation=0.8215 -> probabilistic__SPOT__seed29__phase2_epistemic.json
SPOT  seed= 37 ts=50000 bs=32 unc=epistemic: final=3469468.71, sharpe=0.7753, max_dd=0.5250, preservation=0.7635 -> probabilistic__SPOT__seed37__phase2_epistemic.json
SPOT  seed= 42 ts=50000 bs=32 unc=epistemic: final=3090764.56, sharpe=0.7969, max_dd=0.4472, preservation=0.7609 -> probabilistic__SPOT__seed42__phase2_epistemic.json
SPOT  seed= 53 ts=50000 bs=32 unc=epistemic: final=3440331.14, sharpe=0.8107, max_dd=0.5001, preservation=0.7707 -> probabilistic__SPOT__seed53__phase2_epistemic.json
SPOT  seed= 67 ts=50000 bs=32 unc=epistemic: final=4342840.72, sharpe=0.9666, max_dd=0.4292, preservation=0.7491 -> probabilistic__SPOT__seed67__phase2_epistemic.json
SPOT  seed= 89 ts=50000 bs=32 unc=epistemic: final=4076368.97, sharpe=0.9019, max_dd=0.4671, preservation=0.7491 -> probabilistic__SPOT__seed89__phase2_epistemic.json
SPY   seed=  7 ts=50000 bs=32 unc=epistemic: final=1638711.42, sharpe=0.7280, max_dd=0.2077, preservation=0.9963 -> probabilistic__SPY__seed7__phase2_epistemic.json
SPY   seed= 13 ts=50000 bs=32 unc=epistemic: final=1486094.37, sharpe=0.7161, max_dd=0.1729, preservation=0.9968 -> probabilistic__SPY__seed13__phase2_epistemic.json
SPY   seed= 19 ts=50000 bs=32 unc=epistemic: final=1653589.22, sharpe=0.7484, max_dd=0.2017, preservation=0.9963 -> probabilistic__SPY__seed19__phase2_epistemic.json
SPY   seed= 23 ts=50000 bs=32 unc=epistemic: final=1666471.80, sharpe=0.8190, max_dd=0.1875, preservation=0.9963 -> probabilistic__SPY__seed23__phase2_epistemic.json
SPY   seed= 29 ts=50000 bs=32 unc=epistemic: final=1742240.88, sharpe=0.9789, max_dd=0.1875, preservation=0.9963 -> probabilistic__SPY__seed29__phase2_epistemic.json
SPY   seed= 37 ts=50000 bs=32 unc=epistemic: final=1612164.96, sharpe=0.8664, max_dd=0.1850, preservation=0.9964 -> probabilistic__SPY__seed37__phase2_epistemic.json
SPY   seed= 42 ts=50000 bs=32 unc=epistemic: final=1549332.39, sharpe=0.7830, max_dd=0.1714, preservation=0.9967 -> probabilistic__SPY__seed42__phase2_epistemic.json
SPY   seed= 53 ts=50000 bs=32 unc=epistemic: final=1654200.61, sharpe=0.7839, max_dd=0.1869, preservation=0.9964 -> probabilistic__SPY__seed53__phase2_epistemic.json
SPY   seed= 67 ts=50000 bs=32 unc=epistemic: final=1478403.65, sharpe=0.7271, max_dd=0.1620, preservation=0.9970 -> probabilistic__SPY__seed67__phase2_epistemic.json
SPY   seed= 89 ts=50000 bs=32 unc=epistemic: final=1050615.68, sharpe=0.2535, max_dd=0.0767, preservation=0.9882 -> probabilistic__SPY__seed89__phase2_epistemic.json
SPYG  seed=  7 ts=50000 bs=32 unc=epistemic: final=1786498.80, sharpe=0.7558, max_dd=0.2214, preservation=0.9855 -> probabilistic__SPYG__seed7__phase2_epistemic.json
SPYG  seed= 13 ts=50000 bs=32 unc=epistemic: final=1565109.40, sharpe=0.6528, max_dd=0.2170, preservation=0.9868 -> probabilistic__SPYG__seed13__phase2_epistemic.json
SPYG  seed= 19 ts=50000 bs=32 unc=epistemic: final=1764072.26, sharpe=0.7003, max_dd=0.2363, preservation=0.9855 -> probabilistic__SPYG__seed19__phase2_epistemic.json
SPYG  seed= 23 ts=50000 bs=32 unc=epistemic: final=1678941.72, sharpe=0.7689, max_dd=0.2053, preservation=0.9864 -> probabilistic__SPYG__seed23__phase2_epistemic.json
SPYG  seed= 29 ts=50000 bs=32 unc=epistemic: final=1850999.54, sharpe=0.8379, max_dd=0.2211, preservation=0.9855 -> probabilistic__SPYG__seed29__phase2_epistemic.json
SPYG  seed= 37 ts=50000 bs=32 unc=epistemic: final=1693446.40, sharpe=0.8264, max_dd=0.2111, preservation=0.9860 -> probabilistic__SPYG__seed37__phase2_epistemic.json
SPYG  seed= 42 ts=50000 bs=32 unc=epistemic: final=1728756.94, sharpe=0.7177, max_dd=0.2210, preservation=0.9856 -> probabilistic__SPYG__seed42__phase2_epistemic.json
SPYG  seed= 53 ts=50000 bs=32 unc=epistemic: final=1620090.87, sharpe=0.6653, max_dd=0.2328, preservation=0.9873 -> probabilistic__SPYG__seed53__phase2_epistemic.json
SPYG  seed= 67 ts=50000 bs=32 unc=epistemic: final=1520536.86, sharpe=0.6684, max_dd=0.1837, preservation=0.9887 -> probabilistic__SPYG__seed67__phase2_epistemic.json
SPYG  seed= 89 ts=50000 bs=32 unc=epistemic: final=1632348.81, sharpe=0.7145, max_dd=0.1988, preservation=0.9866 -> probabilistic__SPYG__seed89__phase2_epistemic.json
SPYV  seed=  7 ts=50000 bs=32 unc=epistemic: final=1507005.90, sharpe=0.8079, max_dd=0.1750, preservation=0.9981 -> probabilistic__SPYV__seed7__phase2_epistemic.json
SPYV  seed= 13 ts=50000 bs=32 unc=epistemic: final=1438202.88, sharpe=0.7679, max_dd=0.1576, preservation=0.9982 -> probabilistic__SPYV__seed13__phase2_epistemic.json
SPYV  seed= 19 ts=50000 bs=32 unc=epistemic: final=1513573.32, sharpe=0.7263, max_dd=0.1754, preservation=0.9981 -> probabilistic__SPYV__seed19__phase2_epistemic.json
SPYV  seed= 23 ts=50000 bs=32 unc=epistemic: final=1512471.57, sharpe=0.7277, max_dd=0.1754, preservation=0.9981 -> probabilistic__SPYV__seed23__phase2_epistemic.json
SPYV  seed= 29 ts=50000 bs=32 unc=epistemic: final=1498510.92, sharpe=0.7735, max_dd=0.1687, preservation=0.9982 -> probabilistic__SPYV__seed29__phase2_epistemic.json
SPYV  seed= 37 ts=50000 bs=32 unc=epistemic: final=1442412.60, sharpe=0.7655, max_dd=0.1548, preservation=0.9984 -> probabilistic__SPYV__seed37__phase2_epistemic.json
SPYV  seed= 42 ts=50000 bs=32 unc=epistemic: final=1463094.03, sharpe=0.7633, max_dd=0.1738, preservation=0.9981 -> probabilistic__SPYV__seed42__phase2_epistemic.json
SPYV  seed= 53 ts=50000 bs=32 unc=epistemic: final=1516745.54, sharpe=0.7388, max_dd=0.1754, preservation=0.9981 -> probabilistic__SPYV__seed53__phase2_epistemic.json
SPYV  seed= 67 ts=50000 bs=32 unc=epistemic: final=1383890.21, sharpe=0.7105, max_dd=0.1452, preservation=0.9984 -> probabilistic__SPYV__seed67__phase2_epistemic.json
SPYV  seed= 89 ts=50000 bs=32 unc=epistemic: final=1427310.22, sharpe=0.8477, max_dd=0.1693, preservation=0.9981 -> probabilistic__SPYV__seed89__phase2_epistemic.json
SPYX  seed=  7 ts=50000 bs=32 unc=epistemic: final=1639529.05, sharpe=0.7346, max_dd=0.2133, preservation=0.9960 -> probabilistic__SPYX__seed7__phase2_epistemic.json
SPYX  seed= 13 ts=50000 bs=32 unc=epistemic: final=1419841.80, sharpe=0.6908, max_dd=0.1705, preservation=0.9968 -> probabilistic__SPYX__seed13__phase2_epistemic.json
SPYX  seed= 19 ts=50000 bs=32 unc=epistemic: final=1659364.76, sharpe=0.7624, max_dd=0.2048, preservation=0.9960 -> probabilistic__SPYX__seed19__phase2_epistemic.json
SPYX  seed= 23 ts=50000 bs=32 unc=epistemic: final=1661188.30, sharpe=0.8352, max_dd=0.1871, preservation=0.9960 -> probabilistic__SPYX__seed23__phase2_epistemic.json
SPYX  seed= 29 ts=50000 bs=32 unc=epistemic: final=1752474.45, sharpe=0.9642, max_dd=0.1874, preservation=0.9960 -> probabilistic__SPYX__seed29__phase2_epistemic.json
SPYX  seed= 37 ts=50000 bs=32 unc=epistemic: final=1552858.74, sharpe=0.8618, max_dd=0.1765, preservation=0.9962 -> probabilistic__SPYX__seed37__phase2_epistemic.json
SPYX  seed= 42 ts=50000 bs=32 unc=epistemic: final=1594750.49, sharpe=0.8013, max_dd=0.1852, preservation=0.9961 -> probabilistic__SPYX__seed42__phase2_epistemic.json
SPYX  seed= 53 ts=50000 bs=32 unc=epistemic: final=1587970.49, sharpe=0.7561, max_dd=0.1988, preservation=0.9963 -> probabilistic__SPYX__seed53__phase2_epistemic.json
SPYX  seed= 67 ts=50000 bs=32 unc=epistemic: final=1670887.63, sharpe=0.8388, max_dd=0.1843, preservation=0.9961 -> probabilistic__SPYX__seed67__phase2_epistemic.json
SPYX  seed= 89 ts=50000 bs=32 unc=epistemic: final=1519371.54, sharpe=0.8348, max_dd=0.1607, preservation=0.9968 -> probabilistic__SPYX__seed89__phase2_epistemic.json
TAN   seed=  7 ts=50000 bs=32 unc=epistemic: final=741555.77, sharpe=-0.2025, max_dd=0.7079, preservation=0.5625 -> probabilistic__TAN__seed7__phase2_epistemic.json
TAN   seed= 13 ts=50000 bs=32 unc=epistemic: final=991345.17, sharpe=-0.1320, max_dd=0.0263, preservation=0.9878 -> probabilistic__TAN__seed13__phase2_epistemic.json
TAN   seed= 19 ts=50000 bs=32 unc=epistemic: final=993782.24, sharpe=-0.0944, max_dd=0.0263, preservation=0.9902 -> probabilistic__TAN__seed19__phase2_epistemic.json
TAN   seed= 23 ts=50000 bs=32 unc=epistemic: final=986432.95, sharpe=-0.1819, max_dd=0.0280, preservation=0.9814 -> probabilistic__TAN__seed23__phase2_epistemic.json
TAN   seed= 29 ts=50000 bs=32 unc=epistemic: final=991231.52, sharpe=-0.1329, max_dd=0.0263, preservation=0.9876 -> probabilistic__TAN__seed29__phase2_epistemic.json
TAN   seed= 37 ts=50000 bs=32 unc=epistemic: final=991103.47, sharpe=-0.1357, max_dd=0.0263, preservation=0.9875 -> probabilistic__TAN__seed37__phase2_epistemic.json
TAN   seed= 42 ts=50000 bs=32 unc=epistemic: final=998961.44, sharpe=-0.0148, max_dd=0.0263, preservation=0.9951 -> probabilistic__TAN__seed42__phase2_epistemic.json
TAN   seed= 53 ts=50000 bs=32 unc=epistemic: final=981728.50, sharpe=-0.2771, max_dd=0.0263, preservation=0.9782 -> probabilistic__TAN__seed53__phase2_epistemic.json
TAN   seed= 67 ts=50000 bs=32 unc=epistemic: final=991054.13, sharpe=-0.1364, max_dd=0.0263, preservation=0.9875 -> probabilistic__TAN__seed67__phase2_epistemic.json
TAN   seed= 89 ts=50000 bs=32 unc=epistemic: final=990838.62, sharpe=-0.1378, max_dd=0.0263, preservation=0.9870 -> probabilistic__TAN__seed89__phase2_epistemic.json
TMUS  seed=  7 ts=50000 bs=32 unc=epistemic: final=1763129.19, sharpe=0.6648, max_dd=0.2759, preservation=0.7537 -> probabilistic__TMUS__seed7__phase2_epistemic.json
TMUS  seed= 13 ts=50000 bs=32 unc=epistemic: final=1781630.18, sharpe=0.6673, max_dd=0.2759, preservation=0.7537 -> probabilistic__TMUS__seed13__phase2_epistemic.json
TMUS  seed= 19 ts=50000 bs=32 unc=epistemic: final=1796665.50, sharpe=0.6629, max_dd=0.2759, preservation=0.7537 -> probabilistic__TMUS__seed19__phase2_epistemic.json
TMUS  seed= 23 ts=50000 bs=32 unc=epistemic: final=1063062.38, sharpe=0.6517, max_dd=0.0095, preservation=0.9931 -> probabilistic__TMUS__seed23__phase2_epistemic.json
TMUS  seed= 29 ts=50000 bs=32 unc=epistemic: final=1791905.99, sharpe=0.6646, max_dd=0.2759, preservation=0.7537 -> probabilistic__TMUS__seed29__phase2_epistemic.json
TMUS  seed= 37 ts=50000 bs=32 unc=epistemic: final=1762982.94, sharpe=0.6550, max_dd=0.2759, preservation=0.7537 -> probabilistic__TMUS__seed37__phase2_epistemic.json
TMUS  seed= 42 ts=50000 bs=32 unc=epistemic: final=1793733.24, sharpe=0.6671, max_dd=0.2759, preservation=0.7537 -> probabilistic__TMUS__seed42__phase2_epistemic.json
TMUS  seed= 53 ts=50000 bs=32 unc=epistemic: final=1785177.73, sharpe=0.6617, max_dd=0.2759, preservation=0.7537 -> probabilistic__TMUS__seed53__phase2_epistemic.json
TMUS  seed= 67 ts=50000 bs=32 unc=epistemic: final=1641686.79, sharpe=0.6351, max_dd=0.2646, preservation=0.7639 -> probabilistic__TMUS__seed67__phase2_epistemic.json
TMUS  seed= 89 ts=50000 bs=32 unc=epistemic: final=1737520.83, sharpe=0.6572, max_dd=0.2759, preservation=0.7537 -> probabilistic__TMUS__seed89__phase2_epistemic.json
TSLA  seed=  7 ts=50000 bs=32 unc=epistemic: final=1370294.79, sharpe=0.2803, max_dd=0.3970, preservation=0.9715 -> probabilistic__TSLA__seed7__phase2_epistemic.json
TSLA  seed= 13 ts=50000 bs=32 unc=epistemic: final=987911.95, sharpe=-0.1923, max_dd=0.0242, preservation=0.9879 -> probabilistic__TSLA__seed13__phase2_epistemic.json
TSLA  seed= 19 ts=50000 bs=32 unc=epistemic: final=1631535.60, sharpe=0.2337, max_dd=0.6076, preservation=0.9388 -> probabilistic__TSLA__seed19__phase2_epistemic.json
TSLA  seed= 23 ts=50000 bs=32 unc=epistemic: final=994703.48, sharpe=-0.0257, max_dd=0.0856, preservation=0.9921 -> probabilistic__TSLA__seed23__phase2_epistemic.json
TSLA  seed= 29 ts=50000 bs=32 unc=epistemic: final=1601905.50, sharpe=0.2054, max_dd=0.6736, preservation=0.9383 -> probabilistic__TSLA__seed29__phase2_epistemic.json
TSLA  seed= 37 ts=50000 bs=32 unc=epistemic: final=1076135.05, sharpe=0.4129, max_dd=0.0731, preservation=0.9935 -> probabilistic__TSLA__seed37__phase2_epistemic.json
TSLA  seed= 42 ts=50000 bs=32 unc=epistemic: final=976372.17, sharpe=-0.2045, max_dd=0.0514, preservation=0.9764 -> probabilistic__TSLA__seed42__phase2_epistemic.json
TSLA  seed= 53 ts=50000 bs=32 unc=epistemic: final=991807.14, sharpe=-0.0875, max_dd=0.0451, preservation=0.9879 -> probabilistic__TSLA__seed53__phase2_epistemic.json
TSLA  seed= 67 ts=50000 bs=32 unc=epistemic: final=981656.05, sharpe=-0.2792, max_dd=0.0258, preservation=0.9817 -> probabilistic__TSLA__seed67__phase2_epistemic.json
TSLA  seed= 89 ts=50000 bs=32 unc=epistemic: final=902638.03, sharpe=-0.1675, max_dd=0.3109, preservation=0.8671 -> probabilistic__TSLA__seed89__phase2_epistemic.json
TSM   seed=  7 ts=50000 bs=32 unc=epistemic: final=2822903.04, sharpe=0.7168, max_dd=0.4697, preservation=0.9729 -> probabilistic__TSM__seed7__phase2_epistemic.json
TSM   seed= 13 ts=50000 bs=32 unc=epistemic: final=1990447.44, sharpe=0.6919, max_dd=0.3699, preservation=0.9791 -> probabilistic__TSM__seed13__phase2_epistemic.json
TSM   seed= 19 ts=50000 bs=32 unc=epistemic: final=2649359.01, sharpe=0.7953, max_dd=0.3811, preservation=0.9739 -> probabilistic__TSM__seed19__phase2_epistemic.json
TSM   seed= 23 ts=50000 bs=32 unc=epistemic: final=2931555.00, sharpe=0.8206, max_dd=0.3667, preservation=0.9729 -> probabilistic__TSM__seed23__phase2_epistemic.json
TSM   seed= 29 ts=50000 bs=32 unc=epistemic: final=2498067.13, sharpe=0.8893, max_dd=0.2941, preservation=0.9794 -> probabilistic__TSM__seed29__phase2_epistemic.json
TSM   seed= 37 ts=50000 bs=32 unc=epistemic: final=2960969.77, sharpe=0.7612, max_dd=0.4393, preservation=0.9729 -> probabilistic__TSM__seed37__phase2_epistemic.json
TSM   seed= 42 ts=50000 bs=32 unc=epistemic: final=2338798.09, sharpe=0.7360, max_dd=0.3727, preservation=0.9773 -> probabilistic__TSM__seed42__phase2_epistemic.json
TSM   seed= 53 ts=50000 bs=32 unc=epistemic: final=1939808.66, sharpe=0.6932, max_dd=0.3805, preservation=0.9813 -> probabilistic__TSM__seed53__phase2_epistemic.json
TSM   seed= 67 ts=50000 bs=32 unc=epistemic: final=3075554.83, sharpe=0.8620, max_dd=0.3634, preservation=0.9730 -> probabilistic__TSM__seed67__phase2_epistemic.json
TSM   seed= 89 ts=50000 bs=32 unc=epistemic: final=3063655.90, sharpe=0.9226, max_dd=0.3652, preservation=0.9730 -> probabilistic__TSM__seed89__phase2_epistemic.json
V     seed=  7 ts=50000 bs=32 unc=epistemic: final=1638887.27, sharpe=0.6311, max_dd=0.2003, preservation=0.9535 -> probabilistic__V__seed7__phase2_epistemic.json
V     seed= 13 ts=50000 bs=32 unc=epistemic: final=1264509.33, sharpe=0.5840, max_dd=0.1166, preservation=0.9791 -> probabilistic__V__seed13__phase2_epistemic.json
V     seed= 19 ts=50000 bs=32 unc=epistemic: final=1622632.19, sharpe=0.5863, max_dd=0.2142, preservation=0.9535 -> probabilistic__V__seed19__phase2_epistemic.json
V     seed= 23 ts=50000 bs=32 unc=epistemic: final=1634194.66, sharpe=0.6054, max_dd=0.2064, preservation=0.9535 -> probabilistic__V__seed23__phase2_epistemic.json
V     seed= 29 ts=50000 bs=32 unc=epistemic: final=1668777.93, sharpe=0.6624, max_dd=0.1851, preservation=0.9535 -> probabilistic__V__seed29__phase2_epistemic.json
V     seed= 37 ts=50000 bs=32 unc=epistemic: final=1054100.87, sharpe=0.1880, max_dd=0.0985, preservation=0.9895 -> probabilistic__V__seed37__phase2_epistemic.json
V     seed= 42 ts=50000 bs=32 unc=epistemic: final=1627169.70, sharpe=0.5943, max_dd=0.2107, preservation=0.9535 -> probabilistic__V__seed42__phase2_epistemic.json
V     seed= 53 ts=50000 bs=32 unc=epistemic: final=1640791.90, sharpe=0.6117, max_dd=0.2055, preservation=0.9535 -> probabilistic__V__seed53__phase2_epistemic.json
V     seed= 67 ts=50000 bs=32 unc=epistemic: final=1530479.84, sharpe=0.6085, max_dd=0.1782, preservation=0.9584 -> probabilistic__V__seed67__phase2_epistemic.json
V     seed= 89 ts=50000 bs=32 unc=epistemic: final=1667971.54, sharpe=0.6972, max_dd=0.1718, preservation=0.9535 -> probabilistic__V__seed89__phase2_epistemic.json
VOO   seed=  7 ts=50000 bs=32 unc=epistemic: final=1643157.59, sharpe=0.7436, max_dd=0.2079, preservation=0.9965 -> probabilistic__VOO__seed7__phase2_epistemic.json
VOO   seed= 13 ts=50000 bs=32 unc=epistemic: final=1461378.95, sharpe=0.7222, max_dd=0.1690, preservation=0.9970 -> probabilistic__VOO__seed13__phase2_epistemic.json
VOO   seed= 19 ts=50000 bs=32 unc=epistemic: final=1656303.87, sharpe=0.7615, max_dd=0.2032, preservation=0.9965 -> probabilistic__VOO__seed19__phase2_epistemic.json
VOO   seed= 23 ts=50000 bs=32 unc=epistemic: final=1663354.03, sharpe=0.8475, max_dd=0.1867, preservation=0.9965 -> probabilistic__VOO__seed23__phase2_epistemic.json
VOO   seed= 29 ts=50000 bs=32 unc=epistemic: final=1748380.14, sharpe=0.9769, max_dd=0.1869, preservation=0.9965 -> probabilistic__VOO__seed29__phase2_epistemic.json
VOO   seed= 37 ts=50000 bs=32 unc=epistemic: final=1619712.60, sharpe=0.8893, max_dd=0.1844, preservation=0.9965 -> probabilistic__VOO__seed37__phase2_epistemic.json
VOO   seed= 42 ts=50000 bs=32 unc=epistemic: final=1575715.96, sharpe=0.8086, max_dd=0.1789, preservation=0.9966 -> probabilistic__VOO__seed42__phase2_epistemic.json
VOO   seed= 53 ts=50000 bs=32 unc=epistemic: final=1613494.83, sharpe=0.7921, max_dd=0.1851, preservation=0.9967 -> probabilistic__VOO__seed53__phase2_epistemic.json
VOO   seed= 67 ts=50000 bs=32 unc=epistemic: final=1510311.56, sharpe=0.7556, max_dd=0.1638, preservation=0.9970 -> probabilistic__VOO__seed67__phase2_epistemic.json
VOO   seed= 89 ts=50000 bs=32 unc=epistemic: final=1410528.66, sharpe=0.8549, max_dd=0.1557, preservation=0.9971 -> probabilistic__VOO__seed89__phase2_epistemic.json
VTI   seed=  7 ts=50000 bs=32 unc=epistemic: final=1603263.14, sharpe=0.6853, max_dd=0.2090, preservation=0.9956 -> probabilistic__VTI__seed7__phase2_epistemic.json
VTI   seed= 13 ts=50000 bs=32 unc=epistemic: final=1404857.53, sharpe=0.6520, max_dd=0.1661, preservation=0.9964 -> probabilistic__VTI__seed13__phase2_epistemic.json
VTI   seed= 19 ts=50000 bs=32 unc=epistemic: final=1616923.21, sharpe=0.7033, max_dd=0.2039, preservation=0.9956 -> probabilistic__VTI__seed19__phase2_epistemic.json
VTI   seed= 23 ts=50000 bs=32 unc=epistemic: final=1632112.39, sharpe=0.7678, max_dd=0.1930, preservation=0.9956 -> probabilistic__VTI__seed23__phase2_epistemic.json
VTI   seed= 29 ts=50000 bs=32 unc=epistemic: final=1713173.91, sharpe=0.9216, max_dd=0.1930, preservation=0.9956 -> probabilistic__VTI__seed29__phase2_epistemic.json
VTI   seed= 37 ts=50000 bs=32 unc=epistemic: final=1607105.60, sharpe=0.8206, max_dd=0.1924, preservation=0.9956 -> probabilistic__VTI__seed37__phase2_epistemic.json
VTI   seed= 42 ts=50000 bs=32 unc=epistemic: final=1162892.70, sharpe=0.4152, max_dd=0.1452, preservation=0.9979 -> probabilistic__VTI__seed42__phase2_epistemic.json
VTI   seed= 53 ts=50000 bs=32 unc=epistemic: final=1516398.20, sharpe=0.6908, max_dd=0.1918, preservation=0.9960 -> probabilistic__VTI__seed53__phase2_epistemic.json
VTI   seed= 67 ts=50000 bs=32 unc=epistemic: final=1481678.91, sharpe=0.6960, max_dd=0.1656, preservation=0.9963 -> probabilistic__VTI__seed67__phase2_epistemic.json
VTI   seed= 89 ts=50000 bs=32 unc=epistemic: final=1523817.31, sharpe=0.8670, max_dd=0.1801, preservation=0.9959 -> probabilistic__VTI__seed89__phase2_epistemic.json
VYM   seed=  7 ts=50000 bs=32 unc=epistemic: final=1461442.11, sharpe=0.6965, max_dd=0.1446, preservation=0.9856 -> probabilistic__VYM__seed7__phase2_epistemic.json
VYM   seed= 13 ts=50000 bs=32 unc=epistemic: final=1426060.41, sharpe=0.7612, max_dd=0.1391, preservation=0.9857 -> probabilistic__VYM__seed13__phase2_epistemic.json
VYM   seed= 19 ts=50000 bs=32 unc=epistemic: final=1458516.95, sharpe=0.6791, max_dd=0.1548, preservation=0.9856 -> probabilistic__VYM__seed19__phase2_epistemic.json
VYM   seed= 23 ts=50000 bs=32 unc=epistemic: final=1457607.06, sharpe=0.6820, max_dd=0.1520, preservation=0.9856 -> probabilistic__VYM__seed23__phase2_epistemic.json
VYM   seed= 29 ts=50000 bs=32 unc=epistemic: final=1473124.99, sharpe=0.7257, max_dd=0.1446, preservation=0.9856 -> probabilistic__VYM__seed29__phase2_epistemic.json
VYM   seed= 37 ts=50000 bs=32 unc=epistemic: final=1417111.15, sharpe=0.7315, max_dd=0.1350, preservation=0.9865 -> probabilistic__VYM__seed37__phase2_epistemic.json
VYM   seed= 42 ts=50000 bs=32 unc=epistemic: final=1464386.85, sharpe=0.7142, max_dd=0.1446, preservation=0.9856 -> probabilistic__VYM__seed42__phase2_epistemic.json
VYM   seed= 53 ts=50000 bs=32 unc=epistemic: final=1459656.95, sharpe=0.6853, max_dd=0.1518, preservation=0.9856 -> probabilistic__VYM__seed53__phase2_epistemic.json
VYM   seed= 67 ts=50000 bs=32 unc=epistemic: final=1355663.35, sharpe=0.6778, max_dd=0.1224, preservation=0.9880 -> probabilistic__VYM__seed67__phase2_epistemic.json
VYM   seed= 89 ts=50000 bs=32 unc=epistemic: final=1339593.69, sharpe=0.6982, max_dd=0.1197, preservation=0.9892 -> probabilistic__VYM__seed89__phase2_epistemic.json
VYMI  seed=  7 ts=50000 bs=32 unc=epistemic: final=1596107.47, sharpe=0.8252, max_dd=0.2153, preservation=0.9981 -> probabilistic__VYMI__seed7__phase2_epistemic.json
VYMI  seed= 13 ts=50000 bs=32 unc=epistemic: final=1546966.33, sharpe=0.8421, max_dd=0.1937, preservation=0.9982 -> probabilistic__VYMI__seed13__phase2_epistemic.json
VYMI  seed= 19 ts=50000 bs=32 unc=epistemic: final=1588959.82, sharpe=0.8073, max_dd=0.2191, preservation=0.9981 -> probabilistic__VYMI__seed19__phase2_epistemic.json
VYMI  seed= 23 ts=50000 bs=32 unc=epistemic: final=1594209.20, sharpe=0.8217, max_dd=0.2144, preservation=0.9981 -> probabilistic__VYMI__seed23__phase2_epistemic.json
VYMI  seed= 29 ts=50000 bs=32 unc=epistemic: final=1637061.98, sharpe=0.8971, max_dd=0.1909, preservation=0.9981 -> probabilistic__VYMI__seed29__phase2_epistemic.json
VYMI  seed= 37 ts=50000 bs=32 unc=epistemic: final=1633136.33, sharpe=0.9345, max_dd=0.1702, preservation=0.9981 -> probabilistic__VYMI__seed37__phase2_epistemic.json
VYMI  seed= 42 ts=50000 bs=32 unc=epistemic: final=1506070.54, sharpe=0.8007, max_dd=0.2006, preservation=0.9984 -> probabilistic__VYMI__seed42__phase2_epistemic.json
VYMI  seed= 53 ts=50000 bs=32 unc=epistemic: final=1591256.15, sharpe=0.8372, max_dd=0.2063, preservation=0.9981 -> probabilistic__VYMI__seed53__phase2_epistemic.json
VYMI  seed= 67 ts=50000 bs=32 unc=epistemic: final=1512389.10, sharpe=0.8074, max_dd=0.1996, preservation=0.9983 -> probabilistic__VYMI__seed67__phase2_epistemic.json
VYMI  seed= 89 ts=50000 bs=32 unc=epistemic: final=1039328.32, sharpe=0.2717, max_dd=0.0743, preservation=0.9986 -> probabilistic__VYMI__seed89__phase2_epistemic.json
XLF   seed=  7 ts=50000 bs=32 unc=epistemic: final=1467809.96, sharpe=0.6092, max_dd=0.1946, preservation=0.9935 -> probabilistic__XLF__seed7__phase2_epistemic.json
XLF   seed= 13 ts=50000 bs=32 unc=epistemic: final=1508044.68, sharpe=0.6273, max_dd=0.1992, preservation=0.9929 -> probabilistic__XLF__seed13__phase2_epistemic.json
XLF   seed= 19 ts=50000 bs=32 unc=epistemic: final=1520550.54, sharpe=0.5833, max_dd=0.2275, preservation=0.9926 -> probabilistic__XLF__seed19__phase2_epistemic.json
XLF   seed= 23 ts=50000 bs=32 unc=epistemic: final=1383904.61, sharpe=0.6319, max_dd=0.1639, preservation=0.9930 -> probabilistic__XLF__seed23__phase2_epistemic.json
XLF   seed= 29 ts=50000 bs=32 unc=epistemic: final=1599561.65, sharpe=0.6952, max_dd=0.1806, preservation=0.9926 -> probabilistic__XLF__seed29__phase2_epistemic.json
XLF   seed= 37 ts=50000 bs=32 unc=epistemic: final=1545360.16, sharpe=0.6839, max_dd=0.1790, preservation=0.9930 -> probabilistic__XLF__seed37__phase2_epistemic.json
XLF   seed= 42 ts=50000 bs=32 unc=epistemic: final=1547242.19, sharpe=0.6575, max_dd=0.1918, preservation=0.9927 -> probabilistic__XLF__seed42__phase2_epistemic.json
XLF   seed= 53 ts=50000 bs=32 unc=epistemic: final=1546050.31, sharpe=0.6178, max_dd=0.2128, preservation=0.9926 -> probabilistic__XLF__seed53__phase2_epistemic.json
XLF   seed= 67 ts=50000 bs=32 unc=epistemic: final=1368249.91, sharpe=0.5961, max_dd=0.1762, preservation=0.9945 -> probabilistic__XLF__seed67__phase2_epistemic.json
XLF   seed= 89 ts=50000 bs=32 unc=epistemic: final=1283805.49, sharpe=0.6038, max_dd=0.1256, preservation=0.9937 -> probabilistic__XLF__seed89__phase2_epistemic.json
XLI   seed=  7 ts=50000 bs=32 unc=epistemic: final=1648364.85, sharpe=0.8327, max_dd=0.1844, preservation=0.9960 -> probabilistic__XLI__seed7__phase2_epistemic.json
XLI   seed= 13 ts=50000 bs=32 unc=epistemic: final=1133488.72, sharpe=0.4814, max_dd=0.1066, preservation=0.9977 -> probabilistic__XLI__seed13__phase2_epistemic.json
XLI   seed= 19 ts=50000 bs=32 unc=epistemic: final=1661212.99, sharpe=0.7559, max_dd=0.1923, preservation=0.9960 -> probabilistic__XLI__seed19__phase2_epistemic.json
XLI   seed= 23 ts=50000 bs=32 unc=epistemic: final=1673087.12, sharpe=0.7872, max_dd=0.1849, preservation=0.9960 -> probabilistic__XLI__seed23__phase2_epistemic.json
XLI   seed= 29 ts=50000 bs=32 unc=epistemic: final=1689866.18, sharpe=0.8345, max_dd=0.1838, preservation=0.9960 -> probabilistic__XLI__seed29__phase2_epistemic.json
XLI   seed= 37 ts=50000 bs=32 unc=epistemic: final=1642011.07, sharpe=0.8125, max_dd=0.1847, preservation=0.9960 -> probabilistic__XLI__seed37__phase2_epistemic.json
XLI   seed= 42 ts=50000 bs=32 unc=epistemic: final=1667776.49, sharpe=0.7979, max_dd=0.1849, preservation=0.9960 -> probabilistic__XLI__seed42__phase2_epistemic.json
XLI   seed= 53 ts=50000 bs=32 unc=epistemic: final=1667854.02, sharpe=0.7780, max_dd=0.1849, preservation=0.9960 -> probabilistic__XLI__seed53__phase2_epistemic.json
XLI   seed= 67 ts=50000 bs=32 unc=epistemic: final=1686527.42, sharpe=0.8339, max_dd=0.1842, preservation=0.9960 -> probabilistic__XLI__seed67__phase2_epistemic.json
XLI   seed= 89 ts=50000 bs=32 unc=epistemic: final=1019336.33, sharpe=0.1260, max_dd=0.0565, preservation=0.9790 -> probabilistic__XLI__seed89__phase2_epistemic.json
XLK   seed=  7 ts=50000 bs=32 unc=epistemic: final=1916691.13, sharpe=0.6655, max_dd=0.2694, preservation=0.9607 -> probabilistic__XLK__seed7__phase2_epistemic.json
XLK   seed= 13 ts=50000 bs=32 unc=epistemic: final=1466106.29, sharpe=0.6211, max_dd=0.1870, preservation=0.9729 -> probabilistic__XLK__seed13__phase2_epistemic.json
XLK   seed= 19 ts=50000 bs=32 unc=epistemic: final=1938851.89, sharpe=0.6820, max_dd=0.2630, preservation=0.9607 -> probabilistic__XLK__seed19__phase2_epistemic.json
XLK   seed= 23 ts=50000 bs=32 unc=epistemic: final=1825912.41, sharpe=0.7307, max_dd=0.2294, preservation=0.9651 -> probabilistic__XLK__seed23__phase2_epistemic.json
XLK   seed= 29 ts=50000 bs=32 unc=epistemic: final=2067168.18, sharpe=0.8496, max_dd=0.2565, preservation=0.9607 -> probabilistic__XLK__seed29__phase2_epistemic.json
XLK   seed= 37 ts=50000 bs=32 unc=epistemic: final=1864164.04, sharpe=0.7772, max_dd=0.2519, preservation=0.9611 -> probabilistic__XLK__seed37__phase2_epistemic.json
XLK   seed= 42 ts=50000 bs=32 unc=epistemic: final=1900821.81, sharpe=0.7255, max_dd=0.2544, preservation=0.9608 -> probabilistic__XLK__seed42__phase2_epistemic.json
XLK   seed= 53 ts=50000 bs=32 unc=epistemic: final=1729187.28, sharpe=0.6798, max_dd=0.2371, preservation=0.9671 -> probabilistic__XLK__seed53__phase2_epistemic.json
XLK   seed= 67 ts=50000 bs=32 unc=epistemic: final=2019329.41, sharpe=0.8002, max_dd=0.2554, preservation=0.9608 -> probabilistic__XLK__seed67__phase2_epistemic.json
XLK   seed= 89 ts=50000 bs=32 unc=epistemic: final=2022668.50, sharpe=0.8166, max_dd=0.2564, preservation=0.9607 -> probabilistic__XLK__seed89__phase2_epistemic.json
XLU   seed=  7 ts=50000 bs=32 unc=epistemic: final=1389441.52, sharpe=0.5228, max_dd=0.2293, preservation=0.9297 -> probabilistic__XLU__seed7__phase2_epistemic.json
XLU   seed= 13 ts=50000 bs=32 unc=epistemic: final=1391681.35, sharpe=0.4921, max_dd=0.2500, preservation=0.9296 -> probabilistic__XLU__seed13__phase2_epistemic.json
XLU   seed= 19 ts=50000 bs=32 unc=epistemic: final=1385322.68, sharpe=0.5083, max_dd=0.2354, preservation=0.9297 -> probabilistic__XLU__seed19__phase2_epistemic.json
XLU   seed= 23 ts=50000 bs=32 unc=epistemic: final=1397170.40, sharpe=0.4891, max_dd=0.2524, preservation=0.9296 -> probabilistic__XLU__seed23__phase2_epistemic.json
XLU   seed= 29 ts=50000 bs=32 unc=epistemic: final=1383034.38, sharpe=0.4832, max_dd=0.2508, preservation=0.9296 -> probabilistic__XLU__seed29__phase2_epistemic.json
XLU   seed= 37 ts=50000 bs=32 unc=epistemic: final=1268696.30, sharpe=0.4797, max_dd=0.2078, preservation=0.9477 -> probabilistic__XLU__seed37__phase2_epistemic.json
XLU   seed= 42 ts=50000 bs=32 unc=epistemic: final=1377098.45, sharpe=0.5324, max_dd=0.2210, preservation=0.9340 -> probabilistic__XLU__seed42__phase2_epistemic.json
XLU   seed= 53 ts=50000 bs=32 unc=epistemic: final=1258359.96, sharpe=0.4587, max_dd=0.1992, preservation=0.9461 -> probabilistic__XLU__seed53__phase2_epistemic.json
XLU   seed= 67 ts=50000 bs=32 unc=epistemic: final=1204265.68, sharpe=0.4204, max_dd=0.1627, preservation=0.9458 -> probabilistic__XLU__seed67__phase2_epistemic.json
XLU   seed= 89 ts=50000 bs=32 unc=epistemic: final=1318461.18, sharpe=0.5173, max_dd=0.1957, preservation=0.9450 -> probabilistic__XLU__seed89__phase2_epistemic.json

[!] 3 cell(s) failed during this run:
    RYTM  seed= 13: ValueError
    RYTM  seed= 19: ValueError
    RYTM  seed= 67: ValueError
    (.failed.json markers written; resume will skip them.)

Wrote probabilistic results:
- /scratch/PDRL/dissertation-project/experiments/results/probabilistic_20260530T005239Z_phase2_epistemic.json
- /scratch/PDRL/dissertation-project/experiments/results/probabilistic_20260530T005239Z_phase2_epistemic.csv

============================================================
Finished: 2026-05-30T08:29:59
Exit code: 0
