agent,annualized_return,annualized_volatility,capital_preservation_rate_95pct_hwm,device,final_portfolio_value,fold_id,max_drawdown,meets_95pct_preservation_goal,seed,sharpe_ratio,ticker,timesteps,var_95,var_95_violation_rate
ppo_standalone,-0.0004669568193955187,0.004230972521438928,0.9950807723376638,cpu,998185.2812946849,test_legacy,0.00848644628549855,True,7,-0.11038794314391163,AAPL,50000,0.0,0.00510204081632653
ppo_standalone,-0.0007004022697547424,0.004368416008163735,0.9941772776305209,cpu,997278.9678139419,test_legacy,0.00848644628549855,True,13,-0.1603835817380049,AAPL,50000,0.0,0.00510204081632653
ppo_standalone,-0.0004669568193955187,0.004230972521438928,0.9950807723376638,cpu,998185.2812946849,test_legacy,0.00848644628549855,True,19,-0.11038794314391163,AAPL,50000,0.0,0.00510204081632653
ppo_standalone,-0.0009568446812686635,0.004507971718930764,0.9931854812457288,cpu,996284.0771670098,test_legacy,0.00848644628549855,True,23,-0.21235027624125621,AAPL,50000,0.0,0.006122448979591836
ppo_standalone,-0.0005942504311739124,0.004238371198159443,0.9945880373158643,cpu,997691.0090104529,test_legacy,0.00848644628549855,True,29,-0.14024368729323652,AAPL,50000,0.0,0.006122448979591836
ppo_standalone,-0.0014036072310498607,0.006622941818712454,0.991062002041526,cpu,994552.5843432337,test_legacy,0.01006061075952236,True,37,-0.21207487292052943,AAPL,50000,0.0,0.007142857142857143
ppo_standalone,-0.0004669568193955187,0.004230972521438928,0.9950807723376638,cpu,998185.2812946849,test_legacy,0.00848644628549855,True,42,-0.11038794314391163,AAPL,50000,0.0,0.00510204081632653
ppo_standalone,-0.0015080208025152972,0.005485358211823426,0.99105628381596,cpu,994148.2369473532,test_legacy,0.009518118716445922,True,53,-0.27511700760030955,AAPL,50000,0.0,0.007142857142857143
ppo_standalone,-0.0004669568193955187,0.004230972521438928,0.9950807723376638,cpu,998185.2812946849,test_legacy,0.00848644628549855,True,67,-0.11038794314391163,AAPL,50000,0.0,0.00510204081632653
ppo_standalone,-0.006424307677705601,0.013763691054275155,0.9702502101057126,cpu,975247.4798565534,test_legacy,0.03355375616056877,True,89,-0.4682579688844383,AAPL,50000,0.0,0.017346938775510204
ppo_standalone,8.606977869413632e-05,0.0077833511275271295,0.9934500776556456,cpu,1000334.7574211652,test_legacy,0.01442066170376477,True,7,0.011057489013557582,AMAT,50000,0.0,0.004081632653061225
ppo_standalone,-0.00041817358358816367,0.008628558407668298,0.9915035611605683,cpu,998374.7514281973,test_legacy,0.01442066170376477,True,13,-0.04847314324249021,AMAT,50000,0.0,0.00510204081632653
ppo_standalone,-0.000274444151952809,0.00780190540979969,0.9920581068962254,cpu,998933.1402052827,test_legacy,0.01442066170376477,True,19,-0.03518066670462007,AMAT,50000,0.0,0.00510204081632653
ppo_standalone,-0.0001904433740648283,0.008611137210245508,0.9923823105224066,cpu,999259.5905856745,test_legacy,0.01442066170376477,True,23,-0.022117636148498442,AMAT,50000,0.0,0.00510204081632653
ppo_standalone,-0.000274444151952809,0.00780190540979969,0.9920581068962254,cpu,998933.1402052827,test_legacy,0.01442066170376477,True,29,-0.03518066670462007,AMAT,50000,0.0,0.00510204081632653
ppo_standalone,-0.00021369976021728984,0.014688602471168356,0.9848662893578969,cpu,999169.201870224,test_legacy,0.02242338484254669,True,37,-0.014550076355535364,AMAT,50000,0.0,0.007142857142857143
ppo_standalone,8.163914291466312e-05,0.0077701910099753765,0.9934329618448862,cpu,1000317.5229966186,test_legacy,0.01442066170376477,True,42,0.010506066418451705,AMAT,50000,0.0,0.004081632653061225
ppo_standalone,-0.002304118338701503,0.012651120104771268,0.9809646201111475,cpu,991069.3184953809,test_legacy,0.01908800658322718,True,53,-0.18233547227039645,AMAT,50000,0.0,0.00816326530612245
ppo_standalone,0.00011860819269865865,0.008046830263025209,0.9935757822050293,cpu,1000461.3331120254,test_legacy,0.01442066170376477,True,67,0.01473857602932868,AMAT,50000,0.0,0.004081632653061225
ppo_standalone,0.00015437091960847832,0.008899444457308166,0.9937139567625431,cpu,1000600.46522906,test_legacy,0.014495540076216007,True,89,0.01734448178574601,AMAT,50000,0.0,0.00510204081632653
ppo_standalone,0.0027890038744059443,0.025912135056298632,0.9598355376753547,cpu,1010889.8972372521,test_legacy,0.049167577710844346,True,7,0.10748264282652009,AMD,50000,0.0,0.006122448979591836
ppo_standalone,0.0020444938420051467,0.023122840622689506,0.9603033502454076,cpu,1007974.319619019,test_legacy,0.041001457640530425,True,13,0.08832793169501381,AMD,50000,0.0,0.006122448979591836
ppo_standalone,0.00694162133435549,0.014888324714908946,0.9895919119007054,cpu,1027267.0539727778,test_legacy,0.01040808809929461,True,19,0.4646302102474263,AMD,50000,0.0,0.004081632653061225
ppo_standalone,0.005367918758690405,0.017153651661461263,0.9796817286822572,cpu,1021037.646841902,test_legacy,0.022066128038895627,True,23,0.3120917572998775,AMD,50000,0.0,0.006122448979591836
ppo_standalone,0.00130847592833268,0.025808568518981684,0.9564769721142606,cpu,1005098.1428285633,test_legacy,0.046777160919143745,True,29,0.05066583122621723,AMD,50000,0.0,0.006122448979591836
ppo_standalone,0.005431562729087913,0.023603955751342522,0.9653733905638464,cpu,1021289.0317746705,test_legacy,0.03810652303627382,True,37,0.22948816784376555,AMD,50000,0.0,0.006122448979591836
ppo_standalone,0.008115753464538763,0.0154197829031017,0.9904608653672197,cpu,1031933.1424347181,test_legacy,0.009770954370686424,True,42,0.5241912081664817,AMD,50000,0.0,0.004081632653061225
ppo_standalone,0.0049177218843430666,0.01901567130394341,0.972570197959387,cpu,1019260.7434180207,test_legacy,0.027781862047154493,True,53,0.25797818844424286,AMD,50000,0.0,0.004081632653061225
ppo_standalone,0.005728626436000571,0.017338536196977186,0.9790078524893608,cpu,1022463.0007630832,test_legacy,0.023276645153356257,True,67,0.32945272250345614,AMD,50000,0.0,0.004081632653061225
ppo_standalone,0.008570491583347838,0.014283775149919208,0.9965969418271,cpu,1033744.5284506199,test_legacy,0.008975131023212901,True,89,0.5974525986419729,AMD,50000,0.0,0.003061224489795918
ppo_standalone,0.0008262506202600293,0.035748678352930385,0.9741726863144903,cpu,1003217.0337160227,test_legacy,0.03621434600213125,True,7,0.023103114119765775,AMZN,50000,0.0,0.015306122448979591
ppo_standalone,0.0011801716314535518,0.034119091433845714,0.9826806158152326,cpu,1004597.3859413111,test_legacy,0.03909324354050148,True,13,0.034569217381984096,AMZN,50000,0.0,0.01020408163265306
ppo_standalone,0.00351985925098341,0.030546400224648797,0.9934458495247862,cpu,1013758.0907179869,test_legacy,0.034989098263955576,True,19,0.11502700019177435,AMZN,50000,0.0,0.006122448979591836
ppo_standalone,0.00015647483990572467,0.03266091095487631,0.9810066437030479,cpu,1000608.6508155407,test_legacy,0.03680155675105823,True,23,0.004790492180208405,AMZN,50000,0.0,0.014285714285714285
ppo_standalone,0.0009550531241542794,0.03848964135499106,0.9757155494805548,cpu,1003719.2222378732,test_legacy,0.04083506305673135,True,29,0.02480130706332633,AMZN,50000,0.0,0.012244897959183673
ppo_standalone,0.004409655253307405,0.03488836896908489,0.9878173527556847,cpu,1017258.191303155,test_legacy,0.0369786814308406,True,37,0.12611484346478105,AMZN,50000,0.0,0.01020408163265306
ppo_standalone,-0.04639793884128443,0.10608806731664001,0.7843046976133711,cpu,831306.6599577281,test_legacy,0.24906337335376394,False,42,-0.44782369342054257,AMZN,50000,-0.010287258237571439,0.05
ppo_standalone,0.0034225911362419283,0.03451555400429751,0.9861544025740251,cpu,1013376.0201438292,test_legacy,0.03680155675105823,True,53,0.0989910718640781,AMZN,50000,0.0,0.01020408163265306
ppo_standalone,0.0007286754298408957,0.02701608224253342,0.9876122381828496,cpu,1002836.7217487,test_legacy,0.03255992260074103,True,67,0.026961932828892823,AMZN,50000,0.0,0.01020408163265306
ppo_standalone,-0.0045393944746721605,0.04166078528381068,0.9526359502893638,cpu,982462.2190957549,test_legacy,0.060977892799790157,True,89,-0.10920849054446569,AMZN,50000,0.0,0.018367346938775512
ppo_standalone,-0.0006180289039244249,0.014654836485697893,0.9854901575577795,cpu,997598.6990039625,test_legacy,0.022520849080885585,True,7,-0.0421849309928833,AVGO,50000,0.0,0.007142857142857143
ppo_standalone,0.0003151324431956172,0.0095291701470034,0.9931999600174378,cpu,1001226.0730113654,test_legacy,0.015018769106726615,True,13,0.03306453192714862,AVGO,50000,0.0,0.004081632653061225
ppo_standalone,-0.00019194559681451253,0.010338383325513761,0.9909170313593396,cpu,999253.7518344874,test_legacy,0.015734523382552212,True,19,-0.018567803798394875,AVGO,50000,0.0,0.006122448979591836
ppo_standalone,0.00021662206689055364,0.009611777572131653,0.9928196431479419,cpu,1000842.6827766954,test_legacy,0.015018769106726615,True,23,0.0225343365343138,AVGO,50000,0.0,0.00510204081632653
ppo_standalone,-0.0008534916069933222,0.01034189962792023,0.9886952455674771,cpu,996684.9556731281,test_legacy,0.01573258692149604,True,29,-0.08256151798159682,AVGO,50000,0.0,0.00510204081632653
ppo_standalone,-0.002922315821549939,0.03874928772412166,0.9536926461409062,cpu,988683.3214735531,test_legacy,0.04831424001428031,True,37,-0.07552608850354822,AVGO,50000,0.0,0.03877551020408163
ppo_standalone,0.0008876217122184431,0.02517075662432273,0.9894996898254512,cpu,1003456.2903905248,test_legacy,0.03269456209822663,True,42,0.03524814238979824,AVGO,50000,0.0,0.019387755102040816
ppo_standalone,-0.0010772617959541157,0.01214260163554236,0.9875714166341741,cpu,995817.162969364,test_legacy,0.017005602657924057,True,53,-0.0887642039958239,AVGO,50000,0.0,0.00510204081632653
ppo_standalone,-0.013550574406215661,0.052576629640229196,0.9113680561818256,cpu,948325.983039867,test_legacy,0.09753171599549082,False,67,-0.2594913412678429,AVGO,50000,-0.0018760699104337418,0.05
ppo_standalone,-0.0010814675113254534,0.019585348429837737,0.9818972358706903,cpu,995800.8583569416,test_legacy,0.026587929598126614,True,89,-0.055247623133323404,AVGO,50000,0.0,0.013265306122448979
ppo_standalone,0.004261644213565484,0.013169124197550413,0.9824714978529375,cpu,1016675.3537610526,test_legacy,0.018443738961759548,True,7,0.3229172874218889,AXP,50000,0.0,0.011224489795918367
ppo_standalone,0.005743463142609867,0.010276495153709467,0.992915593836014,cpu,1022521.6603617778,test_legacy,0.011182072659100317,True,13,0.5572857077501443,AXP,50000,0.0,0.009183673469387756
ppo_standalone,0.00540188593573597,0.007236842998969506,0.9966737238370059,cpu,1021171.8068008119,test_legacy,0.005006384569480327,True,19,0.7444171317756899,AXP,50000,0.0,0.00816326530612245
ppo_standalone,0.003945613714088803,0.0050278718665137485,0.9970265776605046,cpu,1015431.719903462,test_legacy,0.003178127471976211,True,23,0.7831794392323446,AXP,50000,0.0,0.007142857142857143
ppo_standalone,0.0042244223046374405,0.0054409814762891445,0.9975250996341837,cpu,1016528.8204558027,test_legacy,0.0038368896750470283,True,29,0.7747502014648782,AXP,50000,0.0,0.004081632653061225
ppo_standalone,0.006972245058164914,0.010305751745293466,0.9957352903747332,cpu,1027388.5554840132,test_legacy,0.008034538226592947,True,37,0.6741812239972813,AXP,50000,0.0,0.009183673469387756
ppo_standalone,0.005617567742536345,0.006871767777532055,0.9980285494868776,cpu,1022023.9895510804,test_legacy,0.00390981679182123,True,42,0.8151786888154686,AXP,50000,0.0,0.004081632653061225
ppo_standalone,0.005218542171535058,0.007282844668469644,0.9950771363880901,cpu,1020447.8104107206,test_legacy,0.005891557683767701,True,53,0.7146739432412108,AXP,50000,0.0,0.007142857142857143
ppo_standalone,0.004269408799071097,0.00678125343875192,0.9953423093805825,cpu,1016705.9229616264,test_legacy,0.00563534726776771,True,67,0.6282350365633391,AXP,50000,0.0,0.009183673469387756
ppo_standalone,0.006545769807622379,0.00865155491704413,0.9983265796889877,cpu,1025697.4492162915,test_legacy,0.007037493724699306,True,89,0.7541210381835374,AXP,50000,0.0,0.007142857142857143
ppo_standalone,0.0021518871016636284,0.009021818198071097,0.9905820410299867,cpu,1008394.4965961451,test_legacy,0.012247143443170683,True,7,0.23825987611480443,BA,50000,0.0,0.009183673469387756
ppo_standalone,-0.00040512475367085585,0.010501420568484987,0.9808106867150685,cpu,998425.436554406,test_legacy,0.01964956627543324,True,13,-0.03858532386182114,BA,50000,0.0,0.01020408163265306
ppo_standalone,0.001247450147109154,0.003945046302556383,0.9990262047941854,cpu,1004859.9431186558,test_legacy,0.004017390435361312,True,19,0.3159969412445549,BA,50000,0.0,0.004081632653061225
ppo_standalone,0.0006318590184759882,0.006269729520042766,0.9906093881436433,cpu,1002459.4730857741,test_legacy,0.009390611856356701,True,23,0.10074493402528518,BA,50000,0.0,0.00816326530612245
ppo_standalone,0.0010802501662099124,0.004244872037255266,0.9970828070419432,cpu,1004207.5323638221,test_legacy,0.004017390435361312,True,29,0.25433669888754684,BA,50000,0.0,0.00510204081632653
ppo_standalone,0.002895333135300027,0.008790868326988511,0.9928008729105946,cpu,1011306.80419094,test_legacy,0.010429823057861665,True,37,0.32887507996168414,BA,50000,0.0,0.00816326530612245
ppo_standalone,0.0019257008038320212,0.004560445493293186,0.9982301140214808,cpu,1007509.692433496,test_legacy,0.004199357975861018,True,42,0.4218408172306522,BA,50000,0.0,0.00510204081632653
ppo_standalone,0.0021763640327406557,0.005239346331507316,0.9972133383847099,cpu,1008490.2809865841,test_legacy,0.0042011626923639245,True,53,0.41492453033686344,BA,50000,0.0,0.004081632653061225
ppo_standalone,0.0017378695549015951,0.006304128668144582,0.9939457815699946,cpu,1006775.365441329,test_legacy,0.007189532755903838,True,67,0.27542545145597047,BA,50000,0.0,0.007142857142857143
ppo_standalone,0.002600694018227261,0.006293795360865448,0.9955648008054879,cpu,1010151.865433972,test_legacy,0.004435199194512074,True,89,0.4126687328451781,BA,50000,0.0,0.00510204081632653
ppo_standalone,-0.002246864494642324,0.004627116918166203,0.9912905118303282,cpu,991290.5118303283,test_legacy,0.009980342884162607,True,7,-0.4861159450570228,BLK,50000,0.0,0.00510204081632653
ppo_standalone,-0.002246864494642324,0.004627116918166203,0.9912905118303282,cpu,991290.5118303283,test_legacy,0.009980342884162607,True,13,-0.4861159450570228,BLK,50000,0.0,0.00510204081632653
ppo_standalone,-0.002246864494642324,0.004627116918166203,0.9912905118303282,cpu,991290.5118303283,test_legacy,0.009980342884162607,True,19,-0.4861159450570228,BLK,50000,0.0,0.00510204081632653
ppo_standalone,-0.002246864494642324,0.004627116918166203,0.9912905118303282,cpu,991290.5118303283,test_legacy,0.009980342884162607,True,23,-0.4861159450570228,BLK,50000,0.0,0.00510204081632653
ppo_standalone,-0.0022599731634181507,0.004627190521434961,0.9912398648296785,cpu,991239.8648296786,test_legacy,0.009980342884162607,True,29,-0.4889474786920834,BLK,50000,0.0,0.006122448979591836
ppo_standalone,-0.0022524252392220026,0.004629956473813694,0.9912690269551947,cpu,991269.0269551947,test_legacy,0.009980342884162607,True,37,-0.48702152278256183,BLK,50000,0.0,0.00510204081632653
ppo_standalone,-0.002246864494642324,0.004627116918166203,0.9912905118303282,cpu,991290.5118303283,test_legacy,0.009980342884162607,True,42,-0.4861159450570228,BLK,50000,0.0,0.00510204081632653
ppo_standalone,-0.002246864494642324,0.004627116918166203,0.9912905118303282,cpu,991290.5118303283,test_legacy,0.009980342884162607,True,53,-0.4861159450570228,BLK,50000,0.0,0.00510204081632653
ppo_standalone,-0.002246864494642324,0.004627116918166203,0.9912905118303282,cpu,991290.5118303283,test_legacy,0.009980342884162607,True,67,-0.4861159450570228,BLK,50000,0.0,0.00510204081632653
ppo_standalone,-0.002246864494642324,0.004627116918166203,0.9912905118303282,cpu,991290.5118303283,test_legacy,0.009980342884162607,True,89,-0.4861159450570228,BLK,50000,0.0,0.00510204081632653
ppo_standalone,0.009263077713192706,0.01610615403711254,0.9931616915037278,cpu,1036507.8857400977,test_legacy,0.02084599848537272,True,7,0.5724735788198485,BRK-B,50000,0.0,0.027551020408163266
ppo_standalone,0.053254509564591816,0.07869383334727617,0.9566714076815338,cpu,1223572.213814925,test_legacy,0.1369062423933659,True,13,0.6593248361052828,BRK-B,50000,-0.007576532004165503,0.05
ppo_standalone,0.021497001747193316,0.056479092187361905,0.9941198949694826,cpu,1086230.6197790522,test_legacy,0.13404743159270094,True,19,0.3765843167702571,BRK-B,50000,-0.005846118245859522,0.05
ppo_standalone,0.006974503583607091,0.017655027078797434,0.9774919636905341,cpu,1027397.5167455483,test_legacy,0.02250803630946585,True,23,0.3936687103214731,BRK-B,50000,0.0,0.03775510204081633
ppo_standalone,0.005601510542677264,0.011754816511803946,0.9989276536414889,cpu,1021960.5275781603,test_legacy,0.018189170478045802,True,29,0.4751928695253478,BRK-B,50000,0.0,0.02040816326530612
ppo_standalone,0.0008734570483654115,0.023458620675789264,0.9436713955221813,cpu,1003401.0653464431,test_legacy,0.059241542268145264,False,37,0.037217443886433804,BRK-B,50000,0.0,0.04795918367346939
ppo_standalone,-0.009982675827191612,0.04100775387939161,0.8966081283142571,cpu,961734.7560276882,test_legacy,0.12839962591201048,False,42,-0.2446561212230616,BRK-B,50000,-0.003446662278020973,0.05
ppo_standalone,0.010839403990447648,0.05910028576737082,0.9703959860471018,cpu,1042817.7426316342,test_legacy,0.13780786694954594,True,53,0.18241958813253292,BRK-B,50000,-0.006311140828222239,0.05
ppo_standalone,-0.011017095283788718,0.03916442217483419,0.8935956132285329,cpu,957832.8283097463,test_legacy,0.13277660167045702,False,67,-0.2828635637623688,BRK-B,50000,-0.0029755381568446807,0.05
ppo_standalone,0.006782141149177068,0.022505098652131256,0.9604628666070671,cpu,1026634.4790407125,test_legacy,0.040408348538525485,True,89,0.3003407502321799,BRK-B,50000,0.0,0.04081632653061224
ppo_standalone,1.6459014931188115e-05,0.006995882371122311,0.9898156390147295,cpu,1000064.0088020201,test_legacy,0.010184360985270535,True,7,0.0023525990213198855,C,50000,0.0,0.01020408163265306
ppo_standalone,0.0008864054642891693,0.005331998438436265,0.9984025738643812,cpu,1003451.5484071381,test_legacy,0.00840734950022426,True,13,0.16616405114697785,C,50000,0.0,0.006122448979591836
ppo_standalone,0.0006505975746480533,0.0048400826537491875,0.9995876943854151,cpu,1002532.4803215495,test_legacy,0.008088546334842683,True,19,0.13437057663138313,C,50000,0.0,0.00510204081632653
ppo_standalone,0.0007565344388411639,0.004932370183987656,0.9990590654667354,cpu,1002945.2949257321,test_legacy,0.008088546334842683,True,23,0.15331859615806293,C,50000,0.0,0.00510204081632653
ppo_standalone,0.0006609279807610657,0.004839836640297177,0.9996278261123058,cpu,1002572.7302765313,test_legacy,0.008088546334842683,True,29,0.13651039132158208,C,50000,0.0,0.00510204081632653
ppo_standalone,0.0012520492262115771,0.006827628802396529,0.994853649491834,cpu,1004877.8930754203,test_legacy,0.009083264390200907,True,37,0.1832608377917284,C,50000,0.0,0.00816326530612245
ppo_standalone,0.0010515339077730261,0.006123809685831779,0.9970457227671716,cpu,1004095.5138066598,test_legacy,0.00917431458035789,True,42,0.1716177091886781,C,50000,0.0,0.006122448979591836
ppo_standalone,0.0011308365443329668,0.005644573171693808,0.998568214928974,cpu,1004404.886122072,test_legacy,0.008630607162906978,True,53,0.20022166632146673,C,50000,0.0,0.00510204081632653
ppo_standalone,0.0007320863196177366,0.004951337984188702,0.9987880777570928,cpu,1002850.0143274684,test_legacy,0.008088546334842683,True,67,0.1477974267493614,C,50000,0.0,0.006122448979591836
ppo_standalone,0.0014962829692220273,0.005808432609298042,0.9976595689795001,cpu,1005831.4663934365,test_legacy,0.008088546334842683,True,89,0.25740572232529424,C,50000,0.0,0.006122448979591836
ppo_standalone,-0.0022918930967269096,0.0048659885523736025,0.991116546167288,cpu,991116.546167288,test_legacy,0.012963914134715537,True,7,-0.47152775353807325,CAT,50000,0.0,0.00510204081632653
ppo_standalone,-0.0022060245868894333,0.00490166699027684,0.9914483143060625,cpu,991448.3143060625,test_legacy,0.012963914134715537,True,13,-0.45053854683224165,CAT,50000,0.0,0.00510204081632653
ppo_standalone,-0.0022918930967269096,0.0048659885523736025,0.991116546167288,cpu,991116.546167288,test_legacy,0.012963914134715537,True,19,-0.47152775353807325,CAT,50000,0.0,0.00510204081632653
ppo_standalone,-0.0021771042715897164,0.004943014320205977,0.9915600716166156,cpu,991560.0716166156,test_legacy,0.012963914134715537,True,23,-0.44090659574395624,CAT,50000,0.0,0.006122448979591836
ppo_standalone,-0.002375207745557581,0.004868211598174243,0.9907947241568957,cpu,990794.7241568958,test_legacy,0.012963914134715537,True,29,-0.4884659256478689,CAT,50000,0.0,0.006122448979591836
ppo_standalone,-0.002197097141097674,0.0053094519679541055,0.9914828118018837,cpu,991482.8118018837,test_legacy,0.013948697777299457,True,37,-0.4142515184324863,CAT,50000,0.0,0.006122448979591836
ppo_standalone,0.009483608262153477,0.06604290999547394,0.9701752026066773,cpu,1037388.933777106,test_legacy,0.13612405181739085,True,42,0.14292069307434052,CAT,50000,-0.004170796139001531,0.05
ppo_standalone,0.19669293712927566,0.17777307939679582,0.9424838822160607,cpu,2010324.4922711004,test_legacy,0.23217757791071325,False,53,1.010061292131229,CAT,50000,-0.017041620447429028,0.05
ppo_standalone,-0.002284457460306823,0.00486851285623638,0.9911452717985587,cpu,991145.2717985588,test_legacy,0.012963914134715537,True,67,-0.469752532385906,CAT,50000,0.0,0.00510204081632653
ppo_standalone,0.00410392848413769,0.024269727426173303,0.9997112809746052,cpu,1016054.5741500859,test_legacy,0.051084903445150265,True,89,0.1687494663066071,CAT,50000,0.0,0.018367346938775512
ppo_standalone,0.01771688743288987,0.031262367887498796,0.972004423880632,cpu,1070681.9512947658,test_legacy,0.046405663293432875,True,7,0.5617515502969478,COPX,50000,0.0,0.027551020408163266
ppo_standalone,-0.01747022365131628,0.0625328877072817,0.8379410434294314,cpu,933755.9001208462,test_legacy,0.19233553855217267,False,13,-0.2818450400488559,COPX,50000,-0.004154393245563791,0.05
ppo_standalone,0.01844159626183274,0.02708957126242977,0.9882264099613588,cpu,1073649.9879785627,test_legacy,0.04397048947607962,True,19,0.6745586663608348,COPX,50000,0.0,0.027551020408163266
ppo_standalone,0.016174843634020466,0.02594577852994324,0.9823397492306822,cpu,1064386.8154602968,test_legacy,0.03981218400720621,True,23,0.6184176108713465,COPX,50000,0.0,0.026530612244897958
ppo_standalone,-0.005342600441689167,0.07005446051059594,0.8809322637494678,cpu,979383.0180637207,test_legacy,0.19392496033117002,False,29,-0.07646780790272949,COPX,50000,-0.0061607346074247895,0.05
ppo_standalone,0.01917199453824152,0.023673428836234023,0.9956219769508231,cpu,1076647.5055103612,test_legacy,0.038116689859643005,True,37,0.8021820734465995,COPX,50000,0.0,0.019387755102040816
ppo_standalone,-0.002577539593620864,0.05022101628479209,0.8903501911758774,cpu,990013.4939901329,test_legacy,0.12602337025359,False,42,-0.05139001957767489,COPX,50000,-5.1197229359622655e-05,0.05
ppo_standalone,-0.029729507732716254,0.06250412893907148,0.801355397107846,cpu,889257.7287130055,test_legacy,0.20194883484497694,False,53,-0.48285308846932445,COPX,50000,-0.002294196280050451,0.05
ppo_standalone,0.014115696306336144,0.029290407607409405,0.9690545431694758,cpu,1056023.6133392986,test_legacy,0.0443046976425987,True,67,0.47854989940984716,COPX,50000,0.0,0.0336734693877551
ppo_standalone,-0.009977795959463359,0.08272087838727066,0.8630654676691241,cpu,961753.1912845985,test_legacy,0.2297571873099361,False,89,-0.12122560510446724,COPX,50000,-0.007616386245371398,0.05
ppo_standalone,-0.0006014420588466244,0.04132932362805226,0.9139663514845405,cpu,997663.0898451187,test_legacy,0.12631667965490756,False,7,-0.014556751334150363,COST,50000,-0.0008213167430635156,0.05
ppo_standalone,0.0029217976457964123,0.006442857274233579,0.9981706628633408,cpu,1011410.5888762444,test_legacy,0.00349740695514289,True,13,0.4528217037640369,COST,50000,0.0,0.004081632653061225
ppo_standalone,0.08402082832998513,0.1256512357703758,0.8746584625234409,cpu,1368539.8171007545,test_legacy,0.1711428564369808,False,19,0.6420710050256813,COST,50000,-0.011150109581317213,0.05
ppo_standalone,0.013102227739400781,0.019023521126202973,0.9896971965352473,cpu,1051925.3961445284,test_legacy,0.030460233054499852,True,23,0.6842596225613219,COST,50000,0.0,0.02857142857142857
ppo_standalone,0.008097391927415381,0.02571492583798945,0.9532798196826122,cpu,1031860.0513674088,test_legacy,0.05680657860855931,True,29,0.31362074394205847,COST,50000,0.0,0.044897959183673466
ppo_standalone,-0.0012276191446169375,0.027699159702669063,0.9237457731351411,cpu,995234.3845279466,test_legacy,0.07625422686485894,False,37,-0.04434669714269675,COST,50000,0.0,0.04183673469387755
ppo_standalone,-0.0005574299625437013,0.05118215945538816,0.9094587142642573,cpu,997833.9616481211,test_legacy,0.15288266151538965,False,42,-0.010894101791206702,COST,50000,-0.0014932036857994821,0.05
ppo_standalone,0.0867155963268874,0.12915193320035614,0.8715610057214778,cpu,1381817.6074759222,test_legacy,0.1711428564369808,False,53,0.6438914905584658,COST,50000,-0.011491290378734576,0.05
ppo_standalone,0.012633902233684964,0.02208869301395089,0.9776926676943754,cpu,1050035.5997531617,test_legacy,0.031164422541813397,True,67,0.568375419015157,COST,50000,0.0,0.03571428571428571
ppo_standalone,0.0013609359578648078,0.04697660713399184,0.9186470966456534,cpu,1005302.9416766198,test_legacy,0.13788194758498173,False,89,0.028950709961304947,COST,50000,-0.0014871817476539207,0.05
ppo_standalone,-0.006909738285764511,0.01386756172883483,0.9733958248665815,cpu,973395.8248665815,test_legacy,0.034626351808502376,True,7,-0.4999899645181915,CRM,50000,0.0,0.00510204081632653
ppo_standalone,-0.006815050409352331,0.01391140149111276,0.9737568026545259,cpu,973756.802654526,test_legacy,0.034626351808502376,True,13,-0.4915608889060144,CRM,50000,0.0,0.00510204081632653
ppo_standalone,-0.00680344441952123,0.013838904753278997,0.9738010549115383,cpu,973801.0549115384,test_legacy,0.034626351808502376,True,19,-0.493291569684869,CRM,50000,0.0,0.006122448979591836
ppo_standalone,-0.006820858047115242,0.013964843495948204,0.9737346593841936,cpu,973734.6593841936,test_legacy,0.034626351808502376,True,23,-0.4900984835830793,CRM,50000,0.0,0.00510204081632653
ppo_standalone,-0.00680344441952123,0.013838904753278997,0.9738010549115383,cpu,973801.0549115384,test_legacy,0.034626351808502376,True,29,-0.493291569684869,CRM,50000,0.0,0.006122448979591836
ppo_standalone,-0.0067743439639306804,0.013878344068864106,0.9739120180519131,cpu,973912.0180519131,test_legacy,0.034626351808502376,True,37,-0.4897786224719447,CRM,50000,0.0,0.00510204081632653
ppo_standalone,-0.00680267557348585,0.0138389061841772,0.9738039864826658,cpu,973803.9864826658,test_legacy,0.034626351808502376,True,42,-0.4932355819268633,CRM,50000,0.0,0.00510204081632653
ppo_standalone,-0.006949553300249042,0.01436715838041505,0.973244068116132,cpu,973244.0681161319,test_legacy,0.03546969884996842,True,53,-0.4853943050384271,CRM,50000,0.0,0.00510204081632653
ppo_standalone,-0.00680267557348585,0.0138389061841772,0.9738039864826658,cpu,973803.9864826658,test_legacy,0.034626351808502376,True,67,-0.4932355819268633,CRM,50000,0.0,0.00510204081632653
ppo_standalone,-0.006915225247083678,0.013937268850140044,0.9733749100180633,cpu,973374.9100180633,test_legacy,0.034626351808502376,True,89,-0.49788572346916643,CRM,50000,0.0,0.00510204081632653
ppo_standalone,-0.00024267038724240126,0.0033639035462527125,0.9964586142447268,cpu,999056.6125726171,test_legacy,0.005888449559538378,True,7,-0.0721448699361541,DIA,50000,0.0,0.00510204081632653
ppo_standalone,-0.0003112950349304117,0.003429456715711942,0.9961926475403458,cpu,998789.9524314556,test_legacy,0.005888449559538378,True,13,-0.09078087641221474,DIA,50000,0.0,0.00510204081632653
ppo_standalone,-0.0003398849191577312,0.0033693416665989363,0.9960818580567722,cpu,998678.8740940461,test_legacy,0.005888449559538378,True,19,-0.1008881589538042,DIA,50000,0.0,0.006122448979591836
ppo_standalone,-0.0002581795412242089,0.0033755147639462847,0.9963985012200886,cpu,998996.342819405,test_legacy,0.005888449559538378,True,23,-0.07649225394849292,DIA,50000,0.0,0.00510204081632653
ppo_standalone,-0.0002663898251357192,0.0033643486843948495,0.9963666794917064,cpu,998964.438124409,test_legacy,0.005888449559538378,True,29,-0.07918701884081107,DIA,50000,0.0,0.006122448979591836
ppo_standalone,-0.0008843350321472248,0.004932049602800165,0.9936316328460048,cpu,996565.3098620774,test_legacy,0.00695433321456862,True,37,-0.17937731430915957,DIA,50000,0.0,0.00816326530612245
ppo_standalone,-0.00024267038724240126,0.0033639035462527125,0.9964586142447268,cpu,999056.6125726171,test_legacy,0.005888449559538378,True,42,-0.0721448699361541,DIA,50000,0.0,0.00510204081632653
ppo_standalone,-0.0009822095526716293,0.004377625092580205,0.9935951793371502,cpu,996185.7120272352,test_legacy,0.006537998419257396,True,53,-0.2244725351926466,DIA,50000,0.0,0.007142857142857143
ppo_standalone,-0.00024267038724240126,0.0033639035462527125,0.9964586142447268,cpu,999056.6125726171,test_legacy,0.005888449559538378,True,67,-0.0721448699361541,DIA,50000,0.0,0.00510204081632653
ppo_standalone,-0.00021606182984202848,0.003502424779657549,0.9965617545065696,cpu,999160.0217450036,test_legacy,0.005849943201401531,True,89,-0.06169308255914387,DIA,50000,0.0,0.00510204081632653
ppo_standalone,-0.0005844920989947035,0.002795294270050192,0.9977288935028465,cpu,997728.8935028466,test_legacy,0.00570024653684742,True,7,-0.20914784756775753,EEMX,50000,0.0,0.00510204081632653
ppo_standalone,-0.0008713202739010674,0.0034653238239284413,0.9966157945654652,cpu,996615.7945654652,test_legacy,0.005850429850376648,True,13,-0.25153786715098164,EEMX,50000,0.0,0.007142857142857143
ppo_standalone,-0.0007196248924837997,0.002748803671438818,0.9972043664002057,cpu,997204.3664002058,test_legacy,0.005671296007265569,True,19,-0.2618747868068177,EEMX,50000,0.0,0.006122448979591836
ppo_standalone,-0.0005081359365833944,0.003010136232966275,0.9980253657328734,cpu,998025.3657328733,test_legacy,0.005671296007265569,True,23,-0.16884228459535092,EEMX,50000,0.0,0.006122448979591836
ppo_standalone,-0.0007196248924837997,0.002748803671438818,0.9972043664002057,cpu,997204.3664002058,test_legacy,0.005671296007265569,True,29,-0.2618747868068177,EEMX,50000,0.0,0.006122448979591836
ppo_standalone,-0.00026418531378854973,0.005679038884269498,0.995513979864082,cpu,998973.0046554322,test_legacy,0.0075825219862460935,True,37,-0.046524215940391134,EEMX,50000,0.0,0.01020408163265306
ppo_standalone,-0.00046950886414105325,0.0033172478475307888,0.9981753700950545,cpu,998175.3700950545,test_legacy,0.005977158992186649,True,42,-0.1415621223474594,EEMX,50000,0.0,0.007142857142857143
ppo_standalone,-0.0006389612580555582,0.003748527919261907,0.9971572455425481,cpu,997517.4431174869,test_legacy,0.006190374644272967,True,53,-0.17050384255331968,EEMX,50000,0.0,0.007142857142857143
ppo_standalone,-0.0006268640925623462,0.002742781297642251,0.9975644016844681,cpu,997564.4016844681,test_legacy,0.005671296007265569,True,67,-0.22860895398382813,EEMX,50000,0.0,0.00510204081632653
ppo_standalone,-0.00048059213557097584,0.0029006494151036836,0.9981323276086778,cpu,998132.3276086778,test_legacy,0.005754336599388621,True,89,-0.1657150802261542,EEMX,50000,0.0,0.00510204081632653
ppo_standalone,0.004611763081184056,0.0209208854622945,0.9528493337441247,cpu,1018054.4518767174,test_legacy,0.05103556691626199,True,7,0.21992981987060756,GLD,50000,0.0,0.04693877551020408
ppo_standalone,0.005419507149057498,0.020616525285360936,0.955529905012591,cpu,1021241.4103617443,test_legacy,0.048219843405334584,True,13,0.2621602220977911,GLD,50000,0.0,0.03571428571428571
ppo_standalone,0.006675173596002357,0.019491506116863518,0.9598007927222264,cpu,1026210.3565646032,test_legacy,0.04182615555280178,True,19,0.3413250392996412,GLD,50000,0.0,0.02857142857142857
ppo_standalone,0.008870189732241652,0.014883226252572946,0.9779312729119197,cpu,1034939.6249214413,test_legacy,0.026001027999527637,True,23,0.5933516266792348,GLD,50000,0.0,0.019387755102040816
ppo_standalone,0.13577849147993493,0.09097482377032097,0.9704381578289208,cpu,1640706.2124959566,test_legacy,0.11196975558111821,True,29,1.3994870663479764,GLD,50000,-0.008593950689027529,0.05
ppo_standalone,0.006912571750808723,0.016455147333041674,0.9672324674383117,cpu,1027151.8078255908,test_legacy,0.032767532561688295,True,37,0.41863636136278803,GLD,50000,0.0,0.02857142857142857
ppo_standalone,-0.0034177567320902284,0.02952996075646239,0.9229166826866764,cpu,986774.1985637376,test_legacy,0.09814927403301144,False,42,-0.11593622587039713,GLD,50000,-0.0024435736804924164,0.05
ppo_standalone,-0.0015902742044712893,0.021677249030997648,0.9353801565108428,cpu,993829.7920508622,test_legacy,0.06461984348915717,False,53,-0.07341929667613445,GLD,50000,-0.00033797885002382336,0.05
ppo_standalone,0.004000062418570499,0.0041048308955935605,0.9999025584473891,cpu,1015645.9042101904,test_legacy,0.0022843309772163645,True,67,0.9724953748659694,GLD,50000,0.0,0.007142857142857143
ppo_standalone,0.1203762644217315,0.08334246918665464,0.9742610745879067,cpu,1555860.7342853756,test_legacy,0.11174525690600279,True,89,1.363822836951586,GLD,50000,-0.008044422011333641,0.05
ppo_standalone,0.0032850041090121502,0.01877004391324728,0.9797146111654342,cpu,1012835.7589750629,test_legacy,0.02141118460270175,True,7,0.17472481944453191,GOOGL,50000,0.0,0.004081632653061225
ppo_standalone,0.0032850041090121502,0.01877004391324728,0.9797146111654342,cpu,1012835.7589750629,test_legacy,0.02141118460270175,True,13,0.17472481944453191,GOOGL,50000,0.0,0.004081632653061225
ppo_standalone,0.0030863340827950486,0.018774390382156208,0.9789603722691903,cpu,1012056.0215737629,test_legacy,0.02141118460270175,True,19,0.16413609242118915,GOOGL,50000,0.0,0.00510204081632653
ppo_standalone,0.002820602361818304,0.01887429633813291,0.9779522120768563,cpu,1011013.7785757164,test_legacy,0.022047787923143658,True,23,0.14922984079901092,GOOGL,50000,0.0,0.00510204081632653
ppo_standalone,0.0032850041090121502,0.01877004391324728,0.9797146111654342,cpu,1012835.7589750629,test_legacy,0.02141118460270175,True,29,0.17472481944453191,GOOGL,50000,0.0,0.004081632653061225
ppo_standalone,0.0023095757841024426,0.020498294782624382,0.9737691453316418,cpu,1009011.6905799859,test_legacy,0.026461459799647202,True,37,0.11254082217797919,GOOGL,50000,0.0,0.00510204081632653
ppo_standalone,0.0032850041090121502,0.01877004391324728,0.9797146111654342,cpu,1012835.7589750629,test_legacy,0.02141118460270175,True,42,0.17472481944453191,GOOGL,50000,0.0,0.004081632653061225
ppo_standalone,0.0015845587542722946,0.0194801325123335,0.9732729171534108,cpu,1006176.2910347086,test_legacy,0.0267270828465892,True,53,0.0812772583704017,GOOGL,50000,0.0,0.00510204081632653
ppo_standalone,0.0032160424775914895,0.018802116835742236,0.9794527535512044,cpu,1012565.048757588,test_legacy,0.02141118460270175,True,67,0.1707709293096966,GOOGL,50000,0.0,0.004081632653061225
ppo_standalone,-0.00337048200682193,0.027314004294898483,0.9511742003716139,cpu,986956.2478358415,test_legacy,0.05948236033372667,True,89,-0.12360528388768141,GOOGL,50000,0.0,0.015306122448979591
ppo_standalone,-0.00029060982511744176,0.00667275198831954,0.9895072279828528,cpu,998870.3249957944,test_legacy,0.011079898251276199,True,7,-0.043557013115848774,GS,50000,0.0,0.007142857142857143
ppo_standalone,0.001092706609666542,0.004827209020285762,0.9991524603690183,cpu,1004256.1262892273,test_legacy,0.005874634228008047,True,13,0.22623303079968218,GS,50000,0.0,0.004081632653061225
ppo_standalone,0.001088089353355059,0.004781601845962241,0.9995454795766843,cpu,1004238.1136721101,test_legacy,0.005874634228008047,True,19,0.22742623610899676,GS,50000,0.0,0.00510204081632653
ppo_standalone,0.0009367424857644229,0.004939682660817364,0.997921064103899,cpu,1003647.8194431723,test_legacy,0.005874634228008047,True,23,0.18954131102370406,GS,50000,0.0,0.00510204081632653
ppo_standalone,0.0005576093269535475,0.0049504980025122285,0.9971176725955733,cpu,1002170.2279009772,test_legacy,0.005904058752855046,True,29,0.11260201404834913,GS,50000,0.0,0.00510204081632653
ppo_standalone,0.0007900747004117745,0.006852374883302483,0.9928281551814987,cpu,1003076.0208783423,test_legacy,0.007171844818501305,True,37,0.1152512046668849,GS,50000,0.0,0.007142857142857143
ppo_standalone,0.0011480191545197385,0.004877165883574284,0.9990683863068245,cpu,1004471.9275749347,test_legacy,0.005901732644663538,True,42,0.23524386252640697,GS,50000,0.0,0.004081632653061225
ppo_standalone,0.001090963604628112,0.004781578830834049,0.9995566400428075,cpu,1004249.3265340322,test_legacy,0.005874634228008047,True,53,0.2280277658472391,GS,50000,0.0,0.004081632653061225
ppo_standalone,0.001090963604628112,0.004781578830834049,0.9995566400428075,cpu,1004249.3265340322,test_legacy,0.005874634228008047,True,67,0.2280277658472391,GS,50000,0.0,0.004081632653061225
ppo_standalone,0.0011147638804276344,0.004804253765517551,0.9993678718183798,cpu,1004342.1783595294,test_legacy,0.005874634228008047,True,89,0.23189994408304723,GS,50000,0.0,0.004081632653061225
ppo_standalone,0.002216295620586417,0.004592287322821444,0.9968190565984563,cpu,1008646.5578446937,test_legacy,0.0031809434015437343,True,7,0.48206189631495994,HSBC,50000,0.0,0.00510204081632653
ppo_standalone,0.0018141905109858828,0.0038609103509976584,0.9977616867213955,cpu,1007073.6945421976,test_legacy,0.003151754721000821,True,13,0.4694417038170081,HSBC,50000,0.0,0.004081632653061225
ppo_standalone,0.0019872169996586956,0.0038053353074870735,0.9983159504492424,cpu,1007750.2767081592,test_legacy,0.003151754721000821,True,19,0.5216786752265699,HSBC,50000,0.0,0.00510204081632653
ppo_standalone,0.0017632363276425395,0.0038893495892574925,0.9975643476328258,cpu,1006874.5137080882,test_legacy,0.003151754721000821,True,23,0.4529322217427635,HSBC,50000,0.0,0.004081632653061225
ppo_standalone,0.001970300881124123,0.003775241736968187,0.9983664629106012,cpu,1007684.1150457506,test_legacy,0.003151754721000821,True,29,0.5213651885586726,HSBC,50000,0.0,0.004081632653061225
ppo_standalone,0.0016025894739166908,0.006338954705029976,0.9903850562272288,cpu,1006246.733792139,test_legacy,0.010814257548694028,True,37,0.25260735753269936,HSBC,50000,0.0,0.01020408163265306
ppo_standalone,0.002075279037148222,0.0042264015011512605,0.9975064614378294,cpu,1008094.7536381751,test_legacy,0.0031813100793941507,True,42,0.49050019388364435,HSBC,50000,0.0,0.00510204081632653
ppo_standalone,0.0021119556548185666,0.004499713038237285,0.9970747015891208,cpu,1008238.2493025239,test_legacy,0.0034242779094839637,True,53,0.46884193886516046,HSBC,50000,0.0,0.004081632653061225
ppo_standalone,0.001961430518459875,0.0037837573419487345,0.9983320915683344,cpu,1007649.4229192603,test_legacy,0.003151754721000821,True,67,0.5178522409597716,HSBC,50000,0.0,0.004081632653061225
ppo_standalone,0.0023612922525551193,0.004584601537312633,0.9972093399118372,cpu,1009214.1700902508,test_legacy,0.003151754721000821,True,89,0.5144235767189276,HSBC,50000,0.0,0.006122448979591836
ppo_standalone,0.0065371296311093705,0.019209981623657033,0.9610692103801182,cpu,1025663.2096296912,test_legacy,0.039270781929950926,True,7,0.3391883213411149,IAU,50000,0.0,0.0326530612244898
ppo_standalone,-0.005301141404635363,0.027434856423146328,0.9165569226912863,cpu,979541.7813005461,test_legacy,0.09037188878827485,False,13,-0.19373936111017895,IAU,50000,-0.002300135819111659,0.05
ppo_standalone,0.006626075271601463,0.019399157552488718,0.9601071971387143,cpu,1026015.7270744654,test_legacy,0.04116909044573691,True,19,0.3404356744593308,IAU,50000,0.0,0.02857142857142857
ppo_standalone,0.00806076871944938,0.012914406826084355,0.979402755886682,cpu,1031714.2782517946,test_legacy,0.021114169750135026,True,23,0.6216588715903189,IAU,50000,0.0,0.0163265306122449
ppo_standalone,0.13652175077696646,0.09074131573913186,0.9703190462072447,cpu,1644885.6088587912,test_legacy,0.11139931532303216,True,29,1.4102978075005401,IAU,50000,-0.008564855293234076,0.05
ppo_standalone,0.007954601756093157,0.015280616251001272,0.9734315544454399,cpu,1031291.783235974,test_legacy,0.027174296162258527,True,37,0.5185031974220664,IAU,50000,0.0,0.025510204081632654
ppo_standalone,-0.001127797050071078,0.0310968463559907,0.931602487758183,cpu,995621.2622814183,test_legacy,0.10033149195130231,False,42,-0.03628752955661196,IAU,50000,-0.002881503911618477,0.05
ppo_standalone,-0.00218993785643798,0.02205544456024411,0.9334648071894316,cpu,991510.4774018746,test_legacy,0.06689168944896073,False,53,-0.099400558062788,IAU,50000,-0.00029238586007886976,0.05
ppo_standalone,0.003960249205947701,0.004160867515164867,0.9998943104836516,cpu,1015489.2880890071,test_legacy,0.002358845247552477,True,67,0.9498685694789465,IAU,50000,0.0,0.007142857142857143
ppo_standalone,0.12180860025002338,0.08353752286855466,0.97395274311118,cpu,1563610.3309719681,test_legacy,0.11117892420336051,True,89,1.3759324213457613,IAU,50000,-0.008105313650045343,0.05
ppo_standalone,-0.0019678510630510046,0.005061635752103558,0.9923689715086109,cpu,992368.9715086109,test_legacy,0.012501240661279334,True,7,-0.3891485177702337,IBB,50000,0.0,0.00510204081632653
ppo_standalone,-0.0020213804606846486,0.005617183609349866,0.9921619988917959,cpu,992161.9988917959,test_legacy,0.012501240661279334,True,13,-0.36021059066472005,IBB,50000,0.0,0.006122448979591836
ppo_standalone,-0.0019678510630510046,0.005061635752103558,0.9923689715086109,cpu,992368.9715086109,test_legacy,0.012501240661279334,True,19,-0.3891485177702337,IBB,50000,0.0,0.00510204081632653
ppo_standalone,-0.0019724808820447428,0.005259269662008366,0.9923510689426455,cpu,992351.0689426454,test_legacy,0.012501240661279334,True,23,-0.3754074837652353,IBB,50000,0.0,0.00510204081632653
ppo_standalone,-0.0020310983939100633,0.005063081769921767,0.9921244277244647,cpu,992124.4277244648,test_legacy,0.012501240661279334,True,29,-0.4015538794761017,IBB,50000,0.0,0.006122448979591836
ppo_standalone,-0.0031204393186986864,0.00812972889385196,0.9879195471055408,cpu,987919.5471055408,test_legacy,0.014054938817525509,True,37,-0.38442327619868955,IBB,50000,0.0,0.00816326530612245
ppo_standalone,-0.0019678510630510046,0.005061635752103558,0.9923689715086109,cpu,992368.9715086109,test_legacy,0.012501240661279334,True,42,-0.3891485177702337,IBB,50000,0.0,0.00510204081632653
ppo_standalone,-0.0028554618311543217,0.0073214257193656655,0.988941145354995,cpu,988941.145354995,test_legacy,0.013521532339582643,True,53,-0.39056388049036117,IBB,50000,0.0,0.007142857142857143
ppo_standalone,-0.0019686997690852542,0.005091960346537823,0.9923656897174806,cpu,992365.6897174807,test_legacy,0.012501240661279334,True,67,-0.3869980591962835,IBB,50000,0.0,0.00510204081632653
ppo_standalone,-0.001948587126452332,0.005145569852807829,0.9924434637992481,cpu,992443.4637992481,test_legacy,0.012501240661279334,True,89,-0.3790499353219871,IBB,50000,0.0,0.00510204081632653
ppo_standalone,0.0008816035629897652,0.003332728668793352,0.9963058662732438,cpu,1003432.826617058,test_legacy,0.003694133726756199,True,7,0.26439992396723355,IBM,50000,0.0,0.00510204081632653
ppo_standalone,0.0012163215683886628,0.003158258199573761,0.9976022225424693,cpu,1004738.4562229515,test_legacy,0.00239777745753067,True,13,0.384870797582774,IBM,50000,0.0,0.004081632653061225
ppo_standalone,0.0006063101868876585,0.0036678940325743353,0.9946807893869278,cpu,1002359.9387186486,test_legacy,0.005319210613072167,True,19,0.16524474751860035,IBM,50000,0.0,0.006122448979591836
ppo_standalone,0.0009374766362752296,0.0033612103238062326,0.996522174528692,cpu,1003650.6822089325,test_legacy,0.003477825471308038,True,23,0.2787666157138218,IBM,50000,0.0,0.00510204081632653
ppo_standalone,0.001259793879171034,0.0031131675237828834,0.9977706818400885,cpu,1004908.1205749364,test_legacy,0.002229318159911453,True,29,0.4043909619399317,IBM,50000,0.0,0.00510204081632653
ppo_standalone,0.0010043600641254894,0.003485424739616571,0.9963985705309193,cpu,1003911.514652066,test_legacy,0.003601429469080708,True,37,0.28800229184649934,IBM,50000,0.0,0.00510204081632653
ppo_standalone,0.00130974262422128,0.003111528646977119,0.9979642640179478,cpu,1005103.0875208188,test_legacy,0.0020357359820522003,True,42,0.42063533209641074,IBM,50000,0.0,0.004081632653061225
ppo_standalone,0.00130974262422128,0.003111528646977119,0.9979642640179478,cpu,1005103.0875208188,test_legacy,0.0020357359820522003,True,53,0.42063533209641074,IBM,50000,0.0,0.004081632653061225
ppo_standalone,0.00130974262422128,0.003111528646977119,0.9979642640179478,cpu,1005103.0875208188,test_legacy,0.0020357359820522003,True,67,0.42063533209641074,IBM,50000,0.0,0.004081632653061225
ppo_standalone,-0.00015600528536702246,0.024974535123048466,0.9911297078728724,cpu,999393.4494771846,test_legacy,0.054801287680258715,True,89,-0.006247021736527187,IBM,50000,0.0,0.04795918367346939
ppo_standalone,0.0004865857527607823,0.016218725580424295,0.993973661552476,cpu,1001893.6083150492,test_legacy,0.023014199148863934,True,7,0.02999388851529798,IJR,50000,0.0,0.024489795918367346
ppo_standalone,-0.0008752766990782857,0.009458631609041378,0.9925824916714472,cpu,996600.4472525531,test_legacy,0.015292290368227102,True,13,-0.09257631733141036,IJR,50000,0.0,0.012244897959183673
ppo_standalone,-0.0008177645826573692,0.005542159443641604,0.9956414263239166,cpu,996823.5589633115,test_legacy,0.008606908501363142,True,19,-0.147609557347483,IJR,50000,0.0,0.01020408163265306
ppo_standalone,-0.0010013455262320532,0.0037114943359404166,0.9961115073693085,cpu,996111.5073693085,test_legacy,0.0077268131841149446,True,23,-0.2699194094186887,IJR,50000,0.0,0.006122448979591836
ppo_standalone,-0.0012298920718056602,0.008464435845467407,0.9911558107324756,cpu,995225.5767069686,test_legacy,0.012755504009740126,True,29,-0.1453878265041306,IJR,50000,0.0,0.012244897959183673
ppo_standalone,0.0006912383927085282,0.011950760307722338,0.9969933046911326,cpu,1002690.8344706368,test_legacy,0.017339052964559287,True,37,0.05781978728451107,IJR,50000,0.0,0.019387755102040816
ppo_standalone,-0.0022582708690877234,0.06840157238121031,0.9715566928425917,cpu,991246.4417506339,test_legacy,0.10384652976610231,True,42,-0.033052154834894334,IJR,50000,-0.0072573908049002435,0.05
ppo_standalone,-0.004327034319814534,0.020704595988275912,0.9695278231382467,cpu,983277.5317261063,test_legacy,0.0333462016412297,True,53,-0.20944092706988637,IJR,50000,0.0,0.04591836734693878
ppo_standalone,-0.008718105936298445,0.0351528833534523,0.9492724898869476,cpu,966520.8594145515,test_legacy,0.0802601173579377,False,67,-0.24909169812263346,IJR,50000,-0.0015194386696965267,0.05
ppo_standalone,-0.000898607284132464,0.020839668796876036,0.9839292149322932,cpu,996509.9494803831,test_legacy,0.026279179629759564,True,89,-0.043139093732176934,IJR,50000,0.0,0.02857142857142857
ppo_standalone,0.00038142051786959767,0.002807480236248738,0.9965739239327221,cpu,1001484.1194217318,test_legacy,0.00342607606727785,True,7,0.1358250822457398,JNJ,50000,0.0,0.006122448979591836
ppo_standalone,-0.006281145446976192,0.05898005796330267,0.9318097445918562,cpu,975794.0655469411,test_legacy,0.08527338895175773,False,13,-0.1068316663906097,JNJ,50000,-0.006252007428667295,0.05
ppo_standalone,0.04081666042714306,0.08340635529159679,0.9829637011164227,cpu,1168332.535388018,test_legacy,0.09491231338970407,True,19,0.4796466544400317,JNJ,50000,-0.007890933595283567,0.05
ppo_standalone,-2.849635809891917e-05,0.0029138054915655927,0.9949868097343147,cpu,999889.1853910065,test_legacy,0.005013190265685252,True,23,-0.009779380189189384,JNJ,50000,0.0,0.007142857142857143
ppo_standalone,0.005423741764174474,0.018847321191483534,0.9968478440760432,cpu,1021258.1375609938,test_legacy,0.03768707000069582,True,29,0.28699254558017456,JNJ,50000,0.0,0.030612244897959183
ppo_standalone,-0.0020286312021031688,0.036365444703411985,0.9506748047882021,cpu,992133.9662036103,test_legacy,0.05526678465839985,True,37,-0.055840999980552065,JNJ,50000,-0.0032421552035763134,0.05
ppo_standalone,0.00038463910569000844,0.0028070202304093243,0.9965863930818435,cpu,1001496.6500072989,test_legacy,0.0034136069181565087,True,42,0.13699345655922732,JNJ,50000,0.0,0.006122448979591836
ppo_standalone,0.00038463910569000844,0.0028070202304093243,0.9965863930818435,cpu,1001496.6500072989,test_legacy,0.0034136069181565087,True,53,0.13699345655922732,JNJ,50000,0.0,0.006122448979591836
ppo_standalone,-0.0018262907422544857,0.042000986106952645,0.9476734853409441,cpu,992916.4722294771,test_legacy,0.06438371049391378,False,67,-0.04352168139343276,JNJ,50000,-0.004057110103452821,0.05
ppo_standalone,-0.001426775674385324,0.047701429377923654,0.9493674194137589,cpu,994462.8527058086,test_legacy,0.07943399574671861,False,89,-0.029931801941487604,JNJ,50000,-0.004959206969431485,0.05
ppo_standalone,0.0009506080266173973,0.008395539867139545,0.9894375649857973,cpu,1003701.8881214525,test_legacy,0.010562435014202731,True,7,0.11317181914573192,JPM,50000,0.0,0.01020408163265306
ppo_standalone,0.001379397381407966,0.006235503633609716,0.9959439478980434,cpu,1005375.0206503558,test_legacy,0.0072450632738210174,True,13,0.22105861464275806,JPM,50000,0.0,0.007142857142857143
ppo_standalone,0.0014689686593926073,0.00532476261049979,0.9993303883025774,cpu,1005724.7884748852,test_legacy,0.006944261985030398,True,19,0.27566431170760747,JPM,50000,0.0,0.00510204081632653
ppo_standalone,0.0012202824392793712,0.006292852039621523,0.9953212829034251,cpu,1004753.9138849715,test_legacy,0.007148251076809942,True,23,0.19379253294430931,JPM,50000,0.0,0.009183673469387756
ppo_standalone,0.0014335239669379803,0.006008075702849786,0.9970320647800892,cpu,1005586.3693170683,test_legacy,0.007116950681851031,True,29,0.23842236263850414,JPM,50000,0.0,0.006122448979591836
ppo_standalone,0.001748858157428045,0.00838744516417077,0.9919063522226097,cpu,1006818.3144722532,test_legacy,0.008811855568378935,True,37,0.20832298526902898,JPM,50000,0.0,0.01020408163265306
ppo_standalone,0.0010839145157626577,0.008156593441873684,0.9904038668441273,cpu,1004221.827204122,test_legacy,0.00959613315587271,True,42,0.13281358557128922,JPM,50000,0.0,0.01020408163265306
ppo_standalone,0.0017873318414671736,0.005717011664651272,0.999150085951349,cpu,1006968.6998644376,test_legacy,0.007101815084666674,True,53,0.3123462021646246,JPM,50000,0.0,0.00510204081632653
ppo_standalone,0.0015738897853104189,0.005323815694674478,0.9996396034505254,cpu,1006134.6110295975,test_legacy,0.006944261985030398,True,67,0.29539069667267465,JPM,50000,0.0,0.004081632653061225
ppo_standalone,0.002183297950423774,0.006472090098947327,0.9974255395129379,cpu,1008517.4163797279,test_legacy,0.006944261985030398,True,89,0.3369644881475072,JPM,50000,0.0,0.006122448979591836
ppo_standalone,0.29161384466131446,0.22575360353401724,0.9771395278316315,cpu,2705096.043901446,test_legacy,0.27180904433601416,True,7,1.1335026103746042,LLY,50000,-0.019901271371583727,0.05
ppo_standalone,0.2976951449365281,0.22957775102057962,0.9768668694855619,cpu,2754964.3101333003,test_legacy,0.27548281038608624,True,13,1.1350818802063463,LLY,50000,-0.020413429663496175,0.05
ppo_standalone,0.278644575101861,0.21576638774397042,0.9779700543723026,cpu,2600987.518934511,test_legacy,0.2606892730431918,True,19,1.1391969476806503,LLY,50000,-0.018996012568500385,0.05
ppo_standalone,0.06528933782087905,0.06753595723225253,0.9939952097491935,cpu,1278846.3488237085,test_legacy,0.05821820645559439,True,23,0.9364832438645353,LLY,50000,-0.00611127309923285,0.05
ppo_standalone,0.29770282278752835,0.22958293553351886,0.9768665187249457,cpu,2755027.6988885044,test_legacy,0.2754875439232539,True,29,1.1350820181295456,LLY,50000,-0.0204141688669214,0.05
ppo_standalone,0.29770282278752835,0.22958293553351886,0.9768665187249457,cpu,2755027.6988885044,test_legacy,0.2754875439232539,True,37,1.1350820181295456,LLY,50000,-0.0204141688669214,0.05
ppo_standalone,0.29698680353165635,0.22908820979535202,0.9768999898484487,cpu,2749120.864248135,test_legacy,0.27503593508724633,True,42,1.1351241109706907,LLY,50000,-0.020343770864793508,0.05
ppo_standalone,0.292641586660912,0.22663815170010007,0.9770658724792035,cpu,2713476.32829058,test_legacy,0.2728003317375678,True,53,1.132588156441851,LLY,50000,-0.020001616393580425,0.05
ppo_standalone,0.29583109785563694,0.228067160039678,0.9769951893330923,cpu,2739606.6696297643,test_legacy,0.2737524079705541,True,67,1.1362972349091913,LLY,50000,-0.02037051425990368,0.05
ppo_standalone,0.28447525618555697,0.2210476900226501,0.97795034982898,cpu,2647416.8708526697,test_legacy,0.26638158056221606,True,89,1.1325614585062795,LLY,50000,-0.01974801332391767,0.05
ppo_standalone,-0.0030800873091584597,0.006062855124420071,0.9828335271680075,cpu,988075.0702333205,test_legacy,0.018601169734313028,True,7,-0.5087965502352618,MA,50000,0.0,0.006122448979591836
ppo_standalone,-0.003319869916615154,0.006474551638847073,0.9819145345590738,cpu,987151.1765509056,test_legacy,0.018745029986484085,True,13,-0.5135971672402229,MA,50000,0.0,0.007142857142857143
ppo_standalone,-0.0032207063437268016,0.0061319592548856735,0.9822926310710842,cpu,987533.1806135122,test_legacy,0.018844578297362746,True,19,-0.5260668469630612,MA,50000,0.0,0.007142857142857143
ppo_standalone,-0.003223409632656895,0.006324778691995496,0.9822841521833782,cpu,987522.7653805483,test_legacy,0.018601169734313028,True,23,-0.5104581730344064,MA,50000,0.0,0.007142857142857143
ppo_standalone,-0.0030991430487646012,0.006062958439714592,0.9827604706370954,cpu,988001.6240851004,test_legacy,0.018601169734313028,True,29,-0.5119405156126694,MA,50000,0.0,0.007142857142857143
ppo_standalone,-0.003198959436836192,0.006180066265032356,0.9823778571416534,cpu,987616.9700761245,test_legacy,0.01902120981478239,True,37,-0.5184418108718923,MA,50000,0.0,0.006122448979591836
ppo_standalone,-0.0030800873091584597,0.006062855124420071,0.9828335271680075,cpu,988075.0702333205,test_legacy,0.018601169734313028,True,42,-0.5087965502352618,MA,50000,0.0,0.006122448979591836
ppo_standalone,-0.004699740563952179,0.007973687919744623,0.9766384324403135,cpu,981846.9364863914,test_legacy,0.023937991038052275,True,53,-0.5907837543176918,MA,50000,0.0,0.007142857142857143
ppo_standalone,-0.0030800873091584597,0.006062855124420071,0.9828335271680075,cpu,988075.0702333205,test_legacy,0.018601169734313028,True,67,-0.5087965502352618,MA,50000,0.0,0.006122448979591836
ppo_standalone,-0.004032340100810856,0.007564085215834579,0.9791876819972415,cpu,984409.7814294836,test_legacy,0.02326815107725566,True,89,-0.5341567414155731,MA,50000,0.0,0.007142857142857143
ppo_standalone,0.00038324459674231337,0.0031819648705232214,0.9958482508281076,cpu,1001491.2208996613,test_legacy,0.004151749171892427,True,7,0.12041366822174154,MCD,50000,0.0,0.006122448979591836
ppo_standalone,0.00019973716251352286,0.0032218130481147865,0.9951380341298383,cpu,1000776.9797613537,test_legacy,0.004861965870161744,True,13,0.06198602300745106,MCD,50000,0.0,0.006122448979591836
ppo_standalone,0.00033578692699129793,0.003183363417412666,0.9956645424593314,cpu,1001306.471548159,test_legacy,0.0043354575406685525,True,19,0.10545884276663267,MCD,50000,0.0,0.007142857142857143
ppo_standalone,5.884039237958791e-05,0.0032584613499057557,0.9945929860780358,cpu,1000228.8431969779,test_legacy,0.005407013921964188,True,23,0.018056312069690383,MCD,50000,0.0,0.007142857142857143
ppo_standalone,0.00035648935848517306,0.0031825015192392314,0.9957446783575313,cpu,1001387.0615361008,test_legacy,0.004255321642468668,True,29,0.11198990833148577,MCD,50000,0.0,0.007142857142857143
ppo_standalone,0.00038324459674231337,0.0031819648705232214,0.9958482508281076,cpu,1001491.2208996613,test_legacy,0.004151749171892427,True,37,0.12041366822174154,MCD,50000,0.0,0.006122448979591836
ppo_standalone,0.00038324459674231337,0.0031819648705232214,0.9958482508281076,cpu,1001491.2208996613,test_legacy,0.004151749171892427,True,42,0.12041366822174154,MCD,50000,0.0,0.006122448979591836
ppo_standalone,0.0003784354093532868,0.0031825579633266085,0.9958296333447404,cpu,1001472.4979204001,test_legacy,0.004170366655259605,True,53,0.11888077243415292,MCD,50000,0.0,0.006122448979591836
ppo_standalone,0.0003598751873640101,0.0031850766251354085,0.9957577848313207,cpu,1001400.2422776708,test_legacy,0.004242215168679286,True,67,0.11296196544377374,MCD,50000,0.0,0.006122448979591836
ppo_standalone,0.00030502729268042306,0.0031952143349627195,0.9955454855377937,cpu,1001186.7399910586,test_legacy,0.004454514462206349,True,89,0.09544449855281074,MCD,50000,0.0,0.006122448979591836
ppo_standalone,-0.031919278267593394,0.05760295267460539,0.876576033784557,cpu,881478.3859433937,test_legacy,0.12422656876494986,False,7,-0.5631606377397438,META,50000,0.0,0.009183673469387756
ppo_standalone,-0.030700940193396847,0.059026629891536654,0.8808739778649477,cpu,885800.3667697471,test_legacy,0.1217509561091612,False,13,-0.5282700986417043,META,50000,0.0,0.00816326530612245
ppo_standalone,-0.029802389287774934,0.05662857767771206,0.884053820935424,cpu,888997.9934778549,test_legacy,0.11638491356225178,False,19,-0.5342783145233959,META,50000,0.0,0.00510204081632653
ppo_standalone,-0.029828957961452796,0.05789125500538787,0.8839596760490733,cpu,888903.3220754132,test_legacy,0.1200750080327343,False,23,-0.5230981430406294,META,50000,0.0,0.012244897959183673
ppo_standalone,-0.02990185214802339,0.056627797126156336,0.8837014170630086,cpu,888643.6187463034,test_legacy,0.11638491356225178,False,29,-0.5360961522233982,META,50000,0.0,0.00510204081632653
ppo_standalone,-0.036467180455782996,0.06601990793312287,0.86009083001971,cpu,865483.2314693461,test_legacy,0.1433657467880186,False,37,-0.5626884482125254,META,50000,0.0,0.009183673469387756
ppo_standalone,-0.038703333223065024,0.07129431873733921,0.8523542568683321,cpu,857698.153314984,test_legacy,0.15066801015469933,False,42,-0.5536503348105496,META,50000,0.0,0.00816326530612245
ppo_standalone,-0.031922016552902235,0.061592179498667354,0.8765663914881492,cpu,881468.6897213357,test_legacy,0.12749825508275703,False,53,-0.5267316433056417,META,50000,0.0,0.006122448979591836
ppo_standalone,-0.029499028459157493,0.05670001768931603,0.8851292943623126,cpu,890079.4816134201,test_legacy,0.11760612726068675,False,67,-0.5280913955486204,META,50000,0.0,0.00510204081632653
ppo_standalone,-0.030400526846333976,0.056837107745122725,0.8819361506383034,cpu,886868.4798663467,test_legacy,0.12028964303912593,False,89,-0.5431683988035445,META,50000,0.0,0.006122448979591836
ppo_standalone,-0.0012131435165933498,0.009470753869012105,0.9885681620163468,cpu,995290.4803981244,test_legacy,0.015602134712924265,True,7,-0.12816927157157057,MSFT,50000,0.0,0.004081632653061225
ppo_standalone,-0.0012539521307217889,0.00954969857060956,0.9884110947985574,cpu,995132.3451145345,test_legacy,0.015602134712924265,True,13,-0.13138824435510207,MSFT,50000,0.0,0.004081632653061225
ppo_standalone,-0.0012703487481482924,0.009469567842625492,0.9883479915034543,cpu,995068.8127135215,test_legacy,0.015602134712924265,True,19,-0.13423368809596806,MSFT,50000,0.0,0.00510204081632653
ppo_standalone,-0.0011753013501545546,0.009467690095609908,0.9887138283182947,cpu,995437.1372390122,test_legacy,0.015602134712924265,True,23,-0.12420905510984949,MSFT,50000,0.0,0.004081632653061225
ppo_standalone,-0.0011753013501545546,0.009467690095609908,0.9887138283182947,cpu,995437.1372390122,test_legacy,0.015602134712924265,True,29,-0.12420905510984949,MSFT,50000,0.0,0.004081632653061225
ppo_standalone,-0.0022603737700044426,0.012357229870888515,0.9837508195914478,cpu,991238.3170657083,test_legacy,0.01774004934882123,True,37,-0.183123825048545,MSFT,50000,0.0,0.007142857142857143
ppo_standalone,-0.0011753013501545546,0.009467690095609908,0.9887138283182947,cpu,995437.1372390122,test_legacy,0.015602134712924265,True,42,-0.12420905510984949,MSFT,50000,0.0,0.004081632653061225
ppo_standalone,-0.0025367187649951387,0.01152869548098553,0.983483330531085,cpu,990171.07177648,test_legacy,0.01758560520975283,True,53,-0.22031171856481538,MSFT,50000,0.0,0.006122448979591836
ppo_standalone,-0.0014060759563386835,0.009700494040029838,0.9878257526993738,cpu,994543.0226565814,test_legacy,0.015602134712924265,True,67,-0.14504852816727468,MSFT,50000,0.0,0.006122448979591836
ppo_standalone,-0.0012022870600904032,0.009503607764035107,0.9886099502727744,cpu,995332.5528170156,test_legacy,0.015602134712924265,True,89,-0.1265824855699794,MSFT,50000,0.0,0.004081632653061225
ppo_standalone,-0.012598420645673625,0.0181488040974909,0.951890665900039,cpu,951890.665900039,test_legacy,0.0501736927496097,True,7,-0.698577310477865,NFLX,50000,0.0,0.006122448979591836
ppo_standalone,-0.012175805976089712,0.018012676870086747,0.9534760402877834,cpu,953476.0402877835,test_legacy,0.049066725507028175,True,13,-0.6801004906039019,NFLX,50000,0.0,0.00510204081632653
ppo_standalone,-0.012311915001954367,0.017956552356057063,0.9529652341001732,cpu,952965.2341001732,test_legacy,0.049066725507028175,True,19,-0.6898999740315733,NFLX,50000,0.0,0.006122448979591836
ppo_standalone,-0.012165259006958107,0.018024705385666723,0.9535156307008591,cpu,953515.6307008591,test_legacy,0.049066725507028175,True,23,-0.67905429618841,NFLX,50000,0.0,0.00510204081632653
ppo_standalone,-0.012366050983682104,0.017938682188940146,0.9527621226483711,cpu,952762.1226483712,test_legacy,0.049066725507028175,True,29,-0.6936427430308532,NFLX,50000,0.0,0.004081632653061225
ppo_standalone,-0.013767577234488173,0.019645142249658503,0.9475149552174492,cpu,947514.9552174492,test_legacy,0.05311150818011201,False,37,-0.7056766030500171,NFLX,50000,0.0,0.006122448979591836
ppo_standalone,-0.012366050983682104,0.017938682188940146,0.9527621226483711,cpu,952762.1226483712,test_legacy,0.049066725507028175,True,42,-0.6936427430308532,NFLX,50000,0.0,0.004081632653061225
ppo_standalone,-0.012223114090052348,0.01796883274200094,0.9532984736989586,cpu,953298.4736989586,test_legacy,0.049066725507028175,True,53,-0.6844252067775716,NFLX,50000,0.0,0.00510204081632653
ppo_standalone,-0.012223468548255113,0.01796856689283972,0.9532971433659121,cpu,953297.1433659121,test_legacy,0.049066725507028175,True,67,-0.6844553034211072,NFLX,50000,0.0,0.00510204081632653
ppo_standalone,-0.012878520536862724,0.01828914770095332,0.950840993523246,cpu,950840.993523246,test_legacy,0.05053349134164353,True,89,-0.7087293148032161,NFLX,50000,0.0,0.006122448979591836
ppo_standalone,0.002386693304806413,0.02664452197068095,0.9766872604188991,cpu,1009313.6309461031,test_legacy,0.03871093020844085,True,7,0.08946812692005444,NVDA,50000,0.0,0.006122448979591836
ppo_standalone,0.00018051001621339916,0.019929417671571085,0.9786676085844426,cpu,1000702.1664500159,test_legacy,0.024161592113878583,True,13,0.009056576139267004,NVDA,50000,0.0,0.006122448979591836
ppo_standalone,0.0015121278317124626,0.013110278178106644,0.9949668024077916,cpu,1005893.3534475695,test_legacy,0.0206433503672786,True,19,0.11525059969237093,NVDA,50000,0.0,0.004081632653061225
ppo_standalone,0.001993311128420484,0.014235046760124794,0.9929610311023112,cpu,1007774.1126173105,test_legacy,0.0206433503672786,True,23,0.13988748663483164,NVDA,50000,0.0,0.004081632653061225
ppo_standalone,-0.00026471791918202664,0.014461775389748776,0.9871838848076808,cpu,998970.9349942113,test_legacy,0.02107004044787264,True,29,-0.018306884866627966,NVDA,50000,0.0,0.004081632653061225
ppo_standalone,0.0023608688390831353,0.02681401289952808,0.974664041933181,cpu,1009212.5122258939,test_legacy,0.03419828715683404,True,37,0.08794179428725289,NVDA,50000,0.0,0.00816326530612245
ppo_standalone,0.0021644965988371844,0.016089584866259134,0.989797942942443,cpu,1008443.8398874921,test_legacy,0.022535326019191504,True,42,0.1343811003506307,NVDA,50000,0.0,0.004081632653061225
ppo_standalone,0.0008538997727472108,0.019196162120547842,0.9789663643593669,cpu,1003324.8193544606,test_legacy,0.023377590106509083,True,53,0.044463489317407234,NVDA,50000,0.0,0.004081632653061225
ppo_standalone,0.0019209512163457607,0.015301937467721433,0.9890771031012883,cpu,1007491.1190011303,test_legacy,0.0206433503672786,True,67,0.12541474855961565,NVDA,50000,0.0,0.004081632653061225
ppo_standalone,0.003122379536880999,0.01737745285242764,0.9872541040303198,cpu,1012197.459153966,test_legacy,0.0206433503672786,True,89,0.17939836068130588,NVDA,50000,0.0,0.004081632653061225
ppo_standalone,0.0009410272585122949,0.005477631611365817,0.9956424641377417,cpu,1003664.5276840269,test_legacy,0.006942843944289345,True,7,0.17170879291304134,ORCL,50000,0.0,0.004081632653061225
ppo_standalone,0.001216916788566073,0.005856869169980028,0.9967101133325054,cpu,1004740.7791130203,test_legacy,0.006731578668453975,True,13,0.207644041163191,ORCL,50000,0.0,0.00510204081632653
ppo_standalone,0.000618490343217806,0.006034308942415274,0.9940400483403289,cpu,1002407.389841858,test_legacy,0.007419770685128335,True,19,0.10246125903931316,ORCL,50000,0.0,0.00510204081632653
ppo_standalone,0.0009987656435699998,0.00606642412246937,0.9958658323012278,cpu,1003889.6955634414,test_legacy,0.006731578668453975,True,23,0.16455181290880777,ORCL,50000,0.0,0.00510204081632653
ppo_standalone,0.0011138742141864897,0.005274611090931804,0.9963112552847712,cpu,1004338.7073970063,test_legacy,0.006731578668453975,True,29,0.21105268119690596,ORCL,50000,0.0,0.004081632653061225
ppo_standalone,-0.0003250895003781363,0.008475324701234408,0.9886675651686683,cpu,998736.3565850295,test_legacy,0.011332434831331728,True,37,-0.038362691105976045,ORCL,50000,0.0,0.00816326530612245
ppo_standalone,0.0011138742141864897,0.005274611090931804,0.9963112552847712,cpu,1004338.7073970063,test_legacy,0.006731578668453975,True,42,0.21105268119690596,ORCL,50000,0.0,0.004081632653061225
ppo_standalone,0.00032809276259814266,0.007348835813438226,0.9927711985059101,cpu,1001276.521095662,test_legacy,0.008230088413586079,True,53,0.04463725606615687,ORCL,50000,0.0,0.006122448979591836
ppo_standalone,0.0011138742141864897,0.005274611090931804,0.9963112552847712,cpu,1004338.7073970063,test_legacy,0.006731578668453975,True,67,0.21105268119690596,ORCL,50000,0.0,0.004081632653061225
ppo_standalone,-0.0044935569002276235,0.025378493178755072,0.9683208460445915,cpu,982638.1604090249,test_legacy,0.06538799501244508,True,89,-0.17745951548424843,ORCL,50000,0.0,0.019387755102040816
ppo_standalone,0.0007648572973729589,0.00312826072820393,0.9965549754269303,cpu,1002977.7327768047,test_legacy,0.0034450245730697215,True,7,0.24439335889039646,PGR,50000,0.0,0.004081632653061225
ppo_standalone,0.00041775107909619347,0.003243475513254855,0.9952114695854819,cpu,1001625.5680934153,test_legacy,0.0047885304145181,True,13,0.12876416147563224,PGR,50000,0.0,0.004081632653061225
ppo_standalone,0.0007616012377927299,0.003128287434908892,0.9965423662989604,cpu,1002965.0423835044,test_legacy,0.0034576337010395752,True,19,0.24335127502214327,PGR,50000,0.0,0.00510204081632653
ppo_standalone,0.00019943601169447207,0.0033449937128312065,0.9943671510355742,cpu,1000775.8079438912,test_legacy,0.005632848964425841,True,23,0.059613464404389784,PGR,50000,0.0,0.00510204081632653
ppo_standalone,0.009210123683936408,0.034094768120666676,0.9889878656453969,cpu,1036296.4103392481,test_legacy,0.04227820438314123,True,29,0.2688954038720617,PGR,50000,-0.0007379000361913403,0.05
ppo_standalone,0.0007648572973729589,0.00312826072820393,0.9965549754269303,cpu,1002977.7327768047,test_legacy,0.0034450245730697215,True,37,0.24439335889039646,PGR,50000,0.0,0.004081632653061225
ppo_standalone,0.0006244970765260879,0.0031683943025497437,0.9960115364182105,cpu,1002430.7913251957,test_legacy,0.003988463581789503,True,42,0.19703067930012283,PGR,50000,0.0,0.004081632653061225
ppo_standalone,0.0006151984858244637,0.003167843449296354,0.995975542421317,cpu,1002394.5653484177,test_legacy,0.004024457578682972,True,53,0.19413159811044312,PGR,50000,0.0,0.004081632653061225
ppo_standalone,0.0005203224285922148,0.003200946727668131,0.9956083410782749,cpu,1002024.997407262,test_legacy,0.004391658921725106,True,67,0.16250233309846598,PGR,50000,0.0,0.004081632653061225
ppo_standalone,-0.00036056010484591955,0.003679373129786681,0.9922038374776814,cpu,998598.5519157918,test_legacy,0.007796162522318628,True,89,-0.09800842458598058,PGR,50000,0.0,0.007142857142857143
ppo_standalone,-0.00821950017019063,0.020797480843484602,0.9684128214075332,cpu,968412.8214075331,test_legacy,0.05197072684821902,True,7,-0.39684630935465465,PLTR,50000,0.0,0.00510204081632653
ppo_standalone,-0.008504447800981384,0.020517296376133774,0.9673312497128926,cpu,967331.2497128927,test_legacy,0.05197072684821902,True,13,-0.41627077594610434,PLTR,50000,0.0,0.004081632653061225
ppo_standalone,-0.008934700960621331,0.020192600787631028,0.965699844593161,cpu,965699.844593161,test_legacy,0.05197072684821902,True,19,-0.44445905179068346,PLTR,50000,0.0,0.003061224489795918
ppo_standalone,-0.00845789662982381,0.020607391061397768,0.9675078819814251,cpu,967507.8819814251,test_legacy,0.05197072684821902,True,23,-0.41217261085211493,PLTR,50000,0.0,0.00510204081632653
ppo_standalone,-0.009223550639696728,0.020196643768132717,0.9646057509929792,cpu,964605.7509929792,test_legacy,0.05197072684821902,True,29,-0.4588028704436164,PLTR,50000,0.0,0.00510204081632653
ppo_standalone,-0.006898650505818408,0.02540975798240113,0.9734380895765278,cpu,973438.0895765278,test_legacy,0.058403953726532176,True,37,-0.272435218013671,PLTR,50000,0.0,0.006122448979591836
ppo_standalone,-0.008547115314474527,0.020972364563355547,0.9671693745116353,cpu,967169.3745116353,test_legacy,0.053279971551796534,True,42,-0.40929034875934084,PLTR,50000,0.0,0.004081632653061225
ppo_standalone,-0.008221881351811797,0.021867502841386277,0.9684037794697088,cpu,968403.7794697088,test_legacy,0.05402816173113156,True,53,-0.37753773535401786,PLTR,50000,0.0,0.00510204081632653
ppo_standalone,-0.008934700960621331,0.020192600787631028,0.965699844593161,cpu,965699.844593161,test_legacy,0.05197072684821902,True,67,-0.44445905179068346,PLTR,50000,0.0,0.003061224489795918
ppo_standalone,-0.007943679934301303,0.02098537433153047,0.9694606037650898,cpu,969460.6037650898,test_legacy,0.05197072684821902,True,89,-0.3800427189516651,PLTR,50000,0.0,0.00510204081632653
ppo_standalone,-0.004720224173651089,0.031492065981438576,0.926365859877869,cpu,981768.3570718546,test_legacy,0.07798672041275634,False,7,-0.1502402467206942,PPLT,50000,0.0,0.0326530612244898
ppo_standalone,0.003029768874207677,0.011973978392700573,0.9895744053010715,cpu,1011834.0967967313,test_legacy,0.012913077408225226,True,13,0.25264353825711466,PPLT,50000,0.0,0.014285714285714285
ppo_standalone,-0.004694412203644574,0.029790919929045347,0.9266629418661276,cpu,981867.3779576139,test_legacy,0.07377892551095777,False,19,-0.15794881462114144,PPLT,50000,0.0,0.0336734693877551
ppo_standalone,1.9147078738512348e-05,0.021612087912487137,0.9586033421685024,cpu,1000074.4629211413,test_legacy,0.0414558665975282,True,23,0.0008859280452843293,PPLT,50000,0.0,0.02040816326530612
ppo_standalone,-0.005246684574936461,0.030530829470796883,0.9263842197482235,cpu,979750.3473323775,test_legacy,0.07485405165322456,False,29,-0.17230024526389348,PPLT,50000,0.0,0.02959183673469388
ppo_standalone,-0.000666983993445787,0.027374750502206828,0.9461820018122088,cpu,997408.6712574332,test_legacy,0.06006746870831792,False,37,-0.0243729219409829,PPLT,50000,0.0,0.02142857142857143
ppo_standalone,-0.001294077304469624,0.023969521504476444,0.950428292155511,cpu,994976.87639316,test_legacy,0.05052063965430287,True,42,-0.054023054629607284,PPLT,50000,0.0,0.02346938775510204
ppo_standalone,-0.002322720779149643,0.022375664590281112,0.9512665063959116,cpu,990997.458098209,test_legacy,0.05168508058659427,True,53,-0.10392567212151596,PPLT,50000,0.0,0.027551020408163266
ppo_standalone,0.0011103373653566333,0.003502782671000118,0.9980078206090673,cpu,1004324.9087489748,test_legacy,0.003952266363941304,True,67,0.3167970185409387,PPLT,50000,0.0,0.007142857142857143
ppo_standalone,-0.0017439026855279862,0.02999238786484069,0.9370673239597719,cpu,993235.2207372927,test_legacy,0.06473179618687996,False,89,-0.0581952935401879,PPLT,50000,0.0,0.02346938775510204
ppo_standalone,0.0017357014012765422,0.01792753077283947,0.9792753039435372,cpu,1006766.8913582691,test_legacy,0.025950542856014835,True,7,0.09673286736842905,QCOM,50000,0.0,0.004081632653061225
ppo_standalone,0.0017357014012765422,0.01792753077283947,0.9792753039435372,cpu,1006766.8913582691,test_legacy,0.025950542856014835,True,13,0.09673286736842905,QCOM,50000,0.0,0.004081632653061225
ppo_standalone,0.0017357014012765422,0.01792753077283947,0.9792753039435372,cpu,1006766.8913582691,test_legacy,0.025950542856014835,True,19,0.09673286736842905,QCOM,50000,0.0,0.004081632653061225
ppo_standalone,0.001360184653651469,0.01815530609717394,0.9778484769107649,cpu,1005300.0084393336,test_legacy,0.025950542856014835,True,23,0.07486784019510309,QCOM,50000,0.0,0.004081632653061225
ppo_standalone,0.0017357014012765422,0.01792753077283947,0.9792753039435372,cpu,1006766.8913582691,test_legacy,0.025950542856014835,True,29,0.09673286736842905,QCOM,50000,0.0,0.004081632653061225
ppo_standalone,-0.0011710323952781488,0.022386128784133052,0.9652900833867749,cpu,995453.6825275947,test_legacy,0.03652642840378406,True,37,-0.05234090681363037,QCOM,50000,0.0,0.006122448979591836
ppo_standalone,0.0017357014012765422,0.01792753077283947,0.9792753039435372,cpu,1006766.8913582691,test_legacy,0.025950542856014835,True,42,0.09673286736842905,QCOM,50000,0.0,0.004081632653061225
ppo_standalone,-0.0028556896420399605,0.021343566134585382,0.9619354674649029,cpu,988940.2667125178,test_legacy,0.03812984527234242,True,53,-0.13398668316681236,QCOM,50000,0.0,0.00510204081632653
ppo_standalone,0.0017357014012765422,0.01792753077283947,0.9792753039435372,cpu,1006766.8913582691,test_legacy,0.025950542856014835,True,67,0.09673286736842905,QCOM,50000,0.0,0.004081632653061225
ppo_standalone,0.001510985305166899,0.018113509791193163,0.978421278832938,cpu,1005888.8908590453,test_legacy,0.026451480431301744,True,89,0.0833538999813397,QCOM,50000,0.0,0.004081632653061225
ppo_standalone,-0.0018448397140572515,0.008907098321805215,0.9892769745605806,cpu,992844.7191892237,test_legacy,0.01615996584932966,True,7,-0.20730776184036356,QQQ,50000,0.0,0.004081632653061225
ppo_standalone,-0.002188739004646161,0.009159125876552302,0.9879521434408669,cpu,991515.1101769352,test_legacy,0.01615996584932966,True,13,-0.23922586590909084,QQQ,50000,0.0,0.00510204081632653
ppo_standalone,-0.0020015561367625,0.008912354560092643,0.9886730796137114,cpu,992238.646345761,test_legacy,0.01615996584932966,True,19,-0.22480324668903848,QQQ,50000,0.0,0.00510204081632653
ppo_standalone,-0.0018448397140572515,0.008907098321805215,0.9892769745605806,cpu,992844.7191892237,test_legacy,0.01615996584932966,True,23,-0.20730776184036356,QQQ,50000,0.0,0.004081632653061225
ppo_standalone,-0.0018448397140572515,0.008907098321805215,0.9892769745605806,cpu,992844.7191892237,test_legacy,0.01615996584932966,True,29,-0.20730776184036356,QQQ,50000,0.0,0.004081632653061225
ppo_standalone,-0.002882218306445516,0.011892172712234804,0.9848368706392406,cpu,988837.9524269286,test_legacy,0.018384737204368617,True,37,-0.2427093380569515,QQQ,50000,0.0,0.007142857142857143
ppo_standalone,-0.0018448397140572515,0.008907098321805215,0.9892769745605806,cpu,992844.7191892237,test_legacy,0.01615996584932966,True,42,-0.20730776184036356,QQQ,50000,0.0,0.004081632653061225
ppo_standalone,-0.0025414045723358646,0.010129757373397805,0.9865949105467621,cpu,990152.9825359675,test_legacy,0.017623720716990254,True,53,-0.2512004436212655,QQQ,50000,0.0,0.00510204081632653
ppo_standalone,-0.0018448397140572515,0.008907098321805215,0.9892769745605806,cpu,992844.7191892237,test_legacy,0.01615996584932966,True,67,-0.20730776184036356,QQQ,50000,0.0,0.004081632653061225
ppo_standalone,-0.0018448397140572515,0.008907098321805215,0.9892769745605806,cpu,992844.7191892237,test_legacy,0.01615996584932966,True,89,-0.20730776184036356,QQQ,50000,0.0,0.004081632653061225
ppo_standalone,0.0018887703105610527,0.005471796924455444,0.9967212531284046,cpu,1007365.281113863,test_legacy,0.00402752858147104,True,7,0.3448472430579996,REGN,50000,0.0,0.007142857142857143
ppo_standalone,0.029961145427594253,0.16133273077136442,0.7605722508615581,cpu,1121653.790342412,test_legacy,0.39110915568162674,False,13,0.1829823957946209,REGN,50000,-0.013759713045667522,0.05
ppo_standalone,0.033397415342595,0.16176724376838503,0.7737996423608252,cpu,1136277.011835279,test_legacy,0.38919096332803016,False,19,0.2030806901599849,REGN,50000,-0.013965192217642298,0.05
ppo_standalone,0.007931140990878617,0.021918791543268864,0.9630215378191496,cpu,1031198.437670133,test_legacy,0.036978462180850435,True,23,0.36041209559756426,REGN,50000,0.0,0.0336734693877551
ppo_standalone,0.01302447383033241,0.024610639426248734,0.9668436797391387,cpu,1051611.4672494573,test_legacy,0.03315632026086135,True,29,0.5258010991011542,REGN,50000,0.0,0.03163265306122449
ppo_standalone,0.0018635265614484714,0.005543030734913667,0.9969281141831562,cpu,1007266.5779544835,test_legacy,0.0037934399949071107,True,37,0.3358702344040378,REGN,50000,0.0,0.006122448979591836
ppo_standalone,0.02401103939074764,0.09304421895768429,0.8610006686640707,cpu,1096664.018526392,test_legacy,0.17599076394758573,False,42,0.25501064975716004,REGN,50000,-0.007777157997486839,0.05
ppo_standalone,0.032817180386810085,0.1626626081754278,0.7664661595488647,cpu,1133797.9119292921,test_legacy,0.3927241705164911,False,53,0.1985100572781332,REGN,50000,-0.013913516900707456,0.05
ppo_standalone,0.0024168934621172553,0.05023028171609788,0.9181997150744371,cpu,1009431.8927463182,test_legacy,0.13338354773428152,False,67,0.04805805902614678,REGN,50000,-0.0024546966424209057,0.05
ppo_standalone,0.018888265457599286,0.02342630697293224,0.9938317180949575,cpu,1075482.3583010605,test_legacy,0.0283757491521065,True,89,0.7987588603220164,REGN,50000,0.0,0.025510204081632654
ppo_standalone,5.980728164415744e-06,0.002140381899963404,0.9973059619210302,cpu,1000023.2585882314,test_legacy,0.0028742216969599443,True,7,0.0027940185549781165,RY,50000,0.0,0.006122448979591836
ppo_standalone,-8.773751166953049e-05,0.002149264246499841,0.9969425353427473,cpu,999658.8418044674,test_legacy,0.003057464657252651,True,13,-0.0408208906175871,RY,50000,0.0,0.007142857142857143
ppo_standalone,0.0001329189864852397,0.002085885917889738,0.9977983681257545,cpu,1000517.0064210921,test_legacy,0.0028784084357271755,True,19,0.06371395392384796,RY,50000,0.0,0.006122448979591836
ppo_standalone,-0.00011304289283349846,0.002161459337368962,0.996844421389725,cpu,999560.460526544,test_legacy,0.003155578610275045,True,23,-0.05229845345060027,RY,50000,0.0,0.007142857142857143
ppo_standalone,0.0001467495232856567,0.002086061015882277,0.9978520290703863,cpu,1000570.813572316,test_legacy,0.0028784084357271755,True,29,0.07033715209374504,RY,50000,0.0,0.006122448979591836
ppo_standalone,-0.0003810525258298757,0.003124591991599274,0.9954477211327705,cpu,998518.9445059447,test_legacy,0.004729099452634111,True,37,-0.12196977516265273,RY,50000,0.0,0.00816326530612245
ppo_standalone,0.0001329189864852397,0.002085885917889738,0.9977983681257545,cpu,1000517.0064210921,test_legacy,0.0028784084357271755,True,42,0.06371395392384796,RY,50000,0.0,0.006122448979591836
ppo_standalone,-0.00040908425383290347,0.00267744280609182,0.9956971433798292,cpu,998410.0566005987,test_legacy,0.004302856620170825,True,53,-0.15281136636796624,RY,50000,0.0,0.007142857142857143
ppo_standalone,-0.0001086419183811643,0.002155054504830211,0.9968614843202692,cpu,999577.5699473792,test_legacy,0.00313851567973078,True,67,-0.05041163344111939,RY,50000,0.0,0.00816326530612245
ppo_standalone,-4.213427961317405e-06,0.0022832960846855673,0.9972664256014561,cpu,999983.6145465404,test_legacy,0.002854663370728039,True,89,-0.0018452026214440041,RY,50000,0.0,0.006122448979591836
ppo_standalone,0.014971559442640064,0.09361591091761462,0.8669133024323786,cpu,1059493.7402724372,test_legacy,0.13399746986602235,False,7,0.15873975377478902,RYTM,50000,0.0,0.024489795918367346
ppo_standalone,-0.05713633111266817,0.12051844050802084,0.6209898092365985,cpu,795489.8029352195,test_legacy,0.3842129330491941,False,13,-0.48817011535424104,RYTM,50000,0.0,0.04387755102040816
ppo_standalone,0.04657527640576349,0.15364539156568754,0.932523663651428,cpu,1193672.4354731955,test_legacy,0.38201614616610324,False,19,0.2962870829116641,RYTM,50000,-0.009051963149843622,0.05
ppo_standalone,-0.07008682375305153,0.1297062294835671,0.5800474280519069,cpu,753834.4930846791,test_legacy,0.43007641511072836,False,23,-0.5602195625029934,RYTM,50000,-4.00532471811465e-07,0.05
ppo_standalone,0.6984823859535688,0.5461854598334945,0.959530654614887,cpu,7846606.089671284,test_legacy,0.45856354517389064,True,29,0.9698811543029064,RYTM,50000,-0.04742069729989895,0.05
ppo_standalone,-0.07923921849686962,0.1301786209834703,0.5605131836745147,cpu,725388.9555132187,test_legacy,0.4476958812750109,False,37,-0.6341664472373488,RYTM,50000,0.0,0.044897959183673466
ppo_standalone,-0.07858495540715331,0.13015465943390286,0.5597036089016894,cpu,727395.4954185464,test_legacy,0.44150769739375595,False,42,-0.6288257306746302,RYTM,50000,0.0,0.04081632653061224
ppo_standalone,-0.05330098125836866,0.1161135097936769,0.6474368198633063,cpu,808147.8597362392,test_legacy,0.38131900851329315,False,53,-0.47172794591000505,RYTM,50000,-0.0010178264526129687,0.05
ppo_standalone,-0.0049809124933074414,0.03392803046013364,0.9807687101207527,cpu,980768.7101207527,test_legacy,0.07196829783736403,True,67,-0.14717433204378233,RYTM,50000,0.0,0.012244897959183673
ppo_standalone,0.03247689206629381,0.09730634652215653,0.8991576911269475,cpu,1132345.8735806823,test_legacy,0.10711675676988108,False,89,0.3284535288724528,RYTM,50000,0.0,0.02346938775510204
ppo_standalone,-0.001736153710995632,0.006332186124294518,0.9932652044065048,cpu,993265.2044065048,test_legacy,0.012299945125262224,True,7,-0.2744106027638056,SAP,50000,0.0,0.00510204081632653
ppo_standalone,-0.001736153710995632,0.006332186124294518,0.9932652044065048,cpu,993265.2044065048,test_legacy,0.012299945125262224,True,13,-0.2744106027638056,SAP,50000,0.0,0.00510204081632653
ppo_standalone,-0.001736153710995632,0.006332186124294518,0.9932652044065048,cpu,993265.2044065048,test_legacy,0.012299945125262224,True,19,-0.2744106027638056,SAP,50000,0.0,0.00510204081632653
ppo_standalone,-0.001736153710995632,0.006332186124294518,0.9932652044065048,cpu,993265.2044065048,test_legacy,0.012299945125262224,True,23,-0.2744106027638056,SAP,50000,0.0,0.00510204081632653
ppo_standalone,-0.001736153710995632,0.006332186124294518,0.9932652044065048,cpu,993265.2044065048,test_legacy,0.012299945125262224,True,29,-0.2744106027638056,SAP,50000,0.0,0.00510204081632653
ppo_standalone,-0.0018910117100751885,0.006709373119194353,0.9926661286533969,cpu,992666.1286533969,test_legacy,0.012594932510041512,True,37,-0.28210640745866916,SAP,50000,0.0,0.00510204081632653
ppo_standalone,-0.001736153710995632,0.006332186124294518,0.9932652044065048,cpu,993265.2044065048,test_legacy,0.012299945125262224,True,42,-0.2744106027638056,SAP,50000,0.0,0.00510204081632653
ppo_standalone,-0.001736153710995632,0.006332186124294518,0.9932652044065048,cpu,993265.2044065048,test_legacy,0.012299945125262224,True,53,-0.2744106027638056,SAP,50000,0.0,0.00510204081632653
ppo_standalone,-0.001792807964083321,0.006340731456678554,0.9930460035078849,cpu,993046.0035078848,test_legacy,0.012299945125262224,True,67,-0.28299133253581427,SAP,50000,0.0,0.00510204081632653
ppo_standalone,-0.001736153710995632,0.006332186124294518,0.9932652044065048,cpu,993265.2044065048,test_legacy,0.012299945125262224,True,89,-0.2744106027638056,SAP,50000,0.0,0.00510204081632653
ppo_standalone,-0.0006860922430847895,0.005308772755041145,0.9947091592315687,cpu,997334.5065393586,test_legacy,0.009517231174130059,True,7,-0.1292779370125176,SCHB,50000,0.0,0.004081632653061225
ppo_standalone,-0.0007297623352065278,0.005472860737910723,0.9945401243185599,cpu,997165.0254905625,test_legacy,0.009517231174130059,True,13,-0.1333868340182472,SCHB,50000,0.0,0.004081632653061225
ppo_standalone,-0.000804904192556033,0.005313891707304393,0.9942493208079853,cpu,996873.4544589429,test_legacy,0.009517231174130059,True,19,-0.15152816276032188,SCHB,50000,0.0,0.00510204081632653
ppo_standalone,-0.0006860922430847895,0.005308772755041145,0.9947091592315687,cpu,997334.5065393586,test_legacy,0.009517231174130059,True,23,-0.1292779370125176,SCHB,50000,0.0,0.004081632653061225
ppo_standalone,-0.0006860922430847895,0.005308772755041145,0.9947091592315687,cpu,997334.5065393586,test_legacy,0.009517231174130059,True,29,-0.1292779370125176,SCHB,50000,0.0,0.004081632653061225
ppo_standalone,-0.0013176057541134665,0.007467528159888448,0.9919217365968226,cpu,994885.7216168753,test_legacy,0.010824094948766905,True,37,-0.1765572896400148,SCHB,50000,0.0,0.007142857142857143
ppo_standalone,-0.0006860922430847895,0.005308772755041145,0.9947091592315687,cpu,997334.5065393586,test_legacy,0.009517231174130059,True,42,-0.1292779370125176,SCHB,50000,0.0,0.004081632653061225
ppo_standalone,-0.0016697496846049555,0.006992025089712398,0.990906862031366,cpu,993522.1738924877,test_legacy,0.010770882533338244,True,53,-0.2390019069621763,SCHB,50000,0.0,0.006122448979591836
ppo_standalone,-0.0006860922430847895,0.005308772755041145,0.9947091592315687,cpu,997334.5065393586,test_legacy,0.009517231174130059,True,67,-0.1292779370125176,SCHB,50000,0.0,0.004081632653061225
ppo_standalone,-0.0006860922430847895,0.005308772755041145,0.9947091592315687,cpu,997334.5065393586,test_legacy,0.009517231174130059,True,89,-0.1292779370125176,SCHB,50000,0.0,0.004081632653061225
ppo_standalone,-0.0002391629132933228,0.0031938182296925442,0.9954949067568192,cpu,999070.243257936,test_legacy,0.005806733199519742,True,7,-0.074888303576695,SCHD,50000,0.0,0.004081632653061225
ppo_standalone,-0.0001308235016061708,0.0031378989889147136,0.9959144946110388,cpu,999491.3380689068,test_legacy,0.005806733199519742,True,13,-0.041692049935734304,SCHD,50000,0.0,0.004081632653061225
ppo_standalone,-8.107204086732631e-05,0.003111894344679906,0.996107221121439,cpu,999684.756759772,test_legacy,0.005806733199519742,True,19,-0.026052038652448612,SCHD,50000,0.0,0.00510204081632653
ppo_standalone,-0.00016585307506498877,0.003155285479454595,0.9957788141597763,cpu,999355.1703190489,test_legacy,0.005806733199519742,True,23,-0.05256528666155931,SCHD,50000,0.0,0.004081632653061225
ppo_standalone,-0.00010254453110932094,0.0031126886545713374,0.9960240378920365,cpu,999601.2747764187,test_legacy,0.005806733199519742,True,29,-0.03294404639647314,SCHD,50000,0.0,0.00510204081632653
ppo_standalone,-0.0008923252147386479,0.004488222299394268,0.9925184583160743,cpu,996534.3166049564,test_legacy,0.00807503787124142,True,37,-0.19889656538347872,SCHD,50000,0.0,0.006122448979591836
ppo_standalone,-5.998715812149952e-05,0.0031115359307075617,0.9961889078027012,cpu,999766.7368201074,test_legacy,0.005806733199519742,True,42,-0.019278548724536736,SCHD,50000,0.0,0.004081632653061225
ppo_standalone,-0.0008594078318076098,0.003910372629418535,0.9930952867850239,cpu,996662.0050111342,test_legacy,0.006904713214976099,True,53,-0.21986202183234319,SCHD,50000,0.0,0.006122448979591836
ppo_standalone,-0.0001311806234013431,0.0031380618631991456,0.9959131112977786,cpu,999489.9497874541,test_legacy,0.005806733199519742,True,67,-0.04180369856275232,SCHD,50000,0.0,0.004081632653061225
ppo_standalone,-8.424766607542692e-05,0.0031626227015665305,0.9960949186013647,cpu,999672.4100549923,test_legacy,0.005806733199519742,True,89,-0.02663832975204348,SCHD,50000,0.0,0.004081632653061225
ppo_standalone,0.00011583753442028316,0.003885462389621557,0.9969483444398133,cpu,1000450.5546806142,test_legacy,0.006190677998916927,True,7,0.02981011831975737,SCHF,50000,0.0,0.003061224489795918
ppo_standalone,8.495717919161819e-05,0.004024765540029227,0.9968286398494594,cpu,1000330.4295763545,test_legacy,0.006190677998916927,True,13,0.021106874196163652,SCHF,50000,0.0,0.004081632653061225
ppo_standalone,2.169114138852915e-05,0.003774447460120964,0.9965834287643366,cpu,1000084.3570817331,test_legacy,0.006190677998916927,True,19,0.005746534859515628,SCHF,50000,0.0,0.004081632653061225
ppo_standalone,0.00011859642503610583,0.003995217699264167,0.9969590395213339,cpu,1000461.2873332128,test_legacy,0.006190677998916927,True,23,0.029681656957250894,SCHF,50000,0.0,0.004081632653061225
ppo_standalone,0.00011548940008563531,0.003769897947128266,0.9969469948725792,cpu,1000449.2003724442,test_legacy,0.006190677998916927,True,29,0.03063156369425344,SCHF,50000,0.0,0.003061224489795918
ppo_standalone,-0.00017603346987677377,0.006186935729103577,0.9927548160807943,cpu,999315.5994428039,test_legacy,0.009029315984343311,True,37,-0.028454222950884654,SCHF,50000,0.0,0.00816326530612245
ppo_standalone,-0.00013369495999680225,0.0052778438110865425,0.9950748300365803,cpu,999480.1755523726,test_legacy,0.007250437697009837,True,42,-0.02533229124878643,SCHF,50000,0.0,0.00510204081632653
ppo_standalone,-0.0006945038923091434,0.005484009119156743,0.9924400839283039,cpu,997301.8597616589,test_legacy,0.007559916071696149,True,53,-0.12668196690105224,SCHF,50000,0.0,0.007142857142857143
ppo_standalone,0.00011548940008563531,0.003769897947128266,0.9969469948725792,cpu,1000449.2003724442,test_legacy,0.006190677998916927,True,67,0.03063156369425344,SCHF,50000,0.0,0.003061224489795918
ppo_standalone,0.0001434348802823153,0.003804324647188913,0.997055331810204,cpu,1000557.9178902009,test_legacy,0.006190677998916927,True,89,0.03769883574072834,SCHF,50000,0.0,0.003061224489795918
ppo_standalone,-0.0015817053141435461,0.008389577619147541,0.9914788370983826,cpu,993862.9630621228,test_legacy,0.014954143744381532,True,7,-0.1886778632690768,SCHG,50000,0.0,0.004081632653061225
ppo_standalone,-0.001673787864851955,0.008561316357915748,0.9911232746095303,cpu,993506.5455819891,test_legacy,0.014954143744381532,True,13,-0.1956660730362644,SCHG,50000,0.0,0.00510204081632653
ppo_standalone,-0.0017327955359097075,0.008394775807618984,0.990895475442859,cpu,993278.1986457766,test_legacy,0.014954143744381532,True,19,-0.20658869366408494,SCHG,50000,0.0,0.00510204081632653
ppo_standalone,-0.0015817053141435461,0.008389577619147541,0.9914788370983826,cpu,993862.9630621228,test_legacy,0.014954143744381532,True,23,-0.1886778632690768,SCHG,50000,0.0,0.004081632653061225
ppo_standalone,-0.0015817053141435461,0.008389577619147541,0.9914788370983826,cpu,993862.9630621228,test_legacy,0.014954143744381532,True,29,-0.1886778632690768,SCHG,50000,0.0,0.004081632653061225
ppo_standalone,-0.002453347865873321,0.011268460815480209,0.9877988860177049,cpu,990492.9605048884,test_legacy,0.017015463957081645,True,37,-0.21798253475391463,SCHG,50000,0.0,0.007142857142857143
ppo_standalone,-0.0015817053141435461,0.008389577619147541,0.9914788370983826,cpu,993862.9630621228,test_legacy,0.014954143744381532,True,42,-0.1886778632690768,SCHG,50000,0.0,0.004081632653061225
ppo_standalone,-0.0031414735775011577,0.010954840601726704,0.9854688107455604,cpu,987838.4849032364,test_legacy,0.016960838390161714,True,53,-0.2872130124953473,SCHG,50000,0.0,0.009183673469387756
ppo_standalone,-0.0015817053141435461,0.008389577619147541,0.9914788370983826,cpu,993862.9630621228,test_legacy,0.014954143744381532,True,67,-0.1886778632690768,SCHG,50000,0.0,0.004081632653061225
ppo_standalone,-0.0015817053141435461,0.008389577619147541,0.9914788370983826,cpu,993862.9630621228,test_legacy,0.014954143744381532,True,89,-0.1886778632690768,SCHG,50000,0.0,0.004081632653061225
ppo_standalone,-0.0005652603817881547,0.005599749009600746,0.9942043640258985,cpu,997803.5593738571,test_legacy,0.009785032180026909,True,7,-0.10096955636361835,SCHK,50000,0.0,0.004081632653061225
ppo_standalone,-0.0006099579219347173,0.005776929892015788,0.9940314611063285,cpu,997630.0305151881,test_legacy,0.009785032180026909,True,13,-0.10561444704683462,SCHK,50000,0.0,0.004081632653061225
ppo_standalone,-0.0006839894649544005,0.005603819348513574,0.9937451349793416,cpu,997342.6678370639,test_legacy,0.009785032180026909,True,19,-0.12209603268289632,SCHK,50000,0.0,0.00510204081632653
ppo_standalone,-0.0005609646178586911,0.0055986032240851295,0.9942209824509299,cpu,997820.2379605215,test_legacy,0.009785032180026909,True,23,-0.10022251713269424,SCHK,50000,0.0,0.004081632653061225
ppo_standalone,-0.0005609646178586911,0.0055986032240851295,0.9942209824509299,cpu,997820.2379605215,test_legacy,0.009785032180026909,True,29,-0.10022251713269424,SCHK,50000,0.0,0.004081632653061225
ppo_standalone,-0.0013971322420735124,0.008011528631872404,0.9905382738249687,cpu,994577.6631225109,test_legacy,0.011127163771287196,True,37,-0.17450869904855001,SCHK,50000,0.0,0.007142857142857143
ppo_standalone,-0.0005609646178586911,0.0055986032240851295,0.9942209824509299,cpu,997820.2379605215,test_legacy,0.009785032180026909,True,42,-0.10022251713269424,SCHK,50000,0.0,0.004081632653061225
ppo_standalone,-0.00151525239679925,0.007241370354071567,0.9905343275487185,cpu,994120.2367165984,test_legacy,0.011072466862857122,True,53,-0.2094035019313419,SCHK,50000,0.0,0.006122448979591836
ppo_standalone,-0.0005609646178586911,0.0055986032240851295,0.9942209824509299,cpu,997820.2379605215,test_legacy,0.009785032180026909,True,67,-0.10022251713269424,SCHK,50000,0.0,0.004081632653061225
ppo_standalone,-0.0005606000354963182,0.005600815680679325,0.9942223928695576,cpu,997821.6534851136,test_legacy,0.009785032180026909,True,89,-0.10011779876535888,SCHK,50000,0.0,0.004081632653061225
ppo_standalone,6.16849306829508e-05,0.0034584671741325615,0.9964098180512638,cpu,1000239.9072163121,test_legacy,0.005710821274080513,True,7,0.017834547501429595,SCHV,50000,0.0,0.004081632653061225
ppo_standalone,4.260815816923059e-05,0.0034914831914333697,0.9963359035452213,cpu,1000165.7085910812,test_legacy,0.005710821274080513,True,13,0.012202640259844423,SCHV,50000,0.0,0.004081632653061225
ppo_standalone,1.6136993143813217e-05,0.0034597678481253988,0.9962333456116036,cpu,1000062.7564361069,test_legacy,0.005710821274080513,True,19,0.004663932170016507,SCHV,50000,0.0,0.00510204081632653
ppo_standalone,3.7515596836367365e-05,0.003501655695738842,0.9963161726911227,cpu,1000145.9018937612,test_legacy,0.005710821274080513,True,23,0.010712987160794853,SCHV,50000,0.0,0.004081632653061225
ppo_standalone,6.16849306829508e-05,0.0034584671741325615,0.9964098180512638,cpu,1000239.9072163121,test_legacy,0.005710821274080513,True,29,0.017834547501429595,SCHV,50000,0.0,0.004081632653061225
ppo_standalone,-0.0004323286619177086,0.004904891570141353,0.9940191042992126,cpu,998319.7715002653,test_legacy,0.00682546152611474,True,37,-0.08815855396138696,SCHV,50000,0.0,0.006122448979591836
ppo_standalone,6.16849306829508e-05,0.0034584671741325615,0.9964098180512638,cpu,1000239.9072163121,test_legacy,0.005710821274080513,True,42,0.017834547501429595,SCHV,50000,0.0,0.004081632653061225
ppo_standalone,-0.0007680819983420658,0.004646516549631454,0.9931985812391348,cpu,997016.3267649518,test_legacy,0.006801418760865152,True,53,-0.16536062361087941,SCHV,50000,0.0,0.006122448979591836
ppo_standalone,6.16849306829508e-05,0.0034584671741325615,0.9964098180512638,cpu,1000239.9072163121,test_legacy,0.005710821274080513,True,67,0.017834547501429595,SCHV,50000,0.0,0.004081632653061225
ppo_standalone,6.218566440176019e-05,0.0034603631660273994,0.9964117582396286,cpu,1000241.8548625464,test_legacy,0.005710821274080513,True,89,0.01796946603745417,SCHV,50000,0.0,0.004081632653061225
ppo_standalone,0.000112721845647657,0.010271877793787115,0.9820831477358767,cpu,1000438.4341125545,test_legacy,0.020095985032131503,True,7,0.010973042452810632,SCHW,50000,0.0,0.007142857142857143
ppo_standalone,0.00228567505608413,0.007230376068672437,0.9953780636141042,cpu,1008918.125019275,test_legacy,0.006495986849397006,True,13,0.31575352767252707,SCHW,50000,0.0,0.00510204081632653
ppo_standalone,0.0031209638907273847,0.007107945189385423,0.9986079073156504,cpu,1012191.9040692548,test_legacy,0.006495986849397006,True,19,0.438387482956895,SCHW,50000,0.0,0.004081632653061225
ppo_standalone,-0.0007595414993037111,0.00961783044430539,0.9803623410386528,cpu,997049.4665827905,test_legacy,0.01963765896134717,True,23,-0.07900093066551593,SCHW,50000,0.0,0.012244897959183673
ppo_standalone,-0.0002029495645115215,0.009934729780731556,0.9828631524684011,cpu,999210.9830316476,test_legacy,0.017136847531598942,True,29,-0.020430039152820628,SCHW,50000,0.0,0.009183673469387756
ppo_standalone,0.0013287585927221073,0.011141326779440495,0.9828477776543307,cpu,1005177.3207004099,test_legacy,0.017275929632101228,True,37,0.11918308122744685,SCHW,50000,0.0,0.00816326530612245
ppo_standalone,0.0030793215699291623,0.00724269272667573,0.9977467285526127,cpu,1012028.5071095665,test_legacy,0.006495986849397006,True,42,0.42449996134357204,SCHW,50000,0.0,0.004081632653061225
ppo_standalone,0.0031209638907273847,0.007107945189385423,0.9986079073156504,cpu,1012191.9040692548,test_legacy,0.006495986849397006,True,53,0.438387482956895,SCHW,50000,0.0,0.004081632653061225
ppo_standalone,0.001412697278687612,0.007808339410942612,0.9904458853310931,cpu,1005505.0432150261,test_legacy,0.009554114668906877,True,67,0.1807902534475914,SCHW,50000,0.0,0.007142857142857143
ppo_standalone,0.0031321622109684224,0.007137895271173304,0.9984611037639852,cpu,1012235.8476025423,test_legacy,0.006495986849397006,True,89,0.4381120123802952,SCHW,50000,0.0,0.004081632653061225
ppo_standalone,0.005489024767940488,0.025600117928432906,0.9452621950247517,cpu,1021516.03842032,test_legacy,0.05477733212049818,False,7,0.21382639892304214,SLV,50000,0.0,0.04081632653061224
ppo_standalone,0.003348840817403597,0.02785863028868506,0.9357679601551623,cpu,1013086.3991238737,test_legacy,0.07070467434973038,False,13,0.12000686509992373,SLV,50000,0.0,0.04285714285714286
ppo_standalone,0.012723545047148307,0.022371873439406692,0.9724403167320086,cpu,1050397.1328870684,test_legacy,0.030073518757313344,True,19,0.565137791532594,SLV,50000,0.0,0.024489795918367346
ppo_standalone,0.010624986470038992,0.018590741946673803,0.9771987555666862,cpu,1041957.7811771809,test_legacy,0.02342121491045146,True,23,0.5685005872903381,SLV,50000,0.0,0.02142857142857143
ppo_standalone,0.1990997053904445,0.1627891445918619,0.9457584289388847,cpu,2026093.510487477,test_legacy,0.17779249551831922,False,29,1.1153744502190868,SLV,50000,-0.014278137733120833,0.05
ppo_standalone,0.010301271799115922,0.019340004211377836,0.9730574085440671,cpu,1040660.4613181864,test_legacy,0.027888414920480775,True,37,0.529911526959004,SLV,50000,0.0,0.02142857142857143
ppo_standalone,-0.0023907251564128503,0.03228401870439014,0.9154115910201068,cpu,990734.7931618347,test_legacy,0.0983271736678113,False,42,-0.07414119521898035,SLV,50000,-0.0001667570563863129,0.05
ppo_standalone,0.005078626926076283,0.021532374909002016,0.9551644301321466,cpu,1019895.5631574084,test_legacy,0.047487841994155455,True,53,0.2352614085970401,SLV,50000,0.0,0.04387755102040816
ppo_standalone,0.009513101715030033,0.010861132903944847,0.9960657045421716,cpu,1037506.8060944539,test_legacy,0.0065970143356950395,True,67,0.8717321486737779,SLV,50000,0.0,0.011224489795918367
ppo_standalone,-0.0022076177774945686,0.059550564942081066,0.914774123128486,cpu,991442.157982017,test_legacy,0.1702039162454142,False,89,-0.03711219647825183,SLV,50000,-0.0062293774666103184,0.05
ppo_standalone,0.0023963380739672707,0.0073154429627555395,0.9930152032779818,cpu,1009351.398099672,test_legacy,0.0098663115901233,True,7,0.32717355730740594,SNY,50000,0.0,0.009183673469387756
ppo_standalone,0.0020107246965914327,0.0070170902295845486,0.9927965443154981,cpu,1007842.2244526838,test_legacy,0.009006833243459522,True,13,0.286252618748086,SNY,50000,0.0,0.01020408163265306
ppo_standalone,0.0033372260852682256,0.0065145587635588595,0.9973037942152669,cpu,1013040.7931217513,test_legacy,0.0046909198838110955,True,19,0.5114066573009673,SNY,50000,0.0,0.006122448979591836
ppo_standalone,0.002536293579325156,0.005085034788740209,0.9979899623002935,cpu,1009899.5564372902,test_legacy,0.003180005698729005,True,23,0.49812904820076065,SNY,50000,0.0,0.00510204081632653
ppo_standalone,0.0026806785756406867,0.005935959585427528,0.9968065976747554,cpu,1010465.2953130561,test_legacy,0.00556164826928196,True,29,0.4509835916410484,SNY,50000,0.0,0.00816326530612245
ppo_standalone,0.003157375340351968,0.007679509628395807,0.9943571946653874,cpu,1012334.792092258,test_legacy,0.008522291013821959,True,37,0.4104866440478035,SNY,50000,0.0,0.01020408163265306
ppo_standalone,0.0023693462195515788,0.006565253947376469,0.993446006650764,cpu,1009245.7055722531,test_legacy,0.006553993349236009,True,42,0.3604562051876994,SNY,50000,0.0,0.01020408163265306
ppo_standalone,0.0024232623599831794,0.00631697606564452,0.9944561986252861,cpu,1009456.8342394977,test_legacy,0.005669427524615744,True,53,0.3831374613586184,SNY,50000,0.0,0.00816326530612245
ppo_standalone,0.0015725434642611205,0.006725547961326256,0.9912617277408862,cpu,1006129.3515058272,test_legacy,0.008738272259113833,True,67,0.23362724262243897,SNY,50000,0.0,0.012244897959183673
ppo_standalone,0.0030691290593629107,0.00691674046706946,0.9958651627107642,cpu,1011988.5165206817,test_legacy,0.007530573863582246,True,89,0.4430350657516906,SNY,50000,0.0,0.01020408163265306
ppo_standalone,-0.018816880875436016,0.03840894782524882,0.9287887151694596,cpu,928788.7151694596,test_legacy,0.08782005216309785,False,7,-0.49457466623454116,SPOT,50000,0.0,0.006122448979591836
ppo_standalone,-0.017969135704315575,0.03826111849756757,0.9319133529522918,cpu,931913.3529522918,test_legacy,0.08782005216309785,False,13,-0.4739136378080777,SPOT,50000,0.0,0.006122448979591836
ppo_standalone,-0.018648085726119965,0.0380674025594773,0.92941024256469,cpu,929410.24256469,test_legacy,0.08782005216309785,False,19,-0.49449328912303003,SPOT,50000,0.0,0.00510204081632653
ppo_standalone,-0.017967294473487477,0.03825982335339318,0.931920147887907,cpu,931920.147887907,test_legacy,0.08782005216309785,False,23,-0.4738806756049133,SPOT,50000,0.0,0.006122448979591836
ppo_standalone,-0.018648085726119965,0.0380674025594773,0.92941024256469,cpu,929410.24256469,test_legacy,0.08782005216309785,False,29,-0.49449328912303003,SPOT,50000,0.0,0.00510204081632653
ppo_standalone,-0.019970309212357977,0.044152498201207396,0.9245498900873701,cpu,924549.8900873701,test_legacy,0.09648284557890752,False,37,-0.4568787576909115,SPOT,50000,0.0,0.007142857142857143
ppo_standalone,-0.018648085726119965,0.0380674025594773,0.92941024256469,cpu,929410.24256469,test_legacy,0.08782005216309785,False,42,-0.49449328912303003,SPOT,50000,0.0,0.00510204081632653
ppo_standalone,-0.01918657210194428,0.04190226416546482,0.9274285389647648,cpu,927428.5389647648,test_legacy,0.09354590283644137,False,53,-0.4623365855145496,SPOT,50000,0.0,0.006122448979591836
ppo_standalone,-0.018648085726119965,0.0380674025594773,0.92941024256469,cpu,929410.24256469,test_legacy,0.08782005216309785,False,67,-0.49449328912303003,SPOT,50000,0.0,0.00510204081632653
ppo_standalone,-0.01914892805063246,0.03919678700522412,0.927566972089231,cpu,927566.972089231,test_legacy,0.08782005216309785,False,89,-0.4932691325626915,SPOT,50000,0.0,0.00816326530612245
ppo_standalone,-0.0005293177476390571,0.005458123630164414,0.9936491982686317,cpu,997943.115403384,test_legacy,0.009401634405144632,True,7,-0.09700082358021335,SPY,50000,0.0,0.004081632653061225
ppo_standalone,-0.0005972357538670883,0.00557411440063973,0.9933866368793349,cpu,997679.4193914755,test_legacy,0.009401634405144632,True,13,-0.10717346541227221,SPY,50000,0.0,0.004081632653061225
ppo_standalone,-0.0006522562708143705,0.005463468823233404,0.9931739731465028,cpu,997465.8366618304,test_legacy,0.009401634405144632,True,19,-0.11942049020022782,SPY,50000,0.0,0.00510204081632653
ppo_standalone,-0.0005293177476390571,0.005458123630164414,0.9936491982686317,cpu,997943.115403384,test_legacy,0.009401634405144632,True,23,-0.09700082358021335,SPY,50000,0.0,0.004081632653061225
ppo_standalone,-0.0005293177476390571,0.005458123630164414,0.9936491982686317,cpu,997943.115403384,test_legacy,0.009401634405144632,True,29,-0.09700082358021335,SPY,50000,0.0,0.004081632653061225
ppo_standalone,-0.0014396778178662453,0.007615303561001123,0.9896063000285352,cpu,994412.8851685226,test_legacy,0.011508429058920244,True,37,-0.1891828876312585,SPY,50000,0.0,0.007142857142857143
ppo_standalone,-0.0005293177476390571,0.005458123630164414,0.9936491982686317,cpu,997943.115403384,test_legacy,0.009401634405144632,True,42,-0.09700082358021335,SPY,50000,0.0,0.004081632653061225
ppo_standalone,-0.001529373652283785,0.006824275854543707,0.9897883289613925,cpu,994065.5618851553,test_legacy,0.01059777472215917,True,53,-0.22427416009165027,SPY,50000,0.0,0.006122448979591836
ppo_standalone,-0.0005293177476390571,0.005458123630164414,0.9936491982686317,cpu,997943.115403384,test_legacy,0.009401634405144632,True,67,-0.09700082358021335,SPY,50000,0.0,0.004081632653061225
ppo_standalone,-0.0005306010805757712,0.005477574534003435,0.9936442366075303,cpu,997938.1323011526,test_legacy,0.009401634405144632,True,89,-0.09689078896382256,SPY,50000,0.0,0.004081632653061225
ppo_standalone,-0.0012568726873905505,0.008390177365270488,0.9901052803113148,cpu,995121.0285369129,test_legacy,0.014716423813041501,True,7,-0.14989425903681397,SPYG,50000,0.0,0.004081632653061225
ppo_standalone,-0.0013340456865483248,0.008497126139060977,0.9898077919268443,cpu,994822.0331138816,test_legacy,0.014716423813041501,True,13,-0.15710151370470218,SPYG,50000,0.0,0.004081632653061225
ppo_standalone,-0.001415510832726009,0.00839593392041623,0.9894938301148185,cpu,994506.480810993,test_legacy,0.014716423813041501,True,19,-0.16871105060773797,SPYG,50000,0.0,0.00510204081632653
ppo_standalone,-0.0012568726873905505,0.008390177365270488,0.9901052803113148,cpu,995121.0285369129,test_legacy,0.014716423813041501,True,23,-0.14989425903681397,SPYG,50000,0.0,0.004081632653061225
ppo_standalone,-0.0012568726873905505,0.008390177365270488,0.9901052803113148,cpu,995121.0285369129,test_legacy,0.014716423813041501,True,29,-0.14989425903681397,SPYG,50000,0.0,0.004081632653061225
ppo_standalone,-0.002254836478075423,0.010686370302183239,0.9856569371365951,cpu,991259.7108344736,test_legacy,0.01673717683194098,True,37,-0.211236262003307,SPYG,50000,0.0,0.00510204081632653
ppo_standalone,-0.0012568726873905505,0.008390177365270488,0.9901052803113148,cpu,995121.0285369129,test_legacy,0.014716423813041501,True,42,-0.14989425903681397,SPYG,50000,0.0,0.004081632653061225
ppo_standalone,-0.0025353507128451375,0.010162622521273826,0.9851855277143743,cpu,990176.3530950494,test_legacy,0.016589391757298566,True,53,-0.24979088801542354,SPYG,50000,0.0,0.006122448979591836
ppo_standalone,-0.0012583415446801173,0.008391595373869782,0.9900996175039527,cpu,995115.3370424842,test_legacy,0.014716423813041501,True,67,-0.15004418663178973,SPYG,50000,0.0,0.004081632653061225
ppo_standalone,-0.0012854145774432119,0.008460720892787052,0.9899952485894303,cpu,995010.4394082305,test_legacy,0.014716423813041501,True,89,-0.15202218758052566,SPYG,50000,0.0,0.004081632653061225
ppo_standalone,6.59933448490637e-05,0.002581307555947164,0.9973922473884795,cpu,1000256.6652504946,test_legacy,0.004600886377996716,True,7,0.025563443287195384,SPYV,50000,0.0,0.004081632653061225
ppo_standalone,6.477695116358918e-05,0.0026804120095932278,0.9973875296239872,cpu,1000251.9339370211,test_legacy,0.004600886377996716,True,13,0.02416457506842228,SPYV,50000,0.0,0.004081632653061225
ppo_standalone,7.381478379718153e-05,0.00257484289033641,0.9974225831170173,cpu,1000287.088100426,test_legacy,0.004600886377996716,True,19,0.02866485931694779,SPYV,50000,0.0,0.00510204081632653
ppo_standalone,6.723924435035437e-05,0.002672539788394535,0.9973970796080168,cpu,1000261.5113477175,test_legacy,0.004600886377996716,True,23,0.02515696516146768,SPYV,50000,0.0,0.004081632653061225
ppo_standalone,7.34873568158216e-05,0.0025748589893614233,0.9974213131661033,cpu,1000285.8145023311,test_legacy,0.004600886377996716,True,29,0.0285375342349919,SPYV,50000,0.0,0.00510204081632653
ppo_standalone,-0.00032732071539987164,0.0039298709782972325,0.9948216114100151,cpu,998727.6878121014,test_legacy,0.005787516865743525,True,37,-0.08330071769444047,SPYV,50000,0.0,0.006122448979591836
ppo_standalone,0.000105437092229387,0.0025739178194766534,0.9975452383499877,cpu,1000410.095587829,test_legacy,0.004600886377996716,True,42,0.04095897363024826,SPYV,50000,0.0,0.004081632653061225
ppo_standalone,-0.0004627153099527105,0.0035328671138944866,0.9953432206655524,cpu,998201.7539132041,test_legacy,0.005145533230446087,True,53,-0.1309988701444191,SPYV,50000,0.0,0.006122448979591836
ppo_standalone,0.000105437092229387,0.0025739178194766534,0.9975452383499877,cpu,1000410.095587829,test_legacy,0.004600886377996716,True,67,0.04095897363024826,SPYV,50000,0.0,0.004081632653061225
ppo_standalone,0.00010706829099257898,0.0025795291845103576,0.9975515656766017,cpu,1000416.4410859373,test_legacy,0.004600886377996716,True,89,0.04150213611662114,SPYV,50000,0.0,0.004081632653061225
ppo_standalone,-0.0006635339222579411,0.005818384825715425,0.9931083714993941,cpu,997422.0624316635,test_legacy,0.010037988300039546,True,7,-0.11407565316701221,SPYX,50000,0.0,0.004081632653061225
ppo_standalone,-0.0007353840459915172,0.005917119692918709,0.9928307245794306,cpu,997143.2095174345,test_legacy,0.010037988300039546,True,13,-0.12432312948989784,SPYX,50000,0.0,0.004081632653061225
ppo_standalone,-0.0007871006228373897,0.005823441004357236,0.9926309144327854,cpu,996942.5314703239,test_legacy,0.010037988300039546,True,19,-0.13521027938920016,SPYX,50000,0.0,0.00510204081632653
ppo_standalone,-0.0006635339222579411,0.005818384825715425,0.9931083714993941,cpu,997422.0624316635,test_legacy,0.010037988300039546,True,23,-0.11407565316701221,SPYX,50000,0.0,0.004081632653061225
ppo_standalone,-0.0006635339222579411,0.005818384825715425,0.9931083714993941,cpu,997422.0624316635,test_legacy,0.010037988300039546,True,29,-0.11407565316701221,SPYX,50000,0.0,0.004081632653061225
ppo_standalone,-0.0015317166096354097,0.007942172549453988,0.989227274763402,cpu,994056.4906133161,test_legacy,0.01206120167176672,True,37,-0.19300263737883366,SPYX,50000,0.0,0.007142857142857143
ppo_standalone,-0.0006635339222579411,0.005818384825715425,0.9931083714993941,cpu,997422.0624316635,test_legacy,0.010037988300039546,True,42,-0.11407565316701221,SPYX,50000,0.0,0.004081632653061225
ppo_standalone,-0.0014186903883449148,0.006868440185059372,0.9901931381747018,cpu,994494.1664249124,test_legacy,0.011090894558387854,True,53,-0.2066939264905245,SPYX,50000,0.0,0.00510204081632653
ppo_standalone,-0.0006635339222579411,0.005818384825715425,0.9931083714993941,cpu,997422.0624316635,test_legacy,0.010037988300039546,True,67,-0.11407565316701221,SPYX,50000,0.0,0.004081632653061225
ppo_standalone,-0.0006662352233887164,0.005848332672626588,0.9930979319501491,cpu,997411.5775369252,test_legacy,0.010037988300039546,True,89,-0.11395370345943645,SPYX,50000,0.0,0.004081632653061225
ppo_standalone,0.00717413957223219,0.05631637575511034,0.9379642897252001,cpu,1028189.8516201163,test_legacy,0.06711960286148322,False,7,0.12693479664740975,TAN,50000,0.0,0.03775510204081633
ppo_standalone,-0.04657941632623603,0.1511390327768053,0.6985990690473742,cpu,830691.5921726881,test_legacy,0.3095160864133496,False,13,-0.31559747149466433,TAN,50000,-0.015885930824405835,0.05
ppo_standalone,0.017587556788968176,0.07116259506951902,0.9728411947057813,cpu,1070152.9207399378,test_legacy,0.11507373732713644,True,19,0.24499734195389253,TAN,50000,-0.0028354022397230946,0.05
ppo_standalone,-0.03779877140935919,0.17407112476185252,0.7227429794315259,cpu,860841.0569315304,test_legacy,0.4041229336208413,False,23,-0.22135571178387378,TAN,50000,-0.017124420087187887,0.05
ppo_standalone,-0.03897389642915992,0.14019248029269843,0.7203528694875944,cpu,856759.7387413975,test_legacy,0.3077001082866401,False,29,-0.2835648699438937,TAN,50000,-0.015016740907149639,0.05
ppo_standalone,-0.04041506422900256,0.14076785825234536,0.715412515921936,cpu,851774.0737723343,test_legacy,0.2965088668570095,False,37,-0.29306690160169435,TAN,50000,-0.014284580322388774,0.05
ppo_standalone,-0.07126785461237356,0.16347442839788318,0.6297824368537549,cpu,750118.0834776477,test_legacy,0.37418102905581674,False,42,-0.45227156571685034,TAN,50000,-0.01677341285921754,0.05
ppo_standalone,0.01623498244879054,0.07970403555621945,0.9637567337677828,cpu,1064631.8055810702,test_legacy,0.12902563541691647,True,53,0.20205466592703014,TAN,50000,-0.004189144858073312,0.05
ppo_standalone,0.011612758724826408,0.04196494519729021,0.9864401259031973,cpu,1045923.8068629116,test_legacy,0.04669079116258701,True,67,0.27512974043240584,TAN,50000,0.0,0.019387755102040816
ppo_standalone,0.02123386500999399,0.10495398886869525,0.9233183979438849,cpu,1085142.8665893965,test_legacy,0.14487305149077134,False,89,0.20019759379846258,TAN,50000,-0.009178231709758755,0.05
ppo_standalone,0.030381227554193778,0.0588427304195841,0.9760533130391158,cpu,1123433.9279426886,test_legacy,0.05168799891795406,True,7,0.5086231833023135,TMUS,50000,-0.002277516062921414,0.05
ppo_standalone,0.09588658503646544,0.136907207928874,0.8353958571704464,cpu,1427723.2816086423,test_legacy,0.18428091986628636,False,13,0.6688004056292434,TMUS,50000,-0.01270248792652948,0.05
ppo_standalone,0.09932091298870992,0.14038686935746097,0.8298599063346883,cpu,1445202.0592717575,test_legacy,0.1906173536212481,False,19,0.6745113036128222,TMUS,50000,-0.013076738422728518,0.05
ppo_standalone,0.10215231213483912,0.14525138929494072,0.8231450548526824,cpu,1459731.4041056451,test_legacy,0.1981403729865575,False,23,0.6696308354087186,TMUS,50000,-0.013632779187988397,0.05
ppo_standalone,0.09970634892705785,0.14142440160244474,0.8302836102114987,cpu,1447173.5818731808,test_legacy,0.19014265474236092,False,29,0.6720416058635805,TMUS,50000,-0.0131038356401465,0.05
ppo_standalone,0.027901681976849738,0.05047772314339216,0.9863762398114532,cpu,1112956.9193143381,test_legacy,0.04488536085076722,True,37,0.5451798159762344,TMUS,50000,-0.0015883601082943065,0.05
ppo_standalone,0.10215231213483912,0.14525138929494072,0.8231450548526824,cpu,1459731.4041056451,test_legacy,0.1981403729865575,False,42,0.6696308354087186,TMUS,50000,-0.013632779187988397,0.05
ppo_standalone,0.03252240813551643,0.0808226518491098,0.9529922703053524,cpu,1132540.0143293738,test_legacy,0.08092409294203562,True,53,0.3959865807306984,TMUS,50000,-0.007163788280901607,0.05
ppo_standalone,0.03934112038130325,0.06784554255370723,0.9851582558008529,cpu,1161904.4841978874,test_legacy,0.055625044225425024,True,67,0.5687460450646235,TMUS,50000,-0.004011038302434411,0.05
ppo_standalone,0.0910132372249503,0.12801569388477638,0.859699229522944,cpu,1403190.8499803934,test_legacy,0.1560129293978495,False,89,0.6804379153023127,TMUS,50000,-0.011830320547169747,0.05
ppo_standalone,-0.0034385759686787446,0.012717668338056739,0.9866940341038272,cpu,986694.0341038272,test_legacy,0.022236554824570542,True,7,-0.2708404066123671,TSLA,50000,0.0,0.007142857142857143
ppo_standalone,-0.0025073291639110115,0.009694056285420381,0.9902845339310589,cpu,990284.5339310588,test_legacy,0.01860529491564511,True,13,-0.25896658676916245,TSLA,50000,0.0,0.00510204081632653
ppo_standalone,-0.0022000185448484175,0.009611423796857439,0.9914715227957926,cpu,991471.5227957927,test_legacy,0.01860529491564511,True,19,-0.2291445900118779,TSLA,50000,0.0,0.00510204081632653
ppo_standalone,-0.0032452103394610466,0.009912020008799717,0.9874387745887893,cpu,987438.7745887892,test_legacy,0.01860529491564511,True,23,-0.3279286557715353,TSLA,50000,0.0,0.009183673469387756
ppo_standalone,-0.0024261045662478035,0.009621610607440398,0.990598161670501,cpu,990598.161670501,test_legacy,0.01860529491564511,True,29,-0.25245380944168994,TSLA,50000,0.0,0.006122448979591836
ppo_standalone,-0.0037134313530057827,0.012852097083972249,0.9856361570568695,cpu,985636.1570568695,test_legacy,0.02078393855935412,True,37,-0.28947005920624014,TSLA,50000,0.0,0.006122448979591836
ppo_standalone,-0.0022000185448484175,0.009611423796857439,0.9914715227957926,cpu,991471.5227957927,test_legacy,0.01860529491564511,True,42,-0.2291445900118779,TSLA,50000,0.0,0.00510204081632653
ppo_standalone,-0.0023715130754144447,0.009653547206650785,0.990808994025729,cpu,990808.994025729,test_legacy,0.01860529491564511,True,53,-0.24595006085723198,TSLA,50000,0.0,0.00510204081632653
ppo_standalone,-0.0022000185448484175,0.009611423796857439,0.9914715227957926,cpu,991471.5227957927,test_legacy,0.01860529491564511,True,67,-0.2291445900118779,TSLA,50000,0.0,0.00510204081632653
ppo_standalone,-0.013323739301625564,0.03883070881485824,0.9491743092300967,cpu,949174.3092300968,test_legacy,0.08036078042543515,False,89,-0.34542871538799735,TSLA,50000,0.0,0.017346938775510204
ppo_standalone,-0.00017470793573990022,0.007770396473672833,0.9953664649816206,cpu,999320.7516866275,test_legacy,0.013852647915577831,True,7,-0.02248529146635935,TSM,50000,0.0,0.003061224489795918
ppo_standalone,-0.002002932225996038,0.01053118504374825,0.9881367814655023,cpu,992233.3257833606,test_legacy,0.01597263810450056,True,13,-0.19037843768018112,TSM,50000,0.0,0.009183673469387756
ppo_standalone,-0.00017470793573990022,0.007770396473672833,0.9953664649816206,cpu,999320.7516866275,test_legacy,0.013852647915577831,True,19,-0.02248529146635935,TSM,50000,0.0,0.003061224489795918
ppo_standalone,-0.0002206592030352027,0.007883693670073614,0.9951885743474657,cpu,999142.15434736,test_legacy,0.013852647915577831,True,23,-0.027991842089145635,TSM,50000,0.0,0.004081632653061225
ppo_standalone,-0.000252511665819742,0.007772055484890109,0.9950652781199185,cpu,999018.3683015896,test_legacy,0.013852647915577831,True,29,-0.03249312805668195,TSM,50000,0.0,0.004081632653061225
ppo_standalone,-0.00026500348861972995,0.010556669387958297,0.9919134475380779,cpu,998969.8252959242,test_legacy,0.015756985701873116,True,37,-0.025105894015597766,TSM,50000,0.0,0.007142857142857143
ppo_standalone,-0.00017470793573990022,0.007770396473672833,0.9953664649816206,cpu,999320.7516866275,test_legacy,0.013852647915577831,True,42,-0.02248529146635935,TSM,50000,0.0,0.003061224489795918
ppo_standalone,-0.0009597486660300515,0.009665863851153438,0.9920157031049979,cpu,996272.815129092,test_legacy,0.01569952773403649,True,53,-0.09933863800898121,TSM,50000,0.0,0.00510204081632653
ppo_standalone,-0.00017470793573990022,0.007770396473672833,0.9953664649816206,cpu,999320.7516866275,test_legacy,0.013852647915577831,True,67,-0.02248529146635935,TSM,50000,0.0,0.003061224489795918
ppo_standalone,1.9281865054890185e-05,0.007845256701972067,0.9961177159238849,cpu,1000074.9871192455,test_legacy,0.013852647915577831,True,89,0.0024577002062227534,TSM,50000,0.0,0.003061224489795918
ppo_standalone,-0.0014289829617674036,0.00518041718815973,0.9886448888230432,cpu,994454.3041711416,test_legacy,0.012672098714578861,True,7,-0.27603203775975627,V,50000,0.0,0.00510204081632653
ppo_standalone,-0.002219622253916385,0.006016985125669937,0.9856042238470822,cpu,991395.7718234078,test_legacy,0.014504198786232436,True,13,-0.3692930257870916,V,50000,0.0,0.007142857142857143
ppo_standalone,-0.0016062439989287444,0.00534267859875002,0.9878731013551458,cpu,993767.9736116448,test_legacy,0.01308908984946977,True,19,-0.30087672306256824,V,50000,0.0,0.006122448979591836
ppo_standalone,-0.0015269030899938035,0.005257192885116532,0.988267927006179,cpu,994075.1272740304,test_legacy,0.012672098714578861,True,23,-0.29065394555791774,V,50000,0.0,0.00510204081632653
ppo_standalone,-0.0014503237067236337,0.005180565288586557,0.9885627245394983,cpu,994371.6570787992,test_legacy,0.012672098714578861,True,29,-0.28014934490159366,V,50000,0.0,0.006122448979591836
ppo_standalone,-0.002051994084916304,0.005998254923165246,0.9858613707465004,cpu,992043.6450416258,test_legacy,0.014510687489061036,True,37,-0.34244092237078094,V,50000,0.0,0.007142857142857143
ppo_standalone,-0.0015166843090007043,0.005286176129773266,0.9883072611209012,cpu,994114.6925215003,test_legacy,0.012672098714578861,True,42,-0.2871243829351776,V,50000,0.0,0.00510204081632653
ppo_standalone,-0.002372676187944799,0.006182858656615177,0.9850164078497731,cpu,990804.5017372593,test_legacy,0.014983592150226932,True,53,-0.38419679100020937,V,50000,0.0,0.007142857142857143
ppo_standalone,-0.0015678851328448983,0.005302380846298242,0.9881101906792946,cpu,993916.4640664745,test_legacy,0.012672098714578861,True,67,-0.29591774355869066,V,50000,0.0,0.00510204081632653
ppo_standalone,-0.002055654926926594,0.006121003472509913,0.9862342426847641,cpu,992029.4927397093,test_legacy,0.014882556989250229,True,89,-0.3361731992028229,V,50000,0.0,0.007142857142857143
ppo_standalone,-0.0005316129575722104,0.005393574471948243,0.9937204710179098,cpu,997934.2032585415,test_legacy,0.009295964867556461,True,7,-0.0985874333127941,VOO,50000,0.0,0.004081632653061225
ppo_standalone,-0.0005896643940510052,0.005499922984247182,0.9934960325764863,cpu,997708.8131173954,test_legacy,0.009295964867556461,True,13,-0.10724173630511777,VOO,50000,0.0,0.004081632653061225
ppo_standalone,-0.0006559031032978241,0.005399103464012584,0.9932399865035245,cpu,997451.6813169839,test_legacy,0.009295964867556461,True,19,-0.12151999225713737,VOO,50000,0.0,0.00510204081632653
ppo_standalone,-0.0005316129575722104,0.005393574471948243,0.9937204710179098,cpu,997934.2032585415,test_legacy,0.009295964867556461,True,23,-0.0985874333127941,VOO,50000,0.0,0.004081632653061225
ppo_standalone,-0.0005316129575722104,0.005393574471948243,0.9937204710179098,cpu,997934.2032585415,test_legacy,0.009295964867556461,True,29,-0.0985874333127941,VOO,50000,0.0,0.004081632653061225
ppo_standalone,-0.0014073331878661477,0.007499450710132792,0.9898196174883055,cpu,994538.1532654108,test_legacy,0.011307226925634684,True,37,-0.18778636670677037,VOO,50000,0.0,0.007142857142857143
ppo_standalone,-0.0005316129575722104,0.005393574471948243,0.9937204710179098,cpu,997934.2032585415,test_legacy,0.009295964867556461,True,42,-0.0985874333127941,VOO,50000,0.0,0.004081632653061225
ppo_standalone,-0.0014822872124919935,0.0067040084917106765,0.9900497134639327,cpu,994247.8803721557,test_legacy,0.01044873993307649,True,53,-0.2212634074617553,VOO,50000,0.0,0.006122448979591836
ppo_standalone,-0.0005316129575722104,0.005393574471948243,0.9937204710179098,cpu,997934.2032585415,test_legacy,0.009295964867556461,True,67,-0.0985874333127941,VOO,50000,0.0,0.004081632653061225
ppo_standalone,-0.0005322971743970933,0.005413294612416695,0.993717825479756,cpu,997931.5465023543,test_legacy,0.009295964867556461,True,89,-0.09835475798357945,VOO,50000,0.0,0.004081632653061225
ppo_standalone,-0.0006084964360514454,0.005336406756598884,0.9947277776254729,cpu,997635.7040741544,test_legacy,0.009490202721328278,True,7,-0.11405868530105677,VTI,50000,0.0,0.004081632653061225
ppo_standalone,-0.0006601127787300001,0.0055125908802083744,0.9945279990292555,cpu,997435.341457387,test_legacy,0.009490202721328278,True,13,-0.11978246682381635,VTI,50000,0.0,0.00510204081632653
ppo_standalone,-0.0007219105904058752,0.005337271953395799,0.9942888527483322,cpu,997195.4960708279,test_legacy,0.009490202721328278,True,19,-0.13530317003264808,VTI,50000,0.0,0.00510204081632653
ppo_standalone,-0.0006023670560509896,0.00533210549782858,0.9947515030789488,cpu,997659.4988851723,test_legacy,0.009490202721328278,True,23,-0.11300050494984736,VTI,50000,0.0,0.004081632653061225
ppo_standalone,-0.0006023670560509896,0.00533210549782858,0.9947515030789488,cpu,997659.4988851723,test_legacy,0.009490202721328278,True,29,-0.11300050494984736,VTI,50000,0.0,0.004081632653061225
ppo_standalone,-0.0013589547422513313,0.0076988873630948725,0.991207669464915,cpu,994725.540892874,test_legacy,0.01079279643845732,True,37,-0.17662953819830407,VTI,50000,0.0,0.007142857142857143
ppo_standalone,-0.0006023670560509896,0.00533210549782858,0.9947515030789488,cpu,997659.4988851723,test_legacy,0.009490202721328278,True,42,-0.11300050494984736,VTI,50000,0.0,0.004081632653061225
ppo_standalone,-0.0015683123294493431,0.007016798521360809,0.9910177295404512,cpu,993914.8102610903,test_legacy,0.010739202963450545,True,53,-0.22367863433637317,VTI,50000,0.0,0.006122448979591836
ppo_standalone,-0.0006023670560509896,0.00533210549782858,0.9947515030789488,cpu,997659.4988851723,test_legacy,0.009490202721328278,True,67,-0.11300050494984736,VTI,50000,0.0,0.004081632653061225
ppo_standalone,-0.0006023670560509896,0.00533210549782858,0.9947515030789488,cpu,997659.4988851723,test_legacy,0.009490202721328278,True,89,-0.11300050494984736,VTI,50000,0.0,0.004081632653061225
ppo_standalone,-0.00021549577925845508,0.0030771041080057447,0.9954684012722952,cpu,999162.2216808985,test_legacy,0.004531598727704811,True,7,-0.07003594171169875,VYM,50000,0.0,0.006122448979591836
ppo_standalone,0.00017661716120939683,0.0028032274333386056,0.9969875622972666,cpu,1000687.0197587294,test_legacy,0.0043620207298635805,True,13,0.06299580400103318,VYM,50000,0.0,0.004081632653061225
ppo_standalone,0.0001745785942480522,0.002785711367919454,0.9969796598377262,cpu,1000679.087976042,test_legacy,0.0043620207298635805,True,19,0.06266026415379294,VYM,50000,0.0,0.00510204081632653
ppo_standalone,0.0001706437604805615,0.002806824866209134,0.99696440667362,cpu,1000663.7782130032,test_legacy,0.0043620207298635805,True,23,0.060787388214181316,VYM,50000,0.0,0.004081632653061225
ppo_standalone,0.00016446351441064575,0.0027862684760045233,0.9969404496436622,cpu,1000639.7322872392,test_legacy,0.0043620207298635805,True,29,0.05901822610876074,VYM,50000,0.0,0.00510204081632653
ppo_standalone,-0.0003934724106471473,0.0038731568373776538,0.9943159657045967,cpu,998470.6989696375,test_legacy,0.00625091953301693,True,37,-0.1016054160447228,VYM,50000,0.0,0.006122448979591836
ppo_standalone,0.00021349654897274492,0.0027845747574637095,0.9971305324600723,cpu,1000830.5204316995,test_legacy,0.0043620207298635805,True,42,0.07665859646278494,VYM,50000,0.0,0.004081632653061225
ppo_standalone,-0.0006022971491892605,0.003587833951571803,0.993971504302865,cpu,997659.770272404,test_legacy,0.006028495697135039,True,53,-0.1679152255640647,VYM,50000,0.0,0.006122448979591836
ppo_standalone,0.00021349654897274492,0.0027845747574637095,0.9971305324600723,cpu,1000830.5204316995,test_legacy,0.0043620207298635805,True,67,0.07665859646278494,VYM,50000,0.0,0.004081632653061225
ppo_standalone,0.00021035927060783396,0.0027939420722454876,0.9971183695939617,cpu,1000818.3124336258,test_legacy,0.0043620207298635805,True,89,0.07527901172881994,VYM,50000,0.0,0.004081632653061225
ppo_standalone,0.0004715161048772557,0.004408679798794241,0.9920192577542737,cpu,1001834.9229883394,test_legacy,0.007980742245726313,True,7,0.10692271250102933,VYMI,50000,0.0,0.01020408163265306
ppo_standalone,0.0008293600848438299,0.0030522089937773914,0.9962345627422872,cpu,1003229.1550190384,test_legacy,0.003906558385398329,True,13,0.27159779775300724,VYMI,50000,0.0,0.006122448979591836
ppo_standalone,0.0010277436524705386,0.0021895247831588485,0.9995205765759912,cpu,1004002.7180065967,test_legacy,0.0024454524846706516,True,19,0.4691161404337169,VYMI,50000,0.0,0.004081632653061225
ppo_standalone,0.0010753440642991793,0.0023011960863815266,0.9991080706696951,cpu,1004188.3936121718,test_legacy,0.0024454524846706516,True,23,0.4670145956378333,VYMI,50000,0.0,0.004081632653061225
ppo_standalone,0.000961052803858367,0.0022085956491765765,0.9992097793699972,cpu,1003742.6189604771,test_legacy,0.0024454524846706516,True,29,0.4349018119810397,VYMI,50000,0.0,0.004081632653061225
ppo_standalone,0.0012934735467415648,0.004396271492055237,0.9944184962269784,cpu,1005039.5806908144,test_legacy,0.006378017312848705,True,37,0.29401984354834926,VYMI,50000,0.0,0.01020408163265306
ppo_standalone,0.0011852876414494761,0.0028553605718985562,0.9977010175392939,cpu,1004617.3495904609,test_legacy,0.00263573330133271,True,42,0.41484073863204507,VYMI,50000,0.0,0.00510204081632653
ppo_standalone,0.0011607431900158864,0.0031187558477724043,0.9967386987962938,cpu,1004521.5751328532,test_legacy,0.0032613012037061573,True,53,0.3719467186258541,VYMI,50000,0.0,0.00510204081632653
ppo_standalone,0.0010781987444851468,0.002245028455990922,0.9993756638264408,cpu,1004199.5297146012,test_legacy,0.0024454524846706516,True,67,0.47996795330671094,VYMI,50000,0.0,0.003061224489795918
ppo_standalone,0.0014333994869570837,0.0028803416196594225,0.9980468881446102,cpu,1005585.8832208731,test_legacy,0.0024454524846706516,True,89,0.4972653946156903,VYMI,50000,0.0,0.00510204081632653
ppo_standalone,0.0010831868331227807,0.005594611049837613,0.9920981247997392,cpu,1004218.9884598779,test_legacy,0.008959257807970133,True,7,0.19350226179761892,XLF,50000,0.0,0.01020408163265306
ppo_standalone,0.001985533976319958,0.004233421670190345,0.9990665280149652,cpu,1007743.6939884289,test_legacy,0.004434754608873659,True,13,0.4685314118331429,XLF,50000,0.0,0.003061224489795918
ppo_standalone,0.001904135153090976,0.00420426252724121,0.9991033699017917,cpu,1007425.361226599,test_legacy,0.004434754608873659,True,19,0.4524581297993905,XLF,50000,0.0,0.004081632653061225
ppo_standalone,0.001836650712480309,0.004278122088696178,0.9982539356646868,cpu,1007161.5011743507,test_legacy,0.004434754608873659,True,23,0.428902683857587,XLF,50000,0.0,0.004081632653061225
ppo_standalone,0.0015091178938602175,0.0050011869486654295,0.995571594404199,cpu,1005881.5969785459,test_legacy,0.005281253733819491,True,29,0.301514914612438,XLF,50000,0.0,0.00510204081632653
ppo_standalone,0.0014204411704969457,0.006906424261955942,0.9898717777456796,cpu,1005535.2817552909,test_legacy,0.01053799299047331,True,37,0.20551889361126768,XLF,50000,0.0,0.01020408163265306
ppo_standalone,0.002084903947817612,0.004269312243565707,0.9993146135804903,cpu,1008132.4092123336,test_legacy,0.004434754608873659,True,42,0.4878200501442173,XLF,50000,0.0,0.003061224489795918
ppo_standalone,0.0019178029544120597,0.005347512536207145,0.9955613345740965,cpu,1007478.807750002,test_legacy,0.0049657842287347265,True,53,0.35828049582262234,XLF,50000,0.0,0.00510204081632653
ppo_standalone,0.0015029218602878583,0.004567012401420424,0.9957804759455073,cpu,1005857.3963095716,test_legacy,0.004434754608873659,True,67,0.32882358803063283,XLF,50000,0.0,0.00510204081632653
ppo_standalone,0.0020265381257701955,0.004197115502117354,0.9995781345718983,cpu,1007904.0804299249,test_legacy,0.004434754608873659,True,89,0.48233385482477154,XLF,50000,0.0,0.003061224489795918
ppo_standalone,-0.0010533064420841154,0.004236496144974619,0.99285362456117,cpu,995910.036269389,test_legacy,0.010002034625956058,True,7,-0.24874850241605467,XLI,50000,0.0,0.004081632653061225
ppo_standalone,-0.0013901574849026553,0.0045143393027575664,0.9915522725066028,cpu,994604.6781180945,test_legacy,0.010002034625956058,True,13,-0.3081460298628742,XLI,50000,0.0,0.006122448979591836
ppo_standalone,-0.0010942869904840803,0.004223648839654457,0.9926952372166146,cpu,995751.1613434597,test_legacy,0.010002034625956058,True,19,-0.25921781181483217,XLI,50000,0.0,0.00510204081632653
ppo_standalone,-0.001225523364493627,0.004473521094138818,0.9921881428556899,cpu,995242.5059375798,test_legacy,0.010002034625956058,True,23,-0.27410878212777634,XLI,50000,0.0,0.00510204081632653
ppo_standalone,-0.0010503542398712454,0.004222542917560109,0.9928650353692812,cpu,995921.4822046596,test_legacy,0.010002034625956058,True,29,-0.24887058864569753,XLI,50000,0.0,0.00510204081632653
ppo_standalone,-0.0017667986027630712,0.00601438067542308,0.9897064000799496,cpu,993146.6318323513,test_legacy,0.012046108958938428,True,37,-0.2940144055296417,XLI,50000,0.0,0.006122448979591836
ppo_standalone,-0.0010461473703883082,0.004222519073226514,0.9928812958669967,cpu,995937.7927588732,test_legacy,0.010002034625956058,True,42,-0.24787469220453826,XLI,50000,0.0,0.004081632653061225
ppo_standalone,-0.0054197907901933785,0.01977658938472162,0.9698094092881283,cpu,979087.4762698346,test_legacy,0.0362302208899008,True,53,-0.27479397039878783,XLI,50000,0.0,0.04693877551020408
ppo_standalone,-0.0010461473703883082,0.004222519073226514,0.9928812958669967,cpu,995937.7927588732,test_legacy,0.010002034625956058,True,67,-0.24787469220453826,XLI,50000,0.0,0.004081632653061225
ppo_standalone,-0.001015495225110694,0.004294939091372836,0.9929997792816863,cpu,996056.6409142325,test_legacy,0.010002034625956058,True,89,-0.23655134956417753,XLI,50000,0.0,0.004081632653061225
ppo_standalone,-0.0012102333721769154,0.0065032538512741385,0.9917237014847946,cpu,995301.7580565255,test_legacy,0.01212638166805069,True,7,-0.18620474682207866,XLK,50000,0.0,0.004081632653061225
ppo_standalone,-0.0013039339601009173,0.006719565519254072,0.9913619372673759,cpu,994938.6886239208,test_legacy,0.01212638166805069,True,13,-0.19417237529194376,XLK,50000,0.0,0.004081632653061225
ppo_standalone,-0.0013802279240063724,0.0065117929084012515,0.9910674498843918,cpu,994643.1387549696,test_legacy,0.01212638166805069,True,19,-0.21209944259887203,XLK,50000,0.0,0.00510204081632653
ppo_standalone,-0.0012102333721769154,0.0065032538512741385,0.9917237014847946,cpu,995301.7580565255,test_legacy,0.01212638166805069,True,23,-0.18620474682207866,XLK,50000,0.0,0.004081632653061225
ppo_standalone,-0.0012102333721769154,0.0065032538512741385,0.9917237014847946,cpu,995301.7580565255,test_legacy,0.01212638166805069,True,29,-0.18620474682207866,XLK,50000,0.0,0.004081632653061225
ppo_standalone,-0.0025086388903278038,0.009983884470184647,0.9862709251940075,cpu,990279.4773662069,test_legacy,0.015504032886398011,True,37,-0.2515805213526415,XLK,50000,0.0,0.00816326530612245
ppo_standalone,-0.0012102333721769154,0.0065032538512741385,0.9917237014847946,cpu,995301.7580565255,test_legacy,0.01212638166805069,True,42,-0.18620474682207866,XLK,50000,0.0,0.004081632653061225
ppo_standalone,-0.0017778668260090423,0.007472992542543858,0.9895336536953955,cpu,993103.8087569845,test_legacy,0.013123008170898509,True,53,-0.2381122820100944,XLK,50000,0.0,0.00510204081632653
ppo_standalone,-0.0012102333721769154,0.0065032538512741385,0.9917237014847946,cpu,995301.7580565255,test_legacy,0.01212638166805069,True,67,-0.18620474682207866,XLK,50000,0.0,0.004081632653061225
ppo_standalone,-0.0012102333721769154,0.0065032538512741385,0.9917237014847946,cpu,995301.7580565255,test_legacy,0.01212638166805069,True,89,-0.18620474682207866,XLK,50000,0.0,0.004081632653061225
ppo_standalone,0.006976383368843464,0.024427625413838177,0.9687846276648936,cpu,1027404.9753053738,test_legacy,0.050789517221323854,True,7,0.2846005578023335,XLU,50000,-0.0005038893308813463,0.05
ppo_standalone,0.049895514973668904,0.09305633461585709,0.9575053336806779,cpu,1208466.8939944152,test_legacy,0.13567350972018377,True,13,0.5232375292746791,XLU,50000,-0.009697481897008142,0.05
ppo_standalone,0.0002217736187617805,0.0038467710450945406,0.9942288688948735,cpu,1000862.7292783291,test_legacy,0.0057711311051265035,True,19,0.057643118726654195,XLU,50000,0.0,0.00510204081632653
ppo_standalone,0.008436528383833065,0.029036393088209343,0.9723976843341381,cpu,1033210.6594687981,test_legacy,0.06685925322800046,True,23,0.2893298014573838,XLU,50000,-0.0005458521363608246,0.05
ppo_standalone,0.009783125992793055,0.017447912625899314,0.9862148109793488,cpu,1038586.4365630422,test_legacy,0.03069231366530978,True,29,0.5579746236289289,XLU,50000,0.0,0.030612244897959183
ppo_standalone,0.003003698768582952,0.04719404877256604,0.9436295974497642,cpu,1011731.8269727607,test_legacy,0.08730776763170034,False,37,0.06355010151074451,XLU,50000,-0.0048005972998304,0.05
ppo_standalone,0.047233181206635735,0.09018512624932504,0.9598972903459848,cpu,1196593.2071456313,test_legacy,0.1338267889931165,True,42,0.5117422510630835,XLU,50000,-0.009473785198088702,0.05
ppo_standalone,0.003363867193741538,0.040262588556617344,0.9550565520078205,cpu,1013145.4034320917,test_legacy,0.07830521022299664,True,53,0.08340767269222188,XLU,50000,-0.0035782391445449585,0.05
ppo_standalone,0.0056109677642357325,0.051091799013120755,0.9490174987822959,cpu,1021997.9044716394,test_legacy,0.1005757939440396,False,67,0.10951400507479866,XLU,50000,-0.004999504600776206,0.05
ppo_standalone,0.004903646851269159,0.039161822995700236,0.9527458155518026,cpu,1019205.2270603215,test_legacy,0.076056278138811,True,89,0.12490846779414025,XLU,50000,-0.0032864523319637404,0.05
