agent,annualized_return,annualized_volatility,capital_preservation_rate_95pct_hwm,device,final_portfolio_value,fold_id,max_drawdown,meets_95pct_preservation_goal,seed,sharpe_ratio,ticker,timesteps,var_95,var_95_violation_rate
ppo_standalone,-0.00046696055670477125,0.004231046159298324,0.995080678065048,cpu,998185.2667803015,test_legacy,0.008486532988394413,True,7,-0.11038690569082238,AAPL,50000,0.0,0.00510204081632653
ppo_standalone,-0.0007004038445679623,0.004368484213252775,0.994177191806723,cpu,997278.9617020518,test_legacy,0.008486532988394413,True,13,-0.16038143849591224,AAPL,50000,0.0,0.00510204081632653
ppo_standalone,-0.00046696055670477125,0.004231046159298324,0.995080678065048,cpu,998185.2667803015,test_legacy,0.008486532988394413,True,19,-0.11038690569082238,AAPL,50000,0.0,0.00510204081632653
ppo_standalone,-0.0009568471414472588,0.004508038098064825,0.9931853920830875,cpu,996284.0676260712,test_legacy,0.008486532988394413,True,23,-0.21234769580987806,AAPL,50000,0.0,0.006122448979591836
ppo_standalone,-0.0005942529652160718,0.004238444566794131,0.9945879477449028,cpu,997690.999172753,test_legacy,0.008486532988394413,True,29,-0.14024185793144536,AAPL,50000,0.0,0.006122448979591836
ppo_standalone,-0.0014036080918571271,0.006623016374071527,0.9910619104422868,cpu,994552.5810092065,test_legacy,0.010060713301037638,True,37,-0.21207261580051803,AAPL,50000,0.0,0.007142857142857143
ppo_standalone,-0.00046696055670477125,0.004231046159298324,0.995080678065048,cpu,998185.2667803015,test_legacy,0.008486532988394413,True,42,-0.11038690569082238,AAPL,50000,0.0,0.00510204081632653
ppo_standalone,-0.00150804262210041,0.0054854498943646005,0.9910561201133088,cpu,994148.1524625546,test_legacy,0.009518236967461458,True,53,-0.27511639310387653,AAPL,50000,0.0,0.007142857142857143
ppo_standalone,-0.00046696055670477125,0.004231046159298324,0.995080678065048,cpu,998185.2667803015,test_legacy,0.008486532988394413,True,67,-0.11038690569082238,AAPL,50000,0.0,0.00510204081632653
ppo_standalone,-0.006070684398365705,0.013319092626027729,0.9717011580431487,cpu,976598.0076330123,test_legacy,0.032472136196009194,True,89,-0.4571717845973104,AAPL,50000,0.0,0.017346938775510204
ppo_standalone,8.606737727315411e-05,0.007783312370111418,0.9934501691956596,cpu,1000334.7480799832,test_legacy,0.014420657325455055,True,7,0.01105723557205501,AMAT,50000,0.0,0.004081632653061225
ppo_standalone,-0.00041820290430412654,0.008628536890602877,0.9915035486764352,cpu,998374.6375408886,test_legacy,0.014420657325455055,True,13,-0.048476663587134185,AMAT,50000,0.0,0.00510204081632653
ppo_standalone,-0.0002744380816566153,0.007801875708896781,0.9920582309975304,cpu,998933.1637932787,test_legacy,0.014420657325455055,True,19,-0.03518002237716248,AMAT,50000,0.0,0.00510204081632653
ppo_standalone,-0.0001904512280322562,0.008611099380033953,0.9923823809146421,cpu,999259.5600592702,test_legacy,0.014420657325455055,True,23,-0.022118645545523594,AMAT,50000,0.0,0.00510204081632653
ppo_standalone,-0.0002744380816566153,0.007801875708896781,0.9920582309975304,cpu,998933.1637932787,test_legacy,0.014420657325455055,True,29,-0.03518002237716248,AMAT,50000,0.0,0.00510204081632653
ppo_standalone,-0.00021369583631569402,0.014688536090152185,0.9848663074159124,cpu,999169.2171204225,test_legacy,0.022423374946620722,True,37,-0.014549874915483436,AMAT,50000,0.0,0.007142857142857143
ppo_standalone,8.164358042379632e-05,0.007770161478753523,0.9934330798023112,cpu,1000317.5402576685,test_legacy,0.014420657325455055,True,42,0.010506677384759393,AMAT,50000,0.0,0.004081632653061225
ppo_standalone,-0.002304118714100417,0.012651073177092813,0.9809646063626903,cpu,991069.317045193,test_legacy,0.019088020010905704,True,53,-0.1823361783554911,AMAT,50000,0.0,0.00816326530612245
ppo_standalone,0.00011860633824950631,0.008046796135523478,0.9935758758701267,cpu,1000461.3258978085,test_legacy,0.014420657325455055,True,67,0.014738408110101048,AMAT,50000,0.0,0.004081632653061225
ppo_standalone,0.00015434730717800674,0.008899473595946282,0.9937139663714118,cpu,1000600.373361988,test_legacy,0.014495545886792471,True,89,0.017341772215294753,AMAT,50000,0.0,0.00510204081632653
ppo_standalone,0.0027890038744059443,0.025912135056298632,0.9598355376753547,cpu,1010889.8972372521,test_legacy,0.049167577710844346,True,7,0.10748264282652009,AMD,50000,0.0,0.006122448979591836
ppo_standalone,0.0020444938420051467,0.023122840622689506,0.9603033502454076,cpu,1007974.319619019,test_legacy,0.041001457640530425,True,13,0.08832793169501381,AMD,50000,0.0,0.006122448979591836
ppo_standalone,0.00694162133435549,0.014888324714908946,0.9895919119007054,cpu,1027267.0539727778,test_legacy,0.01040808809929461,True,19,0.4646302102474263,AMD,50000,0.0,0.004081632653061225
ppo_standalone,0.005367918758690405,0.017153651661461263,0.9796817286822572,cpu,1021037.646841902,test_legacy,0.022066128038895627,True,23,0.3120917572998775,AMD,50000,0.0,0.006122448979591836
ppo_standalone,0.00130847592833268,0.025808568518981684,0.9564769721142606,cpu,1005098.1428285633,test_legacy,0.046777160919143745,True,29,0.05066583122621723,AMD,50000,0.0,0.006122448979591836
ppo_standalone,0.005431562729087913,0.023603955751342522,0.9653733905638464,cpu,1021289.0317746705,test_legacy,0.03810652303627382,True,37,0.22948816784376555,AMD,50000,0.0,0.006122448979591836
ppo_standalone,0.008115753464538763,0.0154197829031017,0.9904608653672197,cpu,1031933.1424347181,test_legacy,0.009770954370686424,True,42,0.5241912081664817,AMD,50000,0.0,0.004081632653061225
ppo_standalone,0.0049177218843430666,0.01901567130394341,0.972570197959387,cpu,1019260.7434180207,test_legacy,0.027781862047154493,True,53,0.25797818844424286,AMD,50000,0.0,0.004081632653061225
ppo_standalone,0.005728626436000571,0.017338536196977186,0.9790078524893608,cpu,1022463.0007630832,test_legacy,0.023276645153356257,True,67,0.32945272250345614,AMD,50000,0.0,0.004081632653061225
ppo_standalone,0.008570491583347838,0.014283775149919208,0.9965969418271,cpu,1033744.5284506199,test_legacy,0.008975131023212901,True,89,0.5974525986419729,AMD,50000,0.0,0.003061224489795918
ppo_standalone,0.0008262506202600293,0.035748678352930385,0.9741726863144903,cpu,1003217.0337160227,test_legacy,0.03621434600213125,True,7,0.023103114119765775,AMZN,50000,0.0,0.015306122448979591
ppo_standalone,0.0011801716314535518,0.034119091433845714,0.9826806158152326,cpu,1004597.3859413111,test_legacy,0.03909324354050148,True,13,0.034569217381984096,AMZN,50000,0.0,0.01020408163265306
ppo_standalone,0.00351985925098341,0.030546400224648797,0.9934458495247862,cpu,1013758.0907179869,test_legacy,0.034989098263955576,True,19,0.11502700019177435,AMZN,50000,0.0,0.006122448979591836
ppo_standalone,0.00015647483990572467,0.03266091095487631,0.9810066437030479,cpu,1000608.6508155407,test_legacy,0.03680155675105823,True,23,0.004790492180208405,AMZN,50000,0.0,0.014285714285714285
ppo_standalone,0.0009550531241542794,0.03848964135499106,0.9757155494805548,cpu,1003719.2222378732,test_legacy,0.04083506305673135,True,29,0.02480130706332633,AMZN,50000,0.0,0.012244897959183673
ppo_standalone,0.004409655253307405,0.03488836896908489,0.9878173527556847,cpu,1017258.191303155,test_legacy,0.0369786814308406,True,37,0.12611484346478105,AMZN,50000,0.0,0.01020408163265306
ppo_standalone,-0.04639793884128443,0.10608806731664001,0.7843046976133711,cpu,831306.6599577281,test_legacy,0.24906337335376394,False,42,-0.44782369342054257,AMZN,50000,-0.010287258237571439,0.05
ppo_standalone,0.0034225911362419283,0.03451555400429751,0.9861544025740251,cpu,1013376.0201438292,test_legacy,0.03680155675105823,True,53,0.0989910718640781,AMZN,50000,0.0,0.01020408163265306
ppo_standalone,0.0007286754298408957,0.02701608224253342,0.9876122381828496,cpu,1002836.7217487,test_legacy,0.03255992260074103,True,67,0.026961932828892823,AMZN,50000,0.0,0.01020408163265306
ppo_standalone,-0.0045393944746721605,0.04166078528381068,0.9526359502893638,cpu,982462.2190957549,test_legacy,0.060977892799790157,True,89,-0.10920849054446569,AMZN,50000,0.0,0.018367346938775512
ppo_standalone,-0.0006179816605468959,0.01465477899765563,0.9854903133183305,cpu,997598.882400388,test_legacy,0.022520698121836435,True,7,-0.042181870764042194,AVGO,50000,0.0,0.007142857142857143
ppo_standalone,0.00031514056601061673,0.009529192058173801,0.9931998971032622,cpu,1001226.1046288566,test_legacy,0.015018743884297692,True,13,0.03306530803179309,AVGO,50000,0.0,0.004081632653061225
ppo_standalone,-0.00019194139669507428,0.010338449845932825,0.9909169301094976,cpu,999253.7681592304,test_legacy,0.015734540207885894,True,19,-0.01856727799612462,AVGO,50000,0.0,0.006122448979591836
ppo_standalone,0.00021624580829815074,0.009611930691602271,0.9928180965000215,cpu,1000841.2186337588,test_legacy,0.015018743884297692,True,23,0.022494841726959234,AVGO,50000,0.0,0.00510204081632653
ppo_standalone,-0.0008534718732142595,0.010341924982069154,0.9886952276566012,cpu,996685.0322265384,test_legacy,0.01573257390969729,True,29,-0.0825594058431276,AVGO,50000,0.0,0.00510204081632653
ppo_standalone,-0.002922806922279342,0.03875009081293875,0.953690364685691,cpu,988681.4277175752,test_legacy,0.048315932055181254,True,37,-0.07553723387825523,AVGO,50000,0.0,0.03877551020408163
ppo_standalone,0.0008788512710416057,0.0251632669443915,0.9894668813517195,cpu,1003422.0960195052,test_legacy,0.03269087344196142,True,42,0.03491040203444087,AVGO,50000,0.0,0.019387755102040816
ppo_standalone,-0.0010772567724749277,0.012142648693103168,0.9875713019952086,cpu,995817.1824443822,test_legacy,0.0170055735160326,True,53,-0.08876344585784078,AVGO,50000,0.0,0.00510204081632653
ppo_standalone,-0.013550742279617082,0.0525843969245113,0.9113651397797421,cpu,948325.3554294494,test_legacy,0.09755588532628179,False,67,-0.259456248006182,AVGO,50000,-0.0018766672941545437,0.05
ppo_standalone,-0.0010809042123782282,0.019587290856790247,0.9818987590086217,cpu,995803.042128744,test_legacy,0.026589286426367154,True,89,-0.05521335511358879,AVGO,50000,0.0,0.013265306122448979
ppo_standalone,0.0042615179756004,0.013169333742128073,0.9824707314222044,cpu,1016674.8567673792,test_legacy,0.018444592004704052,True,7,0.322902604407988,AXP,50000,0.0,0.011224489795918367
ppo_standalone,0.005743506119218924,0.0102765241669602,0.9929155322310608,cpu,1022521.830281192,test_legacy,0.011182187883631234,True,13,0.557288292486233,AXP,50000,0.0,0.009183673469387756
ppo_standalone,0.005401910258892346,0.0072368469672167875,0.9966737059063813,cpu,1021171.9028745322,test_legacy,0.005006388004159423,True,19,0.7444200664755779,AXP,50000,0.0,0.00816326530612245
ppo_standalone,0.003945616019064205,0.005027797986474496,0.9970266857590669,cpu,1015431.7289698096,test_legacy,0.0031780172183178967,True,23,0.7831914037832592,AXP,50000,0.0,0.007142857142857143
ppo_standalone,0.004224454311369,0.005440990028326168,0.9975251289953865,cpu,1016528.9464515259,test_legacy,0.0038368939103946564,True,29,0.7747548413669513,AXP,50000,0.0,0.004081632653061225
ppo_standalone,0.0069722763811108125,0.010305732534069639,0.9957352617593929,cpu,1027388.6797651963,test_legacy,0.008034532632476443,True,37,0.6741854990193532,AXP,50000,0.0,0.009183673469387756
ppo_standalone,0.005617822967362545,0.006872018006698435,0.9980287378557292,cpu,1022024.9982855223,test_legacy,0.003910145557930345,True,42,0.8151859379853377,AXP,50000,0.0,0.004081632653061225
ppo_standalone,0.005218581553952794,0.0072828434511585105,0.9950771809164187,cpu,1020447.9658848881,test_legacy,0.0058915384313242836,True,53,0.7146794420649886,AXP,50000,0.0,0.007142857142857143
ppo_standalone,0.004269432287160659,0.006781258911793012,0.9953423129003656,cpu,1016706.0154353548,test_legacy,0.005635355674560971,True,67,0.6282379784082731,AXP,50000,0.0,0.009183673469387756
ppo_standalone,0.006545794690382375,0.008651524907626463,0.9983265950213647,cpu,1025697.5478237682,test_legacy,0.007037471236816528,True,89,0.7541265113003549,AXP,50000,0.0,0.007142857142857143
ppo_standalone,0.0021518871016636284,0.009021818198071097,0.9905820410299867,cpu,1008394.4965961451,test_legacy,0.012247143443170683,True,7,0.23825987611480443,BA,50000,0.0,0.009183673469387756
ppo_standalone,-0.00040512475367085585,0.010501420568484987,0.9808106867150685,cpu,998425.436554406,test_legacy,0.01964956627543324,True,13,-0.03858532386182114,BA,50000,0.0,0.01020408163265306
ppo_standalone,0.001247450147109154,0.003945046302556383,0.9990262047941854,cpu,1004859.9431186558,test_legacy,0.004017390435361312,True,19,0.3159969412445549,BA,50000,0.0,0.004081632653061225
ppo_standalone,0.0006318590184759882,0.006269729520042766,0.9906093881436433,cpu,1002459.4730857741,test_legacy,0.009390611856356701,True,23,0.10074493402528518,BA,50000,0.0,0.00816326530612245
ppo_standalone,0.0010802501662099124,0.004244872037255266,0.9970828070419432,cpu,1004207.5323638221,test_legacy,0.004017390435361312,True,29,0.25433669888754684,BA,50000,0.0,0.00510204081632653
ppo_standalone,0.002895333135300027,0.008790868326988511,0.9928008729105946,cpu,1011306.80419094,test_legacy,0.010429823057861665,True,37,0.32887507996168414,BA,50000,0.0,0.00816326530612245
ppo_standalone,0.0019257008038320212,0.004560445493293186,0.9982301140214808,cpu,1007509.692433496,test_legacy,0.004199357975861018,True,42,0.4218408172306522,BA,50000,0.0,0.00510204081632653
ppo_standalone,0.0021763640327406557,0.005239346331507316,0.9972133383847099,cpu,1008490.2809865841,test_legacy,0.0042011626923639245,True,53,0.41492453033686344,BA,50000,0.0,0.004081632653061225
ppo_standalone,0.0017378695549015951,0.006304128668144582,0.9939457815699946,cpu,1006775.365441329,test_legacy,0.007189532755903838,True,67,0.27542545145597047,BA,50000,0.0,0.007142857142857143
ppo_standalone,0.002600694018227261,0.006293795360865448,0.9955648008054879,cpu,1010151.865433972,test_legacy,0.004435199194512074,True,89,0.4126687328451781,BA,50000,0.0,0.00510204081632653
ppo_standalone,-0.0022468496208122054,0.004627071649241957,0.9912905692983448,cpu,991290.5692983448,test_legacy,0.009980205072829262,True,7,-0.4861174791542129,BLK,50000,0.0,0.00510204081632653
ppo_standalone,-0.0022468496208122054,0.004627071649241957,0.9912905692983448,cpu,991290.5692983448,test_legacy,0.009980205072829262,True,13,-0.4861174791542129,BLK,50000,0.0,0.00510204081632653
ppo_standalone,-0.0022468496208122054,0.004627071649241957,0.9912905692983448,cpu,991290.5692983448,test_legacy,0.009980205072829262,True,19,-0.4861174791542129,BLK,50000,0.0,0.00510204081632653
ppo_standalone,-0.0022468496208122054,0.004627071649241957,0.9912905692983448,cpu,991290.5692983448,test_legacy,0.009980205072829262,True,23,-0.4861174791542129,BLK,50000,0.0,0.00510204081632653
ppo_standalone,-0.0022599567754525204,0.0046271452391383845,0.9912399281454563,cpu,991239.9281454562,test_legacy,0.009980205072829262,True,29,-0.48894871387762795,BLK,50000,0.0,0.006122448979591836
ppo_standalone,-0.002252396053485831,0.00462990383126067,0.9912691397183075,cpu,991269.1397183075,test_legacy,0.009980205072829262,True,37,-0.4870207423251831,BLK,50000,0.0,0.00510204081632653
ppo_standalone,-0.0022468496208122054,0.004627071649241957,0.9912905692983448,cpu,991290.5692983448,test_legacy,0.009980205072829262,True,42,-0.4861174791542129,BLK,50000,0.0,0.00510204081632653
ppo_standalone,-0.0022468496208122054,0.004627071649241957,0.9912905692983448,cpu,991290.5692983448,test_legacy,0.009980205072829262,True,53,-0.4861174791542129,BLK,50000,0.0,0.00510204081632653
ppo_standalone,-0.0022468496208122054,0.004627071649241957,0.9912905692983448,cpu,991290.5692983448,test_legacy,0.009980205072829262,True,67,-0.4861174791542129,BLK,50000,0.0,0.00510204081632653
ppo_standalone,-0.0022468496208122054,0.004627071649241957,0.9912905692983448,cpu,991290.5692983448,test_legacy,0.009980205072829262,True,89,-0.4861174791542129,BLK,50000,0.0,0.00510204081632653
ppo_standalone,0.009263077713192706,0.01610615403711254,0.9931616915037278,cpu,1036507.8857400977,test_legacy,0.02084599848537272,True,7,0.5724735788198485,BRK-B,50000,0.0,0.027551020408163266
ppo_standalone,0.053254509564591816,0.07869383334727617,0.9566714076815338,cpu,1223572.213814925,test_legacy,0.1369062423933659,True,13,0.6593248361052828,BRK-B,50000,-0.007576532004165503,0.05
ppo_standalone,0.021497001747193316,0.056479092187361905,0.9941198949694826,cpu,1086230.6197790522,test_legacy,0.13404743159270094,True,19,0.3765843167702571,BRK-B,50000,-0.005846118245859522,0.05
ppo_standalone,0.006974503583607091,0.017655027078797434,0.9774919636905341,cpu,1027397.5167455483,test_legacy,0.02250803630946585,True,23,0.3936687103214731,BRK-B,50000,0.0,0.03775510204081633
ppo_standalone,0.005601510542677264,0.011754816511803946,0.9989276536414889,cpu,1021960.5275781603,test_legacy,0.018189170478045802,True,29,0.4751928695253478,BRK-B,50000,0.0,0.02040816326530612
ppo_standalone,0.0008734570483654115,0.023458620675789264,0.9436713955221813,cpu,1003401.0653464431,test_legacy,0.059241542268145264,False,37,0.037217443886433804,BRK-B,50000,0.0,0.04795918367346939
ppo_standalone,-0.009982675827191612,0.04100775387939161,0.8966081283142571,cpu,961734.7560276882,test_legacy,0.12839962591201048,False,42,-0.2446561212230616,BRK-B,50000,-0.003446662278020973,0.05
ppo_standalone,0.010839403990447648,0.05910028576737082,0.9703959860471018,cpu,1042817.7426316342,test_legacy,0.13780786694954594,True,53,0.18241958813253292,BRK-B,50000,-0.006311140828222239,0.05
ppo_standalone,-0.011017095283788718,0.03916442217483419,0.8935956132285329,cpu,957832.8283097463,test_legacy,0.13277660167045702,False,67,-0.2828635637623688,BRK-B,50000,-0.0029755381568446807,0.05
ppo_standalone,0.006782141149177068,0.022505098652131256,0.9604628666070671,cpu,1026634.4790407125,test_legacy,0.040408348538525485,True,89,0.3003407502321799,BRK-B,50000,0.0,0.04081632653061224
ppo_standalone,1.7496091445231632e-05,0.006994875917573894,0.9898210493385268,cpu,1000068.0420751644,test_legacy,0.01017895066147323,True,7,0.002501193951735813,C,50000,0.0,0.01020408163265306
ppo_standalone,0.0008863909650651722,0.0053320579412438965,0.9984025264950521,cpu,1003451.4918767591,test_legacy,0.008407442247494679,True,13,0.16615948013790274,C,50000,0.0,0.006122448979591836
ppo_standalone,0.0006505893786185477,0.0048401322237183984,0.9995877004421243,cpu,1002532.4483881596,test_legacy,0.008088629509267808,True,19,0.13436750833525563,C,50000,0.0,0.00510204081632653
ppo_standalone,0.0007565263996331241,0.004932417601017134,0.9990590773322454,cpu,1002945.2635937687,test_legacy,0.008088629509267808,True,23,0.1533154937138123,C,50000,0.0,0.00510204081632653
ppo_standalone,0.0006638763958332296,0.004839826665523157,0.9996393182801445,cpu,1002584.2182903984,test_legacy,0.008088629509267808,True,29,0.1371194479072191,C,50000,0.0,0.00510204081632653
ppo_standalone,0.0012520331467153133,0.006827687586250501,0.9948536178361054,cpu,1004877.8303176031,test_legacy,0.009083358316092971,True,37,0.18325690797751282,C,50000,0.0,0.00816326530612245
ppo_standalone,0.0010515241221925305,0.00612385888059593,0.9970457430725924,cpu,1004095.475635907,test_legacy,0.009174406616884068,True,42,0.17161473434514832,C,50000,0.0,0.006122448979591836
ppo_standalone,0.0011308301808174409,0.005644625387900662,0.998568233833507,cpu,1004404.8612941368,test_legacy,0.008630695558990542,True,53,0.20021868814849722,C,50000,0.0,0.00510204081632653
ppo_standalone,0.0007320931008468051,0.0049513468274214375,0.9987884508942829,cpu,1002850.0407547264,test_legacy,0.008088629509267808,True,67,0.1477985313146516,C,50000,0.0,0.006122448979591836
ppo_standalone,0.0014962790540590369,0.005808477606614424,0.9976596018476844,cpu,1005831.4511018968,test_legacy,0.008088629509267808,True,89,0.25740305528274815,C,50000,0.0,0.006122448979591836
ppo_standalone,-0.00229191181240756,0.00486601468861178,0.991116473864944,cpu,991116.473864944,test_legacy,0.012963975163477914,True,7,-0.47152907587319226,CAT,50000,0.0,0.00510204081632653
ppo_standalone,-0.0022060397955842486,0.004901693583902097,0.9914482555372822,cpu,991448.2555372822,test_legacy,0.012963975163477914,True,13,-0.4505392120637432,CAT,50000,0.0,0.00510204081632653
ppo_standalone,-0.00229191181240756,0.00486601468861178,0.991116473864944,cpu,991116.473864944,test_legacy,0.012963975163477914,True,19,-0.47152907587319226,CAT,50000,0.0,0.00510204081632653
ppo_standalone,-0.0021771185464339753,0.004943040868910079,0.9915600164517606,cpu,991560.0164517607,test_legacy,0.012963975163477914,True,23,-0.44090712181845226,CAT,50000,0.0,0.006122448979591836
ppo_standalone,-0.002375228914222118,0.0048682378638551195,0.9907946423979208,cpu,990794.6423979208,test_legacy,0.012963975163477914,True,29,-0.4884676488382742,CAT,50000,0.0,0.006122448979591836
ppo_standalone,-0.0021971103588498244,0.005309466466761699,0.9914827607250984,cpu,991482.7607250984,test_legacy,0.01394873651893569,True,37,-0.41425288212644173,CAT,50000,0.0,0.006122448979591836
ppo_standalone,0.009511819065309204,0.0659989672159613,0.9702966763209026,cpu,1037501.6797025581,test_legacy,0.13599327640946968,True,42,0.14343927143260507,CAT,50000,-0.004162713762567804,0.05
ppo_standalone,0.1966929001407859,0.1777731021440549,0.942483813678448,cpu,2010324.2506273587,test_legacy,0.23217747613158612,False,53,1.0100609890201253,CAT,50000,-0.017041664016348525,0.05
ppo_standalone,-0.002284469330337245,0.004868541292986697,0.9911452259413155,cpu,991145.2259413155,test_legacy,0.012963975163477914,True,67,-0.4697522323004002,CAT,50000,0.0,0.00510204081632653
ppo_standalone,0.003948280900199249,0.02413615198083017,0.9998107488295752,cpu,1015442.2110043009,test_legacy,0.0509056087821681,True,89,0.1632605305687687,CAT,50000,0.0,0.018367346938775512
ppo_standalone,0.01771699455360801,0.03126228804879351,0.9720049306646857,cpu,1070682.389555515,test_legacy,0.046405642600289676,True,7,0.5617563517580404,COPX,50000,0.0,0.027551020408163266
ppo_standalone,-0.017470188398595845,0.0625328369252539,0.8379411508159695,cpu,933756.0304092705,test_legacy,0.19233526917832633,False,13,-0.2818446951608402,COPX,50000,-0.004154348780580362,0.05
ppo_standalone,0.018442188488087218,0.027089053831053336,0.9882298835708102,cpu,1073652.4159308667,test_legacy,0.04396982305482511,True,19,0.6745930173065895,COPX,50000,0.0,0.027551020408163266
ppo_standalone,0.01615648348769553,0.025965530991358378,0.9822251175945684,cpu,1064312.0292742334,test_legacy,0.03983180651196061,True,23,0.6172513281965983,COPX,50000,0.0,0.026530612244897958
ppo_standalone,-0.0053427671389407,0.07005581802627268,0.8809316011477043,cpu,979382.3797518515,test_legacy,0.19392627709820798,False,29,-0.07646871840888458,COPX,50000,-0.00616069519372262,0.05
ppo_standalone,0.019457111486006456,0.024569883593993973,0.9938610837411581,cpu,1077819.2963917009,test_legacy,0.039648083600744566,True,37,0.784298280692807,COPX,50000,0.0,0.02142857142857143
ppo_standalone,-0.0025219037355568297,0.05018168976957899,0.8905500994992592,cpu,990228.265805021,test_legacy,0.12596943399740734,False,42,-0.05031877394098865,COPX,50000,-4.9067222071385786e-05,0.05
ppo_standalone,-0.02972943671168615,0.06250368606900751,0.8013556712414848,cpu,889257.981845194,test_legacy,0.20194612858485628,False,53,-0.4828553386354714,COPX,50000,-0.0022942413395258907,0.05
ppo_standalone,0.014116999559849411,0.029289861149110093,0.9690603446234799,cpu,1056028.8909988338,test_legacy,0.044304395994430146,True,67,0.47860270306068037,COPX,50000,0.0,0.0336734693877551
ppo_standalone,-0.010043681105486962,0.08270418998374814,0.8628421160050334,cpu,961504.3112827638,test_legacy,0.22975259680637594,False,89,-0.12205475662220268,COPX,50000,-0.007616162349042721,0.05
ppo_standalone,-0.0012680296165358239,0.039654564089286165,0.9124369706677965,cpu,995077.7985302882,test_legacy,0.1212515244897957,False,7,-0.031997052448407934,COST,50000,-0.0006415877814132109,0.05
ppo_standalone,0.002921809150793129,0.006442854700455726,0.9981706158455421,cpu,1011410.6339965953,test_legacy,0.0034974281214648073,True,13,0.45282366510431477,COST,50000,0.0,0.004081632653061225
ppo_standalone,0.08114032456526585,0.12219733008683648,0.8793143701712101,cpu,1354451.910655825,test_legacy,0.17114285152046915,False,19,0.6384447089450284,COST,50000,-0.01073238205162852,0.05
ppo_standalone,0.013105844897750726,0.018994370271778797,0.9898461001729777,cpu,1051940.0019988932,test_legacy,0.030455821719872156,True,23,0.685497722473644,COST,50000,0.0,0.02857142857142857
ppo_standalone,0.008633890195390017,0.02493111374500492,0.9558347276640268,cpu,1033997.255475032,test_legacy,0.0510303045584275,True,29,0.34482120093368707,COST,50000,0.0,0.044897959183673466
ppo_standalone,-0.0011463477045002776,0.027663849965613874,0.9240271363439776,cpu,995549.3575687653,test_legacy,0.0759728636560224,False,37,-0.041462004859851215,COST,50000,0.0,0.04183673469387755
ppo_standalone,-0.0005562038257718315,0.05118301463617841,0.9094625775429862,cpu,997838.7222916058,test_legacy,0.15288422703571725,False,42,-0.010869950566676724,COST,50000,-0.0014932088038073664,0.05
ppo_standalone,0.08671585885166938,0.129152105102503,0.8715606466169983,cpu,1381818.90564367,test_legacy,0.17114285152046915,False,53,0.643892504013302,COST,50000,-0.011491293894859301,0.05
ppo_standalone,0.012633562382773645,0.022088908375544277,0.977690862295083,cpu,1050034.2292964458,test_legacy,0.031164672210113653,True,67,0.5683546840005674,COST,50000,0.0,0.03571428571428571
ppo_standalone,0.0013583162588448412,0.04697190606935994,0.918638663812421,cpu,1005292.7138913958,test_legacy,0.1378707317455682,False,89,0.02889791170991722,COST,50000,-0.0014867378570926348,0.05
ppo_standalone,-0.006909728260938287,0.013867509475058137,0.9733958630788795,cpu,973395.8630788795,test_legacy,0.03462627669197116,True,7,-0.4999911205731706,CRM,50000,0.0,0.00510204081632653
ppo_standalone,-0.0068150451461507855,0.013911350929200693,0.9737568227221479,cpu,973756.8227221479,test_legacy,0.03462627669197116,True,13,-0.4915622945724199,CRM,50000,0.0,0.00510204081632653
ppo_standalone,-0.006803437223270448,0.013838853461148342,0.973801082350449,cpu,973801.082350449,test_legacy,0.03462627669197116,True,19,-0.49329287443335484,CRM,50000,0.0,0.006122448979591836
ppo_standalone,-0.006820853805848209,0.013964793113131715,0.9737346755550941,cpu,973734.675555094,test_legacy,0.03462627669197116,True,23,-0.4900999459688711,CRM,50000,0.0,0.00510204081632653
ppo_standalone,-0.006803437223270448,0.013838853461148342,0.973801082350449,cpu,973801.082350449,test_legacy,0.03462627669197116,True,29,-0.49329287443335484,CRM,50000,0.0,0.006122448979591836
ppo_standalone,-0.006774342961000659,0.013878283562315274,0.9739120218763535,cpu,973912.0218763535,test_legacy,0.03462627669197116,True,37,-0.4897806850264411,CRM,50000,0.0,0.00510204081632653
ppo_standalone,-0.006802668037797109,0.013838854892644662,0.9738040152158993,cpu,973804.0152158993,test_legacy,0.03462627669197116,True,42,-0.49323686175118386,CRM,50000,0.0,0.00510204081632653
ppo_standalone,-0.006949540013125373,0.014367077528491591,0.9732441187576809,cpu,973244.1187576809,test_legacy,0.03546957638703263,True,53,-0.4853961053118647,CRM,50000,0.0,0.00510204081632653
ppo_standalone,-0.006802668037797109,0.013838854892644662,0.9738040152158993,cpu,973804.0152158993,test_legacy,0.03462627669197116,True,67,-0.49323686175118386,CRM,50000,0.0,0.00510204081632653
ppo_standalone,-0.0069152174817230065,0.013937218225084017,0.9733749396173325,cpu,973374.9396173324,test_legacy,0.03462627669197116,True,89,-0.49788697091041,CRM,50000,0.0,0.00510204081632653
ppo_standalone,-0.00024271826984355918,0.0033640079446386074,0.996458429385793,cpu,999056.4264930275,test_legacy,0.005888617713347921,True,7,-0.07215686768197511,DIA,50000,0.0,0.00510204081632653
ppo_standalone,-0.00030899568290982516,0.003426725949065945,0.996201558959833,cpu,998798.8863465815,test_legacy,0.005888617713347921,True,13,-0.09018203397398084,DIA,50000,0.0,0.00510204081632653
ppo_standalone,-0.0003399309110550155,0.0033694456796197385,0.9960816805761069,cpu,998678.6954122413,test_legacy,0.005888617713347921,True,19,-0.10089869842638251,DIA,50000,0.0,0.006122448979591836
ppo_standalone,-0.000261105229658716,0.0033779829150243205,0.9963871623765187,cpu,998984.9736742117,test_legacy,0.005888617713347921,True,23,-0.07730265626459641,DIA,50000,0.0,0.00510204081632653
ppo_standalone,-0.00026802284160400245,0.003364503117355315,0.9963603510115266,cpu,998958.092405803,test_legacy,0.005888617713347921,True,29,-0.0796688574081882,DIA,50000,0.0,0.006122448979591836
ppo_standalone,-0.0008843876224502752,0.004932222464355403,0.9936314302667754,cpu,996565.1058663036,test_legacy,0.006954690189196477,True,37,-0.1793816994956655,DIA,50000,0.0,0.00816326530612245
ppo_standalone,-0.00024271826984355918,0.0033640079446386074,0.996458429385793,cpu,999056.4264930275,test_legacy,0.005888617713347921,True,42,-0.07215686768197511,DIA,50000,0.0,0.00510204081632653
ppo_standalone,-0.000981316279526776,0.0043764738463476305,0.9935986350604668,cpu,996189.1760238569,test_legacy,0.006537598580727444,True,53,-0.22432728017856923,DIA,50000,0.0,0.007142857142857143
ppo_standalone,-0.00024271826984355918,0.0033640079446386074,0.996458429385793,cpu,999056.4264930275,test_legacy,0.005888617713347921,True,67,-0.07215686768197511,DIA,50000,0.0,0.00510204081632653
ppo_standalone,-0.0002161106199367544,0.003502546409766751,0.9965615661156743,cpu,999159.8321241675,test_legacy,0.0058501196132955124,True,89,-0.06170487256192106,DIA,50000,0.0,0.00510204081632653
ppo_standalone,-0.000584507904427679,0.0027952675737949735,0.9977288321410049,cpu,997728.832141005,test_legacy,0.005700297398190446,True,7,-0.2091555022645838,EEMX,50000,0.0,0.00510204081632653
ppo_standalone,-0.0008713372606507013,0.0034652855440326933,0.9966157286720295,cpu,996615.7286720296,test_legacy,0.005850478463062747,True,13,-0.2515455517087743,EEMX,50000,0.0,0.007142857142857143
ppo_standalone,-0.0007196444823402733,0.002748775921100065,0.9972042903757029,cpu,997204.2903757029,test_legacy,0.005671346949233658,True,19,-0.26188456189479686,EEMX,50000,0.0,0.006122448979591836
ppo_standalone,-0.000508155107423584,0.0030101026857169946,0.9980252912889949,cpu,998025.2912889948,test_legacy,0.005671346949233658,True,23,-0.1688505379585555,EEMX,50000,0.0,0.006122448979591836
ppo_standalone,-0.0007196444823402733,0.002748775921100065,0.9972042903757029,cpu,997204.2903757029,test_legacy,0.005671346949233658,True,29,-0.26188456189479686,EEMX,50000,0.0,0.006122448979591836
ppo_standalone,-0.00026418782427893583,0.005678986700317575,0.995514124988116,cpu,998972.9948998638,test_legacy,0.007582418368253019,True,37,-0.04652508560842386,EEMX,50000,0.0,0.01020408163265306
ppo_standalone,-0.0004695325385016913,0.0033172262441549904,0.9981752781529195,cpu,998175.2781529195,test_legacy,0.005977220857584786,True,42,-0.1415701840289575,EEMX,50000,0.0,0.007142857142857143
ppo_standalone,-0.0006389926034985749,0.003748510145847847,0.9971571951035441,cpu,997517.3214434232,test_legacy,0.006190437528829085,True,53,-0.17051301805567298,EEMX,50000,0.0,0.007142857142857143
ppo_standalone,-0.0006268825738011781,0.002742753343492745,0.997564329943063,cpu,997564.329943063,test_legacy,0.005671346949233658,True,67,-0.22861802587514995,EEMX,50000,0.0,0.00510204081632653
ppo_standalone,-0.0004806059183947316,0.0029006237587713975,0.9981322740831908,cpu,998132.2740831908,test_legacy,0.005754386378250986,True,89,-0.16572129961423018,EEMX,50000,0.0,0.00510204081632653
ppo_standalone,0.004611763081184056,0.0209208854622945,0.9528493337441247,cpu,1018054.4518767174,test_legacy,0.05103556691626199,True,7,0.21992981987060756,GLD,50000,0.0,0.04693877551020408
ppo_standalone,0.005419507149057498,0.020616525285360936,0.955529905012591,cpu,1021241.4103617443,test_legacy,0.048219843405334584,True,13,0.2621602220977911,GLD,50000,0.0,0.03571428571428571
ppo_standalone,0.006675173596002357,0.019491506116863518,0.9598007927222264,cpu,1026210.3565646032,test_legacy,0.04182615555280178,True,19,0.3413250392996412,GLD,50000,0.0,0.02857142857142857
ppo_standalone,0.008870189732241652,0.014883226252572946,0.9779312729119197,cpu,1034939.6249214413,test_legacy,0.026001027999527637,True,23,0.5933516266792348,GLD,50000,0.0,0.019387755102040816
ppo_standalone,0.13577849147993493,0.09097482377032097,0.9704381578289208,cpu,1640706.2124959566,test_legacy,0.11196975558111821,True,29,1.3994870663479764,GLD,50000,-0.008593950689027529,0.05
ppo_standalone,0.006912571750808723,0.016455147333041674,0.9672324674383117,cpu,1027151.8078255908,test_legacy,0.032767532561688295,True,37,0.41863636136278803,GLD,50000,0.0,0.02857142857142857
ppo_standalone,-0.0034177567320902284,0.02952996075646239,0.9229166826866764,cpu,986774.1985637376,test_legacy,0.09814927403301144,False,42,-0.11593622587039713,GLD,50000,-0.0024435736804924164,0.05
ppo_standalone,-0.0015902742044712893,0.021677249030997648,0.9353801565108428,cpu,993829.7920508622,test_legacy,0.06461984348915717,False,53,-0.07341929667613445,GLD,50000,-0.00033797885002382336,0.05
ppo_standalone,0.004000062418570499,0.0041048308955935605,0.9999025584473891,cpu,1015645.9042101904,test_legacy,0.0022843309772163645,True,67,0.9724953748659694,GLD,50000,0.0,0.007142857142857143
ppo_standalone,0.1203762644217315,0.08334246918665464,0.9742610745879067,cpu,1555860.7342853756,test_legacy,0.11174525690600279,True,89,1.363822836951586,GLD,50000,-0.008044422011333641,0.05
ppo_standalone,0.003285004591258995,0.018769999186569603,0.9797146606629369,cpu,1012835.7608683201,test_legacy,0.021411196509636188,True,7,0.17472526139758104,GOOGL,50000,0.0,0.004081632653061225
ppo_standalone,0.003285004591258995,0.018769999186569603,0.9797146606629369,cpu,1012835.7608683201,test_legacy,0.021411196509636188,True,13,0.17472526139758104,GOOGL,50000,0.0,0.004081632653061225
ppo_standalone,0.003086338839166246,0.0187743454912197,0.9789604379507663,cpu,1012056.0402361632,test_legacy,0.021411196509636188,True,19,0.16413673744272234,GOOGL,50000,0.0,0.00510204081632653
ppo_standalone,0.0028205973795243575,0.018874250638927458,0.9779522407621644,cpu,1011013.7590418286,test_legacy,0.02204775923783564,True,23,0.14922993888974853,GOOGL,50000,0.0,0.00510204081632653
ppo_standalone,0.003285004591258995,0.018769999186569603,0.9797146606629369,cpu,1012835.7608683201,test_legacy,0.021411196509636188,True,29,0.17472526139758104,GOOGL,50000,0.0,0.004081632653061225
ppo_standalone,0.0023095611694685663,0.020498276429810412,0.9737691043710446,cpu,1009011.6333652643,test_legacy,0.026461531727108745,True,37,0.11254021161833036,GOOGL,50000,0.0,0.00510204081632653
ppo_standalone,0.003285004591258995,0.018769999186569603,0.9797146606629369,cpu,1012835.7608683201,test_legacy,0.021411196509636188,True,42,0.17472526139758104,GOOGL,50000,0.0,0.004081632653061225
ppo_standalone,0.001584564720627728,0.01948008061155366,0.973272987052793,cpu,1006176.3143435731,test_legacy,0.02672701294720703,True,53,0.08127778070840987,GOOGL,50000,0.0,0.00510204081632653
ppo_standalone,0.0032160422006511412,0.018802071019122672,0.979452800153141,cpu,1012565.04767056,test_legacy,0.021411196509636188,True,67,0.17077133075645284,GOOGL,50000,0.0,0.004081632653061225
ppo_standalone,-0.0033705025455083794,0.027314012153218128,0.9511741753724905,cpu,986956.1687384169,test_legacy,0.05948239172979364,True,89,-0.12360600281179919,GOOGL,50000,0.0,0.015306122448979591
ppo_standalone,-0.0002863610056977107,0.006663670061377791,0.9895370212485833,cpu,998886.8344157162,test_legacy,0.011052408757498355,True,7,-0.042978597313626424,GS,50000,0.0,0.007142857142857143
ppo_standalone,0.0010927068146627254,0.0048272140888941184,0.999152454579104,cpu,1004256.1270889549,test_legacy,0.005874629144371535,True,13,0.226232835680259,GS,50000,0.0,0.004081632653061225
ppo_standalone,0.0010880909411483492,0.004781606176198341,0.9995454850047728,cpu,1004238.1198662913,test_legacy,0.005874629144371535,True,19,0.22742636184880582,GS,50000,0.0,0.00510204081632653
ppo_standalone,0.0009367440827767886,0.004939686687467723,0.997921069472912,cpu,1003647.825670599,test_legacy,0.005874629144371535,True,23,0.18954147951099748,GS,50000,0.0,0.00510204081632653
ppo_standalone,0.0005576110873583126,0.0049505127444615295,0.99711765194858,cpu,1002170.2347580282,test_legacy,0.0059040602000259845,True,29,0.11260203413663625,GS,50000,0.0,0.00510204081632653
ppo_standalone,0.0007900769138565227,0.006852370474782077,0.9928281872848149,cpu,1003076.0295058452,test_legacy,0.0071718127151850775,True,37,0.11525160156918768,GS,50000,0.0,0.007142857142857143
ppo_standalone,0.0011480872968974087,0.004877371487777222,0.9990680913226478,cpu,1004472.1934529158,test_legacy,0.0059018713257622535,True,42,0.23524790086312927,GS,50000,0.0,0.004081632653061225
ppo_standalone,0.0010909637847856318,0.004781583173860471,0.999556640005189,cpu,1004249.3272368544,test_legacy,0.005874629144371535,True,53,0.22802759637564549,GS,50000,0.0,0.004081632653061225
ppo_standalone,0.0010909637847856318,0.004781583173860471,0.999556640005189,cpu,1004249.3272368544,test_legacy,0.005874629144371535,True,67,0.22802759637564549,GS,50000,0.0,0.004081632653061225
ppo_standalone,0.001114769670824251,0.004804263945665471,0.9993678243084403,cpu,1004342.2009503329,test_legacy,0.005874629144371535,True,89,0.23190065658761844,GS,50000,0.0,0.004081632653061225
ppo_standalone,0.0022163196894311676,0.004592308476715459,0.9968191230684991,cpu,1008646.6520463092,test_legacy,0.003180876931500931,True,7,0.48206490518401013,HSBC,50000,0.0,0.00510204081632653
ppo_standalone,0.0018141806344613195,0.0038609616362239307,0.9977616120876588,cpu,1007073.6559318466,test_legacy,0.0031518100939328386,True,13,0.4694329151598794,HSBC,50000,0.0,0.004081632653061225
ppo_standalone,0.0019872412066359547,0.003805384056396233,0.998315971127113,cpu,1007750.3713878564,test_legacy,0.0031518100939328386,True,19,0.5216783408988378,HSBC,50000,0.0,0.00510204081632653
ppo_standalone,0.0017632585250674376,0.003889382873390923,0.9975643972211147,cpu,1006874.6004718563,test_legacy,0.0031518100939328386,True,23,0.45293404275367644,HSBC,50000,0.0,0.004081632653061225
ppo_standalone,0.0019703193111320558,0.003775281435006166,0.9983664979226133,cpu,1007684.1871267223,test_legacy,0.0031518100939328386,True,29,0.5213645784553638,HSBC,50000,0.0,0.004081632653061225
ppo_standalone,0.001602600673553951,0.0063389889118320945,0.990385055279459,cpu,1006246.7775482335,test_legacy,0.010814328026799935,True,37,0.252607758348036,HSBC,50000,0.0,0.01020408163265306
ppo_standalone,0.0020752901803183115,0.0042264043455960245,0.9975065457748524,cpu,1008094.7972330372,test_legacy,0.0031813513377290104,True,42,0.49050249478199026,HSBC,50000,0.0,0.00510204081632653
ppo_standalone,0.002112024880231256,0.004499869174247115,0.9970745795598779,cpu,1008238.5201582736,test_legacy,0.003424374238411354,True,53,0.46884102251703363,HSBC,50000,0.0,0.004081632653061225
ppo_standalone,0.0019614734377116304,0.003783784973880479,0.9983322214707582,cpu,1007649.5907749847,test_legacy,0.0031518100939328386,True,67,0.5178597796487286,HSBC,50000,0.0,0.004081632653061225
ppo_standalone,0.002361339343808179,0.004584256246408891,0.9972106447495236,cpu,1009214.3544749429,test_legacy,0.0031518100939328386,True,89,0.5144725701237179,HSBC,50000,0.0,0.006122448979591836
ppo_standalone,0.0065371296311093705,0.019209981623657033,0.9610692103801182,cpu,1025663.2096296912,test_legacy,0.039270781929950926,True,7,0.3391883213411149,IAU,50000,0.0,0.0326530612244898
ppo_standalone,-0.005301141404635363,0.027434856423146328,0.9165569226912863,cpu,979541.7813005461,test_legacy,0.09037188878827485,False,13,-0.19373936111017895,IAU,50000,-0.002300135819111659,0.05
ppo_standalone,0.006626075271601463,0.019399157552488718,0.9601071971387143,cpu,1026015.7270744654,test_legacy,0.04116909044573691,True,19,0.3404356744593308,IAU,50000,0.0,0.02857142857142857
ppo_standalone,0.00806076871944938,0.012914406826084355,0.979402755886682,cpu,1031714.2782517946,test_legacy,0.021114169750135026,True,23,0.6216588715903189,IAU,50000,0.0,0.0163265306122449
ppo_standalone,0.13652175077696646,0.09074131573913186,0.9703190462072447,cpu,1644885.6088587912,test_legacy,0.11139931532303216,True,29,1.4102978075005401,IAU,50000,-0.008564855293234076,0.05
ppo_standalone,0.007954601756093157,0.015280616251001272,0.9734315544454399,cpu,1031291.783235974,test_legacy,0.027174296162258527,True,37,0.5185031974220664,IAU,50000,0.0,0.025510204081632654
ppo_standalone,-0.001127797050071078,0.0310968463559907,0.931602487758183,cpu,995621.2622814183,test_legacy,0.10033149195130231,False,42,-0.03628752955661196,IAU,50000,-0.002881503911618477,0.05
ppo_standalone,-0.00218993785643798,0.02205544456024411,0.9334648071894316,cpu,991510.4774018746,test_legacy,0.06689168944896073,False,53,-0.099400558062788,IAU,50000,-0.00029238586007886976,0.05
ppo_standalone,0.003960249205947701,0.004160867515164867,0.9998943104836516,cpu,1015489.2880890071,test_legacy,0.002358845247552477,True,67,0.9498685694789465,IAU,50000,0.0,0.007142857142857143
ppo_standalone,0.12180860025002338,0.08353752286855466,0.97395274311118,cpu,1563610.3309719681,test_legacy,0.11117892420336051,True,89,1.3759324213457613,IAU,50000,-0.008105313650045343,0.05
ppo_standalone,-0.001967857619724534,0.005061660856414839,0.9923689461551221,cpu,992368.946155122,test_legacy,0.012501342511243463,True,7,-0.38914788564498454,IBB,50000,0.0,0.00510204081632653
ppo_standalone,-0.0020213975878096823,0.005617195573383653,0.9921619326745145,cpu,992161.9326745145,test_legacy,0.012501342511243463,True,13,-0.3602128786179689,IBB,50000,0.0,0.006122448979591836
ppo_standalone,-0.001967857619724534,0.005061660856414839,0.9923689461551221,cpu,992368.946155122,test_legacy,0.012501342511243463,True,19,-0.38914788564498454,IBB,50000,0.0,0.00510204081632653
ppo_standalone,-0.001972493813353697,0.005259292587559375,0.9923510189402459,cpu,992351.018940246,test_legacy,0.012501342511243463,True,23,-0.375408310931895,IBB,50000,0.0,0.00510204081632653
ppo_standalone,-0.00203110262916552,0.005063106757023004,0.9921244113504836,cpu,992124.4113504835,test_legacy,0.012501342511243463,True,29,-0.40155273598634356,IBB,50000,0.0,0.006122448979591836
ppo_standalone,-0.0031204491510205736,0.008129734322159419,0.9879195092124085,cpu,987919.5092124084,test_legacy,0.01405505201102053,True,37,-0.38442423270959764,IBB,50000,0.0,0.00816326530612245
ppo_standalone,-0.001967857619724534,0.005061660856414839,0.9923689461551221,cpu,992368.946155122,test_legacy,0.012501342511243463,True,42,-0.38914788564498454,IBB,50000,0.0,0.00510204081632653
ppo_standalone,-0.0028554466589806125,0.007321398593301571,0.9889412038724849,cpu,988941.2038724849,test_legacy,0.013521625343605792,True,53,-0.3905632493185829,IBB,50000,0.0,0.007142857142857143
ppo_standalone,-0.001968707758084256,0.0050919948180467335,0.9923656588255193,cpu,992365.6588255193,test_legacy,0.012501342511243463,True,67,-0.3869970113785026,IBB,50000,0.0,0.00510204081632653
ppo_standalone,-0.001948594055348625,0.005145599867958322,0.9924434370049457,cpu,992443.4370049457,test_legacy,0.012501342511243463,True,89,-0.3790490734827616,IBB,50000,0.0,0.00510204081632653
ppo_standalone,0.000883754940503914,0.0033312365551752417,0.9963142990870526,cpu,1003441.2144371363,test_legacy,0.0036857009129473983,True,7,0.2651635664384674,IBM,50000,0.0,0.00510204081632653
ppo_standalone,0.0012162905207011429,0.0031582581104276446,0.9976022069413609,cpu,1004738.3350572002,test_legacy,0.002397793058639075,True,13,0.38486099024524184,IBM,50000,0.0,0.004081632653061225
ppo_standalone,0.0006022292849122774,0.0036709685497102944,0.9946629046956321,cpu,1002344.0408244287,test_legacy,0.005337095304367878,True,19,0.1639954077549207,IBM,50000,0.0,0.006122448979591836
ppo_standalone,0.0009374727859010493,0.003361190540674983,0.9965222642117727,cpu,1003650.6671946656,test_legacy,0.0034777357882272986,True,23,0.2787671119754334,IBM,50000,0.0,0.00510204081632653
ppo_standalone,0.001259786838361,0.0031131536921701736,0.9977707592763208,cpu,1004908.0930942405,test_legacy,0.002229240723679249,True,29,0.4043904998687102,IBM,50000,0.0,0.00510204081632653
ppo_standalone,0.0010043502116479188,0.00348541878671422,0.9963986272495976,cpu,1003911.4762255985,test_legacy,0.0036013727504023985,True,37,0.2879999599108249,IBM,50000,0.0,0.00510204081632653
ppo_standalone,0.0013097349954630042,0.003111514846158094,0.9979643391917384,cpu,1005103.0577410347,test_legacy,0.0020356608082615635,True,42,0.4206347492372139,IBM,50000,0.0,0.004081632653061225
ppo_standalone,0.0013097349954630042,0.003111514846158094,0.9979643391917384,cpu,1005103.0577410347,test_legacy,0.0020356608082615635,True,53,0.4206347492372139,IBM,50000,0.0,0.004081632653061225
ppo_standalone,0.0013097349954630042,0.003111514846158094,0.9979643391917384,cpu,1005103.0577410347,test_legacy,0.0020356608082615635,True,67,0.4206347492372139,IBM,50000,0.0,0.004081632653061225
ppo_standalone,-0.00019757101110527928,0.025134695338688652,0.990969580294516,cpu,999231.8875296431,test_legacy,0.05480119377488235,True,89,-0.007861216546952857,IBM,50000,0.0,0.04795918367346939
ppo_standalone,0.0004952942962473881,0.016184493798073952,0.9940116362057192,cpu,1001927.5229272895,test_legacy,0.022994916722155923,True,7,0.030595138029279226,IJR,50000,0.0,0.024489795918367346
ppo_standalone,-0.0008752421394686232,0.009458426373995014,0.992582700691328,cpu,996600.581311485,test_legacy,0.015291982096758083,True,13,-0.09257466909546291,IJR,50000,0.0,0.012244897959183673
ppo_standalone,-0.0008177447656986566,0.005542087122439689,0.9956415099571824,cpu,996823.6358473414,test_legacy,0.008606799492087647,True,19,-0.14760790497099094,IJR,50000,0.0,0.01020408163265306
ppo_standalone,-0.001001328329739383,0.003711456376731164,0.9961115740512878,cpu,996111.5740512878,test_legacy,0.007726715840523313,True,23,-0.2699175321221908,IJR,50000,0.0,0.006122448979591836
ppo_standalone,-0.0012298607963685724,0.008464144571544244,0.991156154970878,cpu,995225.6979020347,test_legacy,0.012754894818646778,True,29,-0.14538913006483922,IJR,50000,0.0,0.012244897959183673
ppo_standalone,0.0006912582795094022,0.011950741180904532,0.9969933529430836,cpu,1002690.9119627354,test_legacy,0.01733911308445668,True,37,0.05782154271484007,IJR,50000,0.0,0.019387755102040816
ppo_standalone,-0.00251773709204547,0.06810259641022502,0.9705743963611719,cpu,990244.3517452761,test_legacy,0.10383009108131269,True,42,-0.0370162986265911,IJR,50000,-0.0072573417777089585,0.05
ppo_standalone,-0.003943225378385348,0.020255271631003706,0.9712634102156417,cpu,984752.3612725605,test_legacy,0.031126560496073985,True,53,-0.19505980947456247,IJR,50000,0.0,0.04285714285714286
ppo_standalone,-0.008691270458385488,0.035199742661384564,0.9493617508024123,cpu,966622.6167927714,test_legacy,0.08036233745148413,False,67,-0.24799103060248773,IJR,50000,-0.0015209986766235417,0.05
ppo_standalone,-0.0008986162396134676,0.020839780074724767,0.983928698586672,cpu,996509.9147438452,test_legacy,0.026279221351650173,True,89,-0.043139293498127854,IJR,50000,0.0,0.02857142857142857
ppo_standalone,0.00038137619339235395,0.0028074560363070544,0.9965738443163084,cpu,1001483.9468587728,test_legacy,0.003426155683691645,True,7,0.13581047175871402,JNJ,50000,0.0,0.006122448979591836
ppo_standalone,-0.006277231946193279,0.058978267621902204,0.9318242412137945,cpu,975809.0102769308,test_legacy,0.0852721437875622,False,13,-0.10676813528702256,JNJ,50000,-0.006252056266173156,0.05
ppo_standalone,0.03949065896537881,0.08220115575476845,0.9833940649445004,cpu,1162554.7357126265,test_legacy,0.09448524330489017,True,19,0.47117059413126344,JNJ,50000,-0.007747470029765058,0.05
ppo_standalone,-2.8509065979843304e-05,0.0029137771780464576,0.9949868525149443,cpu,999889.1359755382,test_legacy,0.005013147485055658,True,23,-0.009783836406537402,JNJ,50000,0.0,0.007142857142857143
ppo_standalone,0.005930972259595989,0.01936024790477856,0.9973544660742455,cpu,1023263.2269855539,test_legacy,0.0378974069344985,True,29,0.30544055123260805,JNJ,50000,0.0,0.0336734693877551
ppo_standalone,-0.0015931663983615855,0.037195813917787375,0.9521398141848473,cpu,993818.5962715158,test_legacy,0.05586480071937894,True,37,-0.04286584604000331,JNJ,50000,-0.0033530829077316857,0.05
ppo_standalone,0.0003846069906481266,0.0028069942598796475,0.9965863607658481,cpu,1001496.5249766485,test_legacy,0.003413639234151944,True,42,0.13698328792867312,JNJ,50000,0.0,0.006122448979591836
ppo_standalone,0.0003846069906481266,0.0028069942598796475,0.9965863607658481,cpu,1001496.5249766485,test_legacy,0.003413639234151944,True,53,0.13698328792867312,JNJ,50000,0.0,0.006122448979591836
ppo_standalone,-0.001820041391228445,0.04199713109929765,0.9476968406116211,cpu,992940.6474793032,test_legacy,0.06438086579341251,False,67,-0.04337660086445546,JNJ,50000,-0.004056728732394266,0.05
ppo_standalone,-0.003892430992812524,0.05418474242438517,0.9400916868724903,cpu,984947.6675369868,test_legacy,0.08505708763207942,False,89,-0.07197625415608627,JNJ,50000,-0.005410789090235113,0.05
ppo_standalone,0.0009499903245297523,0.008395944398134542,0.9894345301856219,cpu,1003699.4793460345,test_legacy,0.010565469814378114,True,7,0.11309286619095564,JPM,50000,0.0,0.01020408163265306
ppo_standalone,0.0013794480531407506,0.00623551743425798,0.9959438757626801,cpu,1005375.2184933893,test_legacy,0.007244954975247575,True,13,0.22106624030800695,JPM,50000,0.0,0.007142857142857143
ppo_standalone,0.0014689823333406565,0.005324698650115823,0.9993303736191357,cpu,1005724.8418773273,test_legacy,0.00694411717432275,True,19,0.2756701870735974,JPM,50000,0.0,0.00510204081632653
ppo_standalone,0.0012203128305562695,0.006292760866057813,0.9953213879137642,cpu,1004754.0324904011,test_legacy,0.0071480992199922655,True,23,0.19380016421794904,JPM,50000,0.0,0.009183673469387756
ppo_standalone,0.0014335514724745906,0.006008028342262416,0.9970320544011197,cpu,1005586.4767266251,test_legacy,0.007116809445383954,True,29,0.23842881350053674,JPM,50000,0.0,0.006122448979591836
ppo_standalone,0.0017488575066268658,0.008387355526333497,0.9919063342671164,cpu,1006818.3119285515,test_legacy,0.008811905207085302,True,37,0.20832513417229911,JPM,50000,0.0,0.01020408163265306
ppo_standalone,0.001083922351956937,0.008156500662759542,0.9904038777030537,cpu,1004221.8577737322,test_legacy,0.009596122296946286,True,42,0.132816055949846,JPM,50000,0.0,0.01020408163265306
ppo_standalone,0.0017873463971192435,0.005716927588052371,0.999150135258155,cpu,1006968.7567625224,test_legacy,0.007101661551578098,True,53,0.3123533370383314,JPM,50000,0.0,0.00510204081632653
ppo_standalone,0.0015739063050413105,0.005323753044630812,0.9996395586270223,cpu,1006134.6755655335,test_legacy,0.00694411717432275,True,67,0.2953972707882507,JPM,50000,0.0,0.004081632653061225
ppo_standalone,0.0021832900700383237,0.00647194879870323,0.9974256436046608,cpu,1008517.3855400933,test_legacy,0.00694411717432275,True,89,0.33697062987899484,JPM,50000,0.0,0.006122448979591836
ppo_standalone,0.29041304690247516,0.22499452793076213,0.9771940376329136,cpu,2695329.0223799367,test_legacy,0.2710747267658372,True,7,1.1331927979608576,LLY,50000,-0.019836953097281906,0.05
ppo_standalone,0.29770268687168955,0.22958282675251998,0.9768664295118894,cpu,2755026.576750533,test_legacy,0.2754874853958893,True,13,1.1350820997541953,LLY,50000,-0.02041432970397574,0.05
ppo_standalone,0.278648126480066,0.2157691419138762,0.9779697286254552,cpu,2601015.612873188,test_legacy,0.2606924256236489,True,19,1.1391952788127222,LLY,50000,-0.018996261882122133,0.05
ppo_standalone,0.038951787924020764,0.05825378242712627,0.9771759243509799,cpu,1160212.783742052,test_legacy,0.056687864114145725,True,23,0.6559609167809971,LLY,50000,-0.0052315686724561765,0.05
ppo_standalone,0.29770268687168955,0.22958282675251998,0.9768664295118894,cpu,2755026.576750533,test_legacy,0.2754874853958893,True,29,1.1350820997541953,LLY,50000,-0.02041432970397574,0.05
ppo_standalone,0.29770268687168955,0.22958282675251998,0.9768664295118894,cpu,2755026.576750533,test_legacy,0.2754874853958893,True,37,1.1350820997541953,LLY,50000,-0.02041432970397574,0.05
ppo_standalone,0.2966368612615814,0.22884625935586542,0.976916286635647,cpu,2746237.4240060514,test_legacy,0.2748148547651662,True,42,1.1351450666354117,LLY,50000,-0.02030957039285477,0.05
ppo_standalone,0.2959849145274691,0.22860593063478185,0.976931085127414,cpu,2740871.531858706,test_legacy,0.2746152801959223,True,53,1.1341384586060697,LLY,50000,-0.02027859623192212,0.05
ppo_standalone,0.2958320461369482,0.22806792964894224,0.9769950258422087,cpu,2739614.4661893514,test_legacy,0.27375335732387684,True,67,1.1362966091696,LLY,50000,-0.020370645404589726,0.05
ppo_standalone,0.2767319157724429,0.21565274761056608,0.9785964400215531,cpu,2585889.73907556,test_legacy,0.26032303505496,True,89,1.1328556906887701,LLY,50000,-0.01922654367115433,0.05
ppo_standalone,-0.0030800892597418876,0.006062847907110182,0.982833519689588,cpu,988075.0627150178,test_legacy,0.018601163030310564,True,7,-0.5087974786116691,MA,50000,0.0,0.006122448979591836
ppo_standalone,-0.003319869912416736,0.006474543906040582,0.98191453457516,cpu,987151.1765670775,test_legacy,0.018745057736853976,True,13,-0.5135977799842082,MA,50000,0.0,0.007142857142857143
ppo_standalone,-0.0032206373121738264,0.00613188596770804,0.9822929208396346,cpu,987533.4465793816,test_legacy,0.01884436252426247,True,19,-0.5260618403712488,MA,50000,0.0,0.007142857142857143
ppo_standalone,-0.003223412821018216,0.006324767477304679,0.9822841399644705,cpu,987522.7530964761,test_legacy,0.018601163030310564,True,23,-0.5104595838496837,MA,50000,0.0,0.007142857142857143
ppo_standalone,-0.0030991612197392546,0.006062951395303557,0.982760400974531,cpu,988001.554051019,test_legacy,0.018601163030310564,True,29,-0.5119441166991168,MA,50000,0.0,0.007142857142857143
ppo_standalone,-0.0031989500257072092,0.006180046592116551,0.9823778932109228,cpu,987617.0063377548,test_legacy,0.01902116311953339,True,37,-0.5184419335103291,MA,50000,0.0,0.006122448979591836
ppo_standalone,-0.0030800892597418876,0.006062847907110182,0.982833519689588,cpu,988075.0627150178,test_legacy,0.018601163030310564,True,42,-0.5087974786116691,MA,50000,0.0,0.006122448979591836
ppo_standalone,-0.004699735269805415,0.007973665175814913,0.9766384526426319,cpu,981846.9567964508,test_legacy,0.023937980687282145,True,53,-0.5907847723485524,MA,50000,0.0,0.007142857142857143
ppo_standalone,-0.0030800892597418876,0.006062847907110182,0.982833519689588,cpu,988075.0627150178,test_legacy,0.018601163030310564,True,67,-0.5087974786116691,MA,50000,0.0,0.006122448979591836
ppo_standalone,-0.004032336823580872,0.007564066590710068,0.9791876945273008,cpu,984409.7940263668,test_legacy,0.0232681547513498,True,89,-0.5341576216428447,MA,50000,0.0,0.007142857142857143
ppo_standalone,0.0003832368406709049,0.003181903394932412,0.9958483083302041,cpu,1001491.1907037551,test_legacy,0.004151691669795898,True,7,0.12041355804202351,MCD,50000,0.0,0.006122448979591836
ppo_standalone,0.00019972396660886116,0.0032217530791173728,0.9951380705375719,cpu,1000776.928414332,test_legacy,0.004861929462428138,True,13,0.06198308188726336,MCD,50000,0.0,0.006122448979591836
ppo_standalone,0.00033577829120657595,0.003183302019821817,0.9956645965442646,cpu,1001306.4379319646,test_legacy,0.004335403455735354,True,19,0.10545816489835384,MCD,50000,0.0,0.007142857142857143
ppo_standalone,5.8830755152225505e-05,0.003258399958990225,0.9945930362222988,cpu,1000228.8057124995,test_legacy,0.005406963777701224,True,23,0.018053694910501492,MCD,50000,0.0,0.007142857142857143
ppo_standalone,0.0003564968149294699,0.0031824395659422414,0.995744794739897,cpu,1001387.0905632583,test_legacy,0.004255205260103034,True,29,0.11199443040110232,MCD,50000,0.0,0.007142857142857143
ppo_standalone,0.0003832368406709049,0.003181903394932412,0.9958483083302041,cpu,1001491.1907037551,test_legacy,0.004151691669795898,True,37,0.12041355804202351,MCD,50000,0.0,0.006122448979591836
ppo_standalone,0.0003832368406709049,0.003181903394932412,0.9958483083302041,cpu,1001491.1907037551,test_legacy,0.004151691669795898,True,42,0.12041355804202351,MCD,50000,0.0,0.006122448979591836
ppo_standalone,0.0003784284491347209,0.0031824963877099557,0.9958296939265276,cpu,1001472.4708232811,test_legacy,0.004170306073472352,True,53,0.11888088635515984,MCD,50000,0.0,0.006122448979591836
ppo_standalone,0.0003598531919283714,0.003185017219917559,0.9957577872069349,cpu,1001400.1566509095,test_legacy,0.0042422127930651365,True,67,0.11295716916466121,MCD,50000,0.0,0.006122448979591836
ppo_standalone,0.00030503482544329985,0.003195149727228843,0.9955456021937427,cpu,1001186.7693109564,test_legacy,0.0044543978062573375,True,89,0.09544878512443036,MCD,50000,0.0,0.006122448979591836
ppo_standalone,-0.03191927951466764,0.05760294203527053,0.8765760293932294,cpu,881478.3815275071,test_legacy,0.12422657197540321,False,7,-0.5631607641191735,META,50000,0.0,0.009183673469387756
ppo_standalone,-0.030700927332227936,0.05902661232036739,0.8808740233178861,cpu,885800.4124768863,test_legacy,0.121750934286181,False,13,-0.528270031109606,META,50000,0.0,0.00816326530612245
ppo_standalone,-0.029802388359463815,0.05662856512744793,0.8840538242249831,cpu,888997.9967858113,test_legacy,0.11638489933102436,False,19,-0.5342784160356095,META,50000,0.0,0.00510204081632653
ppo_standalone,-0.029828948339035207,0.05789125657670539,0.883959710144324,cpu,888903.3563613454,test_legacy,0.12007502760546773,False,23,-0.5230979575170525,META,50000,0.0,0.012244897959183673
ppo_standalone,-0.029901847794837136,0.05662778461307417,0.8837014324843683,cpu,888643.6342539088,test_legacy,0.11638489933102436,False,29,-0.5360961914416402,META,50000,0.0,0.00510204081632653
ppo_standalone,-0.03646718024788788,0.06601989423861945,0.8600908307413943,cpu,865483.232195555,test_legacy,0.14336574995462992,False,37,-0.5626885616625324,META,50000,0.0,0.009183673469387756
ppo_standalone,-0.0387033290781752,0.07129430200697998,0.8523542711606028,cpu,857698.1676968612,test_legacy,0.15066800437131944,False,42,-0.5536504042549252,META,50000,0.0,0.00816326530612245
ppo_standalone,-0.03192200217871764,0.061592150635539133,0.8765664421036135,cpu,881468.7406198727,test_legacy,0.12749820770144304,False,53,-0.5267316490686179,META,50000,0.0,0.006122448979591836
ppo_standalone,-0.029499020798318065,0.05670000586833536,0.8851293215337516,cpu,890079.5089368185,test_legacy,0.11760612661179404,False,67,-0.5280913664281128,META,50000,0.0,0.00510204081632653
ppo_standalone,-0.030400520177651217,0.05683709431261002,0.88193617422735,cpu,886868.5035873178,test_legacy,0.12028962777968666,False,89,-0.5431684061639607,META,50000,0.0,0.006122448979591836
ppo_standalone,-0.0012131697720607856,0.00947071843444991,0.9885681976555505,cpu,995290.3786509618,test_legacy,0.015602094286749302,True,7,-0.12817252670618584,MSFT,50000,0.0,0.004081632653061225
ppo_standalone,-0.0012539640976054714,0.009549660673243626,0.9884111854196892,cpu,995132.2987450394,test_legacy,0.015602094286749302,True,13,-0.13139002042814876,MSFT,50000,0.0,0.004081632653061225
ppo_standalone,-0.0012703639951219354,0.00946953148055487,0.9883480694947344,cpu,995068.7536370781,test_legacy,0.015602094286749302,True,19,-0.13423581566104534,MSFT,50000,0.0,0.00510204081632653
ppo_standalone,-0.001175316891891299,0.009467653739284165,0.9887139052093316,cpu,995437.077003912,test_legacy,0.015602094286749302,True,23,-0.1242111755372961,MSFT,50000,0.0,0.004081632653061225
ppo_standalone,-0.001175316891891299,0.009467653739284165,0.9887139052093316,cpu,995437.077003912,test_legacy,0.015602094286749302,True,29,-0.1242111755372961,MSFT,50000,0.0,0.004081632653061225
ppo_standalone,-0.002260390748343927,0.012357197389971366,0.9837509055164283,cpu,991238.2514690673,test_legacy,0.017740003768074053,True,37,-0.1831256834423231,MSFT,50000,0.0,0.007142857142857143
ppo_standalone,-0.001175316891891299,0.009467653739284165,0.9887139052093316,cpu,995437.077003912,test_legacy,0.015602094286749302,True,42,-0.1242111755372961,MSFT,50000,0.0,0.004081632653061225
ppo_standalone,-0.002536751204404498,0.011528697852258827,0.983483342141954,cpu,990170.9465455035,test_legacy,0.017585586136224518,True,53,-0.22031449416439522,MSFT,50000,0.0,0.006122448979591836
ppo_standalone,-0.0014060943281091057,0.009700459379324431,0.9878258186205232,cpu,994542.9515006376,test_legacy,0.015602094286749302,True,67,-0.14505094297456567,MSFT,50000,0.0,0.006122448979591836
ppo_standalone,-0.0012022974350429704,0.009503564481408407,0.9886100470422168,cpu,995332.5126099543,test_legacy,0.015602094286749302,True,89,-0.1265841550487088,MSFT,50000,0.0,0.004081632653061225
ppo_standalone,-0.012598420645673625,0.0181488040974909,0.951890665900039,cpu,951890.665900039,test_legacy,0.0501736927496097,True,7,-0.698577310477865,NFLX,50000,0.0,0.006122448979591836
ppo_standalone,-0.012175805976089712,0.018012676870086747,0.9534760402877834,cpu,953476.0402877835,test_legacy,0.049066725507028175,True,13,-0.6801004906039019,NFLX,50000,0.0,0.00510204081632653
ppo_standalone,-0.012311915001954367,0.017956552356057063,0.9529652341001732,cpu,952965.2341001732,test_legacy,0.049066725507028175,True,19,-0.6898999740315733,NFLX,50000,0.0,0.006122448979591836
ppo_standalone,-0.012165259006958107,0.018024705385666723,0.9535156307008591,cpu,953515.6307008591,test_legacy,0.049066725507028175,True,23,-0.67905429618841,NFLX,50000,0.0,0.00510204081632653
ppo_standalone,-0.012366050983682104,0.017938682188940146,0.9527621226483711,cpu,952762.1226483712,test_legacy,0.049066725507028175,True,29,-0.6936427430308532,NFLX,50000,0.0,0.004081632653061225
ppo_standalone,-0.013767577234488173,0.019645142249658503,0.9475149552174492,cpu,947514.9552174492,test_legacy,0.05311150818011201,False,37,-0.7056766030500171,NFLX,50000,0.0,0.006122448979591836
ppo_standalone,-0.012366050983682104,0.017938682188940146,0.9527621226483711,cpu,952762.1226483712,test_legacy,0.049066725507028175,True,42,-0.6936427430308532,NFLX,50000,0.0,0.004081632653061225
ppo_standalone,-0.012223114090052348,0.01796883274200094,0.9532984736989586,cpu,953298.4736989586,test_legacy,0.049066725507028175,True,53,-0.6844252067775716,NFLX,50000,0.0,0.00510204081632653
ppo_standalone,-0.012223468548255113,0.01796856689283972,0.9532971433659121,cpu,953297.1433659121,test_legacy,0.049066725507028175,True,67,-0.6844553034211072,NFLX,50000,0.0,0.00510204081632653
ppo_standalone,-0.012878520536862724,0.01828914770095332,0.950840993523246,cpu,950840.993523246,test_legacy,0.05053349134164353,True,89,-0.7087293148032161,NFLX,50000,0.0,0.006122448979591836
ppo_standalone,0.002385672989149192,0.026647039088645876,0.9766817534880707,cpu,1009309.635637843,test_legacy,0.038714145530330146,True,7,0.0894214770385087,NVDA,50000,0.0,0.006122448979591836
ppo_standalone,0.00018049316008240832,0.019929325542888215,0.9786677608564834,cpu,1000702.1008642082,test_legacy,0.0241614888016376,True,13,0.009055772369419323,NVDA,50000,0.0,0.006122448979591836
ppo_standalone,0.0015120968828666375,0.01311027450574101,0.9949667901079955,cpu,1005893.2325644392,test_legacy,0.020643404764891016,True,19,0.11524827491214244,NVDA,50000,0.0,0.004081632653061225
ppo_standalone,0.001993269583358636,0.01423503222815485,0.9929610327492558,cpu,1007773.9501210783,test_legacy,0.020643404764891016,True,23,0.13988471676862202,NVDA,50000,0.0,0.004081632653061225
ppo_standalone,-0.00026474945141991224,0.014461751190235936,0.9871839314959497,cpu,998970.8124626003,test_legacy,0.021070083399080897,True,29,-0.018309096442110043,NVDA,50000,0.0,0.004081632653061225
ppo_standalone,0.0023608107934735435,0.026814061560173533,0.9746639586010731,cpu,1009212.284949988,test_legacy,0.03419858686169541,True,37,0.08793947506261279,NVDA,50000,0.0,0.00816326530612245
ppo_standalone,0.0021643857171111864,0.016089932563379507,0.9897969334863093,cpu,1008443.4059790019,test_legacy,0.02253560651464992,True,42,0.13437132003515756,NVDA,50000,0.0,0.004081632653061225
ppo_standalone,0.000853872772630254,0.019196087208156177,0.9789665249768842,cpu,1003324.7140947834,test_legacy,0.023377652613845168,True,53,0.04446225750284681,NVDA,50000,0.0,0.004081632653061225
ppo_standalone,0.0019209278413331175,0.015301809181921974,0.9890774981395923,cpu,1007491.0275929346,test_legacy,0.020643404764891016,True,67,0.12541427533515867,NVDA,50000,0.0,0.004081632653061225
ppo_standalone,0.003122322928162144,0.017377354620173327,0.9872540096990666,cpu,1012197.2370173531,test_legacy,0.020643404764891016,True,89,0.17939612734616112,NVDA,50000,0.0,0.004081632653061225
ppo_standalone,0.0009391525925886817,0.0054862220952028185,0.9956352131798859,cpu,1003657.2174996708,test_legacy,0.006952386582865344,True,7,0.17109856060654696,ORCL,50000,0.0,0.004081632653061225
ppo_standalone,0.00121691037013332,0.005856857832984921,0.9967100892830011,cpu,1004740.754064598,test_legacy,0.006731637871514762,True,13,0.2076433485627799,ORCL,50000,0.0,0.00510204081632653
ppo_standalone,0.0006184678240599711,0.006034330343675827,0.994039954238721,cpu,1002407.3021107941,test_legacy,0.007419853546321908,True,19,0.10245716622572888,ORCL,50000,0.0,0.00510204081632653
ppo_standalone,0.0009986938063818878,0.006066434074746984,0.995865555164988,cpu,1003889.4153898023,test_legacy,0.006731637871514762,True,23,0.1645397133364013,ORCL,50000,0.0,0.00510204081632653
ppo_standalone,0.0011138622327701254,0.005274613186444313,0.9963112097122931,cpu,1004338.6606525184,test_legacy,0.006731637871514762,True,29,0.21105032842238053,ORCL,50000,0.0,0.004081632653061225
ppo_standalone,-0.00032512519837766407,0.008475341367022778,0.9886674677806139,cpu,998736.2178898221,test_legacy,0.011332532219386127,True,37,-0.03836682894610689,ORCL,50000,0.0,0.00816326530612245
ppo_standalone,0.0011138622327701254,0.005274613186444313,0.9963112097122931,cpu,1004338.6606525184,test_legacy,0.006731637871514762,True,42,0.21105032842238053,ORCL,50000,0.0,0.004081632653061225
ppo_standalone,0.0003280372627274606,0.007348896762612604,0.9927709865874245,cpu,1001276.3050582142,test_legacy,0.008230206148559627,True,53,0.04462933637186005,ORCL,50000,0.0,0.006122448979591836
ppo_standalone,0.0011138622327701254,0.005274613186444313,0.9963112097122931,cpu,1004338.6606525184,test_legacy,0.006731637871514762,True,67,0.21105032842238053,ORCL,50000,0.0,0.004081632653061225
ppo_standalone,-0.004493063627792962,0.025379117947604307,0.9683227664645603,cpu,982640.0538956545,test_legacy,0.06538864666940092,True,89,-0.17743562315471462,ORCL,50000,0.0,0.019387755102040816
ppo_standalone,0.0007648563883314343,0.0031282875708076494,0.9965549373458745,cpu,1002977.7292338272,test_legacy,0.0034450626541254747,True,7,0.24439097160287437,PGR,50000,0.0,0.004081632653061225
ppo_standalone,0.0004177454027832268,0.003243503534962413,0.9952114131116374,cpu,1001625.5459922142,test_legacy,0.004788586888362589,True,13,0.12876129985393353,PGR,50000,0.0,0.004081632653061225
ppo_standalone,0.0007615976233542074,0.003128314301826492,0.9965423177417418,cpu,1002965.0282964051,test_legacy,0.0034576822582581546,True,19,0.24334803069612068,PGR,50000,0.0,0.00510204081632653
ppo_standalone,0.00019943738743538833,0.003345018585705212,0.9943671218695881,cpu,1000775.8132970775,test_legacy,0.005632878130411911,True,23,0.05961343233087593,PGR,50000,0.0,0.00510204081632653
ppo_standalone,0.009198995227490223,0.03407487269184468,0.9889468332845138,cpu,1036251.9721920294,test_legacy,0.04227200887490912,True,29,0.26872879599096366,PGR,50000,-0.0007378919134675134,0.05
ppo_standalone,0.0007648563883314343,0.0031282875708076494,0.9965549373458745,cpu,1002977.7292338272,test_legacy,0.0034450626541254747,True,37,0.24439097160287437,PGR,50000,0.0,0.004081632653061225
ppo_standalone,0.0006244794015247454,0.0031684257346943656,0.9960114334570566,cpu,1002430.7224649999,test_legacy,0.003988566542943439,True,42,0.19702315004932971,PGR,50000,0.0,0.004081632653061225
ppo_standalone,0.000615225155023148,0.003167861077310446,0.9959756111132974,cpu,1002394.6692464035,test_legacy,0.004024388886702646,True,53,0.19413893097081675,PGR,50000,0.0,0.004081632653061225
ppo_standalone,0.0005251189109684233,0.0031991533418823212,0.99562686808977,cpu,1002043.6785757284,test_legacy,0.0043731319102300326,True,67,0.1640918641294318,PGR,50000,0.0,0.004081632653061225
ppo_standalone,-0.00036111960073749303,0.0036797383056458633,0.9922016434366258,cpu,998596.3783657913,test_legacy,0.0077983565633742424,True,89,-0.09815079474878334,PGR,50000,0.0,0.007142857142857143
ppo_standalone,-0.00821950017019063,0.020797480843484602,0.9684128214075332,cpu,968412.8214075331,test_legacy,0.05197072684821902,True,7,-0.39684630935465465,PLTR,50000,0.0,0.00510204081632653
ppo_standalone,-0.008504447800981384,0.020517296376133774,0.9673312497128926,cpu,967331.2497128927,test_legacy,0.05197072684821902,True,13,-0.41627077594610434,PLTR,50000,0.0,0.004081632653061225
ppo_standalone,-0.008934700960621331,0.020192600787631028,0.965699844593161,cpu,965699.844593161,test_legacy,0.05197072684821902,True,19,-0.44445905179068346,PLTR,50000,0.0,0.003061224489795918
ppo_standalone,-0.00845789662982381,0.020607391061397768,0.9675078819814251,cpu,967507.8819814251,test_legacy,0.05197072684821902,True,23,-0.41217261085211493,PLTR,50000,0.0,0.00510204081632653
ppo_standalone,-0.009223550639696728,0.020196643768132717,0.9646057509929792,cpu,964605.7509929792,test_legacy,0.05197072684821902,True,29,-0.4588028704436164,PLTR,50000,0.0,0.00510204081632653
ppo_standalone,-0.006898650505818408,0.02540975798240113,0.9734380895765278,cpu,973438.0895765278,test_legacy,0.058403953726532176,True,37,-0.272435218013671,PLTR,50000,0.0,0.006122448979591836
ppo_standalone,-0.008547115314474527,0.020972364563355547,0.9671693745116353,cpu,967169.3745116353,test_legacy,0.053279971551796534,True,42,-0.40929034875934084,PLTR,50000,0.0,0.004081632653061225
ppo_standalone,-0.008221881351811797,0.021867502841386277,0.9684037794697088,cpu,968403.7794697088,test_legacy,0.05402816173113156,True,53,-0.37753773535401786,PLTR,50000,0.0,0.00510204081632653
ppo_standalone,-0.008934700960621331,0.020192600787631028,0.965699844593161,cpu,965699.844593161,test_legacy,0.05197072684821902,True,67,-0.44445905179068346,PLTR,50000,0.0,0.003061224489795918
ppo_standalone,-0.007943679934301303,0.02098537433153047,0.9694606037650898,cpu,969460.6037650898,test_legacy,0.05197072684821902,True,89,-0.3800427189516651,PLTR,50000,0.0,0.00510204081632653
ppo_standalone,-0.004720224173651089,0.031492065981438576,0.926365859877869,cpu,981768.3570718546,test_legacy,0.07798672041275634,False,7,-0.1502402467206942,PPLT,50000,0.0,0.0326530612244898
ppo_standalone,0.003029768874207677,0.011973978392700573,0.9895744053010715,cpu,1011834.0967967313,test_legacy,0.012913077408225226,True,13,0.25264353825711466,PPLT,50000,0.0,0.014285714285714285
ppo_standalone,-0.004694412203644574,0.029790919929045347,0.9266629418661276,cpu,981867.3779576139,test_legacy,0.07377892551095777,False,19,-0.15794881462114144,PPLT,50000,0.0,0.0336734693877551
ppo_standalone,1.9147078738512348e-05,0.021612087912487137,0.9586033421685024,cpu,1000074.4629211413,test_legacy,0.0414558665975282,True,23,0.0008859280452843293,PPLT,50000,0.0,0.02040816326530612
ppo_standalone,-0.005246684574936461,0.030530829470796883,0.9263842197482235,cpu,979750.3473323775,test_legacy,0.07485405165322456,False,29,-0.17230024526389348,PPLT,50000,0.0,0.02959183673469388
ppo_standalone,-0.000666983993445787,0.027374750502206828,0.9461820018122088,cpu,997408.6712574332,test_legacy,0.06006746870831792,False,37,-0.0243729219409829,PPLT,50000,0.0,0.02142857142857143
ppo_standalone,-0.001294077304469624,0.023969521504476444,0.950428292155511,cpu,994976.87639316,test_legacy,0.05052063965430287,True,42,-0.054023054629607284,PPLT,50000,0.0,0.02346938775510204
ppo_standalone,-0.002322720779149643,0.022375664590281112,0.9512665063959116,cpu,990997.458098209,test_legacy,0.05168508058659427,True,53,-0.10392567212151596,PPLT,50000,0.0,0.027551020408163266
ppo_standalone,0.0011103373653566333,0.003502782671000118,0.9980078206090673,cpu,1004324.9087489748,test_legacy,0.003952266363941304,True,67,0.3167970185409387,PPLT,50000,0.0,0.007142857142857143
ppo_standalone,-0.0017439026855279862,0.02999238786484069,0.9370673239597719,cpu,993235.2207372927,test_legacy,0.06473179618687996,False,89,-0.0581952935401879,PPLT,50000,0.0,0.02346938775510204
ppo_standalone,0.001735700157151585,0.01792759685840998,0.9792752179358578,cpu,1006766.8864957069,test_legacy,0.02595058120681193,True,7,0.09673244151389565,QCOM,50000,0.0,0.004081632653061225
ppo_standalone,0.001735700157151585,0.01792759685840998,0.9792752179358578,cpu,1006766.8864957069,test_legacy,0.02595058120681193,True,13,0.09673244151389565,QCOM,50000,0.0,0.004081632653061225
ppo_standalone,0.001735700157151585,0.01792759685840998,0.9792752179358578,cpu,1006766.8864957069,test_legacy,0.02595058120681193,True,19,0.09673244151389565,QCOM,50000,0.0,0.004081632653061225
ppo_standalone,0.0013601082934519562,0.018155429911244598,0.9778481057674827,cpu,1005299.7103146701,test_legacy,0.02595058120681193,True,23,0.07486312945984651,QCOM,50000,0.0,0.004081632653061225
ppo_standalone,0.001735700157151585,0.01792759685840998,0.9792752179358578,cpu,1006766.8864957069,test_legacy,0.02595058120681193,True,29,0.09673244151389565,QCOM,50000,0.0,0.004081632653061225
ppo_standalone,-0.0011710407542483748,0.0223861732038492,0.9652899632261994,cpu,995453.6501303376,test_legacy,0.036526495561342576,True,37,-0.05234117679096084,QCOM,50000,0.0,0.006122448979591836
ppo_standalone,0.001735700157151585,0.01792759685840998,0.9792752179358578,cpu,1006766.8864957069,test_legacy,0.02595058120681193,True,42,0.09673244151389565,QCOM,50000,0.0,0.004081632653061225
ppo_standalone,-0.00285569481110667,0.02134361617551503,0.9619353682340441,cpu,988940.2467759812,test_legacy,0.0381299288580319,True,53,-0.1339866119072557,QCOM,50000,0.0,0.00510204081632653
ppo_standalone,0.001735700157151585,0.01792759685840998,0.9792752179358578,cpu,1006766.8864957069,test_legacy,0.02595058120681193,True,67,0.09673244151389565,QCOM,50000,0.0,0.004081632653061225
ppo_standalone,0.0015109398246186691,0.01811361451062057,0.9784210248348372,cpu,1005888.7132171128,test_legacy,0.02645161082675629,True,89,0.08335091105659088,QCOM,50000,0.0,0.004081632653061225
ppo_standalone,-0.0018448415543573364,0.00890710993339053,0.9892769674675137,cpu,992844.7120705763,test_legacy,0.016159999629498656,True,7,-0.20730769858075357,QQQ,50000,0.0,0.004081632653061225
ppo_standalone,-0.0021887597324816844,0.009159141244406577,0.9879520636290888,cpu,991515.0300773226,test_legacy,0.016159999629498656,True,13,-0.23922773252715673,QQQ,50000,0.0,0.00510204081632653
ppo_standalone,-0.002001559606450874,0.008912366275342032,0.9886730662465613,cpu,992238.6329304033,test_legacy,0.016159999629498656,True,19,-0.22480334127738288,QQQ,50000,0.0,0.00510204081632653
ppo_standalone,-0.0018448415543573364,0.00890710993339053,0.9892769674675137,cpu,992844.7120705763,test_legacy,0.016159999629498656,True,23,-0.20730769858075357,QQQ,50000,0.0,0.004081632653061225
ppo_standalone,-0.0018448415543573364,0.00890710993339053,0.9892769674675137,cpu,992844.7120705763,test_legacy,0.016159999629498656,True,29,-0.20730769858075357,QQQ,50000,0.0,0.004081632653061225
ppo_standalone,-0.0028822209218525353,0.011892189266549072,0.9848368605934843,cpu,988837.9423403594,test_legacy,0.018384775661423935,True,37,-0.24270922076138712,QQQ,50000,0.0,0.007142857142857143
ppo_standalone,-0.0018448415543573364,0.00890710993339053,0.9892769674675137,cpu,992844.7120705763,test_legacy,0.016159999629498656,True,42,-0.20730769858075357,QQQ,50000,0.0,0.004081632653061225
ppo_standalone,-0.0025414112403005173,0.010129776301889206,0.9865948848982121,cpu,990152.9567949182,test_legacy,0.017623771077355577,True,53,-0.25120063415638744,QQQ,50000,0.0,0.00510204081632653
ppo_standalone,-0.0018448415543573364,0.00890710993339053,0.9892769674675137,cpu,992844.7120705763,test_legacy,0.016159999629498656,True,67,-0.20730769858075357,QQQ,50000,0.0,0.004081632653061225
ppo_standalone,-0.0018448415543573364,0.00890710993339053,0.9892769674675137,cpu,992844.7120705763,test_legacy,0.016159999629498656,True,89,-0.20730769858075357,QQQ,50000,0.0,0.004081632653061225
ppo_standalone,0.001888737769625336,0.005471633764362524,0.9967213706955583,cpu,1007365.1538740502,test_legacy,0.004027297244700301,True,7,0.3448515900281048,REGN,50000,0.0,0.007142857142857143
ppo_standalone,0.029943857346074108,0.16126816231607086,0.7606032235829033,cpu,1121580.5753884236,test_legacy,0.39097993390837316,False,13,0.18295157493316364,REGN,50000,-0.013754651609010437,0.05
ppo_standalone,0.03340496520729494,0.1617953181890361,0.7737671929961862,cpu,1136309.2957459004,test_legacy,0.38924681105641235,False,19,0.20309060680429483,REGN,50000,-0.013967821684234761,0.05
ppo_standalone,0.00821188016371638,0.02168687792889249,0.9647637559927238,cpu,1032315.8530775461,test_legacy,0.03523624400727621,True,23,0.37710759006013916,REGN,50000,0.0,0.0326530612244898
ppo_standalone,0.0130310472253307,0.024611350289503734,0.9668627590635652,cpu,1051638.0044258388,test_legacy,0.033137240936434775,True,29,0.5260495636304447,REGN,50000,0.0,0.03163265306122449
ppo_standalone,0.001863535052755714,0.005542985532234033,0.9969281390673279,cpu,1007266.6111543203,test_legacy,0.003793390944877406,True,37,0.3358745023332642,REGN,50000,0.0,0.006122448979591836
ppo_standalone,0.023743284500205155,0.09194284568423303,0.8631870933671918,cpu,1095549.2931935352,test_legacy,0.17086195570459362,False,42,0.2552211188063688,REGN,50000,-0.007631192068370307,0.05
ppo_standalone,0.031156087503023924,0.15650492959083812,0.7666568872121462,cpu,1126722.9748083802,test_legacy,0.38005229158597276,False,53,0.1960357211539809,REGN,50000,-0.013662269074599998,0.05
ppo_standalone,0.002371350905557888,0.05026019286045741,0.9180259765899175,cpu,1009253.5550774545,test_legacy,0.13342889968087057,False,67,0.047125489862095554,REGN,50000,-0.002491286207075127,0.05
ppo_standalone,0.01894315397292742,0.023278725453462632,0.9948389738754881,cpu,1075707.6875363793,test_legacy,0.028375799708912908,True,89,0.8061368591852285,REGN,50000,0.0,0.025510204081632654
ppo_standalone,5.965159426537541e-06,0.002140347005019806,0.9973060047736916,cpu,1000023.1980420956,test_legacy,0.0028742279240479007,True,7,0.00278679075483464,RY,50000,0.0,0.006122448979591836
ppo_standalone,-8.777109815668945e-05,0.0021492471954228398,0.9969425083132117,cpu,999658.7112234602,test_legacy,0.0030574916867882607,True,13,-0.040836841757518186,RY,50000,0.0,0.007142857142857143
ppo_standalone,0.0001328912320042681,0.00208586543305175,0.9977983637288561,cpu,1000516.8984455541,test_legacy,0.0028784121552295483,True,19,0.06370127639930008,RY,50000,0.0,0.006122448979591836
ppo_standalone,-0.00011301783162376928,0.002161413456317164,0.9968446217399486,cpu,999560.5579549834,test_legacy,0.0031553782600514113,True,23,-0.05228796824235201,RY,50000,0.0,0.007142857142857143
ppo_standalone,0.00014672224433314444,0.002086040545657571,0.997852026519774,cpu,1000570.7074425247,test_legacy,0.0028784121552295483,True,29,0.07032476826584112,RY,50000,0.0,0.006122448979591836
ppo_standalone,-0.0003810833577363146,0.0031245829016937256,0.9954477289716346,cpu,998518.8247360348,test_legacy,0.004729110874649112,True,37,-0.12198000076121956,RY,50000,0.0,0.00816326530612245
ppo_standalone,0.0001328912320042681,0.00208586543305175,0.9977983637288561,cpu,1000516.8984455541,test_legacy,0.0028784121552295483,True,42,0.06370127639930008,RY,50000,0.0,0.006122448979591836
ppo_standalone,-0.00040921003829212156,0.0026775372862404842,0.9956967591912965,cpu,998409.5680167685,test_legacy,0.004303240808703479,True,53,-0.15285296866438855,RY,50000,0.0,0.007142857142857143
ppo_standalone,-0.00010866598505284758,0.002155033934239653,0.9968614941995319,cpu,999577.4763841422,test_legacy,0.00313850580046815,True,67,-0.050423282647345004,RY,50000,0.0,0.00816326530612245
ppo_standalone,-4.225778963323161e-06,0.0022832364253272492,0.9972664809310665,cpu,999983.5665154513,test_legacy,0.002854673381077144,True,89,-0.001850659906231225,RY,50000,0.0,0.006122448979591836
ppo_standalone,0.014971559442640064,0.09361591091761462,0.8669133024323786,cpu,1059493.7402724372,test_legacy,0.13399746986602235,False,7,0.15873975377478902,RYTM,50000,0.0,0.024489795918367346
ppo_standalone,-0.05713633111266817,0.12051844050802084,0.6209898092365985,cpu,795489.8029352195,test_legacy,0.3842129330491941,False,13,-0.48817011535424104,RYTM,50000,0.0,0.04387755102040816
ppo_standalone,0.04657527640576349,0.15364539156568754,0.932523663651428,cpu,1193672.4354731955,test_legacy,0.38201614616610324,False,19,0.2962870829116641,RYTM,50000,-0.009051963149843622,0.05
ppo_standalone,-0.07008682375305153,0.1297062294835671,0.5800474280519069,cpu,753834.4930846791,test_legacy,0.43007641511072836,False,23,-0.5602195625029934,RYTM,50000,-4.00532471811465e-07,0.05
ppo_standalone,0.6984823859535688,0.5461854598334945,0.959530654614887,cpu,7846606.089671284,test_legacy,0.45856354517389064,True,29,0.9698811543029064,RYTM,50000,-0.04742069729989895,0.05
ppo_standalone,-0.07923921849686962,0.1301786209834703,0.5605131836745147,cpu,725388.9555132187,test_legacy,0.4476958812750109,False,37,-0.6341664472373488,RYTM,50000,0.0,0.044897959183673466
ppo_standalone,-0.07858495540715331,0.13015465943390286,0.5597036089016894,cpu,727395.4954185464,test_legacy,0.44150769739375595,False,42,-0.6288257306746302,RYTM,50000,0.0,0.04081632653061224
ppo_standalone,-0.05330098125836866,0.1161135097936769,0.6474368198633063,cpu,808147.8597362392,test_legacy,0.38131900851329315,False,53,-0.47172794591000505,RYTM,50000,-0.0010178264526129687,0.05
ppo_standalone,-0.0049809124933074414,0.03392803046013364,0.9807687101207527,cpu,980768.7101207527,test_legacy,0.07196829783736403,True,67,-0.14717433204378233,RYTM,50000,0.0,0.012244897959183673
ppo_standalone,0.03247689206629381,0.09730634652215653,0.8991576911269475,cpu,1132345.8735806823,test_legacy,0.10711675676988108,False,89,0.3284535288724528,RYTM,50000,0.0,0.02346938775510204
ppo_standalone,-0.0017361442624431178,0.006332187430453516,0.9932652409668844,cpu,993265.2409668844,test_legacy,0.012299916762250396,True,7,-0.2744090514574265,SAP,50000,0.0,0.00510204081632653
ppo_standalone,-0.0017361442624431178,0.006332187430453516,0.9932652409668844,cpu,993265.2409668844,test_legacy,0.012299916762250396,True,13,-0.2744090514574265,SAP,50000,0.0,0.00510204081632653
ppo_standalone,-0.0017361442624431178,0.006332187430453516,0.9932652409668844,cpu,993265.2409668844,test_legacy,0.012299916762250396,True,19,-0.2744090514574265,SAP,50000,0.0,0.00510204081632653
ppo_standalone,-0.0017361442624431178,0.006332187430453516,0.9932652409668844,cpu,993265.2409668844,test_legacy,0.012299916762250396,True,23,-0.2744090514574265,SAP,50000,0.0,0.00510204081632653
ppo_standalone,-0.0017361442624431178,0.006332187430453516,0.9932652409668844,cpu,993265.2409668844,test_legacy,0.012299916762250396,True,29,-0.2744090514574265,SAP,50000,0.0,0.00510204081632653
ppo_standalone,-0.0018910224849913785,0.00670941791097178,0.9926660869794455,cpu,992666.0869794454,test_legacy,0.012594951189672798,True,37,-0.2821061331169091,SAP,50000,0.0,0.00510204081632653
ppo_standalone,-0.0017361442624431178,0.006332187430453516,0.9932652409668844,cpu,993265.2409668844,test_legacy,0.012299916762250396,True,42,-0.2744090514574265,SAP,50000,0.0,0.00510204081632653
ppo_standalone,-0.0017361442624431178,0.006332187430453516,0.9932652409668844,cpu,993265.2409668844,test_legacy,0.012299916762250396,True,53,-0.2744090514574265,SAP,50000,0.0,0.00510204081632653
ppo_standalone,-0.0017928048758012209,0.006340733842963895,0.993046015455773,cpu,993046.015455773,test_legacy,0.012299916762250396,True,67,-0.2829907381200042,SAP,50000,0.0,0.00510204081632653
ppo_standalone,-0.0017361442624431178,0.006332187430453516,0.9932652409668844,cpu,993265.2409668844,test_legacy,0.012299916762250396,True,89,-0.2744090514574265,SAP,50000,0.0,0.00510204081632653
ppo_standalone,-0.0006860781380423921,0.005308844423517758,0.9947090108920555,cpu,997334.5612836522,test_legacy,0.009517365992875448,True,7,-0.12927353319538565,SCHB,50000,0.0,0.004081632653061225
ppo_standalone,-0.0007297465686478554,0.005472951674865334,0.994539982437506,cpu,997165.0866757852,test_legacy,0.009517365992875448,True,13,-0.1333817349314171,SCHB,50000,0.0,0.004081632653061225
ppo_standalone,-0.00080489105158961,0.005313963391385225,0.99424916881291,cpu,996873.5054439619,test_legacy,0.009517365992875448,True,19,-0.15152364391251846,SCHB,50000,0.0,0.00510204081632653
ppo_standalone,-0.0006860781380423921,0.005308844423517758,0.9947090108920555,cpu,997334.5612836522,test_legacy,0.009517365992875448,True,23,-0.12927353319538565,SCHB,50000,0.0,0.004081632653061225
ppo_standalone,-0.0006860781380423921,0.005308844423517758,0.9947090108920555,cpu,997334.5612836522,test_legacy,0.009517365992875448,True,29,-0.12927353319538565,SCHB,50000,0.0,0.004081632653061225
ppo_standalone,-0.001317581411978547,0.007467596949237302,0.9919216058413634,cpu,994885.8159208536,test_legacy,0.010824248080947063,True,37,-0.17655239934730038,SCHB,50000,0.0,0.007142857142857143
ppo_standalone,-0.0006860781380423921,0.005308844423517758,0.9947090108920555,cpu,997334.5612836522,test_legacy,0.009517365992875448,True,42,-0.12927353319538565,SCHB,50000,0.0,0.004081632653061225
ppo_standalone,-0.0016697642319028088,0.006992117153336742,0.9909066037152711,cpu,993522.1175921255,test_legacy,0.010771035335129353,True,53,-0.23900084411040154,SCHB,50000,0.0,0.006122448979591836
ppo_standalone,-0.0006860781380423921,0.005308844423517758,0.9947090108920555,cpu,997334.5612836522,test_legacy,0.009517365992875448,True,67,-0.12927353319538565,SCHB,50000,0.0,0.004081632653061225
ppo_standalone,-0.0006860781380423921,0.005308844423517758,0.9947090108920555,cpu,997334.5612836522,test_legacy,0.009517365992875448,True,89,-0.12927353319538565,SCHB,50000,0.0,0.004081632653061225
ppo_standalone,-0.00023921458414761414,0.0031938764082749737,0.9954947449768532,cpu,999070.042454542,test_legacy,0.00580683213664368,True,7,-0.07490312067128549,SCHD,50000,0.0,0.004081632653061225
ppo_standalone,-0.00013077408239144082,0.003137883205839416,0.9959147243577336,cpu,999491.5301821302,test_legacy,0.00580683213664368,True,13,-0.04167650914579318,SCHD,50000,0.0,0.004081632653061225
ppo_standalone,-8.111382513175217e-05,0.003111917339529916,0.9961070975749018,cpu,999684.5943034759,test_legacy,0.00580683213664368,True,19,-0.02606527373708927,SCHD,50000,0.0,0.00510204081632653
ppo_standalone,-0.00016588654208298708,0.003155307045203036,0.9957787228539013,cpu,999355.0402318886,test_legacy,0.00580683213664368,True,23,-0.05257553521517628,SCHD,50000,0.0,0.004081632653061225
ppo_standalone,-0.00010256500021451851,0.0031127107949046476,0.9960239969235117,cpu,999601.1951979245,test_legacy,0.00580683213664368,True,29,-0.032950388394490014,SCHD,50000,0.0,0.00510204081632653
ppo_standalone,-0.0008923507774655833,0.004488207355401223,0.9925184019755457,cpu,996534.2174504035,test_legacy,0.008075053811793964,True,37,-0.1989029280255073,SCHD,50000,0.0,0.006122448979591836
ppo_standalone,-6.0021070900742356e-05,0.0031115587190178647,0.9961888147459407,cpu,999766.604959937,test_legacy,0.00580683213664368,True,42,-0.01928930660635183,SCHD,50000,0.0,0.004081632653061225
ppo_standalone,-0.0008594887845668732,0.003910435659399112,0.9930950120860556,cpu,996661.6909758564,test_legacy,0.006904987913944449,True,53,-0.21987919684153873,SCHD,50000,0.0,0.006122448979591836
ppo_standalone,-0.00013120558580034664,0.0031380799529020825,0.9959130529267571,cpu,999489.852748246,test_legacy,0.00580683213664368,True,67,-0.04181141290833564,SCHD,50000,0.0,0.004081632653061225
ppo_standalone,-8.427850788729274e-05,0.00316263672703384,0.9960948374472118,cpu,999672.2901438071,test_legacy,0.00580683213664368,True,89,-0.026647963886200002,SCHD,50000,0.0,0.004081632653061225
ppo_standalone,0.0001158332909721839,0.003885451863213514,0.9969483789797741,cpu,1000450.5381727942,test_legacy,0.006190678219739176,True,7,0.02980910711108479,SCHF,50000,0.0,0.003061224489795918
ppo_standalone,8.494181602856476e-05,0.004024770494594572,0.996828631282229,cpu,1000330.3698160568,test_legacy,0.006190678219739176,True,13,0.02110303153644524,SCHF,50000,0.0,0.004081632653061225
ppo_standalone,2.168520476505305e-05,0.0037744381439996423,0.9965834567281722,cpu,1000084.3339934163,test_legacy,0.006190678219739176,True,19,0.005744976293268338,SCHF,50000,0.0,0.004081632653061225
ppo_standalone,0.00011858293695807194,0.003995226521239586,0.9969590382239465,cpu,1000461.2348616034,test_legacy,0.006190678219739176,True,23,0.029678215904984748,SCHF,50000,0.0,0.004081632653061225
ppo_standalone,0.00011548417310227142,0.0037698885514285546,0.9969470255997447,cpu,1000449.1800385042,test_legacy,0.006190678219739176,True,29,0.030630253743893797,SCHF,50000,0.0,0.003061224489795918
ppo_standalone,-0.00017603774435166782,0.0061869605365145845,0.9927547727327365,cpu,999315.5828282993,test_legacy,0.009029376230465957,True,37,-0.028454799851332216,SCHF,50000,0.0,0.00816326530612245
ppo_standalone,-0.0001336973287048206,0.00527787339089726,0.9950747791997142,cpu,999480.166344287,test_legacy,0.0072504503576124035,True,42,-0.02533259812459278,SCHF,50000,0.0,0.00510204081632653
ppo_standalone,-0.0006945119776034787,0.005484029041584953,0.9924400214621197,cpu,997301.8283818908,test_legacy,0.007559978537880263,True,53,-0.12668298201967407,SCHF,50000,0.0,0.007142857142857143
ppo_standalone,0.00011548417310227142,0.0037698885514285546,0.9969470255997447,cpu,1000449.1800385042,test_legacy,0.006190678219739176,True,67,0.030630253743893797,SCHF,50000,0.0,0.003061224489795918
ppo_standalone,0.0001434279228902322,0.0038043134108753677,0.9970553558326869,cpu,1000557.8908224651,test_legacy,0.006190678219739176,True,89,0.0376971186041293,SCHF,50000,0.0,0.003061224489795918
ppo_standalone,-0.0015817193436754079,0.008389545399568345,0.9914789216424938,cpu,993862.908751763,test_legacy,0.01495406047006298,True,7,-0.18868026274332658,SCHG,50000,0.0,0.004081632653061225
ppo_standalone,-0.001673754518890341,0.008561274803642178,0.9911235420271078,cpu,993506.6746346791,test_legacy,0.01495406047006298,True,13,-0.19566312129844754,SCHG,50000,0.0,0.00510204081632653
ppo_standalone,-0.001732811850774811,0.008394743766069801,0.9908955511072538,cpu,993278.1355161674,test_legacy,0.01495406047006298,True,19,-0.20659142896760901,SCHG,50000,0.0,0.00510204081632653
ppo_standalone,-0.0015817193436754079,0.008389545399568345,0.9914789216424938,cpu,993862.908751763,test_legacy,0.01495406047006298,True,23,-0.18868026274332658,SCHG,50000,0.0,0.004081632653061225
ppo_standalone,-0.0015817193436754079,0.008389545399568345,0.9914789216424938,cpu,993862.908751763,test_legacy,0.01495406047006298,True,29,-0.18868026274332658,SCHG,50000,0.0,0.004081632653061225
ppo_standalone,-0.002453345156807502,0.011268435700072939,0.9877990499664915,cpu,990492.9709656492,test_legacy,0.017015369542559444,True,37,-0.2179827795929413,SCHG,50000,0.0,0.007142857142857143
ppo_standalone,-0.0015817193436754079,0.008389545399568345,0.9914789216424938,cpu,993862.908751763,test_legacy,0.01495406047006298,True,42,-0.18868026274332658,SCHG,50000,0.0,0.004081632653061225
ppo_standalone,-0.0031474930182759484,0.010958626254878654,0.9854458073524666,cpu,987815.2879842079,test_legacy,0.016960744312213727,True,53,-0.28766480890036816,SCHG,50000,0.0,0.009183673469387756
ppo_standalone,-0.0015817193436754079,0.008389545399568345,0.9914789216424938,cpu,993862.908751763,test_legacy,0.01495406047006298,True,67,-0.18868026274332658,SCHG,50000,0.0,0.004081632653061225
ppo_standalone,-0.0015817193436754079,0.008389545399568345,0.9914789216424938,cpu,993862.908751763,test_legacy,0.01495406047006298,True,89,-0.18868026274332658,SCHG,50000,0.0,0.004081632653061225
ppo_standalone,-0.0005652382509829618,0.005599600913114663,0.9942044897752924,cpu,997803.6452976378,test_legacy,0.009784781787669505,True,7,-0.10096827236472723,SCHK,50000,0.0,0.004081632653061225
ppo_standalone,-0.0006099357437084843,0.005776787881326406,0.9940315870211064,cpu,997630.1166119569,test_legacy,0.009784781787669505,True,13,-0.10561320185935766,SCHK,50000,0.0,0.004081632653061225
ppo_standalone,-0.000683966614186326,0.005603671765569624,0.9937452634650643,cpu,997342.7565256853,test_legacy,0.009784781787669505,True,19,-0.12209516771807656,SCHK,50000,0.0,0.00510204081632653
ppo_standalone,-0.0005609424785474281,0.0055984555625885855,0.9942211082349622,cpu,997820.3239183928,test_legacy,0.009784781787669505,True,23,-0.10022120382013378,SCHK,50000,0.0,0.004081632653061225
ppo_standalone,-0.0005609424785474281,0.0055984555625885855,0.9942211082349622,cpu,997820.3239183928,test_legacy,0.009784781787669505,True,29,-0.10022120382013378,SCHK,50000,0.0,0.004081632653061225
ppo_standalone,-0.0013971220803637324,0.008011408544828139,0.9905383574339433,cpu,994577.7024809823,test_legacy,0.011126878789324057,True,37,-0.17451004464132025,SCHK,50000,0.0,0.007142857142857143
ppo_standalone,-0.0005609424785474281,0.0055984555625885855,0.9942211082349622,cpu,997820.3239183928,test_legacy,0.009784781787669505,True,42,-0.10022120382013378,SCHK,50000,0.0,0.004081632653061225
ppo_standalone,-0.0015152320875669713,0.007241228542973588,0.9905344458875799,cpu,994120.3153517134,test_legacy,0.011072182064165603,True,53,-0.2094047939059004,SCHK,50000,0.0,0.006122448979591836
ppo_standalone,-0.0005609424785474281,0.0055984555625885855,0.9942211082349622,cpu,997820.3239183928,test_legacy,0.009784781787669505,True,67,-0.10022120382013378,SCHK,50000,0.0,0.004081632653061225
ppo_standalone,-0.0005605774187057975,0.005600670699379161,0.9942225205009082,cpu,997821.7412969336,test_legacy,0.009784781787669505,True,89,-0.1001163500035646,SCHK,50000,0.0,0.004081632653061225
ppo_standalone,6.171394248461643e-05,0.0034585146777766865,0.9964097723876683,cpu,1000240.0200600959,test_legacy,0.005710851024555708,True,7,0.017842690162595723,SCHV,50000,0.0,0.004081632653061225
ppo_standalone,4.2635218439083256e-05,0.0034915344553346247,0.9963358503259966,cpu,1000165.8138384206,test_legacy,0.005710851024555708,True,13,0.012210210673418837,SCHV,50000,0.0,0.004081632653061225
ppo_standalone,1.6224686477728665e-05,0.003459812400547988,0.996233527303935,cpu,1000063.0974816808,test_legacy,0.005710851024555708,True,19,0.004689216810213646,SCHV,50000,0.0,0.00510204081632653
ppo_standalone,3.575878708864541e-05,0.003505404026355567,0.9963092080345614,cpu,1000139.06913272,test_legacy,0.005710851024555708,True,23,0.010200401501819273,SCHV,50000,0.0,0.004081632653061225
ppo_standalone,6.171394248461643e-05,0.0034585146777766865,0.9964097723876683,cpu,1000240.0200600959,test_legacy,0.005710851024555708,True,29,0.017842690162595723,SCHV,50000,0.0,0.004081632653061225
ppo_standalone,-0.00043229640622121274,0.004904937600576579,0.9940190539081517,cpu,998319.8967824877,test_legacy,0.00682550021827677,True,37,-0.08815114786350091,SCHV,50000,0.0,0.006122448979591836
ppo_standalone,6.171394248461643e-05,0.0034585146777766865,0.9964097723876683,cpu,1000240.0200600959,test_legacy,0.005710851024555708,True,42,0.017842690162595723,SCHV,50000,0.0,0.004081632653061225
ppo_standalone,-0.0007413255386063511,0.004618516885535792,0.9933018522874573,cpu,997120.1529637196,test_legacy,0.006698147712542735,True,53,-0.16056560702059264,SCHV,50000,0.0,0.006122448979591836
ppo_standalone,6.171394248461643e-05,0.0034585146777766865,0.9964097723876683,cpu,1000240.0200600959,test_legacy,0.005710851024555708,True,67,0.017842690162595723,SCHV,50000,0.0,0.004081632653061225
ppo_standalone,6.213488696803472e-05,0.0034601072401193676,0.9964114034171024,cpu,1000241.6573592867,test_legacy,0.005710851024555708,True,89,0.017956121564553125,SCHV,50000,0.0,0.004081632653061225
ppo_standalone,0.00011272571593643408,0.01027184539490045,0.9820831796965738,cpu,1000438.4491685784,test_legacy,0.020095907191455042,True,7,0.010973453800669716,SCHW,50000,0.0,0.007142857142857143
ppo_standalone,0.0022855871585158623,0.007230389319823735,0.995377705236882,cpu,1008917.7809334834,test_legacy,0.006495986666608333,True,13,0.3157408203062342,SCHW,50000,0.0,0.00510204081632653
ppo_standalone,0.0031209716231468823,0.007107935162006068,0.9986079182803261,cpu,1012191.9344116935,test_legacy,0.006495986666608333,True,19,0.4383891858381037,SCHW,50000,0.0,0.004081632653061225
ppo_standalone,-0.0007595284456145313,0.009617789747526565,0.980362409963589,cpu,997049.5172358294,test_legacy,0.019637590036410968,True,23,-0.07899990669163472,SCHW,50000,0.0,0.012244897959183673
ppo_standalone,-0.00020291883810117089,0.009934668779311845,0.9828633096847069,cpu,999211.1024532043,test_legacy,0.01713669031529308,True,29,-0.02042707117118327,SCHW,50000,0.0,0.009183673469387756
ppo_standalone,0.0013288276556103072,0.011141240325776763,0.9828481224330652,cpu,1005177.590310604,test_legacy,0.01727562577386177,True,37,0.11919019658640793,SCHW,50000,0.0,0.00816326530612245
ppo_standalone,0.0030793166280418246,0.0072427065988501325,0.9977465754857403,cpu,1012028.4877196554,test_legacy,0.006495986666608333,True,42,0.4244984680873275,SCHW,50000,0.0,0.004081632653061225
ppo_standalone,0.0031209716231468823,0.007107935162006068,0.9986079182803261,cpu,1012191.9344116935,test_legacy,0.006495986666608333,True,53,0.4383891858381037,SCHW,50000,0.0,0.004081632653061225
ppo_standalone,0.001412702726143067,0.007808340735409416,0.9904458657706569,cpu,1005505.0644861477,test_legacy,0.009554134229343147,True,67,0.1807909194295787,SCHW,50000,0.0,0.007142857142857143
ppo_standalone,0.003132174679489233,0.007137898986066878,0.998461047157379,cpu,1012235.8965312826,test_legacy,0.006495986666608333,True,89,0.4381135256840748,SCHW,50000,0.0,0.004081632653061225
ppo_standalone,0.005489024767940488,0.025600117928432906,0.9452621950247517,cpu,1021516.03842032,test_legacy,0.05477733212049818,False,7,0.21382639892304214,SLV,50000,0.0,0.04081632653061224
ppo_standalone,0.003348840817403597,0.02785863028868506,0.9357679601551623,cpu,1013086.3991238737,test_legacy,0.07070467434973038,False,13,0.12000686509992373,SLV,50000,0.0,0.04285714285714286
ppo_standalone,0.012723545047148307,0.022371873439406692,0.9724403167320086,cpu,1050397.1328870684,test_legacy,0.030073518757313344,True,19,0.565137791532594,SLV,50000,0.0,0.024489795918367346
ppo_standalone,0.010624986470038992,0.018590741946673803,0.9771987555666862,cpu,1041957.7811771809,test_legacy,0.02342121491045146,True,23,0.5685005872903381,SLV,50000,0.0,0.02142857142857143
ppo_standalone,0.1990997053904445,0.1627891445918619,0.9457584289388847,cpu,2026093.510487477,test_legacy,0.17779249551831922,False,29,1.1153744502190868,SLV,50000,-0.014278137733120833,0.05
ppo_standalone,0.010301271799115922,0.019340004211377836,0.9730574085440671,cpu,1040660.4613181864,test_legacy,0.027888414920480775,True,37,0.529911526959004,SLV,50000,0.0,0.02142857142857143
ppo_standalone,-0.0023907251564128503,0.03228401870439014,0.9154115910201068,cpu,990734.7931618347,test_legacy,0.0983271736678113,False,42,-0.07414119521898035,SLV,50000,-0.0001667570563863129,0.05
ppo_standalone,0.005078626926076283,0.021532374909002016,0.9551644301321466,cpu,1019895.5631574084,test_legacy,0.047487841994155455,True,53,0.2352614085970401,SLV,50000,0.0,0.04387755102040816
ppo_standalone,0.009513101715030033,0.010861132903944847,0.9960657045421716,cpu,1037506.8060944539,test_legacy,0.0065970143356950395,True,67,0.8717321486737779,SLV,50000,0.0,0.011224489795918367
ppo_standalone,-0.0022076177774945686,0.059550564942081066,0.914774123128486,cpu,991442.157982017,test_legacy,0.1702039162454142,False,89,-0.03711219647825183,SLV,50000,-0.0062293774666103184,0.05
ppo_standalone,0.0023963097788210364,0.0073155050440164,0.9930150706694081,cpu,1009351.287299515,test_legacy,0.009866432839997885,True,7,0.3271669223864544,SNY,50000,0.0,0.009183673469387756
ppo_standalone,0.0020107283536107286,0.007017211297183522,0.9927964830703901,cpu,1007842.2387571933,test_legacy,0.00900711665608711,True,13,0.286248200249948,SNY,50000,0.0,0.01020408163265306
ppo_standalone,0.0033371783696207694,0.006514542919699245,0.9973037171146835,cpu,1013040.6057662993,test_legacy,0.004690830512573241,True,19,0.5114006011088231,SNY,50000,0.0,0.006122448979591836
ppo_standalone,0.0025362819772502764,0.00508505877048113,0.9979899487784144,cpu,1009899.5109867263,test_legacy,0.0031801185194988424,True,23,0.49812442328062095,SNY,50000,0.0,0.00510204081632653
ppo_standalone,0.0026806622693237767,0.005935995599628672,0.9968065550100168,cpu,1010465.2314072737,test_legacy,0.005561712576740874,True,29,0.4509781159519395,SNY,50000,0.0,0.00816326530612245
ppo_standalone,0.0031573659584000664,0.007679544733588283,0.9943571597623597,cpu,1012334.7552731012,test_legacy,0.008522350557064406,True,37,0.41048354983517527,SNY,50000,0.0,0.01020408163265306
ppo_standalone,0.002369348887357875,0.0065652423189246625,0.9934461150959387,cpu,1009245.7160182293,test_legacy,0.00655388490406128,True,42,0.3604572490002283,SNY,50000,0.0,0.01020408163265306
ppo_standalone,0.0024232091565027903,0.006317023606090685,0.9944560064392748,cpu,1009456.625885344,test_legacy,0.005669648272557781,True,53,0.3831261763601231,SNY,50000,0.0,0.00816326530612245
ppo_standalone,0.0015725271639800299,0.0067256812115550025,0.991261599102381,cpu,1006129.287827444,test_legacy,0.008738400897619014,True,67,0.2336201943470719,SNY,50000,0.0,0.012244897959183673
ppo_standalone,0.0030691218785516123,0.006916769278381156,0.9958651423477968,cpu,1011988.488346989,test_legacy,0.007530620492011031,True,89,0.44303218538901723,SNY,50000,0.0,0.01020408163265306
ppo_standalone,-0.018816880875436016,0.03840894782524882,0.9287887151694596,cpu,928788.7151694596,test_legacy,0.08782005216309785,False,7,-0.49457466623454116,SPOT,50000,0.0,0.006122448979591836
ppo_standalone,-0.017969135704315575,0.03826111849756757,0.9319133529522918,cpu,931913.3529522918,test_legacy,0.08782005216309785,False,13,-0.4739136378080777,SPOT,50000,0.0,0.006122448979591836
ppo_standalone,-0.018648085726119965,0.0380674025594773,0.92941024256469,cpu,929410.24256469,test_legacy,0.08782005216309785,False,19,-0.49449328912303003,SPOT,50000,0.0,0.00510204081632653
ppo_standalone,-0.017967294473487477,0.03825982335339318,0.931920147887907,cpu,931920.147887907,test_legacy,0.08782005216309785,False,23,-0.4738806756049133,SPOT,50000,0.0,0.006122448979591836
ppo_standalone,-0.018648085726119965,0.0380674025594773,0.92941024256469,cpu,929410.24256469,test_legacy,0.08782005216309785,False,29,-0.49449328912303003,SPOT,50000,0.0,0.00510204081632653
ppo_standalone,-0.019970309212357977,0.044152498201207396,0.9245498900873701,cpu,924549.8900873701,test_legacy,0.09648284557890752,False,37,-0.4568787576909115,SPOT,50000,0.0,0.007142857142857143
ppo_standalone,-0.018648085726119965,0.0380674025594773,0.92941024256469,cpu,929410.24256469,test_legacy,0.08782005216309785,False,42,-0.49449328912303003,SPOT,50000,0.0,0.00510204081632653
ppo_standalone,-0.01918657210194428,0.04190226416546482,0.9274285389647648,cpu,927428.5389647648,test_legacy,0.09354590283644137,False,53,-0.4623365855145496,SPOT,50000,0.0,0.006122448979591836
ppo_standalone,-0.018648085726119965,0.0380674025594773,0.92941024256469,cpu,929410.24256469,test_legacy,0.08782005216309785,False,67,-0.49449328912303003,SPOT,50000,0.0,0.00510204081632653
ppo_standalone,-0.01914892805063246,0.03919678700522412,0.927566972089231,cpu,927566.972089231,test_legacy,0.08782005216309785,False,89,-0.4932691325626915,SPOT,50000,0.0,0.00816326530612245
ppo_standalone,-0.0005293183966264576,0.00545820725426218,0.9936491321630218,cpu,997943.112883402,test_legacy,0.00940177462630365,True,7,-0.09699945645399788,SPY,50000,0.0,0.004081632653061225
ppo_standalone,-0.0005972322886305267,0.005574185321680258,0.9933865866944672,cpu,997679.4328441588,test_legacy,0.00940177462630365,True,13,-0.10717147985829367,SPY,50000,0.0,0.004081632653061225
ppo_standalone,-0.0006522569160838014,0.0054635523651430885,0.9931739070865697,cpu,997465.8341571756,test_legacy,0.00940177462630365,True,19,-0.1194187824003402,SPY,50000,0.0,0.00510204081632653
ppo_standalone,-0.0005293183966264576,0.00545820725426218,0.9936491321630218,cpu,997943.112883402,test_legacy,0.00940177462630365,True,23,-0.09699945645399788,SPY,50000,0.0,0.004081632653061225
ppo_standalone,-0.0005293183966264576,0.00545820725426218,0.9936491321630218,cpu,997943.112883402,test_legacy,0.00940177462630365,True,29,-0.09699945645399788,SPY,50000,0.0,0.004081632653061225
ppo_standalone,-0.0014396824810318039,0.007615384323221832,0.9896062117188965,cpu,994412.8671093105,test_legacy,0.011508501163231322,True,37,-0.18918149456692607,SPY,50000,0.0,0.007142857142857143
ppo_standalone,-0.0005293183966264576,0.00545820725426218,0.9936491321630218,cpu,997943.112883402,test_legacy,0.00940177462630365,True,42,-0.09699945645399788,SPY,50000,0.0,0.004081632653061225
ppo_standalone,-0.0015293789216482313,0.006824364237643248,0.9897882452982463,cpu,994065.5414835886,test_legacy,0.01059793466313863,True,53,-0.22427202886433645,SPY,50000,0.0,0.006122448979591836
ppo_standalone,-0.0005293183966264576,0.00545820725426218,0.9936491321630218,cpu,997943.112883402,test_legacy,0.00940177462630365,True,67,-0.09699945645399788,SPY,50000,0.0,0.004081632653061225
ppo_standalone,-0.0005305306024238769,0.005476519034741593,0.9936444454956715,cpu,997938.4059629679,test_legacy,0.00940177462630365,True,89,-0.0968965867471618,SPY,50000,0.0,0.004081632653061225
ppo_standalone,-0.001256832722536843,0.008390241920345633,0.9901052228670438,cpu,995121.1833921467,test_legacy,0.014716473379839168,True,7,-0.14988833660426384,SPYG,50000,0.0,0.004081632653061225
ppo_standalone,-0.0013340018942618254,0.008497190929172135,0.9898077492641686,cpu,994822.2027617204,test_legacy,0.014716473379839168,True,13,-0.15709515532107712,SPYG,50000,0.0,0.004081632653061225
ppo_standalone,-0.0014154729753362142,0.008395998587933707,0.9894937646094013,cpu,994506.6274329546,test_legacy,0.014716473379839168,True,19,-0.1687052359028128,SPYG,50000,0.0,0.00510204081632653
ppo_standalone,-0.001256832722536843,0.008390241920345633,0.9901052228670438,cpu,995121.1833921467,test_legacy,0.014716473379839168,True,23,-0.14988833660426384,SPYG,50000,0.0,0.004081632653061225
ppo_standalone,-0.001256832722536843,0.008390241920345633,0.9901052228670438,cpu,995121.1833921467,test_legacy,0.014716473379839168,True,29,-0.14988833660426384,SPYG,50000,0.0,0.004081632653061225
ppo_standalone,-0.0022547874703316992,0.010686444475217386,0.9856568915919107,cpu,991259.900181329,test_legacy,0.016737232636791943,True,37,-0.21123019959696163,SPYG,50000,0.0,0.00510204081632653
ppo_standalone,-0.001256832722536843,0.008390241920345633,0.9901052228670438,cpu,995121.1833921467,test_legacy,0.014716473379839168,True,42,-0.14988833660426384,SPYG,50000,0.0,0.004081632653061225
ppo_standalone,-0.002535216870081976,0.01016256706107958,0.9851858313385479,cpu,990176.8697915875,test_legacy,0.016589357536077154,True,53,-0.24977904773692367,SPYG,50000,0.0,0.006122448979591836
ppo_standalone,-0.0012583154661745734,0.008391673530937028,0.9900995065250563,cpu,995115.4380906656,test_legacy,0.014716473379839168,True,67,-0.15003967767897045,SPYG,50000,0.0,0.004081632653061225
ppo_standalone,-0.0012853738988640095,0.008460784611704382,0.989995193907312,cpu,995010.5970159849,test_legacy,0.014716473379839168,True,89,-0.15201622871499643,SPYG,50000,0.0,0.004081632653061225
ppo_standalone,6.679464791324316e-05,0.002581270896272201,0.9973950849640829,cpu,1000259.7820268141,test_legacy,0.004601000169883074,True,7,0.025874196290364918,SPYV,50000,0.0,0.004081632653061225
ppo_standalone,6.48285421646422e-05,0.0026805204252249256,0.9973874594453757,cpu,1000252.1346062534,test_legacy,0.004601000169883074,True,13,0.024182842021402993,SPYV,50000,0.0,0.004081632653061225
ppo_standalone,7.386955055191617e-05,0.002574964477470469,0.9974225252515416,cpu,1000287.3011276859,test_legacy,0.004601000169883074,True,19,0.02868477193021453,SPYV,50000,0.0,0.00510204081632653
ppo_standalone,6.708883932893478e-05,0.0026732890280166724,0.9973962259858555,cpu,1000260.9263258053,test_legacy,0.004601000169883074,True,23,0.025093659823295825,SPYV,50000,0.0,0.004081632653061225
ppo_standalone,7.355615771734911e-05,0.002574979883293592,0.997421309733267,cpu,1000286.0821182254,test_legacy,0.004601000169883074,True,29,0.028562909889757883,SPYV,50000,0.0,0.00510204081632653
ppo_standalone,-0.0003272600837424835,0.003930057851576672,0.9948214500846022,cpu,998727.9233790083,test_legacy,0.005787762135081476,True,37,-0.083281324822708,SPYV,50000,0.0,0.006122448979591836
ppo_standalone,0.00010549263351182427,0.0025740394102403484,0.9975451834750209,cpu,1000410.3116475197,test_legacy,0.004601000169883074,True,42,0.04097861283028921,SPYV,50000,0.0,0.004081632653061225
ppo_standalone,-0.00046272253343585754,0.0035330601575711677,0.9953429229729405,cpu,998201.725859415,test_legacy,0.005145696665895483,True,53,-0.13099375818365624,SPYV,50000,0.0,0.006122448979591836
ppo_standalone,0.00010549263351182427,0.0025740394102403484,0.9975451834750209,cpu,1000410.3116475197,test_legacy,0.004601000169883074,True,67,0.04097861283028921,SPYV,50000,0.0,0.004081632653061225
ppo_standalone,0.00010549263351182427,0.0025740394102403484,0.9975451834750209,cpu,1000410.3116475197,test_legacy,0.004601000169883074,True,89,0.04097861283028921,SPYV,50000,0.0,0.004081632653061225
ppo_standalone,-0.0006635528269280748,0.005818401366149601,0.9931082989078415,cpu,997421.9890543404,test_legacy,0.010038029689616979,True,7,-0.11407858007012459,SPYX,50000,0.0,0.004081632653061225
ppo_standalone,-0.0007354093703771078,0.00591713851961796,0.9928306271981078,cpu,997143.1112427952,test_legacy,0.010038029689616979,True,13,-0.12432701680999826,SPYX,50000,0.0,0.004081632653061225
ppo_standalone,-0.0007871191647988144,0.005823457499193241,0.9926308432683444,cpu,996942.4595265376,test_legacy,0.010038029689616979,True,19,-0.1352130828527893,SPYX,50000,0.0,0.00510204081632653
ppo_standalone,-0.0006635528269280748,0.005818401366149601,0.9931082989078415,cpu,997421.9890543404,test_legacy,0.010038029689616979,True,23,-0.11407858007012459,SPYX,50000,0.0,0.004081632653061225
ppo_standalone,-0.0006635528269280748,0.005818401366149601,0.9931082989078415,cpu,997421.9890543404,test_legacy,0.010038029689616979,True,29,-0.11407858007012459,SPYX,50000,0.0,0.004081632653061225
ppo_standalone,-0.0015317290673056469,0.007942185822931115,0.9892272272834501,cpu,994056.442380886,test_legacy,0.012061251453691635,True,37,-0.19300388574636926,SPYX,50000,0.0,0.007142857142857143
ppo_standalone,-0.0006635528269280748,0.005818401366149601,0.9931082989078415,cpu,997421.9890543404,test_legacy,0.010038029689616979,True,42,-0.11407858007012459,SPYX,50000,0.0,0.004081632653061225
ppo_standalone,-0.001418689920832301,0.006868425187361706,0.9901931404445837,cpu,994494.168235575,test_legacy,0.011090918624986013,True,53,-0.20669430964900856,SPYX,50000,0.0,0.00510204081632653
ppo_standalone,-0.0006635528269280748,0.005818401366149601,0.9931082989078415,cpu,997421.9890543404,test_legacy,0.010038029689616979,True,67,-0.11407858007012459,SPYX,50000,0.0,0.004081632653061225
ppo_standalone,-0.0006662547602997395,0.005848363222161322,0.9930978569157909,cpu,997411.5017061909,test_legacy,0.010038029689616979,True,89,-0.11395645094051597,SPYX,50000,0.0,0.004081632653061225
ppo_standalone,0.007174326270934682,0.05631623975320058,0.9379652136647046,cpu,1028190.5928206047,test_legacy,0.06711851713671702,False,7,0.1269383947503343,TAN,50000,0.0,0.03775510204081633
ppo_standalone,-0.04657906208713358,0.15113890872940858,0.6986000590303232,cpu,830692.7924388371,test_legacy,0.30951594154793494,False,13,-0.31559527221974804,TAN,50000,-0.01588533142656736,0.05
ppo_standalone,0.017587560167528337,0.07116259106160201,0.9728412588348998,cpu,1070152.9345574926,test_legacy,0.11507369727406491,True,19,0.24499740240821116,TAN,50000,-0.002835402612124138,0.05
ppo_standalone,-0.037798872846548724,0.1740710943521824,0.7227426831253864,cpu,860840.7040087106,test_legacy,0.4041228817985171,False,23,-0.22135635607964238,TAN,50000,-0.01712442013590687,0.05
ppo_standalone,-0.03897380701102646,0.1401923498900405,0.7203532188693629,cpu,856760.0487509381,test_legacy,0.30769946002588067,False,29,-0.28356447001652796,TAN,50000,-0.01501679415921382,0.05
ppo_standalone,-0.03892784276893602,0.13966079109178142,0.7198689356945981,cpu,856919.416200984,test_legacy,0.29461533156212105,False,37,-0.28430128327768706,TAN,50000,-0.01422241913954041,0.05
ppo_standalone,-0.07126989212440947,0.16347526800221204,0.62977706376012,cpu,750111.6837204238,test_legacy,0.3741915885054,False,42,-0.45228266302545506,TAN,50000,-0.0167734643202321,0.05
ppo_standalone,0.016165417824033093,0.07987579535940993,0.9629171788296379,cpu,1064348.4209225073,test_legacy,0.1291854665140414,True,53,0.20076315710325454,TAN,50000,-0.00420230889913773,0.05
ppo_standalone,0.011612603324509613,0.04196478900516891,0.9864398274581674,cpu,1045923.1820311631,test_legacy,0.046690722078696845,True,67,0.2751271038672135,TAN,50000,0.0,0.019387755102040816
ppo_standalone,0.021234973634747623,0.10495502709526844,0.923321576840347,cpu,1085147.4477181637,test_legacy,0.14487327851938725,False,89,0.20020595663225238,TAN,50000,-0.009178551279025449,0.05
ppo_standalone,0.03034471635776745,0.05890775040505665,0.9758028026926086,cpu,1123279.125086822,test_legacy,0.051741006439370296,True,7,0.5074602503598229,TMUS,50000,-0.0023293804890403003,0.05
ppo_standalone,0.09588304859419455,0.13690195555185186,0.8354047024020299,cpu,1427705.364475768,test_legacy,0.18427085762503592,False,13,0.6688024930465152,TMUS,50000,-0.012701752336273308,0.05
ppo_standalone,0.09940939519555855,0.14054631004749846,0.8296204967286593,cpu,1445654.4732903459,test_legacy,0.1908855869111935,False,19,0.6743187713664012,TMUS,50000,-0.013093093391558952,0.05
ppo_standalone,0.10215231213483912,0.14525135473314157,0.8231451220955223,cpu,1459731.4041056451,test_legacy,0.19814030748252742,False,23,0.6696309947436947,TMUS,50000,-0.01363265747032143,0.05
ppo_standalone,0.09970643278257824,0.14142453102276362,0.830283358576974,cpu,1447174.0110152927,test_legacy,0.19014294609743843,False,29,0.6720415300409324,TMUS,50000,-0.013103871578007898,0.05
ppo_standalone,0.027901501608839283,0.05047830590971411,0.9863737011918918,cpu,1112956.1598424257,test_legacy,0.04488556453869352,True,37,0.545170045780168,TMUS,50000,-0.0015883470476073744,0.05
ppo_standalone,0.10192888361744273,0.1446930674037554,0.8242198269297604,cpu,1458580.952638573,test_legacy,0.19693625617881427,False,42,0.6708135363988216,TMUS,50000,-0.013565182784831898,0.05
ppo_standalone,0.03252408011337334,0.08082658249064598,0.952995965242361,cpu,1132547.1463262103,test_legacy,0.08093225244116398,True,53,0.39598735808799745,TMUS,50000,-0.007164003523887352,0.05
ppo_standalone,0.039343723993160724,0.06784932078938381,0.9851618846696906,cpu,1161915.8033960983,test_legacy,0.05562594884750538,True,67,0.5687512949244192,TMUS,50000,-0.004011706132154024,0.05
ppo_standalone,0.09732724294241743,0.13880341709059,0.8367696265306565,cpu,1435036.1776992823,test_legacy,0.1826688081851905,False,89,0.6691286114075947,TMUS,50000,-0.012838107902415262,0.05
ppo_standalone,-0.0034385759686787446,0.012717668338056739,0.9866940341038272,cpu,986694.0341038272,test_legacy,0.022236554824570542,True,7,-0.2708404066123671,TSLA,50000,0.0,0.007142857142857143
ppo_standalone,-0.0025073291639110115,0.009694056285420381,0.9902845339310589,cpu,990284.5339310588,test_legacy,0.01860529491564511,True,13,-0.25896658676916245,TSLA,50000,0.0,0.00510204081632653
ppo_standalone,-0.0022000185448484175,0.009611423796857439,0.9914715227957926,cpu,991471.5227957927,test_legacy,0.01860529491564511,True,19,-0.2291445900118779,TSLA,50000,0.0,0.00510204081632653
ppo_standalone,-0.0032452103394610466,0.009912020008799717,0.9874387745887893,cpu,987438.7745887892,test_legacy,0.01860529491564511,True,23,-0.3279286557715353,TSLA,50000,0.0,0.009183673469387756
ppo_standalone,-0.0024261045662478035,0.009621610607440398,0.990598161670501,cpu,990598.161670501,test_legacy,0.01860529491564511,True,29,-0.25245380944168994,TSLA,50000,0.0,0.006122448979591836
ppo_standalone,-0.0037134313530057827,0.012852097083972249,0.9856361570568695,cpu,985636.1570568695,test_legacy,0.02078393855935412,True,37,-0.28947005920624014,TSLA,50000,0.0,0.006122448979591836
ppo_standalone,-0.0022000185448484175,0.009611423796857439,0.9914715227957926,cpu,991471.5227957927,test_legacy,0.01860529491564511,True,42,-0.2291445900118779,TSLA,50000,0.0,0.00510204081632653
ppo_standalone,-0.0023715130754144447,0.009653547206650785,0.990808994025729,cpu,990808.994025729,test_legacy,0.01860529491564511,True,53,-0.24595006085723198,TSLA,50000,0.0,0.00510204081632653
ppo_standalone,-0.0022000185448484175,0.009611423796857439,0.9914715227957926,cpu,991471.5227957927,test_legacy,0.01860529491564511,True,67,-0.2291445900118779,TSLA,50000,0.0,0.00510204081632653
ppo_standalone,-0.013323739301625564,0.03883070881485824,0.9491743092300967,cpu,949174.3092300968,test_legacy,0.08036078042543515,False,89,-0.34542871538799735,TSLA,50000,0.0,0.017346938775510204
ppo_standalone,-0.00017468665765585275,0.007770377252348918,0.99536645775025,cpu,999320.8343929782,test_legacy,0.013852596447702537,True,7,-0.022482608304624174,TSM,50000,0.0,0.003061224489795918
ppo_standalone,-0.002002880584542922,0.010531109306028045,0.9881368927628842,cpu,992233.5254514053,test_legacy,0.0159725461593061,True,13,-0.19037489335250202,TSM,50000,0.0,0.009183673469387756
ppo_standalone,-0.00017468665765585275,0.007770377252348918,0.99536645775025,cpu,999320.8343929782,test_legacy,0.013852596447702537,True,19,-0.022482608304624174,TSM,50000,0.0,0.003061224489795918
ppo_standalone,-0.00022064074155231562,0.007883676078348972,0.9951885562180206,cpu,999142.226096262,test_legacy,0.013852596447702537,True,23,-0.027989562344207283,TSM,50000,0.0,0.004081632653061225
ppo_standalone,-0.00025249235718108505,0.00777203634665415,0.9950652632740599,cpu,999018.4433359788,test_legacy,0.013852596447702537,True,29,-0.03249072311779582,TSM,50000,0.0,0.004081632653061225
ppo_standalone,-0.0002649897120697711,0.010556656065913292,0.9919133849493905,cpu,998969.8788303916,test_legacy,0.015756926869269883,True,37,-0.025104620360612222,TSM,50000,0.0,0.007142857142857143
ppo_standalone,-0.00017468665765585275,0.007770377252348918,0.99536645775025,cpu,999320.8343929782,test_legacy,0.013852596447702537,True,42,-0.022482608304624174,TSM,50000,0.0,0.003061224489795918
ppo_standalone,-0.000959758624366851,0.009665866915122829,0.9920154891251743,cpu,996272.776509505,test_legacy,0.01569946874759065,True,53,-0.09933963775110115,TSM,50000,0.0,0.00510204081632653
ppo_standalone,-0.00017468665765585275,0.007770377252348918,0.99536645775025,cpu,999320.8343929782,test_legacy,0.013852596447702537,True,67,-0.022482608304624174,TSM,50000,0.0,0.003061224489795918
ppo_standalone,1.9313198690795648e-05,0.007845242840864278,0.9961177476234186,cpu,1000075.1089790667,test_legacy,0.013852596447702537,True,89,0.002461698356904927,TSM,50000,0.0,0.003061224489795918
ppo_standalone,-0.0014289904493064018,0.005180431276097862,0.988644860390112,cpu,994454.2751729782,test_legacy,0.012672128526444504,True,7,-0.2760327345011734,V,50000,0.0,0.00510204081632653
ppo_standalone,-0.0022196371356724893,0.006017029754294186,0.9856041670744444,cpu,991395.7143202344,test_legacy,0.01450424268170214,True,13,-0.36929276550305506,V,50000,0.0,0.007142857142857143
ppo_standalone,-0.001606251283128533,0.005342694727607661,0.9878730736858734,cpu,993767.9454154491,test_legacy,0.013089122430693823,True,19,-0.30087718033152,V,50000,0.0,0.006122448979591836
ppo_standalone,-0.0015269146327783363,0.005257215638284695,0.9882678829720495,cpu,994075.0825831456,test_legacy,0.012672128526444504,True,23,-0.2906548865481924,V,50000,0.0,0.00510204081632653
ppo_standalone,-0.0014503304171978385,0.0051805793643612,0.9885626991000082,cpu,994371.6310916998,test_legacy,0.012672128526444504,True,29,-0.280149880906622,V,50000,0.0,0.006122448979591836
ppo_standalone,-0.0020520295102376043,0.005998325497757022,0.9858612131422603,cpu,992043.508091582,test_legacy,0.014510804409401334,True,37,-0.34244281127057447,V,50000,0.0,0.007142857142857143
ppo_standalone,-0.0015166948568670713,0.005286198062336379,0.9883072209151677,cpu,994114.6516814919,test_legacy,0.012672128526444504,True,42,-0.2871251900155568,V,50000,0.0,0.00510204081632653
ppo_standalone,-0.002372674476502393,0.006182884124257086,0.985016414815627,cpu,990804.5083473504,test_legacy,0.014983585184373038,True,53,-0.3841949310585432,V,50000,0.0,0.007142857142857143
ppo_standalone,-0.00156789113485556,0.005302400410452892,0.9881101679750631,cpu,993916.4408308888,test_legacy,0.012672128526444504,True,67,-0.2959177854357194,V,50000,0.0,0.00510204081632653
ppo_standalone,-0.0020556597172964155,0.006121018198699646,0.9862342246690131,cpu,992029.4742209098,test_legacy,0.014882524068201008,True,89,-0.3361731746466222,V,50000,0.0,0.007142857142857143
ppo_standalone,-0.0005315929163658453,0.005393594594245397,0.9937204434492939,cpu,997934.2810769341,test_legacy,0.009295966341954176,True,7,-0.09858334790691091,VOO,50000,0.0,0.004081632653061225
ppo_standalone,-0.000589645677982707,0.005499950802860678,0.9934959998957784,cpu,997708.8857781895,test_legacy,0.009295966341954176,True,13,-0.10723778903333035,VOO,50000,0.0,0.004081632653061225
ppo_standalone,-0.0006558849130826664,0.005399123732650829,0.9932399518035401,cpu,997451.7519227542,test_legacy,0.009295966341954176,True,19,-0.12151616485994352,VOO,50000,0.0,0.00510204081632653
ppo_standalone,-0.0005315929163658453,0.005393594594245397,0.9937204434492939,cpu,997934.2810769341,test_legacy,0.009295966341954176,True,23,-0.09858334790691091,VOO,50000,0.0,0.004081632653061225
ppo_standalone,-0.0005315929163658453,0.005393594594245397,0.9937204434492939,cpu,997934.2810769341,test_legacy,0.009295966341954176,True,29,-0.09858334790691091,VOO,50000,0.0,0.004081632653061225
ppo_standalone,-0.0014073087653296158,0.007499496424669398,0.9898195954180301,cpu,994538.2478563181,test_legacy,0.011307312852598783,True,37,-0.18778196096793243,VOO,50000,0.0,0.007142857142857143
ppo_standalone,-0.0005315929163658453,0.005393594594245397,0.9937204434492939,cpu,997934.2810769341,test_legacy,0.009295966341954176,True,42,-0.09858334790691091,VOO,50000,0.0,0.004081632653061225
ppo_standalone,-0.001482286573008221,0.006704048739633743,0.9900496112593882,cpu,994247.8828484019,test_legacy,0.010448753192030868,True,53,-0.221261983605811,VOO,50000,0.0,0.006122448979591836
ppo_standalone,-0.0005315929163658453,0.005393594594245397,0.9937204434492939,cpu,997934.2810769341,test_legacy,0.009295966341954176,True,67,-0.09858334790691091,VOO,50000,0.0,0.004081632653061225
ppo_standalone,-0.000532276414132273,0.0054133086270791555,0.9937178006915179,cpu,997931.6271126339,test_legacy,0.009295966341954176,True,89,-0.09835066638602617,VOO,50000,0.0,0.004081632653061225
ppo_standalone,-0.0006085181600652115,0.005336393527184151,0.9947277889309419,cpu,997635.6197403056,test_legacy,0.009490202016056881,True,7,-0.11406304132897545,VTI,50000,0.0,0.004081632653061225
ppo_standalone,-0.0006601084512480747,0.005512572471500489,0.9945281111516686,cpu,997435.3582544093,test_legacy,0.009490202016056881,True,13,-0.119782081298039,VTI,50000,0.0,0.00510204081632653
ppo_standalone,-0.0007219331727832171,0.00533726370758977,0.994288860717859,cpu,997195.4084335007,test_legacy,0.009490202016056881,True,19,-0.13530761307153766,VTI,50000,0.0,0.00510204081632653
ppo_standalone,-0.0006023891897832812,0.005332097206767923,0.9947515127992611,cpu,997659.4129592512,test_legacy,0.009490202016056881,True,23,-0.11300483406822671,VTI,50000,0.0,0.004081632653061225
ppo_standalone,-0.0006023891897832812,0.005332097206767923,0.9947515127992611,cpu,997659.4129592512,test_legacy,0.009490202016056881,True,29,-0.11300483406822671,VTI,50000,0.0,0.004081632653061225
ppo_standalone,-0.0013589798920063715,0.007698883949617909,0.9912076655112818,cpu,994725.4434717493,test_legacy,0.010792795812410105,True,37,-0.1766328875627806,VTI,50000,0.0,0.007142857142857143
ppo_standalone,-0.0006023891897832812,0.005332097206767923,0.9947515127992611,cpu,997659.4129592512,test_legacy,0.009490202016056881,True,42,-0.11300483406822671,VTI,50000,0.0,0.004081632653061225
ppo_standalone,-0.0015683405170187107,0.00701681609895123,0.9910177157738203,cpu,993914.7011386801,test_legacy,0.010739202469833065,True,53,-0.22368209738351777,VTI,50000,0.0,0.006122448979591836
ppo_standalone,-0.0006023891897832812,0.005332097206767923,0.9947515127992611,cpu,997659.4129592512,test_legacy,0.009490202016056881,True,67,-0.11300483406822671,VTI,50000,0.0,0.004081632653061225
ppo_standalone,-0.0006023891897832812,0.005332097206767923,0.9947515127992611,cpu,997659.4129592512,test_legacy,0.009490202016056881,True,89,-0.11300483406822671,VTI,50000,0.0,0.004081632653061225
ppo_standalone,-0.00021535501573884773,0.003077021756988419,0.9954689460365935,cpu,999162.768753978,test_legacy,0.004531053963406473,True,7,-0.06999206182911191,VYM,50000,0.0,0.006122448979591836
ppo_standalone,0.0001766184035999523,0.0028032423530114804,0.9969875668266474,cpu,1000687.0245927148,test_legacy,0.004362025678490644,True,13,0.06299591183233066,VYM,50000,0.0,0.004081632653061225
ppo_standalone,0.00017458423146956832,0.0027857248490512276,0.9969796814034949,cpu,1000679.1099096289,test_legacy,0.004362025678490644,True,19,0.0626619840771472,VYM,50000,0.0,0.00510204081632653
ppo_standalone,0.00017684615295175668,0.0028031083478896584,0.996988449694843,cpu,1000687.9107369129,test_legacy,0.004362025678490644,True,23,0.06308015313908544,VYM,50000,0.0,0.004081632653061225
ppo_standalone,0.00016446849058527824,0.0027862819732377966,0.9969404686463528,cpu,1000639.7516482259,test_legacy,0.004362025678490644,True,29,0.059019725790258666,VYM,50000,0.0,0.00510204081632653
ppo_standalone,-0.00039347262114464284,0.0038732040805381125,0.994315964572736,cpu,998470.6981519656,test_legacy,0.006250956050888212,True,37,-0.10160423113620087,VYM,50000,0.0,0.006122448979591836
ppo_standalone,0.00021350048423307019,0.0027845883342725026,0.9971305474299155,cpu,1000830.5357449293,test_legacy,0.004362025678490644,True,42,0.0766596355665683,VYM,50000,0.0,0.004081632653061225
ppo_standalone,-0.0006022861362122606,0.00358785249064371,0.9939715466127081,cpu,997659.8130261707,test_legacy,0.006028453387291854,True,53,-0.16791128672287006,VYM,50000,0.0,0.006122448979591836
ppo_standalone,0.00021350048423307019,0.0027845883342725026,0.9971305474299155,cpu,1000830.5357449293,test_legacy,0.004362025678490644,True,67,0.0766596355665683,VYM,50000,0.0,0.004081632653061225
ppo_standalone,0.00021036369165815526,0.0027939542980665905,0.9971183864470133,cpu,1000818.3296370485,test_legacy,0.004362025678490644,True,89,0.07528026428113758,VYM,50000,0.0,0.004081632653061225
ppo_standalone,0.00047181755235765975,0.004408430083073162,0.992020668956655,cpu,1001836.0968821693,test_legacy,0.007979331043345028,True,7,0.10699711400674829,VYMI,50000,0.0,0.01020408163265306
ppo_standalone,0.0008293365262598491,0.0030520478325229377,0.9962347220370772,cpu,1003229.0631826473,test_legacy,0.003906328282322624,True,13,0.2716044263934281,VYMI,50000,0.0,0.006122448979591836
ppo_standalone,0.0010277154790435585,0.002189432492568877,0.9995205699871065,cpu,1004002.6081176607,test_legacy,0.002445373508648152,True,19,0.469123059763253,VYMI,50000,0.0,0.004081632653061225
ppo_standalone,0.0010753253622029701,0.002301109302062283,0.999108110999054,cpu,1004188.3206556309,test_legacy,0.002445373508648152,True,23,0.4670240893328367,VYMI,50000,0.0,0.004081632653061225
ppo_standalone,0.0009610300827687349,0.0022084870264890725,0.9992098719695175,cpu,1003742.530355145,test_legacy,0.002445373508648152,True,29,0.43491292328247394,VYMI,50000,0.0,0.004081632653061225
ppo_standalone,0.0012934309614652162,0.004396249611886186,0.9944183677376967,cpu,1005039.4144618278,test_legacy,0.006378184712445778,True,37,0.29401163296856037,VYMI,50000,0.0,0.01020408163265306
ppo_standalone,0.0011852590398240266,0.002855293729132662,0.9977009623119727,cpu,1004617.2379806307,test_legacy,0.00263564468173183,True,42,0.4148404449264166,VYMI,50000,0.0,0.00510204081632653
ppo_standalone,0.001160726599575445,0.0031186685962105664,0.9967387871552005,cpu,1004521.5103978902,test_legacy,0.0032612128447995214,True,53,0.37195181083671347,VYMI,50000,0.0,0.00510204081632653
ppo_standalone,0.0010781662686177437,0.0022449047127579076,0.9993758242314925,cpu,1004199.4030257821,test_legacy,0.002445373508648152,True,67,0.4799799582662985,VYMI,50000,0.0,0.003061224489795918
ppo_standalone,0.0014333535461247462,0.002880241648226911,0.9980468997413161,cpu,1005585.7038212769,test_legacy,0.002445373508648152,True,89,0.49726672681164685,VYMI,50000,0.0,0.00510204081632653
ppo_standalone,0.0010831787606059029,0.005594591934593951,0.9920981535770195,cpu,1004218.9569684209,test_legacy,0.008959180283096613,True,7,0.1935014816128182,XLF,50000,0.0,0.01020408163265306
ppo_standalone,0.0019855378450856355,0.004233452585919125,0.9990664679128988,cpu,1007743.7091200894,test_legacy,0.004434795810427716,True,13,0.4685289024174464,XLF,50000,0.0,0.003061224489795918
ppo_standalone,0.0019041492585652202,0.004204290277625535,0.9991033617043155,cpu,1007425.416383512,test_legacy,0.004434795810427716,True,19,0.45245849198227356,XLF,50000,0.0,0.004081632653061225
ppo_standalone,0.0018366537936944556,0.004278151374949893,0.9982538929207436,cpu,1007161.5132205383,test_legacy,0.004434795810427716,True,23,0.42890046677019733,XLF,50000,0.0,0.004081632653061225
ppo_standalone,0.0015091287034412865,0.005001231247124189,0.9955715405324973,cpu,1005881.6391993365,test_legacy,0.005281352455722144,True,29,0.30151440208424984,XLF,50000,0.0,0.00510204081632653
ppo_standalone,0.0014204548112534488,0.006906464712791111,0.9898717384117792,cpu,1005535.33502065,test_legacy,0.010538103056443093,True,37,0.2055196621484761,XLF,50000,0.0,0.01020408163265306
ppo_standalone,0.002084912158995176,0.004269339037681792,0.999314597715151,cpu,1008132.4413374001,test_legacy,0.004434795810427716,True,42,0.4878189079458445,XLF,50000,0.0,0.003061224489795918
ppo_standalone,0.0019177980066035743,0.005347565810799897,0.9955611966581219,cpu,1007478.7884017266,test_legacy,0.004965836564278625,True,53,0.3582760031482159,XLF,50000,0.0,0.00510204081632653
ppo_standalone,0.0015029267313249215,0.004567040613472095,0.9957804423338723,cpu,1005857.4153348565,test_legacy,0.004434795810427716,True,67,0.3288226217796637,XLF,50000,0.0,0.00510204081632653
ppo_standalone,0.0020265506751622033,0.004197143477407598,0.9995781203271957,cpu,1007904.1295193791,test_legacy,0.004434795810427716,True,89,0.4823336238625987,XLF,50000,0.0,0.003061224489795918
ppo_standalone,-0.0010533288879221588,0.004236510485586307,0.9928536093913432,cpu,995909.9492453692,test_legacy,0.010002047846477402,True,7,-0.24875296401049607,XLI,50000,0.0,0.004081632653061225
ppo_standalone,-0.001390020368284836,0.004514293054213062,0.9915528734627763,cpu,994605.209210839,test_legacy,0.010002047846477402,True,13,-0.3081187715848967,XLI,50000,0.0,0.006122448979591836
ppo_standalone,-0.0010943111255384704,0.004223658035891373,0.9926952155173155,cpu,995751.067781323,test_legacy,0.010002047846477402,True,19,-0.2592229677358889,XLI,50000,0.0,0.00510204081632653
ppo_standalone,-0.0012255472295920064,0.004473517799723404,0.9921881221981326,cpu,995242.4134570669,test_legacy,0.010002047846477402,True,23,-0.27411432508774136,XLI,50000,0.0,0.00510204081632653
ppo_standalone,-0.0010504097361605919,0.004222552300340769,0.9928648924528828,cpu,995921.2670399956,test_legacy,0.010002047846477402,True,29,-0.24888319181561014,XLI,50000,0.0,0.00510204081632653
ppo_standalone,-0.0017668185923113138,0.006014372368050878,0.9897064022645347,cpu,993146.5544913363,test_legacy,0.0120461077977565,True,37,-0.29401814105201834,XLI,50000,0.0,0.006122448979591836
ppo_standalone,-0.0010461701418680027,0.004222528214514551,0.992881279438683,cpu,995937.7044704912,test_legacy,0.010002047846477402,True,42,-0.24787955390360894,XLI,50000,0.0,0.004081632653061225
ppo_standalone,-0.005419801773697946,0.019776502608729412,0.9698094365799292,cpu,979087.4342215647,test_legacy,0.036229967867605795,True,53,-0.2747957345427009,XLI,50000,0.0,0.04693877551020408
ppo_standalone,-0.0010461701418680027,0.004222528214514551,0.992881279438683,cpu,995937.7044704912,test_legacy,0.010002047846477402,True,67,-0.24787955390360894,XLI,50000,0.0,0.004081632653061225
ppo_standalone,-0.0010155188730845192,0.004294942225300246,0.9929997594659454,cpu,996056.5492194263,test_legacy,0.010002047846477402,True,89,-0.23655668836257157,XLI,50000,0.0,0.004081632653061225
ppo_standalone,-0.0012102661651117088,0.006503249410460708,0.9917236622552849,cpu,995301.6309738101,test_legacy,0.012126488223455634,True,7,-0.18620992250385363,XLK,50000,0.0,0.004081632653061225
ppo_standalone,-0.0013039687390690624,0.00671957557957564,0.9913618903735559,cpu,994938.5538812394,test_legacy,0.012126488223455634,True,13,-0.19417726699440038,XLK,50000,0.0,0.004081632653061225
ppo_standalone,-0.0013802602467371222,0.006511788423015353,0.9910674124740418,cpu,994643.0135560186,test_legacy,0.012126488223455634,True,19,-0.21210455915658646,XLK,50000,0.0,0.00510204081632653
ppo_standalone,-0.0012102661651117088,0.006503249410460708,0.9917236622552849,cpu,995301.6309738101,test_legacy,0.012126488223455634,True,23,-0.18620992250385363,XLK,50000,0.0,0.004081632653061225
ppo_standalone,-0.0012102661651117088,0.006503249410460708,0.9917236622552849,cpu,995301.6309738101,test_legacy,0.012126488223455634,True,29,-0.18620992250385363,XLK,50000,0.0,0.004081632653061225
ppo_standalone,-0.0025086633444053657,0.009983894465428,0.986270927693796,cpu,990279.3829545898,test_legacy,0.015504013870794364,True,37,-0.2515827249636999,XLK,50000,0.0,0.00816326530612245
ppo_standalone,-0.0012102661651117088,0.006503249410460708,0.9917236622552849,cpu,995301.6309738101,test_legacy,0.012126488223455634,True,42,-0.18620992250385363,XLK,50000,0.0,0.004081632653061225
ppo_standalone,-0.0017779423349748458,0.007473048693452631,0.9895334498086659,cpu,993103.5166166901,test_legacy,0.01312317803242169,True,53,-0.23812061487548478,XLK,50000,0.0,0.00510204081632653
ppo_standalone,-0.0012102661651117088,0.006503249410460708,0.9917236622552849,cpu,995301.6309738101,test_legacy,0.012126488223455634,True,67,-0.18620992250385363,XLK,50000,0.0,0.004081632653061225
ppo_standalone,-0.0012102661651117088,0.006503249410460708,0.9917236622552849,cpu,995301.6309738101,test_legacy,0.012126488223455634,True,89,-0.18620992250385363,XLK,50000,0.0,0.004081632653061225
ppo_standalone,0.006975789397489801,0.02442730056167777,0.9687810848438081,cpu,1027402.6185579309,test_legacy,0.05078795619561438,True,7,0.28458019533435375,XLU,50000,-0.0005039645878157195,0.05
ppo_standalone,0.04989550492384237,0.09305630670038186,0.9575053347496445,cpu,1208466.8490088913,test_legacy,0.13567348431324966,True,13,0.5232375833731057,XLU,50000,-0.009697510429994694,0.05
ppo_standalone,0.0002218192409863024,0.003846726043852155,0.99422911045237,cpu,1000862.9068117961,test_legacy,0.005770889547630054,True,19,0.057655649936326915,XLU,50000,0.0,0.00510204081632653
ppo_standalone,0.009863447922925749,0.02996407231692716,0.9773062626691347,cpu,1038907.7464630387,test_legacy,0.06918554808099642,True,23,0.3275612718441551,XLU,50000,-0.0006600117731176523,0.05
ppo_standalone,0.00978949231964127,0.017439842144938177,0.9862730352447554,cpu,1038611.9009343903,test_legacy,0.03069050805821394,True,29,0.5585943341126789,XLU,50000,0.0,0.030612244897959183
ppo_standalone,0.0030177779169023498,0.0472162809680691,0.943670387458579,cpu,1011787.0567895103,test_legacy,0.08734761929979296,False,37,0.06381746662174433,XLU,50000,-0.004800888252787239,0.05
ppo_standalone,0.04751638191982668,0.09057997769906177,0.9596498144357046,cpu,1197852.111266944,test_legacy,0.1342334605142943,True,42,0.512496597802857,XLU,50000,-0.009503739246628307,0.05
ppo_standalone,0.0025485105149509316,0.03908593263606608,0.9521423760107511,cpu,1009947.416530765,test_legacy,0.07575149614926391,True,53,0.06511954710767409,XLU,50000,-0.003557041612607836,0.05
ppo_standalone,0.005850904320924295,0.05098137378418925,0.9499460782206575,cpu,1022946.5230663305,test_legacy,0.10030015326294273,False,67,0.11443073528841977,XLU,50000,-0.004997228326763103,0.05
ppo_standalone,0.004942528587143062,0.03877271093064083,0.9532878414172522,cpu,1019358.5943252336,test_legacy,0.07579817584884108,True,89,0.12715990412091116,XLU,50000,-0.0032730607389805043,0.05
