agent,annualized_return,annualized_volatility,bootstrap_paths,capital_preservation_rate_95pct_hwm,device,final_portfolio_value,fold_id,max_drawdown,meets_95pct_preservation_goal,seed,sharpe_ratio,ticker,timesteps,uncertainty_mode,var_95,var_95_violation_rate
ppo_with_uncertainty_guard,0.13829957722672276,0.271392784978447,32,0.9565674121791773,cpu,1654914.5248567609,test_legacy,0.3336051142950892,True,7,0.47729888686170274,AAPL,50000,aleatoric,-0.028202514963618693,0.05
ppo_with_uncertainty_guard,0.0024346675623435235,0.07437184901619191,32,0.9680010135659097,cpu,1009501.4997481164,test_legacy,0.13640822760677518,True,13,0.032696556598229794,AAPL,50000,aleatoric,-0.007525582065067038,0.05
ppo_with_uncertainty_guard,0.1381711360791821,0.2750885501912462,32,0.9565674121730684,cpu,1654188.4558131325,test_legacy,0.3336051205155708,True,19,0.47047626235198386,AAPL,50000,aleatoric,-0.028869291993490708,0.05
ppo_with_uncertainty_guard,-0.0017715234513195955,0.005459387962243493,32,0.9899962140479119,cpu,993128.3511744238,test_legacy,0.010003785952088062,True,23,-0.3247695366841571,AAPL,50000,aleatoric,0.0,0.02346938775510204
ppo_with_uncertainty_guard,-0.0013417771396862454,0.0051350304730108974,32,0.9916546981981952,cpu,994792.0824152586,test_legacy,0.008854990980401212,True,29,-0.26146614499498144,AAPL,50000,aleatoric,0.0,0.0163265306122449
ppo_with_uncertainty_guard,0.13902260268287658,0.24988910623396998,32,0.9568963604819853,cpu,1659006.156704959,test_legacy,0.32997615162144245,True,37,0.5209128475413582,AAPL,50000,aleatoric,-0.02504898504376447,0.05
ppo_with_uncertainty_guard,0.11202181212942834,0.20764696585423342,32,0.9640668404272446,cpu,1511226.3698749696,test_legacy,0.26807668972667353,True,42,0.5113473690772815,AAPL,50000,aleatoric,-0.02185008132141526,0.05
ppo_with_uncertainty_guard,0.03636173898125986,0.09094011199902918,32,0.982583884139485,cpu,1149005.21174178,test_legacy,0.1252857562116102,True,53,0.39274406707394965,AAPL,50000,aleatoric,-0.009756352732538697,0.05
ppo_with_uncertainty_guard,0.0880408434426517,0.1319458105072089,32,0.9659149488324643,cpu,1388382.4172567548,test_legacy,0.19546198969062922,True,67,0.6394942425010102,AAPL,50000,aleatoric,-0.01305991934409798,0.05
ppo_with_uncertainty_guard,0.0960949558480456,0.16918371429251722,32,0.9677145893750447,cpu,1428779.2723825988,test_legacy,0.25398367796425747,True,89,0.5423319709675817,AAPL,50000,aleatoric,-0.015690539062830487,0.05
ppo_with_uncertainty_guard,0.22041104219433535,0.41486444624920255,32,0.9560241204332108,cpu,2169765.111694699,test_legacy,0.4988190936816579,True,7,0.48012705695775665,AMAT,50000,aleatoric,-0.039741836755038215,0.05
ppo_with_uncertainty_guard,0.08673003804627523,0.14627213052694957,32,0.9788845394958752,cpu,1381889.0221725863,test_legacy,0.19519941264683427,True,13,0.5686191324724658,AMAT,50000,aleatoric,-0.01420757656285554,0.05
ppo_with_uncertainty_guard,0.21112263396624067,0.4214476391679136,32,0.9560241204318505,cpu,2106247.280306824,test_legacy,0.49881915567661794,True,19,0.4544992928809062,AMAT,50000,aleatoric,-0.04126795635214071,0.05
ppo_with_uncertainty_guard,0.04702139570201474,0.15882505348914258,32,0.9802837806090618,cpu,1195652.4055623617,test_legacy,0.2516568276091,True,23,0.2893077634130172,AMAT,50000,aleatoric,-0.015676294936676882,0.05
ppo_with_uncertainty_guard,0.007006337735193083,0.03185074674017376,32,0.9922755000599653,cpu,1027523.832838378,test_legacy,0.050273332411070015,True,29,0.21920593118741655,AMAT,50000,aleatoric,-0.00213824163680183,0.05
ppo_with_uncertainty_guard,0.21254611899067277,0.42134028430464937,32,0.9560241204318688,cpu,2115890.829579451,test_legacy,0.49881915380338493,True,37,0.45740299220305736,AMAT,50000,aleatoric,-0.041677536890061706,0.05
ppo_with_uncertainty_guard,0.0014293875069027072,0.04516657495263477,32,0.9867600823869124,cpu,1005570.2164719596,test_legacy,0.079896411386577,True,42,0.03162431258769255,AMAT,50000,aleatoric,-0.00210773625626377,0.05
ppo_with_uncertainty_guard,0.2119013887106312,0.37418308948482776,32,0.9582617958225523,cpu,2111518.9818884414,test_legacy,0.46074612208963595,True,53,0.5136267398292472,AMAT,50000,aleatoric,-0.03627597439586267,0.05
ppo_with_uncertainty_guard,0.09329436796319332,0.20697368263571836,32,0.9744949943040118,cpu,1414634.743103283,test_legacy,0.26678334304221585,True,67,0.4309505657321052,AMAT,50000,aleatoric,-0.020834674359474635,0.05
ppo_with_uncertainty_guard,0.2233936899609357,0.3714118508797294,32,0.9562845933146518,cpu,2190460.1810621615,test_legacy,0.4910374261986288,True,89,0.5428707333069422,AMAT,50000,aleatoric,-0.03322867569789976,0.05
ppo_with_uncertainty_guard,0.11234591021974952,0.31663821906185996,32,0.8197742640211287,cpu,1512939.9367158639,test_legacy,0.4963784643732201,False,7,0.3362549370514472,AMD,50000,aleatoric,-0.027461269028394936,0.05
ppo_with_uncertainty_guard,0.0027762956636927442,0.023473948093734945,32,0.9620878184145111,cpu,1010840.0780904661,test_legacy,0.04128066105266659,True,13,0.11810668206310548,AMD,50000,aleatoric,0.0,0.03469387755102041
ppo_with_uncertainty_guard,0.19099843806506941,0.523041963336558,32,0.815684983025687,cpu,1973377.5847967153,test_legacy,0.6300028387531498,False,19,0.3341833698371182,AMD,50000,aleatoric,-0.05292654392382907,0.05
ppo_with_uncertainty_guard,0.007561515853963898,0.027628827378986403,32,0.9791370847444182,cpu,1029728.603423974,test_legacy,0.04543346166092732,True,23,0.27265100718798646,AMD,50000,aleatoric,0.0,0.02857142857142857
ppo_with_uncertainty_guard,0.006958761966772624,0.024178102758114158,32,0.9777872556531357,cpu,1027335.0591727756,test_legacy,0.04128066105266659,True,29,0.286813901957633,AMD,50000,aleatoric,0.0,0.02346938775510204
ppo_with_uncertainty_guard,0.1870619257661014,0.5262270771702661,32,0.8156849830255847,cpu,1948133.3563432863,test_legacy,0.630002851121376,False,37,0.3258692681466945,AMD,50000,aleatoric,-0.05366507729433616,0.05
ppo_with_uncertainty_guard,0.0022552644368826293,0.02368054889038375,32,0.9601452604668399,cpu,1008799.0841292754,test_legacy,0.041492975840422774,True,42,0.09512913126809813,AMD,50000,aleatoric,-6.92204470889024e-06,0.05
ppo_with_uncertainty_guard,0.027092228460318998,0.17251430812059063,32,0.9265140566164546,cpu,1109552.4439814887,test_legacy,0.3430675973751225,False,53,0.15495355930903246,AMD,50000,aleatoric,-0.016766275664542807,0.05
ppo_with_uncertainty_guard,0.005094629291702624,0.024159266231976364,32,0.9707666670191795,cpu,1019958.7134513585,test_legacy,0.04128066105266659,True,67,0.21034008807902796,AMD,50000,aleatoric,-6.975653875800348e-05,0.05
ppo_with_uncertainty_guard,0.015275181468767326,0.132185212293393,32,0.9436553566081282,cpu,1060726.8195031257,test_legacy,0.19809417493275394,False,89,0.11468508487168846,AMD,50000,aleatoric,-0.012627556343372514,0.05
ppo_with_uncertainty_guard,0.1819682986098129,0.3055799696264452,32,0.9136643332053702,cpu,1915825.7224913754,test_legacy,0.32881180772696095,False,7,0.5470941431568485,AMZN,50000,aleatoric,-0.02905497443937639,0.05
ppo_with_uncertainty_guard,0.15484246192192952,0.2931067642145274,32,0.9146482207588228,cpu,1750427.001707105,test_legacy,0.34225497966698426,False,13,0.49116526014755435,AMZN,50000,aleatoric,-0.028171773887322525,0.05
ppo_with_uncertainty_guard,0.12086842289223591,0.25283535394981915,32,0.9214067465906154,cpu,1558520.3131631282,test_legacy,0.3108398902569687,False,19,0.45129642281362836,AMZN,50000,aleatoric,-0.024430912647263003,0.05
ppo_with_uncertainty_guard,0.002185699423902777,0.03456989708311647,32,0.983299793805977,cpu,1008526.8145016511,test_legacy,0.037083549194833476,True,23,0.06315622597311782,AMZN,50000,aleatoric,0.0,0.017346938775510204
ppo_with_uncertainty_guard,0.16970335615519935,0.24427362025847305,32,0.9210885149082694,cpu,1839665.963488093,test_legacy,0.28401093686217127,False,29,0.6416987347321874,AMZN,50000,aleatoric,-0.022354645419425712,0.05
ppo_with_uncertainty_guard,0.131402681363241,0.32047458033696924,32,0.9198153745831873,cpu,1616260.4564017174,test_legacy,0.4364525526354348,False,37,0.38523527386070466,AMZN,50000,aleatoric,-0.030936260883821908,0.05
ppo_with_uncertainty_guard,0.13083965517204604,0.3112855375338491,32,0.9144732022385329,cpu,1613134.837038606,test_legacy,0.4019857206402193,False,42,0.39500823821269815,AMZN,50000,aleatoric,-0.030242848681577162,0.05
ppo_with_uncertainty_guard,0.08464887068965234,0.26078159634727804,32,0.9341479577199493,cpu,1371625.8297789702,test_legacy,0.40841749709604536,False,53,0.3115874157021503,AMZN,50000,aleatoric,-0.024572578930765497,0.05
ppo_with_uncertainty_guard,0.11029313015538399,0.2684647346352796,32,0.9318498162940387,cpu,1502110.8481508298,test_legacy,0.3624300733779766,False,67,0.38971226503634937,AMZN,50000,aleatoric,-0.02610648036033325,0.05
ppo_with_uncertainty_guard,0.13253100658034325,0.2675867385688369,32,0.9148363505921546,cpu,1622537.8523579156,test_legacy,0.29920368093683447,False,89,0.4651010872671586,AMZN,50000,aleatoric,-0.02550486540938115,0.05
ppo_with_uncertainty_guard,0.6154553067433632,0.4390607588346179,32,0.8476609251365284,cpu,6457076.1205586735,test_legacy,0.41149680042430115,False,7,1.0923696949971635,AVGO,50000,aleatoric,-0.037175586154516174,0.05
ppo_with_uncertainty_guard,0.38503594272483554,0.2760295375609393,32,0.8737173518143939,cpu,3549165.7471058667,test_legacy,0.27068466983030015,False,13,1.1800400286182615,AVGO,50000,aleatoric,-0.02348677303288777,0.05
ppo_with_uncertainty_guard,0.6174928740604392,0.43901352002526167,32,0.8476609251307604,cpu,6488806.085783005,test_legacy,0.41149680132503863,False,19,1.0953584480632947,AVGO,50000,aleatoric,-0.037424383912556265,0.05
ppo_with_uncertainty_guard,0.6129276120932163,0.4402272362900608,32,0.8476609251384167,cpu,6417874.013927209,test_legacy,0.4114968008938521,False,23,1.085918154385501,AVGO,50000,aleatoric,-0.03773557594128274,0.05
ppo_with_uncertainty_guard,0.6140831355030505,0.4401359309673132,32,0.8476609251240068,cpu,6435773.063900117,test_legacy,0.41149680380311904,False,29,1.0877705525576133,AVGO,50000,aleatoric,-0.037702636918671664,0.05
ppo_with_uncertainty_guard,0.5712277601550841,0.4166669574160091,32,0.8481499468392469,cpu,5796318.280206378,test_legacy,0.40813770082087353,False,37,1.0844564139072508,AVGO,50000,aleatoric,-0.0349933594362545,0.05
ppo_with_uncertainty_guard,0.295327939245981,0.2433393945066854,32,0.931272321307607,cpu,2735472.1346434555,test_legacy,0.2498794653007057,False,42,1.06338609804303,AVGO,50000,aleatoric,-0.021466515396135134,0.05
ppo_with_uncertainty_guard,0.2706292973603811,0.23674646111331193,32,0.9023147992634719,cpu,2538153.0567658674,test_legacy,0.2297645990036976,False,53,1.0116819729968634,AVGO,50000,aleatoric,-0.020581373388256184,0.05
ppo_with_uncertainty_guard,0.5324709398542455,0.3826862111664108,32,0.8611622686731905,cpu,5259807.529504228,test_legacy,0.37058681428665363,False,67,1.1154863607304657,AVGO,50000,aleatoric,-0.03338216363187554,0.05
ppo_with_uncertainty_guard,0.6303216329522473,0.4336297698455223,32,0.8476609275943127,cpu,6691249.8080939,test_legacy,0.4114966624692352,False,89,1.12717615634077,AVGO,50000,aleatoric,-0.03641230652583873,0.05
ppo_with_uncertainty_guard,0.24425781351746076,0.26848438429383176,32,0.9751357418856594,cpu,2339353.8022965617,test_legacy,0.28757183544411613,True,7,0.813973184317462,AXP,50000,aleatoric,-0.02500887371076672,0.05
ppo_with_uncertainty_guard,0.23891379380201377,0.25030462085024535,32,0.9757835373954241,cpu,2300522.3377258508,test_legacy,0.2779960376025722,True,13,0.8558966526115633,AXP,50000,aleatoric,-0.02300317491100241,0.05
ppo_with_uncertainty_guard,0.13775406104391769,0.15838687902247478,32,0.9850940796978335,cpu,1651832.3908269973,test_legacy,0.1488762545647393,True,19,0.8148153983514017,AXP,50000,aleatoric,-0.01564391709810069,0.05
ppo_with_uncertainty_guard,0.24235102396831049,0.25638414171742135,32,0.9751358604920141,cpu,2325442.9944067504,test_legacy,0.2875506672246263,True,23,0.8464074094313287,AXP,50000,aleatoric,-0.0230762819381229,0.05
ppo_with_uncertainty_guard,0.21070308679155675,0.24193364367831385,32,0.9781230725792317,cpu,2103411.2539894227,test_legacy,0.2529294031305179,True,29,0.790304010458737,AXP,50000,aleatoric,-0.023257711473870835,0.05
ppo_with_uncertainty_guard,0.21209409378882618,0.2536408789921461,32,0.977087020635226,cpu,2112824.990826689,test_legacy,0.2667886114193715,True,37,0.7583533070553166,AXP,50000,aleatoric,-0.024589487635792207,0.05
ppo_with_uncertainty_guard,0.17664997312422898,0.21815199148348627,32,0.9753928137561991,cpu,1882519.3898121286,test_legacy,0.27692192435227614,True,42,0.7456786231970375,AXP,50000,aleatoric,-0.020522581232415682,0.05
ppo_with_uncertainty_guard,0.23131551280706916,0.27809056111503794,32,0.9751357314701479,cpu,2246137.636414129,test_legacy,0.2875729899021007,True,53,0.7482562545220449,AXP,50000,aleatoric,-0.02718422667347111,0.05
ppo_with_uncertainty_guard,0.22655067187890682,0.254335094577716,32,0.9760800983138995,cpu,2212524.2273678337,test_legacy,0.2734280814051512,True,67,0.8029004843229701,AXP,50000,aleatoric,-0.023604290989988463,0.05
ppo_with_uncertainty_guard,0.2088810364594155,0.21108784833553887,32,0.9776848454621344,cpu,2091127.5812138624,test_legacy,0.26820741200156284,True,89,0.8986544101588037,AXP,50000,aleatoric,-0.01928116951662462,0.05
ppo_with_uncertainty_guard,0.04835350055186381,0.3358426251992186,32,0.8225211084081958,cpu,1201579.083875719,test_legacy,0.4828608109222089,False,7,0.14060399974963442,BA,50000,aleatoric,-0.032648528346236286,0.05
ppo_with_uncertainty_guard,0.043841701760284436,0.2906259400937802,32,0.8809267166240453,cpu,1181593.3995088763,test_legacy,0.4217437994323884,False,13,0.1476393602260698,BA,50000,aleatoric,-0.028575979866327206,0.05
ppo_with_uncertainty_guard,0.05036280777553914,0.35039283463599974,32,0.822077149906155,cpu,1210559.9579545157,test_legacy,0.48314147330787205,False,19,0.1402300748880271,BA,50000,aleatoric,-0.03378278642739492,0.05
ppo_with_uncertainty_guard,0.04596186704764476,0.35033108483941766,32,0.8221005157331845,cpu,1190953.9755768995,test_legacy,0.48312677042934327,False,23,0.1282697727471243,BA,50000,aleatoric,-0.033999197532433544,0.05
ppo_with_uncertainty_guard,0.000968169551816454,0.010733756417059143,32,0.9870048353627707,cpu,1003770.3723969439,test_legacy,0.018329474189677453,True,29,0.09015360782570375,BA,50000,aleatoric,0.0,0.02142857142857143
ppo_with_uncertainty_guard,-0.021711129948235815,0.03837638617505257,32,0.8956487891467909,cpu,918179.6437514996,test_legacy,0.1455493145385537,False,37,-0.5719713552770045,BA,50000,aleatoric,-0.002755760659548656,0.05
ppo_with_uncertainty_guard,-0.005233174372841008,0.016741049969323813,32,0.9610462190213186,cpu,979802.0956137796,test_legacy,0.04629634195871968,True,42,-0.3134131758196727,BA,50000,aleatoric,-0.00016981644102074254,0.05
ppo_with_uncertainty_guard,-0.0032116821587720294,0.012519918117622136,32,0.9710730345286056,cpu,987567.9495887657,test_legacy,0.032186484688394246,True,53,-0.256935377840774,BA,50000,aleatoric,-0.0001231962221466709,0.05
ppo_with_uncertainty_guard,0.056005673008751734,0.2799658608032875,32,0.8952069075763808,cpu,1236048.243254209,test_legacy,0.3941334633471766,False,67,0.19464346967866242,BA,50000,aleatoric,-0.026856613584036904,0.05
ppo_with_uncertainty_guard,-0.05527584257696023,0.06306091493399395,32,0.7811074498980095,cpu,801611.5567214671,test_legacy,0.22117100021362035,False,89,-0.901701916697542,BA,50000,aleatoric,-0.0059784909156001655,0.05
ppo_with_uncertainty_guard,-0.0004955209088774035,0.07309253507609673,32,0.9542403943778247,cpu,998074.3530863317,test_legacy,0.1190279854757953,True,7,-0.006781029594388182,BLK,50000,aleatoric,-0.006734094918373933,0.05
ppo_with_uncertainty_guard,0.13177332970546016,0.2529162232920456,32,0.909451959621194,cpu,1618320.5513787197,test_legacy,0.27908544611312514,False,13,0.48943338488949967,BLK,50000,aleatoric,-0.024053254618012332,0.05
ppo_with_uncertainty_guard,0.1216152982806473,0.26347292896719443,32,0.9094519581275988,cpu,1562562.808173897,test_legacy,0.29550391470888837,False,19,0.43560379504253643,BLK,50000,aleatoric,-0.025093023289644644,0.05
ppo_with_uncertainty_guard,-0.0060177139577840865,0.011139959091991605,32,0.9768004273837815,cpu,976800.4273837815,test_legacy,0.031705492425051496,True,23,-0.5418159354970339,BLK,50000,aleatoric,-2.1822122459180805e-05,0.05
ppo_with_uncertainty_guard,-0.0047924184631633875,0.008433362550662096,32,0.9814914419138117,cpu,981491.4419138116,test_legacy,0.02337872989393086,True,29,-0.5696243305784131,BLK,50000,aleatoric,0.0,0.009183673469387756
ppo_with_uncertainty_guard,0.12576714619199947,0.25804755258065054,32,0.9094519581416941,cpu,1585177.0400614464,test_legacy,0.28580437922350166,False,37,0.4590806497781217,BLK,50000,aleatoric,-0.02422857493027042,0.05
ppo_with_uncertainty_guard,-0.00744763270537751,0.010189008092772203,32,0.9713471004851914,cpu,971347.1004851913,test_legacy,0.029446525332252005,True,42,-0.7336718413215704,BLK,50000,aleatoric,-1.0511537532842385e-06,0.05
ppo_with_uncertainty_guard,-0.0070790440268824585,0.0622119561972094,32,0.9727506298155993,cpu,972750.6298155993,test_legacy,0.15677467224038444,True,53,-0.1141935031051822,BLK,50000,aleatoric,-0.006015721909962401,0.05
ppo_with_uncertainty_guard,0.11542486425695504,0.1853052441555933,32,0.9271878965417124,cpu,1529291.0193814475,test_legacy,0.19898499590308572,False,67,0.5894883516611786,BLK,50000,aleatoric,-0.017141375021725302,0.05
ppo_with_uncertainty_guard,0.0984569385096858,0.1805269062478193,32,0.9229395015945655,cpu,1440790.0392124876,test_legacy,0.19725195454635203,False,89,0.5201791311102817,BLK,50000,aleatoric,-0.016870114060526565,0.05
ppo_with_uncertainty_guard,0.1288712077489063,0.1703768516528489,32,0.9282141585986055,cpu,1602242.3549056926,test_legacy,0.22681420769957783,False,7,0.7114704148241348,BRK-B,50000,aleatoric,-0.016022475224366683,0.05
ppo_with_uncertainty_guard,0.13384045088193108,0.16686791425611458,32,0.9282145947998931,cpu,1629845.5829946713,test_legacy,0.20670210837153802,False,13,0.7527533414660849,BRK-B,50000,aleatoric,-0.015727174767104123,0.05
ppo_with_uncertainty_guard,0.1252884458904017,0.17210075860190469,32,0.928214151770504,cpu,1582557.3393315517,test_legacy,0.23928105347641604,False,19,0.6858731548855989,BRK-B,50000,aleatoric,-0.016324836886493797,0.05
ppo_with_uncertainty_guard,0.1254691363972667,0.1657524681353812,32,0.92823510559576,cpu,1583545.7949941931,test_legacy,0.22062950219223176,False,23,0.7131106220595387,BRK-B,50000,aleatoric,-0.01556657614788044,0.05
ppo_with_uncertainty_guard,0.14010008117657996,0.16249178373288667,32,0.9282141726262488,cpu,1665117.5912931387,test_legacy,0.17498715219414207,False,29,0.8069080045405638,BRK-B,50000,aleatoric,-0.015374712022485682,0.05
ppo_with_uncertainty_guard,0.10320307759590593,0.13539808443906015,32,0.9332585240434683,cpu,1465150.922225302,test_legacy,0.1676993594112045,False,37,0.725399642434515,BRK-B,50000,aleatoric,-0.013265203360417654,0.05
ppo_with_uncertainty_guard,0.12027660142997557,0.16092936200945093,32,0.930544238668952,cpu,1555322.5754526167,test_legacy,0.22109361751297074,False,42,0.7057475834514354,BRK-B,50000,aleatoric,-0.015246869060382551,0.05
ppo_with_uncertainty_guard,0.12831824006187514,0.16971528864966673,32,0.9282143512820116,cpu,1599192.341121699,test_legacy,0.22773009092021768,False,53,0.7113568202130174,BRK-B,50000,aleatoric,-0.016003383355709742,0.05
ppo_with_uncertainty_guard,0.1312956506680361,0.16210517663298443,32,0.9290638978990199,cpu,1615665.933374192,test_legacy,0.18788889944529774,False,67,0.7610086929697337,BRK-B,50000,aleatoric,-0.015238741354530294,0.05
ppo_with_uncertainty_guard,0.13213110857745625,0.16079867639238932,32,0.9285788708816226,cpu,1620310.96631252,test_legacy,0.18966451326604183,False,89,0.7717829128945437,BRK-B,50000,aleatoric,-0.015251524488443913,0.05
ppo_with_uncertainty_guard,0.23745209505385537,0.2821291314498018,32,0.9717834842620026,cpu,2289985.0563836647,test_legacy,0.3239655601651291,True,7,0.755166198790125,C,50000,aleatoric,-0.02431467541258083,0.05
ppo_with_uncertainty_guard,0.23008806843447355,0.2617062508741158,32,0.9723146014747567,cpu,2237442.6487872666,test_legacy,0.3111797905499927,True,13,0.7912903909220315,C,50000,aleatoric,-0.022456749434145884,0.05
ppo_with_uncertainty_guard,0.2513758353576921,0.27573505879516874,32,0.9717834885326422,cpu,2391829.3703805306,test_legacy,0.31312644383285837,True,19,0.8132570670861189,C,50000,aleatoric,-0.023231204797785752,0.05
ppo_with_uncertainty_guard,0.2296937485629044,0.2879326756787841,32,0.9717834842295137,cpu,2234654.6742342915,test_legacy,0.3392270584056809,True,23,0.7181020319824075,C,50000,aleatoric,-0.025296958649489554,0.05
ppo_with_uncertainty_guard,0.1299943550135721,0.16671187145658098,32,0.9817693991355272,cpu,1608450.6181865148,test_legacy,0.24280838380079106,True,29,0.7330762932988634,C,50000,aleatoric,-0.015004381870148187,0.05
ppo_with_uncertainty_guard,0.22145409534975857,0.2670793336740734,32,0.9730990320318087,cpu,2176985.734787233,test_legacy,0.3179523096050053,True,37,0.7489980928174633,C,50000,aleatoric,-0.023230221126072512,0.05
ppo_with_uncertainty_guard,0.21811581056891297,0.27548041739902135,32,0.9730104509855361,cpu,2153938.8387972717,test_legacy,0.3324925457905631,True,42,0.7162219932098981,C,50000,aleatoric,-0.024088443108598322,0.05
ppo_with_uncertainty_guard,0.22759179381571454,0.2701576223655238,32,0.9722339164121228,cpu,2219836.6638734685,test_legacy,0.3137355830238856,True,53,0.7590170387105002,C,50000,aleatoric,-0.02330649983756663,0.05
ppo_with_uncertainty_guard,0.2473274365082233,0.2705158742123153,32,0.9718579673230022,cpu,2361877.690138783,test_legacy,0.3107288682752024,True,67,0.8169689951867019,C,50000,aleatoric,-0.022896319393532847,0.05
ppo_with_uncertainty_guard,0.06521375529404523,0.11376356267918311,32,0.9859036355385868,cpu,1278493.528803084,test_legacy,0.19880086318772616,True,89,0.5553219200932886,C,50000,aleatoric,-0.009407716111127496,0.05
ppo_with_uncertainty_guard,0.3339918140023559,0.2789941510361404,32,0.9248754856696616,cpu,3066950.390098934,test_legacy,0.3404061673510208,False,7,1.032909277865082,CAT,50000,aleatoric,-0.026213633376997336,0.05
ppo_with_uncertainty_guard,0.26369677200455416,0.225321046945824,32,0.9352297910878464,cpu,2484722.264954224,test_legacy,0.277148247876977,False,13,1.0387010430796473,CAT,50000,aleatoric,-0.02101018274979678,0.05
ppo_with_uncertainty_guard,0.33077178621769066,0.29180616643554247,32,0.924873295681525,cpu,3038260.8112149537,test_legacy,0.34047139360408696,False,19,0.9792764572278009,CAT,50000,aleatoric,-0.027271955316963668,0.05
ppo_with_uncertainty_guard,0.17084855712946534,0.1632109323131511,32,0.9392277355720027,cpu,1846680.267724672,test_legacy,0.20778451059724035,False,23,0.9664094971428917,CAT,50000,aleatoric,-0.015343288327627035,0.05
ppo_with_uncertainty_guard,0.09353392010957369,0.08711594228217304,32,0.9813626671971409,cpu,1415840.5291636456,test_legacy,0.11965551305854927,True,29,1.026384093882409,CAT,50000,aleatoric,-0.007816315945645158,0.05
ppo_with_uncertainty_guard,0.32692083246316156,0.2782086833703604,32,0.9249416474158543,cpu,3004212.1912590605,test_legacy,0.3396426700726257,False,37,1.0167221587443087,CAT,50000,aleatoric,-0.026920689759053127,0.05
ppo_with_uncertainty_guard,0.31512576469830306,0.27225146701575026,32,0.9268351603653137,cpu,2901686.95435233,test_legacy,0.3340782783794294,False,42,1.0061732371476935,CAT,50000,aleatoric,-0.02640778587742725,0.05
ppo_with_uncertainty_guard,0.32549686694681146,0.277955598879336,32,0.9249655694674686,cpu,2991694.122318851,test_legacy,0.3390714322626306,False,53,1.0137850191555364,CAT,50000,aleatoric,-0.026329631755252512,0.05
ppo_with_uncertainty_guard,0.32123137407563757,0.27658230708775583,32,0.9252895222629712,cpu,2954428.0244641453,test_legacy,0.3370166873737107,False,67,1.0071649338471373,CAT,50000,aleatoric,-0.02656460363192954,0.05
ppo_with_uncertainty_guard,0.3265198018385466,0.2721152944303739,32,0.924897889570832,cpu,3000682.8059876906,test_legacy,0.3401088593501854,False,89,1.0383784495559996,CAT,50000,aleatoric,-0.025988064916550348,0.05
ppo_with_uncertainty_guard,0.22272750948819767,0.32017975241142815,32,0.9639416313081798,cpu,2185825.232185029,test_legacy,0.39702886195348563,True,7,0.6280344889740361,COPX,50000,aleatoric,-0.031687378454818574,0.05
ppo_with_uncertainty_guard,0.22685925628086526,0.31162872483748566,32,0.963943816984909,cpu,2214689.7357327915,test_legacy,0.3966361722992394,True,13,0.6560927576466189,COPX,50000,aleatoric,-0.03015714655961803,0.05
ppo_with_uncertainty_guard,0.21417736831671186,0.3316992130058445,32,0.9639414283761384,cpu,2126982.1869022762,test_legacy,0.3972159406181567,True,19,0.5850682904328207,COPX,50000,aleatoric,-0.03400993576702751,0.05
ppo_with_uncertainty_guard,0.21229467439917235,0.33120919733736787,32,0.9639414199286549,cpu,2114185.0114109213,test_legacy,0.39722458105902314,True,23,0.5812486430489308,COPX,50000,aleatoric,-0.03368932359334966,0.05
ppo_with_uncertainty_guard,0.22644439875203565,0.2854548568430921,32,0.9640296910723781,cpu,2211778.8139933073,test_legacy,0.39033985417077477,True,29,0.7150662601058623,COPX,50000,aleatoric,-0.026076725046877587,0.05
ppo_with_uncertainty_guard,0.21310576644851106,0.3074192568598064,32,0.9639548111297563,cpu,2119691.188224482,test_legacy,0.395881354332125,True,37,0.6284047475820989,COPX,50000,aleatoric,-0.030054010541286844,0.05
ppo_with_uncertainty_guard,0.20779490749338597,0.3146589949012202,32,0.9639572066633356,cpu,2083830.6503094349,test_legacy,0.39576624340638933,True,42,0.6000025880249933,COPX,50000,aleatoric,-0.03071083369277181,0.05
ppo_with_uncertainty_guard,0.12627426492799282,0.1908025021920866,32,0.9780065508990508,cpu,1587955.7740008654,test_legacy,0.2489884354852111,True,53,0.6232359339768532,COPX,50000,aleatoric,-0.019014812516703828,0.05
ppo_with_uncertainty_guard,0.16152827037957612,0.25544496085347956,32,0.9708096554946994,cpu,1790167.2451193712,test_legacy,0.31383411771702807,True,67,0.5861791867888112,COPX,50000,aleatoric,-0.026263535475321297,0.05
ppo_with_uncertainty_guard,0.012482849184505401,0.08089766246252866,32,0.9406564823724027,cpu,1049426.6057518823,test_legacy,0.16017760503031586,False,89,0.15334876258559965,COPX,50000,aleatoric,-0.007794935417601856,0.05
ppo_with_uncertainty_guard,0.11826498815434403,0.15830935931510873,32,0.8482087938288578,cpu,1544489.8279322053,test_legacy,0.17888349545233273,False,7,0.7060748326054647,COST,50000,aleatoric,-0.01391384269443936,0.05
ppo_with_uncertainty_guard,0.07297550493749044,0.11238097962261069,32,0.8984454563063444,cpu,1315104.7991173237,test_legacy,0.15592025545080557,False,13,0.6267567301294242,COST,50000,aleatoric,-0.009694364429881386,0.05
ppo_with_uncertainty_guard,0.1640394480577258,0.20286746650158688,32,0.8097352282284703,cpu,1805265.3610420595,test_legacy,0.20689748252693685,False,19,0.7487455853749819,COST,50000,aleatoric,-0.017908529025552865,0.05
ppo_with_uncertainty_guard,0.13292643681021937,0.17197905511709552,32,0.837308654810624,cpu,1624742.0937931833,test_legacy,0.20277701713320828,False,23,0.7256926540245323,COST,50000,aleatoric,-0.014958505742464732,0.05
ppo_with_uncertainty_guard,0.16858474122281736,0.18080227436431665,32,0.809317988909518,cpu,1832833.6243374737,test_legacy,0.20731804680257349,False,29,0.8616775286682814,COST,50000,aleatoric,-0.01699538448753337,0.05
ppo_with_uncertainty_guard,0.15585301337094873,0.2109110737226975,32,0.8092110978199006,cpu,1756391.2280221737,test_legacy,0.23767234913689195,False,37,0.6867278210265063,COST,50000,aleatoric,-0.018586505944382558,0.05
ppo_with_uncertainty_guard,0.15932427329636917,0.2239007850410915,32,0.8092098368487863,cpu,1776993.4824178477,test_legacy,0.27216488559298546,False,42,0.6602799875048149,COST,50000,aleatoric,-0.020199708267826553,0.05
ppo_with_uncertainty_guard,0.16147551455547912,0.2188307360336135,32,0.8092119358198487,cpu,1789851.06739009,test_legacy,0.2498378474007764,False,53,0.6840496277979413,COST,50000,aleatoric,-0.019394251649422142,0.05
ppo_with_uncertainty_guard,0.17094357265741064,0.20485457791701656,32,0.809238621718796,cpu,1847263.1247172402,test_legacy,0.20739652955125498,False,67,0.7703502428778926,COST,50000,aleatoric,-0.018053066279283315,0.05
ppo_with_uncertainty_guard,0.10670681592781438,0.14913710558528015,32,0.8564963524892176,cpu,1483330.167134739,test_legacy,0.18987712460736728,False,89,0.679835274639736,COST,50000,aleatoric,-0.013327534797319629,0.05
ppo_with_uncertainty_guard,0.08919764868315315,0.32230030516865626,32,0.7292795871406715,cpu,1394131.7386097468,test_legacy,0.38364226971783233,False,7,0.26509835580683194,CRM,50000,aleatoric,-0.02947272559912193,0.05
ppo_with_uncertainty_guard,-0.010754157560712145,0.019066198005427776,32,0.9588235373908124,cpu,958823.5373908124,test_legacy,0.047929995458973584,True,13,-0.5670932106794173,CRM,50000,aleatoric,-1.289117410658846e-05,0.05
ppo_with_uncertainty_guard,0.08166116565752107,0.343273390778952,32,0.729263467713168,cpu,1356991.2134829562,test_legacy,0.3836560926396596,False,19,0.22867469953667166,CRM,50000,aleatoric,-0.032919682997289534,0.05
ppo_with_uncertainty_guard,-0.014548690319456143,0.021204069317010285,32,0.9445998826853392,cpu,944599.8826853392,test_legacy,0.05736695018503646,False,23,-0.6911621721786401,CRM,50000,aleatoric,-0.0004405467124264816,0.05
ppo_with_uncertainty_guard,-0.010774478144412793,0.018453882772483905,32,0.9587469454136626,cpu,958746.9454136626,test_legacy,0.04250751544646436,True,29,-0.5870228023707165,CRM,50000,aleatoric,0.0,0.02040816326530612
ppo_with_uncertainty_guard,-0.011617308344636423,0.018593955022308813,32,0.9555741666924205,cpu,955574.1666924205,test_legacy,0.045779271252788245,True,37,-0.6284417017649686,CRM,50000,aleatoric,-9.372299195309352e-06,0.05
ppo_with_uncertainty_guard,-0.01101041116359258,0.018450563352034828,32,0.9578580036273859,cpu,957858.003627386,test_legacy,0.04250751544646436,True,42,-0.6000564268820741,CRM,50000,aleatoric,0.0,0.013265306122448979
ppo_with_uncertainty_guard,-0.011656718756217738,0.09773524647429137,32,0.9449086833435204,cpu,955425.9999403905,test_legacy,0.17656711777432454,False,53,-0.11996871454464089,CRM,50000,aleatoric,-0.009690562767781774,0.05
ppo_with_uncertainty_guard,0.07556404250804923,0.34848025487777756,32,0.7292625214198638,cpu,1327486.0239604416,test_legacy,0.3836568958476575,False,67,0.2090367545350405,CRM,50000,aleatoric,-0.03332796961016031,0.05
ppo_with_uncertainty_guard,0.05942949150341461,0.36098528902015015,32,0.729262487150852,cpu,1251706.3311597402,test_legacy,0.4041556026358334,False,89,0.15992486131662217,CRM,50000,aleatoric,-0.03485436654443115,0.05
ppo_with_uncertainty_guard,0.11124572860742095,0.14720912558295451,32,0.994990048847946,cpu,1507128.9319607683,test_legacy,0.16204573838799552,True,7,0.7165421973704513,DIA,50000,aleatoric,-0.014423563071741086,0.05
ppo_with_uncertainty_guard,0.07812959323423348,0.10628257340751283,32,0.9960675377935704,cpu,1339842.5340940736,test_legacy,0.1224401262409982,True,13,0.7078071865115381,DIA,50000,aleatoric,-0.01001547324188694,0.05
ppo_with_uncertainty_guard,0.11023046361316317,0.14876700891267564,32,0.9949900488479052,cpu,1501781.1699812734,test_legacy,0.16857295309443576,True,19,0.7028944645263882,DIA,50000,aleatoric,-0.014423563786104144,0.05
ppo_with_uncertainty_guard,-0.0020074677532677587,0.007701146347955933,32,0.9885792404493579,cpu,992215.7896027084,test_legacy,0.01843474859724281,True,23,-0.26092790677665706,DIA,50000,aleatoric,0.0,0.024489795918367346
ppo_with_uncertainty_guard,0.07455871945760538,0.1023619621063156,32,0.9964483741288961,cpu,1322667.2288558672,test_legacy,0.11608387582537061,True,29,0.7025067786616273,DIA,50000,aleatoric,-0.010059107685924218,0.05
ppo_with_uncertainty_guard,0.020305750708738423,0.05191778808382238,32,0.9980879946365697,cpu,1081312.692182802,test_legacy,0.0938649345613164,True,37,0.3871943942910097,DIA,50000,aleatoric,-0.00530264733356427,0.05
ppo_with_uncertainty_guard,0.08220198371210702,0.112581648142959,32,0.9954433805483066,cpu,1359631.652549525,test_legacy,0.13919803321650126,True,42,0.7016927640883148,DIA,50000,aleatoric,-0.01052787254278913,0.05
ppo_with_uncertainty_guard,0.1129682001535634,0.14562204674802884,32,0.9949900547229695,cpu,1516234.1450487403,test_legacy,0.15954017933130304,True,53,0.7349874988653958,DIA,50000,aleatoric,-0.014422598925952278,0.05
ppo_with_uncertainty_guard,0.10944364044642431,0.1341963057769723,32,0.995129562853795,cpu,1497646.3978545123,test_legacy,0.15297903407402313,True,67,0.7739299631771199,DIA,50000,aleatoric,-0.01330916637631141,0.05
ppo_with_uncertainty_guard,0.08713408298139086,0.10619969324473436,32,0.9953678357381561,cpu,1383888.147051518,test_legacy,0.1457030396112835,True,89,0.7866767267128587,DIA,50000,aleatoric,-0.009351352991694827,0.05
ppo_with_uncertainty_guard,0.02753809065486245,0.06306975090089378,32,0.9909473844338109,cpu,1111426.7343890595,test_legacy,0.11365945514369191,True,7,0.43072422412791533,EEMX,50000,aleatoric,-0.005862813887682794,0.05
ppo_with_uncertainty_guard,0.04183945562603651,0.09846608378700802,32,0.9937508073888628,cpu,1172803.7225287217,test_legacy,0.17553567196925057,True,13,0.41626304722411644,EEMX,50000,aleatoric,-0.00956096232242558,0.05
ppo_with_uncertainty_guard,0.07681899076841887,0.17484453201008598,32,0.987888997977714,cpu,1333519.629280432,test_legacy,0.2678613588226805,True,19,0.42329747465414524,EEMX,50000,aleatoric,-0.017680686679285705,0.05
ppo_with_uncertainty_guard,0.08707231455541443,0.16159704834414523,32,0.9878895138307777,cpu,1383582.3915326982,test_legacy,0.21749727463612367,True,23,0.516643413336239,EEMX,50000,aleatoric,-0.016361467101691486,0.05
ppo_with_uncertainty_guard,0.09521168464152424,0.1500841263482339,32,0.9881664293337133,cpu,1424306.9714267266,test_legacy,0.17385813346363566,True,29,0.605977260280632,EEMX,50000,aleatoric,-0.01447826229705429,0.05
ppo_with_uncertainty_guard,0.07896396292665057,0.1609111664384857,32,0.9883405027444148,cpu,1343879.474103318,test_legacy,0.22766622634756606,True,37,0.47231782502833247,EEMX,50000,aleatoric,-0.016098787536123992,0.05
ppo_with_uncertainty_guard,-0.006847414271767237,0.009002101340153544,32,0.9702694165300549,cpu,973633.4109923993,test_legacy,0.0327835241103126,True,42,-0.7632489306986588,EEMX,50000,aleatoric,-0.00010630651294185611,0.05
ppo_with_uncertainty_guard,-0.0019500762417324546,0.006364657587009583,32,0.9897861145540674,cpu,992437.7053468509,test_legacy,0.010494867535113528,True,53,-0.3066828662598967,EEMX,50000,aleatoric,0.0,0.012244897959183673
ppo_with_uncertainty_guard,0.0715441811011933,0.14774499769879784,32,0.9895158087147123,cpu,1308295.5837875407,test_legacy,0.2216530809338394,True,67,0.4677024255158799,EEMX,50000,aleatoric,-0.014541779933528518,0.05
ppo_with_uncertainty_guard,-0.008110545077609922,0.039109132977148735,32,0.9628580916109102,cpu,968826.6180375862,test_legacy,0.09789982617541748,True,89,-0.20822710200919098,EEMX,50000,aleatoric,-0.003463092857622385,0.05
ppo_with_uncertainty_guard,0.2427001384782922,0.15863803940342633,32,0.9564716980469714,cpu,2327985.319520408,test_legacy,0.18888973962573397,True,7,1.3696987598144765,GLD,50000,aleatoric,-0.015366494630861371,0.05
ppo_with_uncertainty_guard,0.24188768489106727,0.15959781769186407,32,0.9564716980468866,cpu,2322072.0478074728,test_legacy,0.19742065336823744,True,13,1.357364005571913,GLD,50000,aleatoric,-0.015614610537620432,0.05
ppo_with_uncertainty_guard,0.24075616866457877,0.1584849740340329,32,0.9564716980468868,cpu,2313855.1463079797,test_legacy,0.188088026963123,True,19,1.3611434928481516,GLD,50000,aleatoric,-0.015370142110089979,0.05
ppo_with_uncertainty_guard,0.24227890541820074,0.15560829575330826,32,0.9565020795104149,cpu,2324918.069135261,test_legacy,0.17390397805093394,True,23,1.3941885132707366,GLD,50000,aleatoric,-0.014875240493630404,0.05
ppo_with_uncertainty_guard,0.2547615996864048,0.15196503385810622,32,0.9564716990625745,cpu,2417094.500920844,test_legacy,0.12622562839281104,True,29,1.4934051031169355,GLD,50000,aleatoric,-0.014367595620393558,0.05
ppo_with_uncertainty_guard,0.24128707061188298,0.15823418141479112,32,0.9564716980468871,cpu,2317707.7823731024,test_legacy,0.1865823100529237,True,37,1.3660043784505986,GLD,50000,aleatoric,-0.01535805418352405,0.05
ppo_with_uncertainty_guard,0.14963295121972395,0.1007052482456615,32,0.9808182485852126,cpu,1719919.0726054204,test_legacy,0.1300631387252622,True,42,1.384659699444647,GLD,50000,aleatoric,-0.009736166316519057,0.05
ppo_with_uncertainty_guard,0.2403055021459277,0.1586720090349008,32,0.9564716980468866,cpu,2310588.495645371,test_legacy,0.18963592245210215,True,53,1.3572495100030888,GLD,50000,aleatoric,-0.01537014211017027,0.05
ppo_with_uncertainty_guard,0.24044318305327536,0.1537559644201499,32,0.9567519539066891,cpu,2311586.1103120972,test_legacy,0.1619990568182974,True,67,1.4013667684592057,GLD,50000,aleatoric,-0.014631411792195959,0.05
ppo_with_uncertainty_guard,0.1354327397416902,0.07706992515252054,32,0.969228469368007,cpu,1638764.7182031462,test_legacy,0.07516014816653827,True,89,1.6480304722730479,GLD,50000,aleatoric,-0.006352817543112366,0.05
ppo_with_uncertainty_guard,0.2829795801721628,0.2967350414630244,32,0.9700875018841524,cpu,2635448.6632551583,test_legacy,0.3191157529486617,True,7,0.8397560169605219,GOOGL,50000,aleatoric,-0.025562338517075477,0.05
ppo_with_uncertainty_guard,0.22776669826885843,0.26378237997743914,32,0.9731314107299613,cpu,2221066.883984835,test_legacy,0.3206750684292654,True,13,0.7779014772780903,GOOGL,50000,aleatoric,-0.023269236452673515,0.05
ppo_with_uncertainty_guard,0.2689873830488734,0.3042593036255921,32,0.9700895127388001,cpu,2525422.005994081,test_legacy,0.3489155389601797,True,19,0.7829476999362225,GOOGL,50000,aleatoric,-0.02678417980456498,0.05
ppo_with_uncertainty_guard,0.26687413096233453,0.3060005637867487,32,0.9700875150555258,cpu,2509106.1949596596,test_legacy,0.351784573066768,True,23,0.7730457310594899,GOOGL,50000,aleatoric,-0.027197296862199405,0.05
ppo_with_uncertainty_guard,0.27074481662088007,0.22664211286334995,32,0.9701024593740389,cpu,2539050.559767133,test_legacy,0.29681609115831087,True,29,1.0571867138646207,GOOGL,50000,aleatoric,-0.01882685090853666,0.05
ppo_with_uncertainty_guard,0.25793315576394127,0.29401599483399504,32,0.9704329573394864,cpu,2440940.5030678473,test_legacy,0.3444574778015268,True,37,0.7804673952447374,GOOGL,50000,aleatoric,-0.026099981309057083,0.05
ppo_with_uncertainty_guard,0.13304340635681186,0.15124330107792516,32,0.9821481286396069,cpu,1625394.5416806238,test_legacy,0.20717039985323837,True,42,0.8258690488351418,GOOGL,50000,aleatoric,-0.015068726863496007,0.05
ppo_with_uncertainty_guard,0.2633124898406656,0.2988549007402889,32,0.9702650388119907,cpu,2481785.1565884626,test_legacy,0.34710490613172373,True,53,0.7821089992110426,GOOGL,50000,aleatoric,-0.02645389434451815,0.05
ppo_with_uncertainty_guard,0.12053531254395665,0.16875614443480555,32,0.9828426306796607,cpu,1556719.846619171,test_legacy,0.24210729703297196,True,67,0.6743838695545491,GOOGL,50000,aleatoric,-0.01578789178876887,0.05
ppo_with_uncertainty_guard,0.27284651044812924,0.30435111817902066,32,0.9700885579848199,cpu,2555420.434124062,test_legacy,0.3421993216549104,True,89,0.7926884409602601,GOOGL,50000,aleatoric,-0.02688008196353291,0.05
ppo_with_uncertainty_guard,0.3100610839656859,0.2629182871469377,32,0.9793091447053136,cpu,2858470.993760469,test_legacy,0.3089514910086847,True,7,1.0272149760778861,GS,50000,aleatoric,-0.022643928443372017,0.05
ppo_with_uncertainty_guard,0.14522132606927945,0.12608699063370762,32,0.9853013857103464,cpu,1694394.1269079326,test_legacy,0.13461071383520307,True,13,1.075430104271112,GS,50000,aleatoric,-0.011309935835497154,0.05
ppo_with_uncertainty_guard,0.30831184085879393,0.2694412510522143,32,0.9793091056179705,cpu,2843656.724546992,test_legacy,0.3089572718724469,True,19,0.9973880231120905,GS,50000,aleatoric,-0.023294956473775486,0.05
ppo_with_uncertainty_guard,0.3052148403061995,0.2560129788036145,32,0.9793096883802089,cpu,2817568.325526924,test_legacy,0.3088801485375864,True,23,1.0404452613738286,GS,50000,aleatoric,-0.021859547825767222,0.05
ppo_with_uncertainty_guard,0.30792205730406885,0.24217068431443042,32,0.9793131643854486,cpu,2840363.449195605,test_legacy,0.30858587307496843,True,29,1.1084722613632811,GS,50000,aleatoric,-0.02052588207742394,0.05
ppo_with_uncertainty_guard,0.3006134479593555,0.25411445040030534,32,0.9793419668178224,cpu,2779136.1467160187,test_legacy,0.3081760187387417,True,37,1.0343208408808322,GS,50000,aleatoric,-0.02186270473210037,0.05
ppo_with_uncertainty_guard,0.2683566006639355,0.23803042311097644,32,0.9817492906909618,cpu,2520543.690192288,test_legacy,0.2789977673487184,True,42,0.9987038028094296,GS,50000,aleatoric,-0.020426365373902567,0.05
ppo_with_uncertainty_guard,0.30796152247418007,0.2691696687996495,32,0.9793091056467931,cpu,2840696.760845944,test_legacy,0.3089572533948277,True,53,0.9973994410240317,GS,50000,aleatoric,-0.023174976522744115,0.05
ppo_with_uncertainty_guard,0.31731655697632744,0.25747882027809366,32,0.9793094113758213,cpu,2920530.1628142963,test_legacy,0.3089101503032624,True,67,1.0703660434461975,GS,50000,aleatoric,-0.022025198779059084,0.05
ppo_with_uncertainty_guard,0.012966692881769208,0.05435525392420123,32,0.956535521886851,cpu,1051378.22361685,test_legacy,0.09172236222092811,True,89,0.23702046237832924,GS,50000,aleatoric,-0.005093458473946999,0.05
ppo_with_uncertainty_guard,0.3243212265918831,0.21867171077664213,32,0.9859946998413637,cpu,2981388.313894746,test_legacy,0.21833389825847882,True,7,1.2845733059947901,HSBC,50000,aleatoric,-0.020697871232463517,0.05
ppo_with_uncertainty_guard,0.30197874425025406,0.21236854907887057,32,0.9860496478484444,cpu,2790498.6095623104,test_legacy,0.21581116640682585,True,13,1.2425805143158786,HSBC,50000,aleatoric,-0.01984967944941838,0.05
ppo_with_uncertainty_guard,0.29346599092189996,0.20076350527234016,32,0.9861606492290543,cpu,2720212.5090543856,test_legacy,0.21099379079168623,True,19,1.2817330828611029,HSBC,50000,aleatoric,-0.018409158016616977,0.05
ppo_with_uncertainty_guard,0.0502569952067215,0.07444211309243315,32,0.9974050672959045,cpu,1210085.7743143828,test_legacy,0.1116845584083368,True,23,0.658696871422814,HSBC,50000,aleatoric,-0.0063269810536398016,0.05
ppo_with_uncertainty_guard,0.27517068617748336,0.21337658752771274,32,0.9876847311083711,cpu,2573614.3459129496,test_legacy,0.23615802063224745,True,29,1.1392058666570182,HSBC,50000,aleatoric,-0.020805473897151573,0.05
ppo_with_uncertainty_guard,0.3105588336372203,0.2222140109462727,32,0.9859951643245796,cpu,2862696.8731382536,test_legacy,0.22340804693249416,True,37,1.217085468436104,HSBC,50000,aleatoric,-0.021142805843692703,0.05
ppo_with_uncertainty_guard,0.3097914725753272,0.2250836672182506,32,0.9860047258508092,cpu,2856183.937171733,test_legacy,0.2324289880705357,True,42,1.198966394618424,HSBC,50000,aleatoric,-0.021667734248871896,0.05
ppo_with_uncertainty_guard,0.3088626043255406,0.2331478965695523,32,0.9863019976480859,cpu,2848314.951334492,test_legacy,0.2524822343916838,True,53,1.154453202440208,HSBC,50000,aleatoric,-0.022588898304316006,0.05
ppo_with_uncertainty_guard,0.31931773963154647,0.2185829989300888,32,0.986051307970618,cpu,2937821.82139156,test_legacy,0.21995851304488256,True,67,1.2677771792207422,HSBC,50000,aleatoric,-0.02089725906267734,0.05
ppo_with_uncertainty_guard,0.3210168044127959,0.21728735464694487,32,0.9859952403549951,cpu,2952562.5620130077,test_legacy,0.2182892952126506,True,89,1.281259756218218,HSBC,50000,aleatoric,-0.02057507293681917,0.05
ppo_with_uncertainty_guard,0.24425363855573307,0.1584694585932823,32,0.9562925253386934,cpu,2339323.2768897,test_legacy,0.18865310013233605,True,7,1.3790395075037465,IAU,50000,aleatoric,-0.015385533975139686,0.05
ppo_with_uncertainty_guard,0.24353882986706624,0.15939513527720273,32,0.9562925253386383,cpu,2334101.2839912884,test_legacy,0.1967633188522404,True,13,1.36742562809654,IAU,50000,aleatoric,-0.015508945907248339,0.05
ppo_with_uncertainty_guard,0.24241281100489273,0.15828323718312035,32,0.9562925253386382,cpu,2325892.790288942,test_legacy,0.1875028361733948,True,19,1.3713081086247314,IAU,50000,aleatoric,-0.015385533978807597,0.05
ppo_with_uncertainty_guard,0.24201811778188792,0.15369900353739385,32,0.9565116920672745,cpu,2323020.6233213022,test_legacy,0.1698456343371667,True,23,1.410141524341064,IAU,50000,aleatoric,-0.014670600804133382,0.05
ppo_with_uncertainty_guard,0.25288700551502385,0.15394260919287267,32,0.9562925253603255,cpu,2403081.6054887576,test_legacy,0.1443228210160694,True,29,1.4645085034486038,IAU,50000,aleatoric,-0.014767880982300063,0.05
ppo_with_uncertainty_guard,0.24424511423626946,0.15708337785460053,32,0.9562925253405475,cpu,2339260.9518911233,test_legacy,0.17838077499501737,True,37,1.391164324445061,IAU,50000,aleatoric,-0.014990709676148394,0.05
ppo_with_uncertainty_guard,0.17394569620258638,0.1135604353337411,32,0.9740576757419863,cpu,1865749.6311530117,test_legacy,0.13728984439054004,True,42,1.4122017084616243,IAU,50000,aleatoric,-0.01088908455277977,0.05
ppo_with_uncertainty_guard,0.2419699817188371,0.1584005955690491,32,0.9562925253386382,cpu,2322670.5194411115,test_legacy,0.18850197854837725,True,53,1.3680415528890728,IAU,50000,aleatoric,-0.015385533978819943,0.05
ppo_with_uncertainty_guard,0.24152007774072584,0.15177090931360301,32,0.9568264176551429,cpu,2319400.1665038187,test_legacy,0.15417357923701047,True,67,1.4254132936256445,IAU,50000,aleatoric,-0.014392323769911819,0.05
ppo_with_uncertainty_guard,0.1862754278307156,0.10721221887808459,32,0.9580616397180721,cpu,1943118.5661147747,test_legacy,0.09513278696715011,True,89,1.5932722505828618,IAU,50000,aleatoric,-0.008713020640579482,0.05
ppo_with_uncertainty_guard,-0.012588051622431835,0.023583507942392747,32,0.9489834680124296,cpu,951929.5402572615,test_legacy,0.07993556485448883,False,7,-0.5371493987855054,IBB,50000,aleatoric,-0.0022707127285430673,0.05
ppo_with_uncertainty_guard,0.07957787625626575,0.19572193934627086,32,0.9834441043975372,cpu,1346855.542391206,test_legacy,0.24647702450182285,True,13,0.3912185193225811,IBB,50000,aleatoric,-0.01933023801840337,0.05
ppo_with_uncertainty_guard,0.07911745757368158,0.21021599920108278,32,0.9834014993085112,cpu,1344623.1117910463,test_legacy,0.24851004841178503,True,19,0.3622154400607563,IBB,50000,aleatoric,-0.020870239684802172,0.05
ppo_with_uncertainty_guard,-0.004786345275217537,0.011773394189852715,32,0.9808482124558766,cpu,981514.7345651408,test_legacy,0.028650136592591524,True,23,-0.40750965611492374,IBB,50000,aleatoric,-2.538029141874171e-06,0.05
ppo_with_uncertainty_guard,-0.006235038368087602,0.01050773389119977,32,0.9758750185709372,cpu,975970.1483293074,test_legacy,0.024932743648185207,True,29,-0.5952247147169768,IBB,50000,aleatoric,0.0,0.012244897959183673
ppo_with_uncertainty_guard,0.07782969590423351,0.20538007091627677,32,0.9834015008006979,cpu,1338393.7408013444,test_legacy,0.24850938965942226,True,37,0.3649303469668346,IBB,50000,aleatoric,-0.020537445495440565,0.05
ppo_with_uncertainty_guard,0.07932446102231304,0.2046877492991714,32,0.9834033379475199,cpu,1345626.4683694458,test_legacy,0.2483913969459428,True,42,0.37293529992043084,IBB,50000,aleatoric,-0.020253676959935695,0.05
ppo_with_uncertainty_guard,0.029874924887954207,0.10938366819112494,32,0.9914402197408235,cpu,1121288.6820104164,test_legacy,0.12208606648218434,True,53,0.2691198831214403,IBB,50000,aleatoric,-0.010942332840170365,0.05
ppo_with_uncertainty_guard,0.037860235771702715,0.11531697960909501,32,0.9920005417505696,cpu,1155479.6024566998,test_legacy,0.14941426850086081,True,67,0.32225156285942463,IBB,50000,aleatoric,-0.01142898010937161,0.05
ppo_with_uncertainty_guard,0.08117968469162355,0.19519908935085872,32,0.9834015440209551,cpu,1354643.6831784085,test_legacy,0.248501502550463,True,89,0.39986191756166106,IBB,50000,aleatoric,-0.019689817106482276,0.05
ppo_with_uncertainty_guard,0.23991598823047103,0.19875904915860865,32,0.9743863331504623,cpu,2307767.870085284,test_legacy,0.17316493759645235,True,7,1.0819303828121416,IBM,50000,aleatoric,-0.01630170323053974,0.05
ppo_with_uncertainty_guard,0.12634291262494438,0.11717198253998407,32,0.9864294718864197,cpu,1588332.2037896472,test_legacy,0.09659185220826305,True,13,1.0153951491292186,IBM,50000,aleatoric,-0.010161271831486029,0.05
ppo_with_uncertainty_guard,0.2899355238189314,0.2334645782774043,32,0.9706647283949307,cpu,2691452.2455687085,test_legacy,0.19819071193821725,True,19,1.090495459124658,IBM,50000,aleatoric,-0.019727806544532277,0.05
ppo_with_uncertainty_guard,0.18738919167027102,0.1659000676658115,32,0.9819477548435781,cpu,1950222.8667837074,test_legacy,0.16695542155857035,True,23,1.0353026274342487,IBM,50000,aleatoric,-0.01278269134579535,0.05
ppo_with_uncertainty_guard,0.28227381669617146,0.22520849477075525,32,0.9706649749784587,cpu,2629815.2134430357,test_legacy,0.19818853723622576,True,29,1.1040202824234904,IBM,50000,aleatoric,-0.01885556922895093,0.05
ppo_with_uncertainty_guard,0.23509511593146135,0.19594920795695026,32,0.9767838969933882,cpu,2273069.3372470103,test_legacy,0.16950487452189456,True,37,1.0775640034801552,IBM,50000,aleatoric,-0.017321141454671184,0.05
ppo_with_uncertainty_guard,0.19576436682885678,0.16762512264931068,32,0.977615054583806,cpu,2004264.9898643922,test_legacy,0.15414388928947376,True,42,1.0665790800113912,IBM,50000,aleatoric,-0.01423219603343231,0.05
ppo_with_uncertainty_guard,0.29156399898567553,0.2308079799638216,32,0.9706648054632123,cpu,2704690.0880455584,test_legacy,0.1981894596845587,True,53,1.108513277534657,IBM,50000,aleatoric,-0.01952943967445817,0.05
ppo_with_uncertainty_guard,0.25492503552521295,0.20777101672658926,32,0.9730127355810918,cpu,2418319.080324147,test_legacy,0.18024663728922885,True,67,1.0929130936231013,IBM,50000,aleatoric,-0.017526469068214645,0.05
ppo_with_uncertainty_guard,0.24538045179390267,0.2029768912762845,32,0.9723644100963628,cpu,2347572.762228088,test_legacy,0.17671544279073248,True,89,1.0811127020644327,IBM,50000,aleatoric,-0.01740585122312277,0.05
ppo_with_uncertainty_guard,0.057248902128869926,0.2146601263810237,32,0.981182305847,cpu,1241716.9544570902,test_legacy,0.2802411967509201,True,7,0.25934074817667846,IJR,50000,aleatoric,-0.020894461731596082,0.05
ppo_with_uncertainty_guard,0.013917269975623349,0.07197971601758577,32,0.9933179549162097,cpu,1055220.2940121419,test_legacy,0.0912822015517244,True,13,0.19201636694777924,IJR,50000,aleatoric,-0.006915290735239932,0.05
ppo_with_uncertainty_guard,0.05945265125566205,0.21253118706589533,32,0.9811823058470678,cpu,1251812.7463309632,test_legacy,0.2802411963215551,True,19,0.27173595405631545,IJR,50000,aleatoric,-0.020830137252597147,0.05
ppo_with_uncertainty_guard,0.00027747962192295055,0.0069954591371094495,32,0.9990316166636368,cpu,1001079.5199966003,test_legacy,0.008483117894460435,True,23,0.039659274740990805,IJR,50000,aleatoric,0.0,0.015306122448979591
ppo_with_uncertainty_guard,-0.0011075379848681246,0.0065073638470988515,32,0.9936628953668389,cpu,995699.7934202357,test_legacy,0.008483117894460435,True,29,-0.17028780808551183,IJR,50000,aleatoric,0.0,0.017346938775510204
ppo_with_uncertainty_guard,0.06005857149910186,0.20528000522188775,32,0.9811823496913974,cpu,1254599.2368379047,test_legacy,0.28023279823328373,True,37,0.2841198175291095,IJR,50000,aleatoric,-0.019662812972073063,0.05
ppo_with_uncertainty_guard,-0.0011847390203171735,0.006505763872403257,32,0.9933642742509112,cpu,995400.5601643432,test_legacy,0.008483117894460435,True,42,-0.1822095724287295,IJR,50000,aleatoric,0.0,0.011224489795918367
ppo_with_uncertainty_guard,0.0591343392097908,0.20819370004327728,32,0.9811944140952837,cpu,1250350.7444056068,test_legacy,0.2797014683880331,True,53,0.2759539291222873,IJR,50000,aleatoric,-0.020102502760118136,0.05
ppo_with_uncertainty_guard,0.06775004773798946,0.20303409916825074,32,0.9811823217632469,cpu,1290372.5305774992,test_legacy,0.2802364936653291,True,67,0.32287002263617376,IJR,50000,aleatoric,-0.018960361101082856,0.05
ppo_with_uncertainty_guard,-6.272955120126027e-05,0.007087886258685113,32,0.9971760055443383,cpu,999756.0738484473,test_legacy,0.009687450159763245,True,89,-0.008850327382025742,IJR,50000,aleatoric,-7.952929705190569e-06,0.05
ppo_with_uncertainty_guard,0.04432286475591798,0.08723746644589214,32,0.9845620791903661,cpu,1183712.9331735498,test_legacy,0.09851061889024826,True,7,0.49713296280506775,JNJ,50000,aleatoric,-0.0082476732142851,0.05
ppo_with_uncertainty_guard,0.07534250602586297,0.1501242217164557,32,0.9715098725896146,cpu,1326423.019073988,test_legacy,0.15587747454233158,True,13,0.48386025552581996,JNJ,50000,aleatoric,-0.013878845286829833,0.05
ppo_with_uncertainty_guard,0.08081376974181838,0.16834185198000204,32,0.969136614884436,cpu,1352861.630357653,test_legacy,0.17746755790296553,True,19,0.46164500216928084,JNJ,50000,aleatoric,-0.015804206767353345,0.05
ppo_with_uncertainty_guard,0.0819000221747077,0.1690913610869849,32,0.969136614884436,cpu,1358156.9138986792,test_legacy,0.17871266975890154,True,23,0.4655394622134235,JNJ,50000,aleatoric,-0.01579538002819412,0.05
ppo_with_uncertainty_guard,0.07849897036060689,0.16554969989294657,32,0.9691366148844363,cpu,1341628.5825763657,test_legacy,0.17421201129153963,True,29,0.45648019740130263,JNJ,50000,aleatoric,-0.0154133300963891,0.05
ppo_with_uncertainty_guard,0.0782513585715841,0.16342729490025965,32,0.9691366150467386,cpu,1340431.1105068617,test_legacy,0.17291156805637187,True,37,0.4610034290004015,JNJ,50000,aleatoric,-0.015268366843991021,0.05
ppo_with_uncertainty_guard,0.08143527963711006,0.1627729106032016,32,0.9691843526914777,cpu,1355889.4974215103,test_legacy,0.16663770725162785,True,42,0.4809709725773939,JNJ,50000,aleatoric,-0.015157140063502262,0.05
ppo_with_uncertainty_guard,0.08251299482930825,0.16552615424112352,32,0.9691366865028419,cpu,1361151.8313310742,test_legacy,0.1724820977316961,True,53,0.4789884088719999,JNJ,50000,aleatoric,-0.015303050324593758,0.05
ppo_with_uncertainty_guard,0.034518666870513304,0.0843076447545886,32,0.9843524421334824,cpu,1141079.0544425193,test_legacy,0.09225536436423776,True,67,0.40252812874616795,JNJ,50000,aleatoric,-0.0081418697109072,0.05
ppo_with_uncertainty_guard,0.055877131490506736,0.11616051677022575,32,0.9763647656593898,cpu,1235463.235301124,test_legacy,0.13170220835044366,True,89,0.46807429035824827,JNJ,50000,aleatoric,-0.011316804441383254,0.05
ppo_with_uncertainty_guard,0.2765860432142872,0.22995652781946982,32,0.9835343311966726,cpu,2584740.956743485,test_legacy,0.24665423562246303,True,7,1.061892848819078,JPM,50000,aleatoric,-0.02004698259695008,0.05
ppo_with_uncertainty_guard,0.21029656093293847,0.1834808168084972,32,0.9860062727697054,cpu,2100665.9552531242,test_legacy,0.221041073130117,True,13,1.0402463834893494,JPM,50000,aleatoric,-0.016456554745307807,0.05
ppo_with_uncertainty_guard,0.2594844151772807,0.2428282484343288,32,0.9835343261630903,cpu,2452667.399730135,test_legacy,0.2975271072131265,True,19,0.9500636502810732,JPM,50000,aleatoric,-0.023466615168903627,0.05
ppo_with_uncertainty_guard,0.2149961958782305,0.1859203976665044,32,0.985073791965866,cpu,2132565.895353003,test_legacy,0.21558157270096523,True,23,1.0474417115667496,JPM,50000,aleatoric,-0.01617010278948916,0.05
ppo_with_uncertainty_guard,0.28192355560148397,0.22203744258950595,32,0.9835361815715561,cpu,2627022.7304581604,test_legacy,0.24408380117642203,True,29,1.1185570651627728,JPM,50000,aleatoric,-0.018962242819258356,0.05
ppo_with_uncertainty_guard,0.2646821022239466,0.22659160485683708,32,0.9835899865922312,cpu,2492265.044371719,test_legacy,0.24583979620594443,True,37,1.0363165204030647,JPM,50000,aleatoric,-0.020643470777491665,0.05
ppo_with_uncertainty_guard,0.26785460909470044,0.2298595207007064,32,0.9835352442040167,cpu,2516666.4158926965,test_legacy,0.2530701841902536,True,42,1.0324828974610458,JPM,50000,aleatoric,-0.02088493735433321,0.05
ppo_with_uncertainty_guard,0.2632935935870666,0.24197853882014017,32,0.9835343261630912,cpu,2481640.7971269437,test_legacy,0.28845796929164014,True,53,0.9658795423714416,JPM,50000,aleatoric,-0.02343501930838556,0.05
ppo_with_uncertainty_guard,0.2865306529810117,0.22360302359753842,32,0.9835347350208952,cpu,2663929.699295311,test_legacy,0.24416978957840374,True,67,1.1267692009699863,JPM,50000,aleatoric,-0.018863718731355304,0.05
ppo_with_uncertainty_guard,0.24345598276283423,0.19293978979277493,32,0.9843321130557094,cpu,2333496.6098152604,test_legacy,0.23308144522635366,True,89,1.1293388820068875,JPM,50000,aleatoric,-0.01656656658391791,0.05
ppo_with_uncertainty_guard,0.3122828051927323,0.2628065640173914,32,0.9720776534841087,cpu,2877369.21950954,test_legacy,0.32748781384110337,True,7,1.034099193412705,LLY,50000,aleatoric,-0.022997945334752058,0.05
ppo_with_uncertainty_guard,0.2768219834315965,0.1883977592178811,32,0.9790083824980979,cpu,2586599.2334434283,test_legacy,0.20228218682028365,True,13,1.297117122139143,LLY,50000,aleatoric,-0.016858434136109234,0.05
ppo_with_uncertainty_guard,0.45809091507985955,0.3176978843186158,32,0.9718813252617173,cpu,4334511.172578322,test_legacy,0.3447499966177291,True,19,1.1870642451160853,LLY,50000,aleatoric,-0.028841081723944395,0.05
ppo_with_uncertainty_guard,0.42237703056756615,0.3024727716869655,32,0.9725802247560076,cpu,3936019.895310913,test_legacy,0.336269091848426,True,23,1.164829648657235,LLY,50000,aleatoric,-0.026584886735927515,0.05
ppo_with_uncertainty_guard,0.44181130513233036,0.31350864343658763,32,0.9718813252621962,cpu,4149322.7198517774,test_legacy,0.3447499929627391,True,29,1.1671129212209006,LLY,50000,aleatoric,-0.027202815234115007,0.05
ppo_with_uncertainty_guard,0.4531708905654865,0.31648532445910516,32,0.971881325261718,cpu,4277909.283846023,test_legacy,0.3447499965693058,True,37,1.1809324905370329,LLY,50000,aleatoric,-0.028393756673310833,0.05
ppo_with_uncertainty_guard,0.4537114023374754,0.3162215936414694,32,0.9718813252647672,cpu,4284100.541768368,test_legacy,0.3447499846810732,True,42,1.1830934186595854,LLY,50000,aleatoric,-0.02837931363576285,0.05
ppo_with_uncertainty_guard,0.4029120686208675,0.2785937019197771,32,0.9732626837012243,cpu,3730654.9972720733,test_legacy,0.30590137412143004,True,53,1.2152102868361987,LLY,50000,aleatoric,-0.025136669962551216,0.05
ppo_with_uncertainty_guard,0.411001619928757,0.2872556205494481,32,0.9739176082974793,cpu,3815011.7630713475,test_legacy,0.31882943906911576,True,67,1.1985827466622052,LLY,50000,aleatoric,-0.025746991126176955,0.05
ppo_with_uncertainty_guard,0.44140977544787646,0.31108053770194344,32,0.9718817458610045,cpu,4144830.74542727,test_legacy,0.34471762055808175,True,89,1.1753273333031038,LLY,50000,aleatoric,-0.027176371830792957,0.05
ppo_with_uncertainty_guard,0.1361895333978083,0.19020774995098705,32,0.9661130701265795,cpu,1643016.5522448486,test_legacy,0.1867558280419066,True,7,0.6712662477459473,MA,50000,aleatoric,-0.01885927628752624,0.05
ppo_with_uncertainty_guard,0.12700867832256316,0.20101183909143655,32,0.9675424761089176,cpu,1591986.371176833,test_legacy,0.2110160352960916,True,13,0.5948248696089348,MA,50000,aleatoric,-0.019568286873564843,0.05
ppo_with_uncertainty_guard,0.13024246274671458,0.21421558928438558,32,0.9661127885370517,cpu,1609824.4546136453,test_legacy,0.23428226935951946,True,19,0.5715367783941752,MA,50000,aleatoric,-0.02084211537313676,0.05
ppo_with_uncertainty_guard,-0.007794544893345754,0.012606265451303939,32,0.964322167839563,cpu,970027.4866851728,test_legacy,0.03588582947298602,True,23,-0.6207217064426491,MA,50000,aleatoric,0.0,0.015306122448979591
ppo_with_uncertainty_guard,-0.007823778196563325,0.01260566724797411,32,0.9642116822891519,cpu,969916.3474576877,test_legacy,0.03588582947298602,True,29,-0.6230884458678195,MA,50000,aleatoric,0.0,0.019387755102040816
ppo_with_uncertainty_guard,0.11764038997156447,0.18756397661349616,32,0.9671675076672737,cpu,1541137.734027964,test_legacy,0.1964600802090456,True,37,0.5929687357993645,MA,50000,aleatoric,-0.01873136096664032,0.05
ppo_with_uncertainty_guard,0.1317640486371428,0.20954859843899745,32,0.9661127899847997,cpu,1618268.9426152108,test_legacy,0.2222743239801105,True,42,0.5906860156007858,MA,50000,aleatoric,-0.020268361888182974,0.05
ppo_with_uncertainty_guard,0.1319874836688269,0.21482017941914733,32,0.966112788599238,cpu,1619511.7260311162,test_legacy,0.23633308149356003,True,53,0.5771098023103816,MA,50000,aleatoric,-0.02088693699525237,0.05
ppo_with_uncertainty_guard,0.1364714610930349,0.1891270964570199,32,0.9661478658003944,cpu,1644602.5774504954,test_legacy,0.17906661280609537,True,67,0.6764136276058373,MA,50000,aleatoric,-0.01920115913957874,0.05
ppo_with_uncertainty_guard,0.1323882101746191,0.19315934984680302,32,0.9661133237784555,cpu,1621742.410481718,test_legacy,0.20008474238086493,True,89,0.6436590346837908,MA,50000,aleatoric,-0.019490459364679323,0.05
ppo_with_uncertainty_guard,-0.0019795259005958503,0.004315623172167069,32,0.9863674163642389,cpu,992323.8277527819,test_legacy,0.013968622684637277,True,7,-0.4591260145754888,MCD,50000,aleatoric,0.0,0.015306122448979591
ppo_with_uncertainty_guard,-0.0028313737108742183,0.03596142315041832,32,0.9758783767090329,cpu,989034.053958346,test_legacy,0.05843888192167623,True,13,-0.07884496404612885,MCD,50000,aleatoric,-0.003602171348147287,0.05
ppo_with_uncertainty_guard,0.07777951105770685,0.17401697507914923,32,0.9652119448884151,cpu,1338151.4133142612,test_legacy,0.17205057800495394,True,19,0.4304341459005712,MCD,50000,aleatoric,-0.016589534150276374,0.05
ppo_with_uncertainty_guard,0.07856137889242328,0.17388867889880735,32,0.965211944888415,cpu,1341930.5209893063,test_legacy,0.17205057793643275,True,23,0.43492208932875387,MCD,50000,aleatoric,-0.016589534149625072,0.05
ppo_with_uncertainty_guard,0.07772851289280633,0.1618965728880462,32,0.9652119453910302,cpu,1337905.1919493943,test_legacy,0.17203894755989269,True,29,0.46236632874678385,MCD,50000,aleatoric,-0.014725187844906883,0.05
ppo_with_uncertainty_guard,0.014964519512212393,0.08253080362812258,32,0.9806664980693522,cpu,1059465.1621249556,test_legacy,0.12005934161445775,True,37,0.17997676641645413,MCD,50000,aleatoric,-0.00826478485411295,0.05
ppo_with_uncertainty_guard,0.011320081907186547,0.05185353791273365,32,0.9939393697232828,cpu,1044747.5068231254,test_legacy,0.08104273680889784,True,42,0.21708171203982238,MCD,50000,aleatoric,-0.004565903530744908,0.05
ppo_with_uncertainty_guard,-0.0019963285472208024,0.004314845500760376,32,0.9863028372723202,cpu,992258.858684844,test_legacy,0.013968622684637277,True,53,-0.46311052161000094,MCD,50000,aleatoric,0.0,0.011224489795918367
ppo_with_uncertainty_guard,0.05821206549112652,0.132491689885686,32,0.971579388954007,cpu,1246121.9177929265,test_legacy,0.13870409194735533,True,67,0.4270508254518499,MCD,50000,aleatoric,-0.012463385982345174,0.05
ppo_with_uncertainty_guard,-0.0014118620794644232,0.04930352504119101,32,0.9631165816625169,cpu,994520.612534279,test_legacy,0.09959335104062428,True,89,-0.02865627043129743,MCD,50000,aleatoric,-0.004972368545370376,0.05
ppo_with_uncertainty_guard,0.30914596165081193,0.41314331838153967,32,0.8350280736027711,cpu,2850713.727553,test_legacy,0.6091683962475094,False,7,0.652013166979267,META,50000,aleatoric,-0.03646633627753557,0.05
ppo_with_uncertainty_guard,0.2928078142959107,0.43050658047131324,32,0.8350280682979436,cpu,2714833.570454767,test_legacy,0.636803924443527,False,13,0.5965445598083414,META,50000,aleatoric,-0.03797761095903533,0.05
ppo_with_uncertainty_guard,0.22396943492837534,0.317590875740025,32,0.8648173770215746,cpu,2194471.8032202357,test_legacy,0.5154721804819034,False,19,0.6363504959837769,META,50000,aleatoric,-0.02733157674733757,0.05
ppo_with_uncertainty_guard,0.30629601336526996,0.4129145788590507,32,0.8350282086892153,cpu,2826655.58227519,test_legacy,0.6043300421646073,False,23,0.6470964519303162,META,50000,aleatoric,-0.03661016830471677,0.05
ppo_with_uncertainty_guard,0.35676960749129033,0.3916064809930173,32,0.8350280701662445,cpu,3275680.425181245,test_legacy,0.5395521240057879,False,29,0.7791149452153918,META,50000,aleatoric,-0.03054491967986035,0.05
ppo_with_uncertainty_guard,0.1265727422287873,0.19650246588689524,32,0.9500813958243027,cpu,1589592.957383513,test_legacy,0.3638854711203402,True,37,0.6065061608682879,META,50000,aleatoric,-0.016333913198374093,0.05
ppo_with_uncertainty_guard,0.13144725190550027,0.2810587448438576,32,0.8731961094323347,cpu,1616508.08015903,test_legacy,0.4830182702837731,False,42,0.4394010137386857,META,50000,aleatoric,-0.024174909277614988,0.05
ppo_with_uncertainty_guard,0.29802838637812595,0.41850675216031696,32,0.8362805046092926,cpu,2757716.566746581,test_legacy,0.613107327370652,False,53,0.6232788051194768,META,50000,aleatoric,-0.036970658908769494,0.05
ppo_with_uncertainty_guard,0.3067763430260899,0.3832528363454,32,0.8412492408554194,cpu,2830699.728884589,test_legacy,0.5693055439901642,False,67,0.6981375254171762,META,50000,aleatoric,-0.032583625822998646,0.05
ppo_with_uncertainty_guard,0.30866706785215536,0.37867383543089206,32,0.8354686111087622,cpu,2846660.5017231307,test_legacy,0.54569174045296,False,89,0.710397645161735,META,50000,aleatoric,-0.031323349364152354,0.05
ppo_with_uncertainty_guard,0.14423287352922756,0.2588410553415142,32,0.9002742317556338,cpu,1688713.9104925834,test_legacy,0.2985035854111072,False,7,0.5205292885627752,MSFT,50000,aleatoric,-0.02612233513465405,0.05
ppo_with_uncertainty_guard,0.15152396611297758,0.22489139460033827,32,0.9012778662135281,cpu,1730947.1802459906,test_legacy,0.22922166208859207,False,13,0.6273523879139754,MSFT,50000,aleatoric,-0.02193289502569993,0.05
ppo_with_uncertainty_guard,0.1538522928709165,0.2319690265293554,32,0.9005237090086258,cpu,1744597.6771363954,test_legacy,0.23285936656196815,False,19,0.6169188547407437,MSFT,50000,aleatoric,-0.02334907859566595,0.05
ppo_with_uncertainty_guard,-0.0019083725264785695,0.013280600138098338,32,0.9855151172429968,cpu,992598.9842213511,test_legacy,0.021076283328322343,True,23,-0.14383182513467682,MSFT,50000,aleatoric,0.0,0.022448979591836733
ppo_with_uncertainty_guard,-0.0027088597356876784,0.012560487099574295,32,0.9824448961205522,cpu,989506.6943983408,test_legacy,0.02027519448934123,True,29,-0.2159550845601116,MSFT,50000,aleatoric,0.0,0.013265306122448979
ppo_with_uncertainty_guard,0.14600614107956397,0.250011177114894,32,0.9010568097468932,cpu,1698914.2234902699,test_legacy,0.28183829698494256,False,37,0.5451071909102988,MSFT,50000,aleatoric,-0.02506266381239719,0.05
ppo_with_uncertainty_guard,0.10495601243807355,0.19642532071445915,32,0.9116264993143492,cpu,1474225.2576944914,test_legacy,0.230562641785522,False,42,0.5081088599281042,MSFT,50000,aleatoric,-0.019832087189137582,0.05
ppo_with_uncertainty_guard,-0.00022200911079910655,0.039828622549437885,32,0.9845512639096552,cpu,999136.9080620278,test_legacy,0.09056086913330086,True,53,-0.005574706311698937,MSFT,50000,aleatoric,-0.0035826900204026122,0.05
ppo_with_uncertainty_guard,0.16289923760651726,0.24067661940844978,32,0.9002742866097679,cpu,1798398.324239784,test_legacy,0.24168524251576884,False,67,0.6270494015987141,MSFT,50000,aleatoric,-0.02369174681366779,0.05
ppo_with_uncertainty_guard,-0.002651818000243203,0.012568438410508342,32,0.9826634408740291,cpu,989726.8100480275,test_legacy,0.02027519448934123,True,89,-0.21126783403898694,MSFT,50000,aleatoric,0.0,0.012244897959183673
ppo_with_uncertainty_guard,0.22811415839955243,0.2824351768715314,32,0.7211613528552477,cpu,2223512.3060544534,test_legacy,0.3279551600346591,False,7,0.7275286140158591,NFLX,50000,aleatoric,-0.023768524963659398,0.05
ppo_with_uncertainty_guard,0.17326894144725885,0.2526986633224032,32,0.7946036675170872,cpu,1861570.3599468083,test_legacy,0.35701055796995373,False,13,0.6323488913807955,NFLX,50000,aleatoric,-0.020490573284211954,0.05
ppo_with_uncertainty_guard,0.27798151764069495,0.42201388679357804,32,0.7030684509915023,cpu,2595746.209361109,test_legacy,0.5334065469107365,False,19,0.581217370615481,NFLX,50000,aleatoric,-0.035601723909539106,0.05
ppo_with_uncertainty_guard,-0.003254727984651253,0.1603467006114582,32,0.8404681236905829,cpu,987402.1079667942,test_legacy,0.3451687195549932,False,23,-0.02033115051774944,NFLX,50000,aleatoric,-0.01473064225567029,0.05
ppo_with_uncertainty_guard,0.032324157804073245,0.061121841308688314,32,0.9479461073016688,cpu,1131694.593241655,test_legacy,0.11591647449575349,False,29,0.5204791091521043,NFLX,50000,aleatoric,-0.005330986314591524,0.05
ppo_with_uncertainty_guard,0.21727943786332093,0.31149353750343456,32,0.7147365936830643,cpu,2148193.1853881245,test_legacy,0.40097089209008285,False,37,0.6312114885960881,NFLX,50000,aleatoric,-0.025512229431634913,0.05
ppo_with_uncertainty_guard,0.0011573596885153992,0.1573938014165982,32,0.9668799776821116,cpu,1004508.3729651484,test_legacy,0.3535780259063137,True,42,0.007349014300858429,NFLX,50000,aleatoric,-0.012470920721610134,0.05
ppo_with_uncertainty_guard,0.2705299902146097,0.36078277185840635,32,0.7119626369429735,cpu,2537381.698835566,test_legacy,0.4353779736237875,False,53,0.6636514874688481,NFLX,50000,aleatoric,-0.030185057988866504,0.05
ppo_with_uncertainty_guard,0.314681146961472,0.37495259159156163,32,0.7031466785826316,cpu,2897873.80776822,test_legacy,0.4228363726532597,False,67,0.7296763717268612,NFLX,50000,aleatoric,-0.032578785663433155,0.05
ppo_with_uncertainty_guard,0.3070874580524193,0.36237959525139846,32,0.7054941096537022,cpu,2833321.4615694447,test_legacy,0.4075436359523684,False,89,0.7390074764462813,NFLX,50000,aleatoric,-0.031280803759680786,0.05
ppo_with_uncertainty_guard,0.760525857085176,0.49890912613523763,32,0.9091502641383816,cpu,9021443.449147424,test_legacy,0.5023694238612839,False,7,1.1336981772025387,NVDA,50000,aleatoric,-0.04574953125386587,0.05
ppo_with_uncertainty_guard,0.5430145709794195,0.3637791127136829,32,0.9231289883695256,cpu,5401944.349605741,test_legacy,0.39182918472598816,False,13,1.1923109716397218,NVDA,50000,aleatoric,-0.03281942093862398,0.05
ppo_with_uncertainty_guard,0.7592942975271741,0.4999371322123664,32,0.9091502650856919,cpu,8996925.975520171,test_legacy,0.4981184343924101,False,19,1.1299672409817336,NVDA,50000,aleatoric,-0.04618677401066575,0.05
ppo_with_uncertainty_guard,0.5659169385913517,0.4050831933654383,32,0.9263728596842177,cpu,5720499.059968123,test_legacy,0.42915528104095957,False,23,1.1071093228949211,NVDA,50000,aleatoric,-0.03795191431265721,0.05
ppo_with_uncertainty_guard,0.7737745733165831,0.44531472202873057,32,0.9092936965805815,cpu,9288344.606718592,test_legacy,0.36781969804320813,False,29,1.2869765373179263,NVDA,50000,aleatoric,-0.03883131356837381,0.05
ppo_with_uncertainty_guard,0.6806238102838258,0.4614131347525442,32,0.9092020055603259,cpu,7530603.284747116,test_legacy,0.446492704743209,False,37,1.1251627282003802,NVDA,50000,aleatoric,-0.041511361658868394,0.05
ppo_with_uncertainty_guard,0.0341749060072536,0.1755910837712754,32,0.9443490472779345,cpu,1139605.2125009464,test_legacy,0.33227209771745037,False,42,0.19137581148985816,NVDA,50000,aleatoric,-0.018627283696196262,0.05
ppo_with_uncertainty_guard,0.7246392670249604,0.5149654931373792,32,0.9091502641562019,cpu,8327090.261878508,test_legacy,0.5655032865504519,False,53,1.0583577876641181,NVDA,50000,aleatoric,-0.0483952491806706,0.05
ppo_with_uncertainty_guard,0.7253246094931206,0.5134539184261298,32,0.9091502639771404,cpu,8339966.1577642225,test_legacy,0.5528810508932382,False,67,1.06224730982949,NVDA,50000,aleatoric,-0.048375014109173796,0.05
ppo_with_uncertainty_guard,0.6605010448667219,0.4340481389651033,32,0.9176829153362202,cpu,7185973.243915523,test_legacy,0.4354753797066999,False,89,1.1683478399938942,NVDA,50000,aleatoric,-0.03903367551146895,0.05
ppo_with_uncertainty_guard,0.2778488209358858,0.3842824452418154,32,0.5961152878163593,cpu,2594698.216818771,test_legacy,0.4555072083526216,False,7,0.6380149737121121,ORCL,50000,aleatoric,-0.030719077433847365,0.05
ppo_with_uncertainty_guard,0.28354798032321454,0.39244117855919325,32,0.596104763628921,cpu,2639992.183261318,test_legacy,0.4555182098754258,False,13,0.636090236454354,ORCL,50000,aleatoric,-0.03125536486624041,0.05
ppo_with_uncertainty_guard,0.2848343130993029,0.39186523930855116,32,0.5961047634727725,cpu,2650295.9975085706,test_legacy,0.45551820993885406,False,19,0.639581274734479,ORCL,50000,aleatoric,-0.031255538362255475,0.05
ppo_with_uncertainty_guard,0.07468118571759132,0.12122896559830373,32,0.8866715779306976,cpu,1323253.5477969162,test_legacy,0.1388326513490582,False,23,0.5941150409048486,ORCL,50000,aleatoric,-0.010154403055765204,0.05
ppo_with_uncertainty_guard,0.15805816320707455,0.1515487230310361,32,0.8819121808573573,cpu,1769458.3177968694,test_legacy,0.14935057018772624,False,29,0.9682988317972588,ORCL,50000,aleatoric,-0.010293744851570795,0.05
ppo_with_uncertainty_guard,0.25721562657070074,0.36834884684226693,32,0.6243562929389741,cpu,2435530.3830576036,test_legacy,0.4229740689293374,False,37,0.6214200447229353,ORCL,50000,aleatoric,-0.02943000371382647,0.05
ppo_with_uncertainty_guard,0.20986417990016004,0.2820731064352745,32,0.7040298015810024,cpu,2097748.976602813,test_legacy,0.31847591260577934,False,42,0.675385188206919,ORCL,50000,aleatoric,-0.023383169273994038,0.05
ppo_with_uncertainty_guard,0.2789498327573379,0.39759606446812307,32,0.5961047571225228,cpu,2603403.148218528,test_legacy,0.4555182162452669,False,53,0.6188169898524774,ORCL,50000,aleatoric,-0.03172456538408843,0.05
ppo_with_uncertainty_guard,0.2730882398826325,0.36678116363519386,32,0.6095801666294487,cpu,2557308.2538975226,test_legacy,0.4406189692429072,False,67,0.6582822486404815,ORCL,50000,aleatoric,-0.0290626387125835,0.05
ppo_with_uncertainty_guard,0.2708374004372332,0.37919039819711603,32,0.5977474101325388,cpu,2539770.0407515336,test_legacy,0.45371230022273645,False,89,0.6320728436306728,ORCL,50000,aleatoric,-0.02983474061594258,0.05
ppo_with_uncertainty_guard,0.0873126596463892,0.13167854150149177,32,0.8375643985060814,cpu,1384772.3891025279,test_legacy,0.22771755034098484,False,7,0.6357079921997011,PGR,50000,aleatoric,-0.01200117428650902,0.05
ppo_with_uncertainty_guard,0.21787833148695682,0.2473707959697861,32,0.7855670323182558,cpu,2152306.2628923105,test_legacy,0.29972429075708495,False,13,0.7968205987583736,PGR,50000,aleatoric,-0.0209132386339836,0.05
ppo_with_uncertainty_guard,0.031877408547756926,0.08106216228075183,32,0.9423883495332706,cpu,1129791.1889866856,test_legacy,0.11321751069324337,False,19,0.3871079613715837,PGR,50000,aleatoric,-0.008683096181842487,0.05
ppo_with_uncertainty_guard,0.16668021246804143,0.19540944773526622,32,0.823926632456967,cpu,1821244.4267590402,test_legacy,0.23932104730159098,False,23,0.788918688407746,PGR,50000,aleatoric,-0.017461904800391625,0.05
ppo_with_uncertainty_guard,0.20564417983096633,0.23484960821555972,32,0.7874290554797868,cpu,2069437.2654759018,test_legacy,0.2968601851264351,False,29,0.7963133861805015,PGR,50000,aleatoric,-0.020453156305825983,0.05
ppo_with_uncertainty_guard,0.1990823150067265,0.23130809469514904,32,0.7874776755234808,cpu,2025979.2411285054,test_legacy,0.2970845993090927,False,37,0.7849115802761184,PGR,50000,aleatoric,-0.019519921732642852,0.05
ppo_with_uncertainty_guard,0.21602934068889745,0.2456837384436493,32,0.7855738221525521,cpu,2139626.593666416,test_legacy,0.29971765432325115,False,42,0.7961079840679687,PGR,50000,aleatoric,-0.021126792371295177,0.05
ppo_with_uncertainty_guard,0.22135847136739858,0.2503815194672366,32,0.7855670059943685,cpu,2176323.0275954395,test_legacy,0.29972431474491934,False,53,0.798635674188063,PGR,50000,aleatoric,-0.021676842253119055,0.05
ppo_with_uncertainty_guard,0.15477913484161301,0.1862169831030856,32,0.8319197275559411,cpu,1750053.7499500436,test_legacy,0.24097803606119228,False,67,0.7728026486404825,PGR,50000,aleatoric,-0.015894195522475306,0.05
ppo_with_uncertainty_guard,0.2040852930999314,0.23671083321061911,32,0.7855759578380572,cpu,2059050.9383181904,test_legacy,0.2997158408802497,False,89,0.7845862344127107,PGR,50000,aleatoric,-0.02026406879079925,0.05
ppo_with_uncertainty_guard,0.9956180156715798,0.542466142104203,32,0.8893898015211749,cpu,14688171.292817015,test_legacy,0.4012356815498115,False,7,1.2737266509992713,PLTR,50000,aleatoric,-0.04648579409431939,0.05
ppo_with_uncertainty_guard,1.0519092955416502,0.6125568062429679,32,0.8891440538672283,cpu,16366220.413904075,test_legacy,0.46103973187391434,False,13,1.1733940914265135,PLTR,50000,aleatoric,-0.0520350769563195,0.05
ppo_with_uncertainty_guard,1.0545239912067879,0.6062496522925466,32,0.8889915512120561,cpu,16447472.813331803,test_legacy,0.43630800529421765,False,19,1.1877021213996821,PLTR,50000,aleatoric,-0.05219365543629726,0.05
ppo_with_uncertainty_guard,0.08091309963844719,0.18336262299253225,32,0.9781859450935183,cpu,1353345.2074064035,test_legacy,0.2307766253047029,True,23,0.42432900409119845,PLTR,50000,aleatoric,-0.018059483653846086,0.05
ppo_with_uncertainty_guard,1.0981454019178076,0.5224196339908798,32,0.8891570720816632,cpu,17847723.013749633,test_legacy,0.40467930077750836,False,29,1.4185025584595758,PLTR,50000,aleatoric,-0.0419834208319025,0.05
ppo_with_uncertainty_guard,0.8056545429825015,0.5135525877106255,32,0.919746310810378,cpu,9954597.321028024,test_legacy,0.44604941366925865,False,37,1.1506571775162722,PLTR,50000,aleatoric,-0.044340839450426904,0.05
ppo_with_uncertainty_guard,1.0276039058099198,0.6321852030453029,32,0.888985521669015,cpu,15625115.672572391,test_legacy,0.510328302976246,False,42,1.1181131305129761,PLTR,50000,aleatoric,-0.0542270683813518,0.05
ppo_with_uncertainty_guard,0.9593270976483168,0.6041878589270409,32,0.8918097147710757,cpu,13676389.22590443,test_legacy,0.49720787555922563,False,53,1.1132314397107255,PLTR,50000,aleatoric,-0.053332712503805266,0.05
ppo_with_uncertainty_guard,1.0117079342812771,0.5699344563883476,32,0.8924302068181361,cpu,15154104.532405375,test_legacy,0.39179067593116723,False,67,1.2264285432966995,PLTR,50000,aleatoric,-0.04939197735554544,0.05
ppo_with_uncertainty_guard,0.6815899779564291,0.4590888580220033,32,0.9035141315033064,cpu,7547453.207317574,test_legacy,0.380039080786552,False,89,1.1321110771865366,PLTR,50000,aleatoric,-0.039198325882014724,0.05
ppo_with_uncertainty_guard,0.20268697641045716,0.283693260618525,32,0.8757154506849879,cpu,2049767.4257424597,test_legacy,0.24924297251840055,False,7,0.6505550994553894,PPLT,50000,aleatoric,-0.024842267405045335,0.05
ppo_with_uncertainty_guard,0.20159669701920208,0.2831649433136801,32,0.8757154506849788,cpu,2042550.5938982097,test_legacy,0.2492527571323404,False,13,0.648565984543321,PPLT,50000,aleatoric,-0.024827070508013804,0.05
ppo_with_uncertainty_guard,0.1558522699611835,0.1830895161248497,32,0.9106299189982909,cpu,1756386.834912525,test_legacy,0.16934471417901398,False,19,0.791076657028796,PPLT,50000,aleatoric,-0.01586429389995434,0.05
ppo_with_uncertainty_guard,0.20381267730625213,0.2740980431111387,32,0.8757157210992486,cpu,2057238.5787972019,test_legacy,0.24392188337841547,False,23,0.6767419482994755,PPLT,50000,aleatoric,-0.02405702753405743,0.05
ppo_with_uncertainty_guard,0.21322307024925985,0.24274041485158968,32,0.8757154703243981,cpu,2120488.3972465256,test_legacy,0.228165661525344,False,29,0.7962431241676478,PPLT,50000,aleatoric,-0.021802468126255015,0.05
ppo_with_uncertainty_guard,0.2076648335946705,0.2800157941415734,32,0.8757154506905032,cpu,2082958.0459858892,test_legacy,0.24921236591151286,False,37,0.6738494840596325,PPLT,50000,aleatoric,-0.024814979231728262,0.05
ppo_with_uncertainty_guard,0.06206707246735222,0.09721076763083669,32,0.9930204137172706,cpu,1263868.8392195152,test_legacy,0.10385407893519327,True,42,0.6194476260981503,PPLT,50000,aleatoric,-0.008983138705976845,0.05
ppo_with_uncertainty_guard,0.20385444475287082,0.27957864869539306,32,0.8757156964368402,cpu,2057516.1733717027,test_legacy,0.24883481888120107,False,53,0.6635998207967795,PPLT,50000,aleatoric,-0.02471067011471213,0.05
ppo_with_uncertainty_guard,0.056498517915820584,0.08878600061793158,32,0.9693379237093105,cpu,1238293.1470664,test_legacy,0.11285646953066675,True,67,0.6190171490996782,PPLT,50000,aleatoric,-0.008527497391540972,0.05
ppo_with_uncertainty_guard,0.07228537358001784,0.09740326756741105,32,0.9844497003272947,cpu,1311818.3694521917,test_legacy,0.09691220082388752,True,89,0.7165275038248112,PPLT,50000,aleatoric,-0.00964130475648286,0.05
ppo_with_uncertainty_guard,0.04549066512848017,0.3112806980194813,32,0.809353187277247,cpu,1188868.8649682077,test_legacy,0.4064305560350837,False,7,0.14291373934696736,QCOM,50000,aleatoric,-0.029508842017596314,0.05
ppo_with_uncertainty_guard,-0.0015748346129511109,0.029463733463728315,32,0.9649103929909069,cpu,993889.56081151,test_legacy,0.05330344117683905,True,13,-0.05349177757196174,QCOM,50000,aleatoric,-0.0004801435707574519,0.05
ppo_with_uncertainty_guard,0.042513884839620396,0.3747939384771146,32,0.788942030437143,cpu,1175758.960839321,test_legacy,0.4423405231130466,False,19,0.11108764439383634,QCOM,50000,aleatoric,-0.03696625085123042,0.05
ppo_with_uncertainty_guard,0.04674489640326235,0.3674738356737555,32,0.7889551008444405,cpu,1194424.9570376882,test_legacy,0.4423311452419342,False,23,0.1243224035971102,QCOM,50000,aleatoric,-0.036105226076627785,0.05
ppo_with_uncertainty_guard,-0.005045589977519836,0.027275632921286156,32,0.9519314413186944,cpu,980520.8120955755,test_legacy,0.05290014717008307,True,29,-0.18545243371953352,QCOM,50000,aleatoric,0.0,0.009183673469387756
ppo_with_uncertainty_guard,0.0586074378935283,0.32731686600886095,32,0.7941060535966249,cpu,1247933.4834684234,test_legacy,0.4365882585030647,False,37,0.17400349590860378,QCOM,50000,aleatoric,-0.029489831225315122,0.05
ppo_with_uncertainty_guard,0.03851908865967957,0.32708835640947875,32,0.8062147799094617,cpu,1158334.7963534633,test_legacy,0.40590330911773786,False,42,0.11555203990806198,QCOM,50000,aleatoric,-0.03209993889965554,0.05
ppo_with_uncertainty_guard,-0.023193575975569442,0.0479006059888748,32,0.8861663845131499,cpu,912780.6323856212,test_legacy,0.14076427129860836,False,53,-0.4899040701336978,QCOM,50000,aleatoric,-0.0020013483323787717,0.05
ppo_with_uncertainty_guard,0.015176867435382142,0.14791627478233452,32,0.9894898537774375,cpu,1060327.4268406276,test_legacy,0.19270049266256561,True,67,0.10183351900163931,QCOM,50000,aleatoric,-0.014152694462030622,0.05
ppo_with_uncertainty_guard,-0.00543370390471176,0.02740240953369864,32,0.9504881880844225,cpu,979034.2136159964,test_legacy,0.05290014717008307,True,89,-0.1988324639567247,QCOM,50000,aleatoric,0.0,0.0163265306122449
ppo_with_uncertainty_guard,0.1814840631380381,0.20842636398585437,32,0.9778235198293885,cpu,1912775.192531798,test_legacy,0.22761623088200378,True,7,0.8001444667410957,QQQ,50000,aleatoric,-0.020969872590170534,0.05
ppo_with_uncertainty_guard,0.1286783194632517,0.17020176315992938,32,0.9818501610007494,cpu,1601177.9471998687,test_legacy,0.20409346302874498,True,13,0.711198310960531,QQQ,50000,aleatoric,-0.017104420411868927,0.05
ppo_with_uncertainty_guard,0.17493838413856538,0.22001441480774345,32,0.9778220348712985,cpu,1871892.5397089543,test_legacy,0.24253246978002885,True,19,0.7327501291701236,QQQ,50000,aleatoric,-0.022127798588523984,0.05
ppo_with_uncertainty_guard,0.006964170346697431,0.06070567677071741,32,0.9972337368458154,cpu,1027356.517532442,test_legacy,0.12326997545861551,True,23,0.11432232923368463,QQQ,50000,aleatoric,-0.005374275845955888,0.05
ppo_with_uncertainty_guard,0.13979476522175327,0.17273306166974653,32,0.9846206964991486,cpu,1663384.150671459,test_legacy,0.19322041558672032,True,29,0.757516217074494,QQQ,50000,aleatoric,-0.017190033486162458,0.05
ppo_with_uncertainty_guard,0.17162595727931623,0.21244308157078978,32,0.977852559243743,cpu,1851453.115973631,test_legacy,0.24365268778261795,True,37,0.7455755753928894,QQQ,50000,aleatoric,-0.021253363809155257,0.05
ppo_with_uncertainty_guard,0.09832932399217702,0.14193372056479406,32,0.9827062187176455,cpu,1440139.2049634485,test_legacy,0.1832744127734115,True,42,0.6608022647534935,QQQ,50000,aleatoric,-0.014724964549656149,0.05
ppo_with_uncertainty_guard,0.09885353170532694,0.15376978189918328,32,0.9837889886719399,cpu,1442814.0598486867,test_legacy,0.21723753785724131,True,53,0.613041742692083,QQQ,50000,aleatoric,-0.015585883477061913,0.05
ppo_with_uncertainty_guard,0.171156162214943,0.1991729554433857,32,0.9785739213480287,cpu,1848567.7150207679,test_legacy,0.21598421011544733,True,67,0.7932367496753886,QQQ,50000,aleatoric,-0.019957603973018666,0.05
ppo_with_uncertainty_guard,0.11727467567590404,0.166820905552941,32,0.980766646287275,cpu,1539177.528715312,test_legacy,0.19597724998213328,True,89,0.6647385636632279,QQQ,50000,aleatoric,-0.017382057275534813,0.05
ppo_with_uncertainty_guard,0.06228436706320323,0.3032115835337485,32,0.6530676232177566,cpu,1264874.7347207482,test_legacy,0.596919116492661,False,7,0.1992721393936389,REGN,50000,aleatoric,-0.02511080977480251,0.05
ppo_with_uncertainty_guard,0.03890733173583784,0.16986084813249394,32,0.8144483048306043,cpu,1160019.7322484015,test_legacy,0.3756370524048882,False,13,0.22471030274365825,REGN,50000,aleatoric,-0.013962111916072394,0.05
ppo_with_uncertainty_guard,0.0654380517120561,0.25571762454356256,32,0.7371326562034894,cpu,1279540.7579683973,test_legacy,0.5113743512441717,False,19,0.24787494221351294,REGN,50000,aleatoric,-0.021903716293010512,0.05
ppo_with_uncertainty_guard,0.05745013932738739,0.30447719443956733,32,0.6530664439351717,cpu,1242636.341898306,test_legacy,0.5969198498119415,False,23,0.18346350121033025,REGN,50000,aleatoric,-0.025358034936724835,0.05
ppo_with_uncertainty_guard,0.061661410008262495,0.26307055868979495,32,0.6972402749844616,cpu,1261992.5456024809,test_legacy,0.5382042160398887,False,29,0.22744853399342968,REGN,50000,aleatoric,-0.022303804037497075,0.05
ppo_with_uncertainty_guard,0.05883820152111231,0.30263901062347737,32,0.653066475939445,cpu,1248991.728243537,test_legacy,0.5969198292049377,False,37,0.1889123303351333,REGN,50000,aleatoric,-0.025054103110706282,0.05
ppo_with_uncertainty_guard,0.05334675392075474,0.2754558380756365,32,0.6799494399127881,cpu,1223989.0031115822,test_legacy,0.5648453119304344,False,42,0.18867797584156118,REGN,50000,aleatoric,-0.02315578375565259,0.05
ppo_with_uncertainty_guard,0.01971172663285265,0.030789090446725977,32,0.9944601472092627,cpu,1078866.5296767508,test_legacy,0.035833504491529666,True,53,0.6339864373297311,REGN,50000,aleatoric,-0.00191693984948742,0.05
ppo_with_uncertainty_guard,0.0014692211431943188,0.006996204291423544,32,0.9925013652772857,cpu,1005725.7745292758,test_legacy,0.007498634722714281,True,67,0.2098437268257925,REGN,50000,aleatoric,0.0,0.012244897959183673
ppo_with_uncertainty_guard,0.05440560743382622,0.29239355558012237,32,0.6536398717743368,cpu,1228780.796748478,test_legacy,0.5965241689007673,False,89,0.18118447929671824,REGN,50000,aleatoric,-0.02468415513547706,0.05
ppo_with_uncertainty_guard,0.05508786890978004,0.061173356324457626,32,1.0,cpu,1231875.7135409904,test_legacy,0.09977403380794814,True,7,0.8765893453230351,RY,50000,aleatoric,-0.005556332308254852,0.05
ppo_with_uncertainty_guard,0.1483948217181993,0.16002970923068308,32,1.0,cpu,1712726.8230996532,test_legacy,0.2182919792968374,True,13,0.8646208478298216,RY,50000,aleatoric,-0.015381096488896429,0.05
ppo_with_uncertainty_guard,0.1581630359821771,0.18159670423892704,32,1.0,cpu,1770081.55743702,test_legacy,0.2472374660589962,True,19,0.8085776253592009,RY,50000,aleatoric,-0.01787329694221649,0.05
ppo_with_uncertainty_guard,0.16150153453675734,0.17799519015587245,32,1.0,cpu,1790007.0059087712,test_legacy,0.2383175344119659,True,23,0.841109586963831,RY,50000,aleatoric,-0.01753023915025569,0.05
ppo_with_uncertainty_guard,0.16550126819820107,0.1687654365479358,32,1.0,cpu,1814097.7976036537,test_legacy,0.21676127816870272,True,29,0.9074792012099557,RY,50000,aleatoric,-0.016103621966123603,0.05
ppo_with_uncertainty_guard,0.1606789026199473,0.17937972892685694,32,1.0,cpu,1785081.8304182217,test_legacy,0.24106344123865542,True,37,0.8306677896448248,RY,50000,aleatoric,-0.017593069353395663,0.05
ppo_with_uncertainty_guard,0.14966201942639928,0.17262087298058262,32,1.0,cpu,1720088.1978528735,test_legacy,0.2393378003423836,True,42,0.8079432826581311,RY,50000,aleatoric,-0.016776442279672656,0.05
ppo_with_uncertainty_guard,0.15951537665022392,0.179700018970848,32,1.0,cpu,1778132.8875070196,test_legacy,0.24433850110738742,True,53,0.8236059694307873,RY,50000,aleatoric,-0.01766611534642415,0.05
ppo_with_uncertainty_guard,0.16816537278544524,0.1705921915775355,32,1.0,cpu,1830277.0467472323,test_legacy,0.21947497920143033,True,67,0.9111455488983116,RY,50000,aleatoric,-0.016695936628357534,0.05
ppo_with_uncertainty_guard,0.1677570588740397,0.15388634396536702,32,1.0,cpu,1827790.406598195,test_legacy,0.1966825550650344,True,89,1.0077873140310865,RY,50000,aleatoric,-0.014930377958684281,0.05
ppo_with_uncertainty_guard,1.0637167584141403,0.7413737321033141,32,0.9568950894708974,cpu,16735521.199887373,test_legacy,0.6543354049970164,True,7,0.9772513136696618,RYTM,50000,aleatoric,-0.06241626952673238,0.05
ppo_with_uncertainty_guard,0.30451250481568987,0.19872540528102933,32,0.9829568478974898,cpu,2811676.837102393,test_legacy,0.2582712494994116,True,23,1.3376709370958642,RYTM,50000,aleatoric,-0.013977310677428533,0.05
ppo_with_uncertainty_guard,0.07051509422430925,0.09794269213902856,32,0.9909826302529432,cpu,1303416.1339674639,test_legacy,0.145703907803845,True,29,0.6957111059759914,RYTM,50000,aleatoric,-0.007425334791723337,0.05
ppo_with_uncertainty_guard,0.771214662937614,0.6226123417370714,32,0.9569155210568704,cpu,9236322.883943437,test_legacy,0.5438842654210578,True,37,0.9181723158919096,RYTM,50000,aleatoric,-0.055897225223815725,0.05
ppo_with_uncertainty_guard,1.0276115916764754,0.7514958930156818,32,0.9568950894708974,cpu,15625346.008070655,test_legacy,0.6948113918109244,True,42,0.9406018074053032,RYTM,50000,aleatoric,-0.06305357110414746,0.05
ppo_with_uncertainty_guard,1.0132034989508905,0.704391249454786,32,0.9568950894998072,cpu,15197963.904932505,test_legacy,0.5717751529714825,True,53,0.993378433890027,RYTM,50000,aleatoric,-0.059962184445845154,0.05
ppo_with_uncertainty_guard,0.24275104092559374,0.28631885950316327,32,0.9596463556951421,cpu,2328356.1742173987,test_legacy,0.3048306164933601,True,89,0.7590397065500386,RYTM,50000,aleatoric,-0.024626502717407472,0.05
ppo_with_uncertainty_guard,0.23010357108244808,0.2571185994505608,32,0.7887675766489277,cpu,2237552.310501986,test_legacy,0.2982179586676428,False,7,0.805458035908253,SAP,50000,aleatoric,-0.024384075023131845,0.05
ppo_with_uncertainty_guard,0.18325639418473091,0.21854995412302192,32,0.8235487210861617,cpu,1923957.9096550278,test_legacy,0.2766949442784986,False,13,0.7699391754975831,SAP,50000,aleatoric,-0.020234669539196035,0.05
ppo_with_uncertainty_guard,0.22051530420389903,0.2664773971013716,32,0.7887667389990696,cpu,2170486.0727600157,test_legacy,0.32801894024622125,False,19,0.7478046300359295,SAP,50000,aleatoric,-0.025750903962689885,0.05
ppo_with_uncertainty_guard,0.03269411269523738,0.12481607581939129,32,0.8624131112658012,cpu,1133272.6123672514,test_legacy,0.18684988458820717,False,23,0.25774716650787227,SAP,50000,aleatoric,-0.01309958796723647,0.05
ppo_with_uncertainty_guard,-0.0030245619375656885,0.007140549031260032,32,0.9882891036670906,cpu,988289.1036670905,test_legacy,0.014188286006361905,True,29,-0.42420797261924703,SAP,50000,aleatoric,0.0,0.025510204081632654
ppo_with_uncertainty_guard,0.23234209698814431,0.24575437124680047,32,0.7890854083697754,cpu,2253429.0223590056,test_legacy,0.2572791529134345,False,37,0.8501023468421584,SAP,50000,aleatoric,-0.02326428338475699,0.05
ppo_with_uncertainty_guard,0.18423386771846822,0.22476822405028327,32,0.8155906614388194,cpu,1930146.125104805,test_legacy,0.28460407257092113,False,42,0.7523123949396996,SAP,50000,aleatoric,-0.021493166894795655,0.05
ppo_with_uncertainty_guard,0.2257828315391503,0.24722902580981382,32,0.7942270621703664,cpu,2207142.6911377474,test_legacy,0.27617062507425927,False,53,0.8234452029382219,SAP,50000,aleatoric,-0.02328553619499001,0.05
ppo_with_uncertainty_guard,0.24401448033611514,0.2518916337977259,32,0.788767751686684,cpu,2337575.155482824,test_legacy,0.26398158336248023,False,67,0.8668151994420771,SAP,50000,aleatoric,-0.024012761756153012,0.05
ppo_with_uncertainty_guard,0.17454202642686395,0.20341546309350614,32,0.7929956600797752,cpu,1869438.017071627,test_legacy,0.24531996389803512,False,89,0.7908847187885506,SAP,50000,aleatoric,-0.017720559883814425,0.05
ppo_with_uncertainty_guard,0.13599405551748475,0.1703084242816685,32,0.9966140012828909,cpu,1641917.530257205,test_legacy,0.19343511649903522,True,7,0.7486885581458189,SCHB,50000,aleatoric,-0.016703861778910676,0.05
ppo_with_uncertainty_guard,0.10111342202988025,0.13003915729616713,32,0.9972226176658195,cpu,1454387.7895857156,test_legacy,0.1534728720554448,True,13,0.7407134446035829,SCHB,50000,aleatoric,-0.012824134240153029,0.05
ppo_with_uncertainty_guard,0.13863681845599193,0.1683325543291826,32,0.9966140011729938,cpu,1656822.0533747636,test_legacy,0.193435273827523,True,19,0.7712807050023013,SCHB,50000,aleatoric,-0.016650684901113787,0.05
ppo_with_uncertainty_guard,-0.0028424282662478763,0.010295562346164263,32,0.9854192326415012,cpu,988991.4154012728,test_legacy,0.02281135292077119,True,23,-0.27647171204808085,SCHB,50000,aleatoric,0.0,0.013265306122448979
ppo_with_uncertainty_guard,0.13276693090420633,0.15565902911681134,32,0.9967427093424575,cpu,1623852.6946577383,test_legacy,0.18559100813961849,True,29,0.8008730669358822,SCHB,50000,aleatoric,-0.015678075360026432,0.05
ppo_with_uncertainty_guard,0.12614262079959448,0.15611593845443297,32,0.9968085084389974,cpu,1587234.0885563272,test_legacy,0.18443021379557023,True,37,0.7609604985251214,SCHB,50000,aleatoric,-0.015622007779530645,0.05
ppo_with_uncertainty_guard,0.1274273230342037,0.15497965257064977,32,0.9966617674362236,cpu,1594287.3692084851,test_legacy,0.18970631387926118,True,42,0.7738964887921239,SCHB,50000,aleatoric,-0.015574293628404944,0.05
ppo_with_uncertainty_guard,0.11801067483475948,0.15726161244056375,32,0.9968751021869109,cpu,1543124.3260568257,test_legacy,0.18971290870432855,True,53,0.7093327386499954,SCHB,50000,aleatoric,-0.015155462732978542,0.05
ppo_with_uncertainty_guard,0.13609254157037845,0.15690543956889047,32,0.996650624665344,cpu,1642471.1734101123,test_legacy,0.1885299089134923,True,67,0.813194564133532,SCHB,50000,aleatoric,-0.01578667460969001,0.05
ppo_with_uncertainty_guard,0.10105086962430138,0.13218151479744292,32,0.9974029918855958,cpu,1454066.510779574,test_legacy,0.158978350139362,True,89,0.7282784156339068,SCHB,50000,aleatoric,-0.012925302578195463,0.05
ppo_with_uncertainty_guard,0.05614185275794195,0.12448660686886892,32,0.981445639869815,cpu,1236668.2381743153,test_legacy,0.16066133535816607,True,7,0.43878163478970245,SCHD,50000,aleatoric,-0.01168681106204703,0.05
ppo_with_uncertainty_guard,0.013693421426646065,0.056660000023348124,32,0.9976136244092179,cpu,1054314.5990869645,test_legacy,0.06744774244586516,True,13,0.24003663272107637,SCHD,50000,aleatoric,-0.005491475674835832,0.05
ppo_with_uncertainty_guard,0.05399994221263025,0.14685418076888268,32,0.9810627492152287,cpu,1226943.333496453,test_legacy,0.16124832425475955,True,19,0.35812625943847337,SCHD,50000,aleatoric,-0.014417259061773269,0.05
ppo_with_uncertainty_guard,-0.0014771829887073068,0.00614297581584923,32,0.990450753662932,cpu,994267.6453962937,test_legacy,0.014568144265513672,True,23,-0.24063856724400606,SCHD,50000,aleatoric,0.0,0.018367346938775512
ppo_with_uncertainty_guard,-0.0025564202439091236,0.005667279908672969,32,0.9862941437702052,cpu,990095.017211007,test_legacy,0.014227636136657118,True,29,-0.45164908209877846,SCHD,50000,aleatoric,0.0,0.01020408163265306
ppo_with_uncertainty_guard,0.0393146437922798,0.1105705052075626,32,0.9828995742294239,cpu,1161789.3819231747,test_legacy,0.14087230457322075,True,37,0.3487498237568771,SCHD,50000,aleatoric,-0.010175791756522745,0.05
ppo_with_uncertainty_guard,0.05520737706505989,0.14435753842723817,32,0.9810628624584721,cpu,1232418.429253483,test_legacy,0.16124820575080268,True,42,0.3722511137440581,SCHD,50000,aleatoric,-0.014128360856125077,0.05
ppo_with_uncertainty_guard,0.0555373938964807,0.14420903706499494,32,0.9810649148858799,cpu,1233918.0387350272,test_legacy,0.16124531054851954,True,53,0.3748028344264405,SCHD,50000,aleatoric,-0.014121318030057672,0.05
ppo_with_uncertainty_guard,0.05321020391647559,0.1276221717451471,32,0.98188729396954,cpu,1223372.0643104583,test_legacy,0.15110337119805772,True,67,0.40622073647152607,SCHD,50000,aleatoric,-0.012368194723278058,0.05
ppo_with_uncertainty_guard,-0.002098466603307763,0.04293381014514932,32,0.9738269501602401,cpu,991863.9999338752,test_legacy,0.052538691137976046,True,89,-0.04892795899722042,SCHD,50000,aleatoric,-0.0041595809956128885,0.05
ppo_with_uncertainty_guard,0.11154828049751223,0.1570094302522971,32,0.9983478310744043,cpu,1508725.3127696405,test_legacy,0.22828994493580668,True,7,0.6735505226068539,SCHF,50000,aleatoric,-0.015081616952908305,0.05
ppo_with_uncertainty_guard,0.06826709389877339,0.10465717242318967,32,0.9987788765355018,cpu,1292804.1976763965,test_legacy,0.16829341913221818,True,13,0.6309906478052273,SCHF,50000,aleatoric,-0.009706987498632991,0.05
ppo_with_uncertainty_guard,0.11042316854413192,0.1582893658102135,32,0.9983478310742951,cpu,1502795.1298344426,test_legacy,0.23161338662186393,True,19,0.6617062998347079,SCHF,50000,aleatoric,-0.01508700971405803,0.05
ppo_with_uncertainty_guard,0.11240782302196739,0.15558998194141999,32,0.9983478310760144,cpu,1513267.4453368615,test_legacy,0.2227161176232476,True,23,0.6846634076228907,SCHF,50000,aleatoric,-0.015026093871271762,0.05
ppo_with_uncertainty_guard,0.06359705596663028,0.10277253176789722,32,0.9988851905327707,cpu,1270964.0600050043,test_legacy,0.16693789804029158,True,29,0.5999318698955239,SCHF,50000,aleatoric,-0.009739203292749021,0.05
ppo_with_uncertainty_guard,0.11472598703453768,0.14754441810936755,32,0.9983478378817932,cpu,1525568.1039823992,test_legacy,0.19532753281898751,True,37,0.7361071852802593,SCHF,50000,aleatoric,-0.01388079110468512,0.05
ppo_with_uncertainty_guard,0.0823326524939505,0.1261839546344426,32,0.9987165865195766,cpu,1360270.1895405413,test_legacy,0.1951277840016742,True,42,0.6270090052196666,SCHF,50000,aleatoric,-0.01180519328230174,0.05
ppo_with_uncertainty_guard,0.09378520081476246,0.14101601159040356,32,0.9984860578342537,cpu,1417106.1712394748,test_legacy,0.21360591190175593,True,53,0.6357025691493945,SCHF,50000,aleatoric,-0.013461929873440326,0.05
ppo_with_uncertainty_guard,0.10763970187478253,0.13988700359837308,32,0.9984300295481692,cpu,1488198.5875678463,test_legacy,0.1927141449656482,True,67,0.730812998970021,SCHF,50000,aleatoric,-0.013422100603551534,0.05
ppo_with_uncertainty_guard,0.0018237033096655903,0.041689024461331485,32,0.9978077257882406,cpu,1007110.8834882412,test_legacy,0.09153366484978842,True,89,0.043705398899677,SCHF,50000,aleatoric,-0.0041067820555488405,0.05
ppo_with_uncertainty_guard,0.1776005874439743,0.19844269395845784,32,0.9788194273824056,cpu,1888440.8501468098,test_legacy,0.22701073415099593,True,7,0.8238087974126396,SCHG,50000,aleatoric,-0.019620529914567884,0.05
ppo_with_uncertainty_guard,0.12053112196528189,0.15488357409569134,32,0.9834316583341486,cpu,1556697.2063230786,test_legacy,0.1843756727973599,True,13,0.7347626949276715,SCHG,50000,aleatoric,-0.015525764987134493,0.05
ppo_with_uncertainty_guard,0.18873488289193685,0.20806360765297294,32,0.9783942894791513,cpu,1958832.2686471988,test_legacy,0.2338115545449293,True,19,0.8309453442061451,SCHG,50000,aleatoric,-0.020519823858377872,0.05
ppo_with_uncertainty_guard,-0.003799099697041808,0.015242317567630828,32,0.9827464898892779,cpu,985306.6047799337,test_legacy,0.030307887840217762,True,23,-0.2497189123416392,SCHG,50000,aleatoric,0.0,0.018367346938775512
ppo_with_uncertainty_guard,0.18768238983959548,0.1776991240215933,32,0.978725010927388,cpu,1952096.276806119,test_legacy,0.22998366364983824,True,29,0.9679489635443298,SCHG,50000,aleatoric,-0.016741255737271744,0.05
ppo_with_uncertainty_guard,0.17741816195014304,0.20908835251939584,32,0.978474940120212,cpu,1887303.4343442612,test_legacy,0.23875771813277302,True,37,0.7811239459157291,SCHG,50000,aleatoric,-0.020963147804187798,0.05
ppo_with_uncertainty_guard,0.16075840554757503,0.19374068052995394,32,0.9789718293443402,cpu,1785557.382036918,test_legacy,0.22232846485163937,True,42,0.7694484545912526,SCHG,50000,aleatoric,-0.018982820676470523,0.05
ppo_with_uncertainty_guard,0.11124081721659267,0.16195385355350767,32,0.9833748288112345,cpu,1507103.0279173367,test_legacy,0.22226454636841186,True,53,0.6512789824881834,SCHG,50000,aleatoric,-0.016327278871116846,0.05
ppo_with_uncertainty_guard,0.18070869292390837,0.19707306175352282,32,0.9788459628034049,cpu,1907898.122409239,test_legacy,0.22557097543517435,True,67,0.8429092750431603,SCHG,50000,aleatoric,-0.019655357235324987,0.05
ppo_with_uncertainty_guard,0.12701448960090791,0.16891450296911614,32,0.9811476849517237,cpu,1592018.294826212,test_legacy,0.19469793000908575,True,89,0.707884623811086,SCHG,50000,aleatoric,-0.017104885883667542,0.05
ppo_with_uncertainty_guard,0.1395150212364307,0.16912960424661092,32,0.9966886815809639,cpu,1661797.0728374834,test_legacy,0.19204621906257502,True,7,0.7722044281941728,SCHK,50000,aleatoric,-0.016411915959111935,0.05
ppo_with_uncertainty_guard,0.10934288690442132,0.13545139487372446,32,0.9971893955051612,cpu,1497117.5473424443,test_legacy,0.1586399095841422,True,13,0.7660882690129062,SCHK,50000,aleatoric,-0.013198753707686884,0.05
ppo_with_uncertainty_guard,0.13944030304120975,0.16959676233086313,32,0.9966886812239883,cpu,1661373.3628413929,test_legacy,0.19204653656180826,True,19,0.7696907395033099,SCHK,50000,aleatoric,-0.016443828007608907,0.05
ppo_with_uncertainty_guard,-0.00285223662332849,0.010677063321355922,32,0.9847142282268727,cpu,988953.5847024984,test_legacy,0.023688309771059846,True,23,-0.2675145261167809,SCHK,50000,aleatoric,0.0,0.013265306122448979
ppo_with_uncertainty_guard,0.14192879045396195,0.15528762087835069,32,0.9967222871131111,cpu,1675528.2495798832,test_legacy,0.18916056061972597,True,29,0.8546632226462099,SCHK,50000,aleatoric,-0.01519816137466803,0.05
ppo_with_uncertainty_guard,0.13029830438583606,0.15705299534121595,32,0.9968329843207293,cpu,1610133.7842897868,test_legacy,0.18507672923099494,True,37,0.779873443362271,SCHK,50000,aleatoric,-0.015457536212969724,0.05
ppo_with_uncertainty_guard,0.12518360930149441,0.1494149760999197,32,0.996770885689905,cpu,1581984.0477458425,test_legacy,0.18580613613238706,True,42,0.7893861002080826,SCHK,50000,aleatoric,-0.014328722531682558,0.05
ppo_with_uncertainty_guard,0.1107009682095863,0.149633943893065,32,0.9970935764448201,cpu,1504257.7294405452,test_legacy,0.1873567898237658,True,53,0.7016536808832675,SCHK,50000,aleatoric,-0.014380216888117659,0.05
ppo_with_uncertainty_guard,0.13950119671208305,0.15272470387453752,32,0.9967589044171327,cpu,1661718.6710332157,test_legacy,0.18490994255357096,True,67,0.8550711237918381,SCHK,50000,aleatoric,-0.014986012051765219,0.05
ppo_with_uncertainty_guard,0.12065562575535732,0.133980350551629,32,0.996922718215891,cpu,1557369.9630219976,test_legacy,0.17975212890839398,True,89,0.8502273560203255,SCHK,50000,aleatoric,-0.012663666321645993,0.05
ppo_with_uncertainty_guard,0.08014728134188245,0.12134781230707853,32,0.9979616462499382,cpu,1349620.2217400484,test_legacy,0.13649347282871882,True,7,0.6353415123692652,SCHV,50000,aleatoric,-0.011833186441039345,0.05
ppo_with_uncertainty_guard,0.07415877406266981,0.11425743518397125,32,0.9980013340856001,cpu,1320753.796185203,test_legacy,0.12790135879941433,True,13,0.6261099767903626,SCHV,50000,aleatoric,-0.011023457491052824,0.05
ppo_with_uncertainty_guard,0.09003265713886559,0.14643503293197677,32,0.9976627281986193,cpu,1398292.7069323435,test_legacy,0.1719643177620941,True,19,0.588708598546576,SCHV,50000,aleatoric,-0.013932679054466846,0.05
ppo_with_uncertainty_guard,-0.0010151014298399067,0.0075357123925088336,32,0.9908573692904601,cpu,996058.1678527908,test_legacy,0.01693032287430951,True,23,-0.1347710139522238,SCHV,50000,aleatoric,0.0,0.025510204081632654
ppo_with_uncertainty_guard,0.06177961822638637,0.10473901209545447,32,0.9982756084269486,cpu,1262539.075355453,test_legacy,0.12742223272463848,True,29,0.5723396987958931,SCHV,50000,aleatoric,-0.010064640458023532,0.05
ppo_with_uncertainty_guard,0.03813631326901652,0.07573728543357003,32,0.9986876824373265,cpu,1156675.3701626128,test_legacy,0.10943744644146991,True,37,0.4941690272582148,SCHV,50000,aleatoric,-0.007088372423334733,0.05
ppo_with_uncertainty_guard,0.09147163150453966,0.13506556458230617,32,0.9976649201053156,cpu,1405484.964043278,test_legacy,0.1521939798166867,True,42,0.6480319664960325,SCHV,50000,aleatoric,-0.013231387211554679,0.05
ppo_with_uncertainty_guard,0.09180559395741623,0.1440650490882046,32,0.9976627345242066,cpu,1407158.0908798147,test_legacy,0.16587227903196133,True,53,0.6096741557757244,SCHV,50000,aleatoric,-0.01387492018772818,0.05
ppo_with_uncertainty_guard,0.09024712691765845,0.13207888401034437,32,0.9977110640050061,cpu,1399362.9283721384,test_legacy,0.14751073370318668,True,67,0.6541869980563209,SCHV,50000,aleatoric,-0.012722885898538915,0.05
ppo_with_uncertainty_guard,0.07359263912446867,0.11388342615202916,32,0.9980741320783001,cpu,1318048.7901524159,test_legacy,0.13157577528151376,True,89,0.6235370182698502,SCHV,50000,aleatoric,-0.010969032569674653,0.05
ppo_with_uncertainty_guard,0.04958562130510362,0.14161222252746683,32,0.9962701152847687,cpu,1207080.3241586657,test_legacy,0.204223027744995,True,7,0.34174582381199864,SCHW,50000,aleatoric,-0.011854325120162379,0.05
ppo_with_uncertainty_guard,0.08411706612882806,0.244432127113356,32,0.9946704447796137,cpu,1369012.3659593381,test_legacy,0.3374474701048268,True,13,0.33042235597725134,SCHW,50000,aleatoric,-0.021422765666857836,0.05
ppo_with_uncertainty_guard,0.07586586832236729,0.314336588032986,32,0.9943075871008494,cpu,1328935.3017331006,test_legacy,0.44392643642276985,True,19,0.2326352137500471,SCHW,50000,aleatoric,-0.028149989925357666,0.05
ppo_with_uncertainty_guard,0.0572493534747641,0.19407551720001112,32,0.9960092382704732,cpu,1241719.0159444048,test_legacy,0.2875177685555117,True,23,0.28684988772151454,SCHW,50000,aleatoric,-0.01900185359911184,0.05
ppo_with_uncertainty_guard,0.08486779859822431,0.30493747658275727,32,0.99430758777501,cpu,1372702.7902565533,test_legacy,0.438980628664174,True,29,0.26713047364999365,SCHW,50000,aleatoric,-0.02578663493702482,0.05
ppo_with_uncertainty_guard,0.07203993951699308,0.30710990962585516,32,0.994307595739132,cpu,1310651.0758381488,test_legacy,0.43533832048054466,True,37,0.22650940535979244,SCHW,50000,aleatoric,-0.027660430955196436,0.05
ppo_with_uncertainty_guard,0.07135245620262425,0.3141871102091764,32,0.994307589844574,cpu,1307385.486958159,test_legacy,0.44055224604631127,True,42,0.219365438692912,SCHW,50000,aleatoric,-0.028082439410373805,0.05
ppo_with_uncertainty_guard,-0.040098002816761055,0.1694910963215262,32,0.8288168867477419,cpu,852869.0815094851,test_legacy,0.3463504097987741,False,53,-0.24145249253591472,SCHW,50000,aleatoric,-0.015367162430521475,0.05
ppo_with_uncertainty_guard,0.010067976205881532,0.13452128028060537,32,0.9970880432034608,cpu,1039726.2494839829,test_legacy,0.22936170519792687,True,67,0.07446866339750166,SCHW,50000,aleatoric,-0.012126072205388905,0.05
ppo_with_uncertainty_guard,0.045239000367163495,0.14485898502570402,32,0.9956575402088195,cpu,1187756.3375297454,test_legacy,0.2277324498801203,True,89,0.30543855638351336,SCHW,50000,aleatoric,-0.01296904321598511,0.05
ppo_with_uncertainty_guard,0.3397501963750992,0.2912933244394108,32,0.9281496004920249,cpu,3118757.150347834,test_legacy,0.30376650688255,False,7,1.004084172331094,SLV,50000,aleatoric,-0.026761780625602416,0.05
ppo_with_uncertainty_guard,0.351026972722351,0.2866889066210435,32,0.9281496010413055,cpu,3222091.387832199,test_legacy,0.26625013804673103,False,13,1.0494471541841996,SLV,50000,aleatoric,-0.026108838942749735,0.05
ppo_with_uncertainty_guard,0.3360147561419468,0.2915268804169856,32,0.9281496004920058,cpu,3085076.8812934095,test_legacy,0.30681545824170464,False,19,0.9937024054528332,SLV,50000,aleatoric,-0.026764500854919236,0.05
ppo_with_uncertainty_guard,0.18827359566540244,0.14324243287571595,32,0.9396454186350374,cpu,1955877.892631258,test_legacy,0.21156646981833194,False,23,1.204261189744009,SLV,50000,aleatoric,-0.012333183144648261,0.05
ppo_with_uncertainty_guard,0.17472848080219705,0.12883350262831228,32,0.977097783564605,cpu,1870592.3742439658,test_legacy,0.1051833293649368,True,29,1.2499609108982734,SLV,50000,aleatoric,-0.01151554387700351,0.05
ppo_with_uncertainty_guard,0.34455802141753855,0.28540883125778693,32,0.9281496009576257,cpu,3162507.582584442,test_legacy,0.2712434060123696,False,37,1.037337157584607,SLV,50000,aleatoric,-0.02604938115881108,0.05
ppo_with_uncertainty_guard,0.11684069179280061,0.11380651608932836,32,0.9812167152289556,cpu,1536853.8064542627,test_legacy,0.15311290449796233,True,42,0.9709789745097988,SLV,50000,aleatoric,-0.010635780152915063,0.05
ppo_with_uncertainty_guard,0.3370426359053512,0.29066257148414554,32,0.9281496004929791,cpu,3094317.5879706508,test_legacy,0.29933808183967536,False,53,0.9993031669932769,SLV,50000,aleatoric,-0.026744127287344543,0.05
ppo_with_uncertainty_guard,0.36160863555829614,0.2695743586299913,32,0.92817435306682,cpu,3321348.817235871,test_legacy,0.18278877592845577,False,67,1.1450148331386605,SLV,50000,aleatoric,-0.02442239892705613,0.05
ppo_with_uncertainty_guard,0.36259391035321253,0.26887883610564994,32,0.9281497471082353,cpu,3330705.006543188,test_legacy,0.1920147317834895,False,89,1.1506669399061231,SLV,50000,aleatoric,-0.02383021871688875,0.05
ppo_with_uncertainty_guard,0.011763486102828099,0.14900000518284603,32,0.8989176289249277,cpu,1046529.9802927754,test_legacy,0.17751801488116015,False,7,0.07848873355655939,SNY,50000,aleatoric,-0.013062289533564187,0.05
ppo_with_uncertainty_guard,0.01463019837161493,0.14861897884639316,32,0.9076212328918158,cpu,1058108.6660045087,test_legacy,0.20173501372788205,False,13,0.09772772041840658,SNY,50000,aleatoric,-0.012742778312620294,0.05
ppo_with_uncertainty_guard,0.017608242172970544,0.1538938782044548,32,0.9142713445462881,cpu,1070237.5218239492,test_legacy,0.21885196661801654,False,19,0.11342228416756257,SNY,50000,aleatoric,-0.013251157329313567,0.05
ppo_with_uncertainty_guard,0.021398917577624785,0.2294544150086877,32,0.8643377368276955,cpu,1085825.0653358544,test_legacy,0.2808088940641057,False,23,0.09227610999687352,SNY,50000,aleatoric,-0.019892337966127195,0.05
ppo_with_uncertainty_guard,0.024459685627963232,0.25826409260248145,32,0.8497562254702442,cpu,1098533.7246580413,test_legacy,0.3204066887258147,False,29,0.09356826392561944,SNY,50000,aleatoric,-0.022776526893091998,0.05
ppo_with_uncertainty_guard,0.02503993972642153,0.2580886635493695,32,0.8497562268593296,cpu,1100955.409175332,test_legacy,0.3192815584209543,False,37,0.0958258370049429,SNY,50000,aleatoric,-0.02277386572119715,0.05
ppo_with_uncertainty_guard,0.0024244019355456566,0.007871796836836645,32,0.9927512431361837,cpu,1009461.2970247756,test_legacy,0.009213241380653936,True,42,0.3076068950522259,SNY,50000,aleatoric,0.0,0.04693877551020408
ppo_with_uncertainty_guard,0.0010054007995484251,0.02749429599607092,32,0.9813430450608047,cpu,1003915.5737169173,test_legacy,0.038561229640740935,True,53,0.03654903260069734,SNY,50000,aleatoric,-0.0019910970060379894,0.05
ppo_with_uncertainty_guard,0.01833775136564798,0.18765570755213778,32,0.8865863219848924,cpu,1073224.317705844,test_legacy,0.23916670165360387,False,67,0.09683492873347284,SNY,50000,aleatoric,-0.016371616292677693,0.05
ppo_with_uncertainty_guard,0.003070275741866589,0.007979140335327725,32,0.9952410529710068,cpu,1011993.0155016679,test_legacy,0.009585006226099813,True,89,0.3841906462788683,SNY,50000,aleatoric,0.0,0.019387755102040816
ppo_with_uncertainty_guard,0.41949624328125945,0.42276478397018147,32,0.749052693857542,cpu,3905109.2178854877,test_legacy,0.5181781707827775,False,7,0.8285976792897765,SPOT,50000,aleatoric,-0.040914924633996555,0.05
ppo_with_uncertainty_guard,0.2596323187327939,0.3071433426674069,32,0.8106357863755742,cpu,2453787.6722314623,test_legacy,0.43937576718328186,False,13,0.7515049701113348,SPOT,50000,aleatoric,-0.02858712077151102,0.05
ppo_with_uncertainty_guard,0.38963155849311637,0.44849882419536186,32,0.7490526925558113,cpu,3595182.429124111,test_legacy,0.5604093647950006,False,19,0.7336441300645016,SPOT,50000,aleatoric,-0.04199893982772842,0.05
ppo_with_uncertainty_guard,0.22588745732100968,0.23701963902049186,32,0.828683687258876,cpu,2207875.405444788,test_legacy,0.30440346259425055,False,23,0.8592743668747672,SPOT,50000,aleatoric,-0.02165442672058706,0.05
ppo_with_uncertainty_guard,0.3549012912457895,0.37407320928310805,32,0.7865739793772234,cpu,3258173.5997331934,test_legacy,0.4816064944413251,False,29,0.8119492854839208,SPOT,50000,aleatoric,-0.03558564410156082,0.05
ppo_with_uncertainty_guard,0.3268794945481114,0.3634048290340058,32,0.7946296669185597,cpu,3003848.242576127,test_legacy,0.47902770955629403,False,37,0.7782775424094819,SPOT,50000,aleatoric,-0.03468604861917619,0.05
ppo_with_uncertainty_guard,0.2460929438744542,0.31639973520311543,32,0.8144513869574415,cpu,2352800.1108655916,test_legacy,0.46334240044129527,False,42,0.6953637330201782,SPOT,50000,aleatoric,-0.029667921576078272,0.05
ppo_with_uncertainty_guard,0.39626236930140984,0.41780593048737974,32,0.753025045358046,cpu,3662357.080499203,test_legacy,0.5106964975803607,False,53,0.7989326601722246,SPOT,50000,aleatoric,-0.039724365507267476,0.05
ppo_with_uncertainty_guard,0.43263728375365784,0.34656283251142395,32,0.7502619821764194,cpu,4047590.100255886,test_legacy,0.33696773411471814,False,67,1.037378511746128,SPOT,50000,aleatoric,-0.02846731944124876,0.05
ppo_with_uncertainty_guard,0.34547980680463847,0.4312079676599496,32,0.7617846973616523,cpu,3170947.484907241,test_legacy,0.5672139527849416,False,89,0.6881843475382055,SPOT,50000,aleatoric,-0.039845855661303005,0.05
ppo_with_uncertainty_guard,0.14301790647035315,0.1679066935116904,32,0.9963353188214906,cpu,1681751.4051870462,test_legacy,0.18755166881950847,True,7,0.7961083725685448,SPY,50000,aleatoric,-0.01610837317493532,0.05
ppo_with_uncertainty_guard,0.11025073543631934,0.13396054171128885,32,0.9968804476643538,cpu,1501887.8107612582,test_legacy,0.15329251629649743,True,13,0.7807205937234712,SPY,50000,aleatoric,-0.012772862600285605,0.05
ppo_with_uncertainty_guard,0.1418194111279245,0.16975766702590697,32,0.9963353181794963,cpu,1674904.2081515463,test_legacy,0.18755230118020172,True,19,0.7812480176601354,SPY,50000,aleatoric,-0.016435936930005113,0.05
ppo_with_uncertainty_guard,-0.0028825461762277712,0.010274972661511745,32,0.9842450061576266,cpu,988836.6879660807,test_legacy,0.023827313698449037,True,23,-0.2809412940127507,SPY,50000,aleatoric,0.0,0.013265306122448979
ppo_with_uncertainty_guard,0.14812678352329664,0.1508219619647391,32,0.9963514058305841,cpu,1711172.7455975958,test_legacy,0.18586807021242902,True,29,0.915858560790229,SPY,50000,aleatoric,-0.014095050813335508,0.05
ppo_with_uncertainty_guard,0.13557497586649092,0.15824301750661995,32,0.9964247100492816,cpu,1639563.2077257019,test_legacy,0.1832606035954637,True,37,0.8034413384495397,SPY,50000,aleatoric,-0.015137268576792361,0.05
ppo_with_uncertainty_guard,0.13724798891473,0.1578103640814125,32,0.9963486605736552,cpu,1648976.9280821974,test_legacy,0.18618220802896757,True,42,0.81497289779664,SPY,50000,aleatoric,-0.015316317103200737,0.05
ppo_with_uncertainty_guard,0.13647939275923496,0.1634601622556387,32,0.9963994328606712,cpu,1644647.214633009,test_legacy,0.1848565066163821,True,53,0.7826684247701889,SPY,50000,aleatoric,-0.015577800492177473,0.05
ppo_with_uncertainty_guard,0.14331313684846533,0.15760553170493993,32,0.996350760404426,cpu,1683441.2910316067,test_legacy,0.18491660042409563,True,67,0.8497809146819312,SPY,50000,aleatoric,-0.01556144649975053,0.05
ppo_with_uncertainty_guard,0.1053094569694753,0.13272552320046238,32,0.9971559611126797,cpu,1476059.9629880858,test_legacy,0.15415072484953196,True,89,0.7543780966201239,SPY,50000,aleatoric,-0.012684612986130083,0.05
ppo_with_uncertainty_guard,0.1671436112119006,0.19836718322560798,32,0.9854928746850105,cpu,1824059.2164211913,test_legacy,0.2214219484603116,True,7,0.7791575183803039,SPYG,50000,aleatoric,-0.019112583308692255,0.05
ppo_with_uncertainty_guard,0.12848666915023954,0.16830403177889453,32,0.9871929332467586,cpu,1600120.891274755,test_legacy,0.19098991934867204,True,13,0.7182085243174857,SPYG,50000,aleatoric,-0.01632147907148198,0.05
ppo_with_uncertainty_guard,0.167524219091611,0.19895041782714945,32,0.9854928600976052,cpu,1826373.5316252427,test_legacy,0.22142216113451674,True,19,0.7785122185532956,SPYG,50000,aleatoric,-0.019112629915990186,0.05
ppo_with_uncertainty_guard,-0.0038882781023239143,0.013586557338182393,32,0.9796456863862208,cpu,984963.6368246863,test_legacy,0.027756759379106044,True,23,-0.2867401573947344,SPYG,50000,aleatoric,0.0,0.013265306122448979
ppo_with_uncertainty_guard,0.17313218426579824,0.19609567487175403,32,0.9854928199793954,cpu,1860726.6669648448,test_legacy,0.22142715417289294,True,29,0.81428171846354,SPYG,50000,aleatoric,-0.019113665269820144,0.05
ppo_with_uncertainty_guard,0.1558394457485123,0.19271017078496655,32,0.9855431220412486,cpu,1756311.0527264192,test_legacy,0.21998320592254061,True,37,0.7515262580722497,SPYG,50000,aleatoric,-0.01922272635023221,0.05
ppo_with_uncertainty_guard,0.13803961217481447,0.17877817869988738,32,0.9859361707096495,cpu,1653445.205408958,test_legacy,0.20551103429977813,True,42,0.723281945317381,SPYG,50000,aleatoric,-0.017961472318786063,0.05
ppo_with_uncertainty_guard,0.1441383499117581,0.19538986536480624,32,0.9863884631766121,cpu,1688171.4654970155,test_legacy,0.2328389112496445,True,53,0.6891437855975397,SPYG,50000,aleatoric,-0.01945698214772493,0.05
ppo_with_uncertainty_guard,0.13744409498683152,0.16942289955496412,32,0.9875863891741485,cpu,1650083.0019951318,test_legacy,0.1863686011982868,True,67,0.7601310274000974,SPYG,50000,aleatoric,-0.016703787326072295,0.05
ppo_with_uncertainty_guard,0.10268090614119202,0.14973183423049521,32,0.9876425172242038,cpu,1462455.8610701822,test_legacy,0.16958546658163864,True,89,0.6527957061045193,SPYG,50000,aleatoric,-0.015494072122183677,0.05
ppo_with_uncertainty_guard,0.10251198541951492,0.11759284383503611,32,0.9982517327671079,cpu,1461584.8066764118,test_legacy,0.16253982388503918,True,7,0.8299065188177134,SPYV,50000,aleatoric,-0.011895259653595502,0.05
ppo_with_uncertainty_guard,0.09504444781678409,0.11614545807577961,32,0.9982975249364026,cpu,1423461.3671156776,test_legacy,0.14957288514990297,True,13,0.7817337971366538,SPYV,50000,aleatoric,-0.011851014927657565,0.05
ppo_with_uncertainty_guard,0.11619080958901151,0.1425847096381866,32,0.9980825834000256,cpu,1533378.9532865828,test_legacy,0.17537336972925788,True,19,0.7709220966077805,SPYV,50000,aleatoric,-0.014713898509211454,0.05
ppo_with_uncertainty_guard,-0.0005901048202177839,0.006964674638598175,32,0.9924882131013416,cpu,997707.1032660912,test_legacy,0.0160435955014937,True,23,-0.08475134552064179,SPYV,50000,aleatoric,0.0,0.027551020408163266
ppo_with_uncertainty_guard,0.07879496837292017,0.10474990777657503,32,0.9985863436208082,cpu,1343061.0971903994,test_legacy,0.12997431469430998,True,29,0.7240534607258744,SPYV,50000,aleatoric,-0.010302759390476979,0.05
ppo_with_uncertainty_guard,0.05395871348956344,0.08041288955650852,32,0.9986944451690093,cpu,1226756.7020599744,test_legacy,0.12019108877979501,True,37,0.6535416726472435,SPYV,50000,aleatoric,-0.007171836256885022,0.05
ppo_with_uncertainty_guard,0.09559553643070226,0.12477553580886104,32,0.998368674544653,cpu,1426249.2632894693,test_legacy,0.15293147927856499,True,42,0.7316976646633871,SPYV,50000,aleatoric,-0.012579769254542138,0.05
ppo_with_uncertainty_guard,0.11530781691373768,0.1424987588238694,32,0.9980826174585257,cpu,1528667.0387859626,test_legacy,0.17534470491966136,True,53,0.765833436876325,SPYV,50000,aleatoric,-0.014688509588290799,0.05
ppo_with_uncertainty_guard,0.11420037577764093,0.13338948491008037,32,0.9980855780457243,cpu,1522772.6144821846,test_legacy,0.17414961992419975,True,67,0.8106850944618033,SPYV,50000,aleatoric,-0.013483652693924863,0.05
ppo_with_uncertainty_guard,0.10291194985009026,0.12429218083016885,32,0.9982660827403113,cpu,1463647.8824185175,test_legacy,0.16156945356020502,True,89,0.7880928908512292,SPYV,50000,aleatoric,-0.012575232497969857,0.05
ppo_with_uncertainty_guard,0.14208408838119874,0.1683908145672445,32,0.9960463838353072,cpu,1676414.566902194,test_legacy,0.19099240088529046,True,7,0.7889659312950806,SPYX,50000,aleatoric,-0.01620444945089039,0.05
ppo_with_uncertainty_guard,0.10707581657767361,0.13000810202834423,32,0.9966953566386505,cpu,1485254.4418112102,test_legacy,0.15256812600360936,True,13,0.7824282788097359,SPYX,50000,aleatoric,-0.01256958739176035,0.05
ppo_with_uncertainty_guard,0.14436241571401656,0.16611443924465127,32,0.9960463847135697,cpu,1689457.5277015641,test_legacy,0.18739042714641452,True,19,0.8117747709878913,SPYX,50000,aleatoric,-0.016161600102393956,0.05
ppo_with_uncertainty_guard,-0.0031543628529237928,0.010441125624130718,32,0.9831858700968396,cpu,987788.8144249894,test_legacy,0.02410264784101801,True,23,-0.3025823481575801,SPYX,50000,aleatoric,0.0,0.013265306122448979
ppo_with_uncertainty_guard,0.14438481227633718,0.15941176846662117,32,0.9960539285474055,cpu,1689586.1164198837,test_legacy,0.18651447659080678,True,29,0.8460296109760681,SPYX,50000,aleatoric,-0.01571822069886144,0.05
ppo_with_uncertainty_guard,0.13539619173459055,0.15742690105687143,32,0.9961468089973506,cpu,1638559.5905385606,test_legacy,0.18313042003918645,True,37,0.8066062962159098,SPYX,50000,aleatoric,-0.015355315686362924,0.05
ppo_with_uncertainty_guard,0.12621427222100043,0.14964397346919708,32,0.9963155633411004,cpu,1587626.8581368204,test_legacy,0.17637592791424572,True,42,0.7942964745773536,SPYX,50000,aleatoric,-0.014275533882281444,0.05
ppo_with_uncertainty_guard,0.11488785407718932,0.14956395326371305,32,0.9964925582183273,cpu,1526429.7691380766,test_legacy,0.19208662411800537,True,53,0.727138476536957,SPYX,50000,aleatoric,-0.014352136353709799,0.05
ppo_with_uncertainty_guard,0.11164019795222033,0.13361167465937157,32,0.9966888055683623,cpu,1509210.5534964157,test_legacy,0.14931830653800127,True,67,0.7921198129031771,SPYX,50000,aleatoric,-0.01312662064867869,0.05
ppo_with_uncertainty_guard,0.11157164714825966,0.13220006354658392,32,0.9968314131645583,cpu,1508848.6564875585,test_legacy,0.16013719452621922,True,89,0.8001114550608068,SPYX,50000,aleatoric,-0.012727132702037557,0.05
ppo_with_uncertainty_guard,-0.0007887532939695013,0.04600783151172699,32,0.9505802146096342,cpu,996936.1190345134,test_legacy,0.08373035508762627,True,7,-0.017150597518188017,TAN,50000,aleatoric,-0.0025930430770674914,0.05
ppo_with_uncertainty_guard,-0.0027091203121112377,0.01632020340137693,32,0.9876407349887677,cpu,989505.6889557767,test_legacy,0.02626776618223059,True,13,-0.16622159455822857,TAN,50000,aleatoric,0.0,0.04387755102040816
ppo_with_uncertainty_guard,-0.07343127369452575,0.36410620885301537,32,0.5779412869879349,cpu,743345.6655971828,test_legacy,0.6999036756011713,False,19,-0.2094636742873389,TAN,50000,aleatoric,-0.035258148335179575,0.05
ppo_with_uncertainty_guard,-0.0037583824207847822,0.019336916716392417,32,0.9813625013273544,cpu,985463.2273540731,test_legacy,0.027740447313484795,True,23,-0.1947276305456219,TAN,50000,aleatoric,-4.6999689074755936e-05,0.05
ppo_with_uncertainty_guard,-0.0011782316314911006,0.01934006582773041,32,0.9924455612408769,cpu,995425.7803971163,test_legacy,0.026757123652614623,True,29,-0.060957218342660956,TAN,50000,aleatoric,-0.00022439304568777624,0.05
ppo_with_uncertainty_guard,-0.0025529667427675647,0.01625480438520435,32,0.9882422587941609,cpu,990108.3486136793,test_legacy,0.02626776618223059,True,37,-0.15725850000117697,TAN,50000,aleatoric,0.0,0.012244897959183673
ppo_with_uncertainty_guard,-0.003871701440594735,0.017489422237138712,32,0.9821921357318981,cpu,985027.381688269,test_legacy,0.026779210729898195,True,42,-0.2218015333018061,TAN,50000,aleatoric,-3.8780969457972174e-08,0.05
ppo_with_uncertainty_guard,0.002031750464687973,0.025683632995467016,32,0.9922409132576778,cpu,1007924.4696880728,test_legacy,0.03449227863746629,True,53,0.07902607495257806,TAN,50000,aleatoric,-0.0006865393747365722,0.05
ppo_with_uncertainty_guard,-0.002882566333287066,0.016259072787766168,32,0.9869729172962224,cpu,988836.6102285143,test_legacy,0.02626776618223059,True,67,-0.17754399542304852,TAN,50000,aleatoric,0.0,0.014285714285714285
ppo_with_uncertainty_guard,-0.002343247034885313,0.017025911437202928,32,0.9882352179696893,cpu,990918.1705802764,test_legacy,0.02626776618223059,True,89,-0.13778850371376355,TAN,50000,aleatoric,-1.2611888113678302e-05,0.05
ppo_with_uncertainty_guard,0.15552690246643752,0.21544326021078825,32,0.753703203143126,cpu,1754464.889934969,test_legacy,0.2759402338968526,False,7,0.6709716790689682,TMUS,50000,aleatoric,-0.020499305945721514,0.05
ppo_with_uncertainty_guard,0.14896700015846914,0.20849062752223918,32,0.76712655280234,cpu,1716047.8044598624,test_legacy,0.26135981666777863,False,13,0.6660403581931931,TMUS,50000,aleatoric,-0.02043472583531951,0.05
ppo_with_uncertainty_guard,0.16153957820727533,0.22565281428031514,32,0.7537008622726669,cpu,1790235.0209184112,test_legacy,0.27594255504976106,False,19,0.6636134491014664,TMUS,50000,aleatoric,-0.022257275655385822,0.05
ppo_with_uncertainty_guard,0.015170393785298256,0.025067942587502237,32,0.9902137264395852,cpu,1060301.13209113,test_legacy,0.017956028807353364,True,23,0.6006228335762228,TMUS,50000,aleatoric,-4.742767540797388e-05,0.05
ppo_with_uncertainty_guard,0.161710148839315,0.22292632178711927,32,0.7537008622726663,cpu,1791257.6024593082,test_legacy,0.2759425550497616,False,29,0.6723884275105008,TMUS,50000,aleatoric,-0.02211324690541545,0.05
ppo_with_uncertainty_guard,0.15743831154126559,0.22248083320887505,32,0.7537008672436606,cpu,1765777.9816700057,test_legacy,0.2759425502357309,False,37,0.657176191589102,TMUS,50000,aleatoric,-0.021830602340650082,0.05
ppo_with_uncertainty_guard,0.15879919586381547,0.2199123305862459,32,0.7547622103479538,cpu,1773865.6342683444,test_legacy,0.27477721810622757,False,42,0.6701951918340073,TMUS,50000,aleatoric,-0.021189373925635645,0.05
ppo_with_uncertainty_guard,0.16227245777622074,0.22550475970879436,32,0.7537008630232468,cpu,1794631.7526711097,test_legacy,0.27594255432732784,False,53,0.6668462271488276,TMUS,50000,aleatoric,-0.02225726099699301,0.05
ppo_with_uncertainty_guard,0.13514474902245452,0.1837155454261448,32,0.7682311425039144,cpu,1637148.871693989,test_legacy,0.260849815237598,False,67,0.6899800730266498,TMUS,50000,aleatoric,-0.01740849269917737,0.05
ppo_with_uncertainty_guard,0.14108641713619985,0.19947958350910766,32,0.7537014106546385,cpu,1670726.7147590928,test_legacy,0.27594202629163544,False,89,0.6616251083396533,TMUS,50000,aleatoric,-0.01864398942918255,0.05
ppo_with_uncertainty_guard,0.12257373181433692,0.4471261744418987,32,0.9519534329397572,cpu,1567761.7756336846,test_legacy,0.5461337926926355,True,7,0.2585936350716261,TSLA,50000,aleatoric,-0.04530618106130273,0.05
ppo_with_uncertainty_guard,0.012622730163630136,0.025564384328529536,32,0.9985120545316469,cpu,1049990.5488165463,test_legacy,0.031500224485268125,True,13,0.49066895476766736,TSLA,50000,aleatoric,-0.001635778745988947,0.05
ppo_with_uncertainty_guard,-0.007829930189467586,0.021184618356774612,32,0.9698929600042592,cpu,969892.9600042591,test_legacy,0.04533398730928517,True,19,-0.37105630201326795,TSLA,50000,aleatoric,-4.580018027153798e-05,0.05
ppo_with_uncertainty_guard,-0.002599205019561069,0.01674754608888865,32,0.9899298680311941,cpu,989929.8680311941,test_legacy,0.02430240767545455,True,23,-0.15539973049786904,TSLA,50000,aleatoric,-2.0462072359528344e-05,0.05
ppo_with_uncertainty_guard,0.15130033078592606,0.5799099900310731,32,0.9382706174333679,cpu,1729640.2423632154,test_legacy,0.6453477008932866,False,29,0.24295492381005068,TSLA,50000,aleatoric,-0.05743143290350376,0.05
ppo_with_uncertainty_guard,-0.000961885914263888,0.028045144925358863,32,0.9901393862605179,cpu,996264.5266574948,test_legacy,0.05226424363828641,True,37,-0.034314081056001436,TSLA,50000,aleatoric,-0.0017097790599597928,0.05
ppo_with_uncertainty_guard,-0.009871717406680294,0.017016164611138414,32,0.9621540017351773,cpu,962154.0017351772,test_legacy,0.03798229713165391,True,42,-0.5830146538287855,TSLA,50000,aleatoric,-2.1078057305157212e-05,0.05
ppo_with_uncertainty_guard,-0.013177121879521008,0.01793744474902941,32,0.9497229342703745,cpu,949722.9342703745,test_legacy,0.05684840787673695,False,53,-0.7394917859994452,TSLA,50000,aleatoric,-0.0007610239200477763,0.05
ppo_with_uncertainty_guard,0.04677948868288227,0.14483837762637708,32,0.9819494485711833,cpu,1194578.4694392765,test_legacy,0.3218512364472508,True,67,0.31565009094629665,TSLA,50000,aleatoric,-0.015081657219828149,0.05
ppo_with_uncertainty_guard,0.10164011566284513,0.3515612228881386,32,0.9450244449498763,cpu,1457095.0611101887,test_legacy,0.4418669444979999,False,89,0.27534333587926496,TSLA,50000,aleatoric,-0.035484775088252006,0.05
ppo_with_uncertainty_guard,0.30111158229039137,0.37385230864848246,32,0.9728908021389107,cpu,2783277.800999385,test_legacy,0.47798454856147243,True,7,0.7040717538780558,TSM,50000,aleatoric,-0.03489919984501126,0.05
ppo_with_uncertainty_guard,0.32070266607332687,0.35615259207047884,32,0.9729370431699916,cpu,2949833.030792092,test_legacy,0.4201415880127314,True,13,0.7810242013030114,TSM,50000,aleatoric,-0.033209736589345694,0.05
ppo_with_uncertainty_guard,0.3110509239980697,0.3231092369817841,32,0.9732682573480398,cpu,2866879.2654844876,test_legacy,0.3532203314084782,True,19,0.8381961380208668,TSM,50000,aleatoric,-0.0297202038912185,0.05
ppo_with_uncertainty_guard,0.3194819345751767,0.3388539376311338,32,0.9729113341324805,cpu,2939243.9518410624,test_legacy,0.3670254510349342,True,23,0.8181668414767769,TSM,50000,aleatoric,-0.031515627196405126,0.05
ppo_with_uncertainty_guard,0.232681364935172,0.24729617586216338,32,0.9810200362861677,cpu,2255842.557697914,test_legacy,0.30430355491572125,True,29,0.8459153610924395,TSM,50000,aleatoric,-0.02267329065158181,0.05
ppo_with_uncertainty_guard,0.3072676142792898,0.37175368054475033,32,0.9728908024940807,cpu,2834840.4430468413,test_legacy,0.4653885811547812,True,37,0.7207435135240213,TSM,50000,aleatoric,-0.03478845970900801,0.05
ppo_with_uncertainty_guard,0.2525715188911881,0.31008567636147943,32,0.9780729406552273,cpu,2400729.2381903883,test_legacy,0.40043717216604313,True,42,0.7262461801276046,TSM,50000,aleatoric,-0.029427667767753185,0.05
ppo_with_uncertainty_guard,0.29883591809597326,0.3558466388425755,32,0.9737074999583877,cpu,2764394.480498354,test_legacy,0.446310051390428,True,53,0.7347780490616662,TSM,50000,aleatoric,-0.03302525736817419,0.05
ppo_with_uncertainty_guard,0.35506101433789583,0.35620966688604744,32,0.972891046513439,cpu,3259667.5418060906,test_legacy,0.3720944978097219,True,67,0.8529985993822479,TSM,50000,aleatoric,-0.03338769413945926,0.05
ppo_with_uncertainty_guard,0.30138238933149314,0.2899022615550343,32,0.9740135402058451,cpu,2785531.303598885,test_legacy,0.3541633778397443,True,89,0.9086749797377516,TSM,50000,aleatoric,-0.026892831625823364,0.05
ppo_with_uncertainty_guard,0.14004201462334295,0.17419802097940404,32,0.9535857925776484,cpu,1664787.8133803846,test_legacy,0.1497114752585753,True,7,0.7523908508535017,V,50000,aleatoric,-0.015445489137630997,0.05
ppo_with_uncertainty_guard,0.1094958266268583,0.1665583851050505,32,0.9623378610998458,cpu,1497920.3751631984,test_legacy,0.16537065409025342,True,13,0.6238389186864194,V,50000,aleatoric,-0.017241948079545644,0.05
ppo_with_uncertainty_guard,0.13970349944668622,0.20674202351061396,32,0.9534638415734811,cpu,1662866.2468071023,test_legacy,0.1965937801200578,True,19,0.6325179455211992,V,50000,aleatoric,-0.02042813568637207,0.05
ppo_with_uncertainty_guard,-0.006295074262935737,0.010219826731514252,32,0.9694292427037324,cpu,975740.8760865381,test_legacy,0.030669355098109308,True,23,-0.6179041844647117,V,50000,aleatoric,0.0,0.014285714285714285
ppo_with_uncertainty_guard,0.14722470745887178,0.19635323509009697,32,0.9534638423228515,cpu,1705950.2294938632,test_legacy,0.1719567370324151,True,29,0.6994823218171505,V,50000,aleatoric,-0.019120199519900356,0.05
ppo_with_uncertainty_guard,0.06526433497332668,0.12093334784753415,32,0.9737367901386188,cpu,1278729.6272667565,test_legacy,0.1252679619271202,True,37,0.5227911767271554,V,50000,aleatoric,-0.011325216034987573,0.05
ppo_with_uncertainty_guard,0.13934824836347395,0.20807304226613102,32,0.9534638415758786,cpu,1660851.4519229676,test_legacy,0.20312311210300882,True,42,0.6269735185547114,V,50000,aleatoric,-0.020563573710736447,0.05
ppo_with_uncertainty_guard,0.1417412893887913,0.2055144561735242,32,0.9534638543665003,cpu,1674458.6062151038,test_legacy,0.19792145642294157,True,53,0.6449884059622608,V,50000,aleatoric,-0.020269754600249976,0.05
ppo_with_uncertainty_guard,0.14262020166115363,0.1859986365611857,32,0.9539408641255506,cpu,1679476.952714009,test_legacy,0.1570450969312378,True,67,0.7168005973587313,V,50000,aleatoric,-0.017781818886159772,0.05
ppo_with_uncertainty_guard,-0.005811224256288724,0.01057478802191706,32,0.9712662056439908,cpu,977589.7988853462,test_legacy,0.032112806436366714,True,89,-0.5511304454265421,V,50000,aleatoric,0.0,0.03469387755102041
ppo_with_uncertainty_guard,0.1446301619257019,0.1639130398820308,32,0.9964715229412536,cpu,1690995.2550256785,test_legacy,0.1868922036140246,True,7,0.8241043630166976,VOO,50000,aleatoric,-0.01619997794838852,0.05
ppo_with_uncertainty_guard,0.11104037487297894,0.13206287668062883,32,0.997000003383149,cpu,1506046.1213193792,test_legacy,0.1531657283468335,True,13,0.7973226624507824,VOO,50000,aleatoric,-0.012674564790200816,0.05
ppo_with_uncertainty_guard,0.14296370421553325,0.1665900441552625,32,0.9964715209500916,cpu,1681441.2908062097,test_legacy,0.18689382830929857,True,19,0.8021157735570005,VOO,50000,aleatoric,-0.01630627854510571,0.05
ppo_with_uncertainty_guard,-0.00309948391284639,0.010087470063390136,32,0.9834986843181237,cpu,988000.3103365487,test_legacy,0.023616437806013746,True,23,-0.30773309769366525,VOO,50000,aleatoric,0.0,0.013265306122448979
ppo_with_uncertainty_guard,0.14754224426783683,0.14097316601706802,32,0.996497585473182,cpu,1707787.2377317692,test_legacy,0.18433836201813758,True,29,0.9762306215300081,VOO,50000,aleatoric,-0.013446971521493278,0.05
ppo_with_uncertainty_guard,0.13181804030388664,0.1520301592388251,32,0.9966787886303662,cpu,1618569.188456732,test_legacy,0.17770239455926262,True,37,0.8144771827204733,VOO,50000,aleatoric,-0.014806665266691787,0.05
ppo_with_uncertainty_guard,0.13495487236565218,0.15191516133096086,32,0.9965055234641912,cpu,1636084.167151662,test_legacy,0.18395446584342268,True,42,0.833312203464983,VOO,50000,aleatoric,-0.014989573964071124,0.05
ppo_with_uncertainty_guard,0.11279210362168973,0.1449392115753089,32,0.9969288310972385,cpu,1515301.4050567471,test_legacy,0.18253610988436242,True,53,0.7373584238088728,VOO,50000,aleatoric,-0.013830938793937176,0.05
ppo_with_uncertainty_guard,0.14162375010715503,0.1527695302285962,32,0.9965158263576246,cpu,1673788.3348054143,test_legacy,0.1813241094120981,True,67,0.8670017729454206,VOO,50000,aleatoric,-0.015187427188866565,0.05
ppo_with_uncertainty_guard,0.12227241705234175,0.14195513268116725,32,0.9969619596102568,cpu,1566125.9283554347,test_legacy,0.16692783792485932,True,89,0.8126190465897594,VOO,50000,aleatoric,-0.013847949047135799,0.05
ppo_with_uncertainty_guard,0.13668298044376584,0.17063300882023816,32,0.9956160862978396,cpu,1645793.2568102167,test_legacy,0.1930350374808958,True,7,0.7508174210728973,VTI,50000,aleatoric,-0.01670510801779255,0.05
ppo_with_uncertainty_guard,0.09459182420700582,0.12504013021327376,32,0.9965698038364256,cpu,1421174.6240367698,test_legacy,0.14600526103354305,True,13,0.7228192708655079,VTI,50000,aleatoric,-0.012261907751929169,0.05
ppo_with_uncertainty_guard,0.1391266413278149,0.16924904001363744,32,0.9956160850008552,cpu,1659595.5336943292,test_legacy,0.19303595617730107,True,19,0.7696453847677516,VTI,50000,aleatoric,-0.01659992984266436,0.05
ppo_with_uncertainty_guard,-0.002616718446667747,0.010477409567633295,32,0.9858108306928871,cpu,989862.2721277637,test_legacy,0.023256889507644596,True,23,-0.25007215036343183,VTI,50000,aleatoric,0.0,0.013265306122448979
ppo_with_uncertainty_guard,0.09330843033902202,0.12418919179945931,32,0.9968192239379832,cpu,1414705.5050078458,test_legacy,0.14559735399345386,True,29,0.7183253310242886,VTI,50000,aleatoric,-0.012185090610719129,0.05
ppo_with_uncertainty_guard,0.12587702067436404,0.15729947763097968,32,0.9958593238676867,cpu,1585778.7854975867,test_legacy,0.18417685871062595,True,37,0.7537354097613891,VTI,50000,aleatoric,-0.015460806516851732,0.05
ppo_with_uncertainty_guard,0.12989017837839772,0.16064469185108043,32,0.9956559414130758,cpu,1607874.0250281317,test_legacy,0.19054980462959703,True,42,0.7601889526636686,VTI,50000,aleatoric,-0.015746049812792505,0.05
ppo_with_uncertainty_guard,0.10480424388393612,0.14818773010723882,32,0.996226495968814,cpu,1473437.9581039792,test_legacy,0.18389463508114667,True,53,0.6725796904975343,VTI,50000,aleatoric,-0.01420465514471152,0.05
ppo_with_uncertainty_guard,0.13841418703604555,0.16042978730428215,32,0.9956280575552853,cpu,1655562.6061393486,test_legacy,0.1910836728687867,True,67,0.8080550618356335,VTI,50000,aleatoric,-0.01594877891595985,0.05
ppo_with_uncertainty_guard,0.11487107202560891,0.14183499299850721,32,0.9962853734244944,cpu,1526340.4166218934,test_legacy,0.17148971023018011,True,89,0.7666559835085126,VTI,50000,aleatoric,-0.013996056978795135,0.05
ppo_with_uncertainty_guard,0.1057189094729441,0.13266845370389543,32,0.9855826443498782,cpu,1478187.521709625,test_legacy,0.14451960500549565,True,7,0.7574943189377829,VYM,50000,aleatoric,-0.012868706315659484,0.05
ppo_with_uncertainty_guard,0.10627726050502626,0.12817280103744597,32,0.9855878797890953,cpu,1481092.443277818,test_legacy,0.14421343227127814,True,13,0.788002083061733,VYM,50000,aleatoric,-0.012345164450964495,0.05
ppo_with_uncertainty_guard,0.10294852132299123,0.14152579745240942,32,0.9855821270437356,cpu,1463836.6313727945,test_legacy,0.14860899521810067,True,19,0.6923611067791889,VYM,50000,aleatoric,-0.013672066575715291,0.05
ppo_with_uncertainty_guard,-0.0009817127526076002,0.006384010516172795,32,0.9920207371476691,cpu,996187.6385519127,test_legacy,0.015524462576104736,True,23,-0.15384851309381525,VYM,50000,aleatoric,-2.5600921597757063e-06,0.05
ppo_with_uncertainty_guard,0.10664595673495975,0.13369363524161582,32,0.9855830825566503,cpu,1483012.974955472,test_legacy,0.14451096270280028,True,29,0.7579542570357168,VYM,50000,aleatoric,-0.012942999531150435,0.05
ppo_with_uncertainty_guard,0.09484540048425924,0.12571637046329606,32,0.9863547703229804,cpu,1422455.4045852371,test_legacy,0.13720195699851978,True,37,0.7207736890199743,VYM,50000,aleatoric,-0.01224429065941388,0.05
ppo_with_uncertainty_guard,0.09126621132629152,0.12528309349076902,32,0.987121854815233,cpu,1404456.5587046235,test_legacy,0.13068991938543595,True,42,0.6971297619008819,VYM,50000,aleatoric,-0.011993637273911428,0.05
ppo_with_uncertainty_guard,0.10435046027962293,0.1397343702224627,32,0.9855821275789137,cpu,1471085.8180123582,test_legacy,0.14455305048457257,True,53,0.7103279634493536,VYM,50000,aleatoric,-0.01352761954576831,0.05
ppo_with_uncertainty_guard,0.09039751512573374,0.12161101963954891,32,0.9870843292403373,cpu,1400113.7404728932,test_legacy,0.1265689346121901,True,67,0.711631312863322,VYM,50000,aleatoric,-0.01178634390151858,0.05
ppo_with_uncertainty_guard,0.006626651502719842,0.04273548001852713,32,0.9859088259862081,cpu,1026018.0111393855,test_legacy,0.05203439765516049,True,89,0.15454997179949861,VYM,50000,aleatoric,-0.004164273887390468,0.05
ppo_with_uncertainty_guard,0.13838508270801958,0.13554762060472983,32,0.998118011356861,cpu,1655398.0127520973,test_legacy,0.16967871449033067,True,7,0.9561990952143506,VYMI,50000,aleatoric,-0.01318145141356215,0.05
ppo_with_uncertainty_guard,0.12089321759461,0.1266813570742166,32,0.9982499380280497,cpu,1558654.3907373438,test_legacy,0.17363395565407436,True,13,0.9008882032371505,VYMI,50000,aleatoric,-0.012309141287139358,0.05
ppo_with_uncertainty_guard,0.1296685707724918,0.1460760468845066,32,0.998118004216407,cpu,1606647.9898144095,test_legacy,0.21000805105999965,True,19,0.8346622160433811,VYMI,50000,aleatoric,-0.014110799034541533,0.05
ppo_with_uncertainty_guard,0.1307211946181423,0.14503517549386608,32,0.9981180042166753,cpu,1612477.7797759534,test_legacy,0.20579489174619425,True,23,0.8470739569467032,VYMI,50000,aleatoric,-0.01411018298913227,0.05
ppo_with_uncertainty_guard,0.0929041091582513,0.11280928975301166,32,0.9985292833180868,cpu,1412672.0087542823,test_legacy,0.17460987517679005,True,29,0.7875091558626561,VYMI,50000,aleatoric,-0.010892120387890003,0.05
ppo_with_uncertainty_guard,0.11290381266507758,0.11554871037773551,32,0.9982015409603698,cpu,1515893.0509189463,test_legacy,0.1413620210122386,True,37,0.9257783973685949,VYMI,50000,aleatoric,-0.011233838670852415,0.05
ppo_with_uncertainty_guard,0.10626711079463111,0.12029433053056304,32,0.9984661741274488,cpu,1481039.5997734426,test_legacy,0.17670024527278527,True,42,0.8395345889365721,VYMI,50000,aleatoric,-0.011582454911972916,0.05
ppo_with_uncertainty_guard,0.1094758052075287,0.1287896365020819,32,0.9983100438117931,cpu,1497815.2583631815,test_legacy,0.19339703695130384,True,53,0.8066450918730684,VYMI,50000,aleatoric,-0.01263486120991999,0.05
ppo_with_uncertainty_guard,0.09537878010813056,0.11287719012406935,32,0.9985025728025503,cpu,1425152.2336137504,test_legacy,0.17445650351609954,True,67,0.8070726525056361,VYMI,50000,aleatoric,-0.010832262246207324,0.05
ppo_with_uncertainty_guard,0.061314943165062336,0.07018951996282957,32,0.9988864956628896,cpu,1260391.6859995003,test_legacy,0.10021916868454006,True,89,0.8478262451049984,VYMI,50000,aleatoric,-0.006540850695695343,0.05
ppo_with_uncertainty_guard,0.12207659464659233,0.15819853492771052,32,0.992960116795991,cpu,1565063.4824012476,test_legacy,0.1562343777472085,True,7,0.7280785211927479,XLF,50000,aleatoric,-0.015608149055826992,0.05
ppo_with_uncertainty_guard,0.128997018313188,0.15523779601718332,32,0.9926808848517547,cpu,1602936.8934765838,test_legacy,0.15247175663165413,True,13,0.7815720346985049,XLF,50000,aleatoric,-0.014557390388459978,0.05
ppo_with_uncertainty_guard,0.12016767681813523,0.18180915843414625,32,0.9926431270215611,cpu,1554734.5640172507,test_legacy,0.2090572274907283,True,19,0.6241615518211397,XLF,50000,aleatoric,-0.018358160614566188,0.05
ppo_with_uncertainty_guard,-0.0008117108077119121,0.009277711103002018,32,0.9819164206570609,cpu,996847.046052491,test_legacy,0.02335257157903814,True,23,-0.08752444651699985,XLF,50000,aleatoric,0.0,0.014285714285714285
ppo_with_uncertainty_guard,0.1349569772358142,0.15611998283133288,32,0.9926463937419704,cpu,1636095.9670715355,test_legacy,0.15507954298296545,True,29,0.8108802837196164,XLF,50000,aleatoric,-0.014780487253278185,0.05
ppo_with_uncertainty_guard,0.10796206998531971,0.15612002729872965,32,0.993353213254511,cpu,1489883.6754349258,test_legacy,0.17894527003508698,True,37,0.6566886542469969,XLF,50000,aleatoric,-0.015890941363371082,0.05
ppo_with_uncertainty_guard,0.10652685831480134,0.16471384316431906,32,0.9933770828757785,cpu,1482392.3913879173,test_legacy,0.19672007691283022,True,42,0.6145570641118312,XLF,50000,aleatoric,-0.016412556558655034,0.05
ppo_with_uncertainty_guard,0.11976105098636619,0.17522321474861535,32,0.9927013187307147,cpu,1552540.920812867,test_legacy,0.19636493417021084,True,53,0.6455492378457861,XLF,50000,aleatoric,-0.017773726707792294,0.05
ppo_with_uncertainty_guard,0.12922518653914708,0.15008169352149436,32,0.9927856813389964,cpu,1604197.069194933,test_legacy,0.14881236604939563,True,67,0.8097696028982013,XLF,50000,aleatoric,-0.014067170920230508,0.05
ppo_with_uncertainty_guard,0.002043527321932132,0.04838820379792918,32,0.9693845163603694,cpu,1007970.5386922188,test_legacy,0.0914089330398632,True,89,0.04218870102082929,XLF,50000,aleatoric,-0.004376895370200805,0.05
ppo_with_uncertainty_guard,0.0721935769806001,0.09349675176443795,32,0.997925955905649,cpu,1311381.6910120551,test_legacy,0.11393430867096555,True,7,0.7455500027599204,XLI,50000,aleatoric,-0.009101225766959153,0.05
ppo_with_uncertainty_guard,0.13684910275425766,0.15118381545540574,32,0.99614320181341,cpu,1646728.8371727038,test_legacy,0.17440995760606992,True,13,0.848373588427795,XLI,50000,aleatoric,-0.014751163177397508,0.05
ppo_with_uncertainty_guard,0.14268099193571704,0.1704962973766971,32,0.9959999992227896,cpu,1679824.461000203,test_legacy,0.18490708369923292,True,19,0.7822875133160849,XLI,50000,aleatoric,-0.016965363178815807,0.05
ppo_with_uncertainty_guard,0.14257698959257434,0.1644911715574551,32,0.9960000164520504,cpu,1679229.9629144215,test_legacy,0.18489181719419145,True,23,0.8102933341386931,XLI,50000,aleatoric,-0.0163485853555148,0.05
ppo_with_uncertainty_guard,0.10073979742065373,0.12515257207010205,32,0.9970074580570567,cpu,1452469.5788911683,test_legacy,0.13932400817119106,True,29,0.7669229127727478,XLI,50000,aleatoric,-0.012479649433944483,0.05
ppo_with_uncertainty_guard,0.12244848848640477,0.14349091361526947,32,0.9960267899415878,cpu,1567081.6716151051,test_legacy,0.18175401876238395,True,37,0.8050148883225924,XLI,50000,aleatoric,-0.013864452876482858,0.05
ppo_with_uncertainty_guard,0.136020497800265,0.1542902332316517,32,0.9960095432077634,cpu,1642066.1629558238,test_legacy,0.18370153356774,True,42,0.8265671137426814,XLI,50000,aleatoric,-0.01500444633459743,0.05
ppo_with_uncertainty_guard,0.1401455035455673,0.16118305790398885,32,0.9960179707102016,cpu,1665375.5927989963,test_legacy,0.18247815714407367,True,53,0.8137068590487339,XLI,50000,aleatoric,-0.015986515708819305,0.05
ppo_with_uncertainty_guard,0.14673805428813272,0.15745430543076602,32,0.9960123273514122,cpu,1703137.701590913,test_legacy,0.1832102173808391,True,67,0.8695938736487434,XLI,50000,aleatoric,-0.015321979867668655,0.05
ppo_with_uncertainty_guard,-0.004365622148872136,0.028220052682818762,32,0.9682036555084759,cpu,983129.3444316447,test_legacy,0.03875211032999104,True,89,-0.15503708446155637,XLI,50000,aleatoric,-0.0023643173710181206,0.05
ppo_with_uncertainty_guard,0.1977614384404836,0.23733103860869387,32,0.9607158513374243,cpu,2017313.9599244215,test_legacy,0.2565625823548702,True,7,0.7603481914195098,XLK,50000,aleatoric,-0.024271436540256007,0.05
ppo_with_uncertainty_guard,0.1711684973731323,0.21104666111588125,32,0.9643019832767986,cpu,1848643.4327221806,test_legacy,0.2321596832136723,True,13,0.7486583604176748,XLK,50000,aleatoric,-0.021116138535046947,0.05
ppo_with_uncertainty_guard,0.19118532907666672,0.24606202153063306,32,0.9607158460593609,cpu,1974582.0975012532,test_legacy,0.25656302980178214,True,19,0.7109946194428182,XLK,50000,aleatoric,-0.02513493591350784,0.05
ppo_with_uncertainty_guard,0.16430642983685603,0.20753225028799185,32,0.9624624476975119,cpu,1806876.0971151104,test_legacy,0.2439146404775534,True,23,0.7330207905640667,XLK,50000,aleatoric,-0.02111022870267565,0.05
ppo_with_uncertainty_guard,0.19043655437754772,0.20484302283437048,32,0.9621684913439633,cpu,1969759.5312219562,test_legacy,0.2480132782820179,True,29,0.8509928957534716,XLK,50000,aleatoric,-0.019651472773200496,0.05
ppo_with_uncertainty_guard,0.17955653903549257,0.22635576068100846,32,0.9625244443756106,cpu,1900668.1565516926,test_legacy,0.24507315522840134,True,37,0.7295526173278397,XLK,50000,aleatoric,-0.023182681528004512,0.05
ppo_with_uncertainty_guard,0.1756860187877547,0.22364627154510322,32,0.9608826612125663,cpu,1876528.9293288295,test_legacy,0.2540512745764535,True,42,0.7236950877834119,XLK,50000,aleatoric,-0.022725009622098113,0.05
ppo_with_uncertainty_guard,0.11762333727251667,0.17523558584059365,32,0.9706542338645078,cpu,1541046.2914509191,test_legacy,0.21278773591488598,True,53,0.6345988976294161,XLK,50000,aleatoric,-0.017658231321092722,0.05
ppo_with_uncertainty_guard,0.16740514873490492,0.20565984367835896,32,0.9652223022888388,cpu,1825649.2809339769,test_legacy,0.2204741754203925,True,67,0.7526182163910423,XLK,50000,aleatoric,-0.021106796979154827,0.05
ppo_with_uncertainty_guard,0.16173964331233107,0.19502370434593083,32,0.9621360596319036,cpu,1791434.4676496547,test_legacy,0.2428644358530806,True,89,0.7687191292235596,XLK,50000,aleatoric,-0.019267289713672753,0.05
ppo_with_uncertainty_guard,0.09072041614123635,0.15318317784235363,32,0.9296860186228899,cpu,1401726.832604335,test_legacy,0.20893431478071323,False,7,0.5668920138166094,XLU,50000,aleatoric,-0.01625722480204681,0.05
ppo_with_uncertainty_guard,0.09027113797280961,0.14656526022355856,32,0.9301007401203253,cpu,1399482.7833316247,test_legacy,0.203826911229134,False,13,0.5896780860706106,XLU,50000,aleatoric,-0.015070365958381071,0.05
ppo_with_uncertainty_guard,0.09298387515023976,0.15449560045927685,32,0.9298495172435415,cpu,1413073.012446169,test_legacy,0.21206052417649246,False,19,0.5754944776960558,XLU,50000,aleatoric,-0.01645247830309593,0.05
ppo_with_uncertainty_guard,0.0908199922873567,0.17190028796511028,32,0.9296253319389779,cpu,1402224.5560085026,test_legacy,0.24598227091858138,False,23,0.5056979291282221,XLU,50000,aleatoric,-0.01836469209559679,0.05
ppo_with_uncertainty_guard,0.08955011120118968,0.16883602381662205,32,0.9296253307431311,cpu,1395886.987008352,test_legacy,0.243873535988971,False,29,0.507976831275614,XLU,50000,aleatoric,-0.017859012677419628,0.05
ppo_with_uncertainty_guard,0.06618898813820187,0.12170571780694735,32,0.9386990060997501,cpu,1283051.4823765717,test_legacy,0.19694661372155764,False,37,0.5266023221713081,XLU,50000,aleatoric,-0.01232936275621812,0.05
ppo_with_uncertainty_guard,0.08736712565378633,0.15307572997649996,32,0.932384540559625,cpu,1385042.167052457,test_legacy,0.2138683168017853,False,42,0.5471749594816716,XLU,50000,aleatoric,-0.016068343944788222,0.05
ppo_with_uncertainty_guard,0.05361028670994841,0.11225272849093391,32,0.9510970838846432,cpu,1225180.309003952,test_legacy,0.17538493434957014,True,53,0.4652230875951045,XLU,50000,aleatoric,-0.011919688517370908,0.05
ppo_with_uncertainty_guard,0.057991141703000404,0.11552766794521571,32,0.9487363588146733,cpu,1245110.513308994,test_legacy,0.1763163621440238,False,67,0.48795136491837365,XLU,50000,aleatoric,-0.012395360377460297,0.05
ppo_with_uncertainty_guard,0.045795325131185546,0.0881316857178322,32,0.9650856955977796,cpu,1190216.702567974,test_legacy,0.1299653218909822,True,89,0.5080759729723595,XLU,50000,aleatoric,-0.009319483340440015,0.05
