agent,annualized_return,annualized_volatility,bootstrap_paths,capital_preservation_rate_95pct_hwm,device,final_portfolio_value,fold_id,max_drawdown,mc_dropout,mc_passes,meets_95pct_preservation_goal,seed,sharpe_ratio,ticker,timesteps,uncertainty_mode,var_95,var_95_violation_rate
ppo_with_uncertainty_guard_epistemic,0.13917163466823568,0.274358135757395,32,0.9565674121730707,cpu,1659850.4683037181,test_legacy,0.33360514023690113,0.1,20,True,7,0.4749313748967544,AAPL,50000,epistemic,-0.02863965889150828,0.05
ppo_with_uncertainty_guard_epistemic,0.03825276500409502,0.10832454259143161,32,0.9799885918756311,cpu,1157180.0302650179,test_legacy,0.157879374182903,0.1,20,True,13,0.34654392027900793,AAPL,50000,epistemic,-0.01126556657967912,0.05
ppo_with_uncertainty_guard_epistemic,0.14057063374920065,0.27451679566263143,32,0.9565674121730684,cpu,1667791.79520921,test_legacy,0.3336051402453465,0.1,20,True,19,0.4791277586996894,AAPL,50000,epistemic,-0.028863338559131344,0.05
ppo_with_uncertainty_guard_epistemic,0.011296058855379097,0.0715270625949298,32,0.9885402827611922,cpu,1044650.9992213055,test_legacy,0.1172956769883503,0.1,20,True,23,0.15704139767558165,AAPL,50000,epistemic,-0.00791734124130219,0.05
ppo_with_uncertainty_guard_epistemic,0.14554808340828287,0.2714395891053201,32,0.9565674121730687,cpu,1696274.9800126594,test_legacy,0.3336051402449226,0.1,20,True,29,0.5006016952914673,AAPL,50000,epistemic,-0.02759704181764766,0.05
ppo_with_uncertainty_guard_epistemic,0.14532211389788974,0.25335391509492033,32,0.9565674798819687,cpu,1694974.1080090175,test_legacy,0.33360089608616417,0.1,20,True,37,0.5355584679083981,AAPL,50000,epistemic,-0.024947007870397185,0.05
ppo_with_uncertainty_guard_epistemic,0.14279582608648025,0.2674139350226842,32,0.956567454789807,cpu,1680481.057460907,test_legacy,0.3335971027698239,0.1,20,True,42,0.4991424989244692,AAPL,50000,epistemic,-0.027603038800897737,0.05
ppo_with_uncertainty_guard_epistemic,0.055888217885236395,0.13999925914114453,32,0.9753666015252194,cpu,1235513.682714284,test_legacy,0.18288387750597768,0.1,20,True,53,0.38844679661427195,AAPL,50000,epistemic,-0.014477386537215597,0.05
ppo_with_uncertainty_guard_epistemic,0.14704032917077692,0.23804650615561054,32,0.9581113970168362,cpu,1704884.2413933678,test_legacy,0.3198617736654269,0.1,20,True,67,0.5762945603700044,AAPL,50000,epistemic,-0.023431928386928026,0.05
ppo_with_uncertainty_guard_epistemic,0.12019584835244562,0.19751052724011287,32,0.956912135733193,cpu,1554886.62753365,test_legacy,0.3260641624055679,0.1,20,True,89,0.5746703478559074,AAPL,50000,epistemic,-0.017006686892853208,0.05
ppo_with_uncertainty_guard_epistemic,0.21552186449741567,0.4153995190148709,32,0.9560241204328177,cpu,2136156.2431847854,test_legacy,0.4988191661209912,0.1,20,True,7,0.46984509890176374,AMAT,50000,epistemic,-0.0405369129148017,0.05
ppo_with_uncertainty_guard_epistemic,0.056643698357609046,0.1144621604127502,32,0.9832256691842745,cpu,1238955.0197052637,test_legacy,0.1707435710190186,0.1,20,True,13,0.4813598293319424,AMAT,50000,epistemic,-0.011068289493600947,0.05
ppo_with_uncertainty_guard_epistemic,0.22026005187234032,0.4141108646289192,32,0.9560241205940359,cpu,2168721.344539036,test_legacy,0.4988185661425436,0.1,20,True,19,0.48070199069057434,AMAT,50000,epistemic,-0.04073904083273616,0.05
ppo_with_uncertainty_guard_epistemic,0.06037642194601024,0.15792982921558632,32,0.9779356248046015,cpu,1256062.8004674078,test_legacy,0.2637286363434145,0.1,20,True,23,0.3712022072942814,AMAT,50000,epistemic,-0.01650557865071951,0.05
ppo_with_uncertainty_guard_epistemic,0.09751157183960299,0.1480678084246686,32,0.9825874726111918,cpu,1435973.8498613471,test_legacy,0.23110408028583462,0.1,20,True,29,0.6283966174962139,AMAT,50000,epistemic,-0.014647083021976658,0.05
ppo_with_uncertainty_guard_epistemic,0.21683733017819798,0.40347241509956216,32,0.9561760595608596,cpu,2145160.6295673084,test_legacy,0.4958108303867439,0.1,20,True,37,0.4864150705422923,AMAT,50000,epistemic,-0.037752489277094806,0.05
ppo_with_uncertainty_guard_epistemic,0.20345463767979938,0.3889724086546307,32,0.9560325100704561,cpu,2054860.1191049658,test_legacy,0.49784119558501294,0.1,20,True,42,0.4761165723592411,AMAT,50000,epistemic,-0.0357368005280172,0.05
ppo_with_uncertainty_guard_epistemic,0.17436250259863012,0.33138818084834515,32,0.9623493236309677,cpu,1868327.0677162502,test_legacy,0.38917177300149863,0.1,20,True,53,0.48500635109667745,AMAT,50000,epistemic,-0.03418097320282891,0.05
ppo_with_uncertainty_guard_epistemic,0.21412741197349255,0.4066375648050179,32,0.9562085993159005,cpu,2126641.878960468,test_legacy,0.4933871450255052,0.1,20,True,67,0.47714618712330065,AMAT,50000,epistemic,-0.03931246498395877,0.05
ppo_with_uncertainty_guard_epistemic,0.15654520846912054,0.2730030828607517,32,0.9598653412909981,cpu,1760485.232914911,test_legacy,0.4085626492063672,0.1,20,True,89,0.5327310102046284,AMAT,50000,epistemic,-0.023053449652930345,0.05
ppo_with_uncertainty_guard_epistemic,0.20574106262376776,0.4699152998815455,32,0.8157091150275532,cpu,2070084.0441698811,test_legacy,0.6276498892069572,0.1,20,False,7,0.39814473903455205,AMD,50000,epistemic,-0.04526755801690818,0.05
ppo_with_uncertainty_guard_epistemic,0.0029497292145602653,0.025734550253338262,32,0.958647515308357,cpu,1011520.13544013,test_legacy,0.04626966059851312,0.1,20,True,13,0.11445193725493469,AMD,50000,epistemic,-2.1947762910201617e-06,0.05
ppo_with_uncertainty_guard_epistemic,0.20269519461381352,0.5127016727247021,32,0.8156849833415287,cpu,2049821.895906605,test_legacy,0.6300021235970336,0.1,20,False,19,0.35998512683041484,AMD,50000,epistemic,-0.05080232654591858,0.05
ppo_with_uncertainty_guard_epistemic,0.18556180915192624,0.4038465907485228,32,0.8296704990160081,cpu,1938576.7649112332,test_legacy,0.5526043468285154,0.1,20,False,23,0.42148850523256004,AMD,50000,epistemic,-0.03920669516970854,0.05
ppo_with_uncertainty_guard_epistemic,0.0022883157575404405,0.0322026897233715,32,0.9561913102120352,cpu,1008928.4624090879,test_legacy,0.06793998030339565,0.1,20,True,29,0.07097824133802211,AMD,50000,epistemic,-0.0013221520105426876,0.05
ppo_with_uncertainty_guard_epistemic,0.18233572313019825,0.526775604965905,32,0.8156849830255848,cpu,1918142.790827443,test_legacy,0.6300028513641358,0.1,20,False,37,0.31795674728113726,AMD,50000,epistemic,-0.054055856587969055,0.05
ppo_with_uncertainty_guard_epistemic,0.0011347584598561857,0.025775356605619814,32,0.9519186853507023,cpu,1004420.1879814115,test_legacy,0.04808131464929766,0.1,20,True,42,0.04399970641508667,AMD,50000,epistemic,0.0,0.04081632653061224
ppo_with_uncertainty_guard_epistemic,0.08659841628235657,0.2569577467318655,32,0.89681375464779,cpu,1381238.2503244225,test_legacy,0.37645883245970946,0.1,20,False,53,0.32321285263349886,AMD,50000,epistemic,-0.02506375965042542,0.05
ppo_with_uncertainty_guard_epistemic,0.0047899324421274364,0.026869948757285073,32,0.9655059009781753,cpu,1018756.7840423057,test_legacy,0.04626966059851312,0.1,20,True,67,0.17783692219089237,AMD,50000,epistemic,-0.00023815156025372983,0.05
ppo_with_uncertainty_guard_epistemic,0.1665941144504554,0.35941105966178083,32,0.8204842410660145,cpu,1820721.8034251577,test_legacy,0.5449250183910769,0.1,20,False,89,0.42872476536111453,AMD,50000,epistemic,-0.03404516560714503,0.05
ppo_with_uncertainty_guard_epistemic,0.134799775590184,0.34760499051552557,32,0.913661446220483,cpu,1635214.8672601166,test_legacy,0.46077889391249494,0.1,20,False,7,0.3637927299661142,AMZN,50000,epistemic,-0.03379589014576716,0.05
ppo_with_uncertainty_guard_epistemic,0.003571023780888755,0.03300232794050373,32,0.9897032575961745,cpu,1013959.1086813303,test_legacy,0.03656022148234561,0.1,20,True,13,0.10801194614125845,AMZN,50000,epistemic,-1.926618487830822e-05,0.05
ppo_with_uncertainty_guard_epistemic,0.09286472330162376,0.26099130683796634,32,0.924561373539381,cpu,1412474.0373313657,test_legacy,0.3770530545667561,0.1,20,False,19,0.3402503408114149,AMZN,50000,epistemic,-0.025321681621135104,0.05
ppo_with_uncertainty_guard_epistemic,-0.006275877424557673,0.04773109032913743,32,0.9499181265190614,cpu,975814.182912951,test_legacy,0.07078201942546625,0.1,20,False,23,-0.13189794213248487,AMZN,50000,epistemic,-0.0023166205219028236,0.05
ppo_with_uncertainty_guard_epistemic,0.18304935276222295,0.2789676507726013,32,0.9139604828107987,cpu,1922649.060135699,test_legacy,0.30691821298571453,0.1,20,False,29,0.6025616458327386,AMZN,50000,epistemic,-0.025161557539017654,0.05
ppo_with_uncertainty_guard_epistemic,0.15329188364201163,0.27367283426182853,32,0.9160486316258121,cpu,1741304.8328427603,test_legacy,0.30462641844404736,0.1,20,False,37,0.5211342162409963,AMZN,50000,epistemic,-0.025017806838411347,0.05
ppo_with_uncertainty_guard_epistemic,0.10786623946871143,0.2807980405912172,32,0.9188529418344601,cpu,1489382.6006203215,test_legacy,0.3710749273180869,0.1,20,False,42,0.3648024053519655,AMZN,50000,epistemic,-0.027607264784089036,0.05
ppo_with_uncertainty_guard_epistemic,0.1244114981735137,0.3502315943807808,32,0.9149754632088428,cpu,1577766.56268034,test_legacy,0.48464373815691497,0.1,20,False,53,0.3348062675755989,AMZN,50000,epistemic,-0.03375490313493516,0.05
ppo_with_uncertainty_guard_epistemic,0.15247779057119748,0.3337990823781893,32,0.9136614678431481,cpu,1736529.6245364489,test_legacy,0.4150672377804485,0.1,20,False,67,0.4251484352432046,AMZN,50000,epistemic,-0.03252229769607568,0.05
ppo_with_uncertainty_guard_epistemic,-0.007590800237205289,0.12098534292298635,32,0.9296320523023592,cpu,970802.3462626422,test_legacy,0.23368417756283533,0.1,20,False,89,-0.06298074468398009,AMZN,50000,epistemic,-0.011693229252142423,0.05
ppo_with_uncertainty_guard_epistemic,0.6165031283958249,0.43745116933123823,32,0.8476609252782925,cpu,6473378.865291834,test_legacy,0.4114967615284719,0.1,20,False,7,1.0978712890943774,AVGO,50000,epistemic,-0.037174627851550304,0.05
ppo_with_uncertainty_guard_epistemic,0.6151867732573103,0.43925975420155194,32,0.8476609251893122,cpu,6452903.002559672,test_legacy,0.41149677792659123,0.1,20,False,13,1.0914963668031494,AVGO,50000,epistemic,-0.03769343250943269,0.05
ppo_with_uncertainty_guard_epistemic,0.6215789384116153,0.4344937347218998,32,0.8476610015292412,cpu,6552785.091798943,test_legacy,0.411489740421749,0.1,20,False,19,1.1125595438440048,AVGO,50000,epistemic,-0.036350710326261026,0.05
ppo_with_uncertainty_guard_epistemic,0.6157862351741423,0.4364106793253242,32,0.8476609283597271,cpu,6462221.6382718105,test_legacy,0.4114963464201742,0.1,20,False,23,1.0994723991196518,AVGO,50000,epistemic,-0.037049254324230854,0.05
ppo_with_uncertainty_guard_epistemic,0.6306326935312935,0.432487189809874,32,0.8476609251240201,cpu,6696216.007472739,test_legacy,0.41149680377024744,0.1,20,False,29,1.1305951415231719,AVGO,50000,epistemic,-0.036382047421685645,0.05
ppo_with_uncertainty_guard_epistemic,0.5235008663535243,0.37486641954165983,32,0.8717788154478209,cpu,5141087.149806111,test_legacy,0.35686947204620467,0.1,20,False,37,1.1230952890695944,AVGO,50000,epistemic,-0.03288659251066823,0.05
ppo_with_uncertainty_guard_epistemic,0.4935976027640474,0.36788507879017623,32,0.8740599058631986,cpu,4759651.35555032,test_legacy,0.3538099816166185,0.1,20,False,42,1.0905240746451994,AVGO,50000,epistemic,-0.03169490947796092,0.05
ppo_with_uncertainty_guard_epistemic,0.6026208729622924,0.43218637602873233,32,0.8489643511398044,cpu,6259853.969099941,test_legacy,0.4056094241141779,0.1,20,False,53,1.0912888226852706,AVGO,50000,epistemic,-0.03693228466088243,0.05
ppo_with_uncertainty_guard_epistemic,0.5330444724577291,0.38211068722915936,32,0.8594496748148635,cpu,5267466.951844703,test_legacy,0.37718119672300077,0.1,20,False,67,1.1181457267010373,AVGO,50000,epistemic,-0.03264640524427502,0.05
ppo_with_uncertainty_guard_epistemic,0.6189466938306685,0.41484563695144,32,0.8476624415361187,cpu,6511516.356685417,test_legacy,0.41143277467045425,0.1,20,False,89,1.161336944436078,AVGO,50000,epistemic,-0.03405433396097734,0.05
ppo_with_uncertainty_guard_epistemic,0.22374537498327574,0.2681538460361458,32,0.9751829026337797,cpu,2192909.971085341,test_legacy,0.28640945330583867,0.1,20,True,7,0.7529857166959298,AXP,50000,epistemic,-0.025987331312298155,0.05
ppo_with_uncertainty_guard_epistemic,0.20883667766567798,0.25556923007904814,32,0.9762238590627901,cpu,2090829.1946871718,test_legacy,0.2700997769566821,0.1,20,True,13,0.7421016836192292,AXP,50000,epistemic,-0.024451589430529008,0.05
ppo_with_uncertainty_guard_epistemic,0.23651932669264306,0.27091510203964075,32,0.9751357429743323,cpu,2283279.563532019,test_legacy,0.28756809565110875,0.1,20,True,19,0.7836414877555667,AXP,50000,epistemic,-0.025660074795666787,0.05
ppo_with_uncertainty_guard_epistemic,0.22629414821927513,0.2722249890128081,32,0.9751358084730201,cpu,2210725.2557908935,test_legacy,0.287558318433463,0.1,20,True,23,0.7493677037365021,AXP,50000,epistemic,-0.02633915546215615,0.05
ppo_with_uncertainty_guard_epistemic,0.2493941193933681,0.26305276870240235,32,0.9751357625839249,cpu,2377132.806926391,test_legacy,0.28756891688011255,0.1,20,True,29,0.8464407960871944,AXP,50000,epistemic,-0.024340430060214135,0.05
ppo_with_uncertainty_guard_epistemic,0.20573144805756094,0.25522971371453973,32,0.9778508709934094,cpu,2070019.8516900174,test_legacy,0.26249943476121307,0.1,20,True,37,0.7330113509805192,AXP,50000,epistemic,-0.025268872085236538,0.05
ppo_with_uncertainty_guard_epistemic,0.21279171454629292,0.253187980498478,32,0.9751480648095542,cpu,2117557.954278958,test_legacy,0.28674008050149324,0.1,20,True,42,0.7619823929567139,AXP,50000,epistemic,-0.023733574178489647,0.05
ppo_with_uncertainty_guard_epistemic,0.22237202262471728,0.28186944974396383,32,0.9751357232374342,cpu,2183354.9164906493,test_legacy,0.28757430476383306,0.1,20,True,53,0.7123621911345064,AXP,50000,epistemic,-0.027766501324529624,0.05
ppo_with_uncertainty_guard_epistemic,0.21740419755371404,0.26079824715906497,32,0.9757733784133374,cpu,2149049.527230565,test_legacy,0.27802762020944927,0.1,20,True,67,0.7543024826231874,AXP,50000,epistemic,-0.02484350205615273,0.05
ppo_with_uncertainty_guard_epistemic,0.2385610281150167,0.23891398663861818,32,0.9751358665797002,cpu,2297975.9847137765,test_legacy,0.2875305356944713,0.1,20,True,89,0.8955109971379248,AXP,50000,epistemic,-0.022033426678733915,0.05
ppo_with_uncertainty_guard_epistemic,0.03853259096883692,0.35481520613430345,32,0.8220760277455739,cpu,1158393.3644834526,test_legacy,0.4831421789641558,0.1,20,False,7,0.10655893266642709,BA,50000,epistemic,-0.03463156796301616,0.05
ppo_with_uncertainty_guard_epistemic,0.0027652436569016335,0.008545562042235187,32,0.993910973591682,cpu,1010796.7531317547,test_legacy,0.010683121927926198,0.1,20,True,13,0.3231356924727433,BA,50000,epistemic,0.0,0.02346938775510204
ppo_with_uncertainty_guard_epistemic,0.028752820664534322,0.3619732682467055,32,0.8220759416028592,cpu,1116545.0813084869,test_legacy,0.48314223312771976,0.1,20,False,19,0.07831297197060677,BA,50000,epistemic,-0.03475416565744327,0.05
ppo_with_uncertainty_guard_epistemic,0.011304759276955218,0.27597186963211384,32,0.8921653055152633,cpu,1044685.9505860136,test_legacy,0.42296222011764484,0.1,20,False,23,0.04073361376174294,BA,50000,epistemic,-0.026736441010753963,0.05
ppo_with_uncertainty_guard_epistemic,0.002646563201595458,0.008526289839676843,32,0.9934535919740353,cpu,1010331.6009537998,test_legacy,0.010683121927926198,0.1,20,True,29,0.3099845373836613,BA,50000,epistemic,0.0,0.026530612244897958
ppo_with_uncertainty_guard_epistemic,-0.010083690629550082,0.05569691116617704,32,0.9375447497901325,cpu,961353.1993464127,test_legacy,0.1441312597510045,0.1,20,False,37,-0.18196424753514684,BA,50000,epistemic,-0.0049995474831218785,0.05
ppo_with_uncertainty_guard_epistemic,-0.014787703903444221,0.04737955730041932,32,0.9239200033340754,cpu,943709.2293846434,test_legacy,0.14232215173211693,0.1,20,False,42,-0.31444114157945713,BA,50000,epistemic,-0.004317988442152565,0.05
ppo_with_uncertainty_guard_epistemic,0.040805188482084045,0.33819264001477123,32,0.8236259359803082,cpu,1168282.4572797685,test_legacy,0.4815566303861889,0.1,20,False,53,0.11825986076814414,BA,50000,epistemic,-0.03341707523056696,0.05
ppo_with_uncertainty_guard_epistemic,0.05933829340591301,0.33764366639305793,32,0.8228171535278808,cpu,1251287.356552033,test_legacy,0.4826574181572444,0.1,20,False,67,0.17072565052963865,BA,50000,epistemic,-0.03242194033866097,0.05
ppo_with_uncertainty_guard_epistemic,-0.012719218936381015,0.09318906738001925,32,0.8867554749100733,cpu,951437.8696427372,test_legacy,0.17536181522953687,0.1,20,False,89,-0.1373635262684417,BA,50000,epistemic,-0.009087092683802745,0.05
ppo_with_uncertainty_guard_epistemic,-0.0189515782708677,0.030637308472494934,32,0.9282929620265449,cpu,928292.9620265448,test_legacy,0.11695714419470737,0.1,20,False,7,-0.6245118416040224,BLK,50000,epistemic,-0.0031416640477862855,0.05
ppo_with_uncertainty_guard_epistemic,0.1254351910815285,0.23067703808235981,32,0.9094693061233252,cpu,1583360.064375915,test_legacy,0.23769500795028609,0.1,20,False,13,0.5122734236264415,BLK,50000,epistemic,-0.021331877108720664,0.05
ppo_with_uncertainty_guard_epistemic,0.12129228859728017,0.26257668813047264,32,0.9094519581275987,cpu,1560813.549753304,test_legacy,0.2962701300134185,0.1,20,False,19,0.43599369336920824,BLK,50000,epistemic,-0.024939575466568886,0.05
ppo_with_uncertainty_guard_epistemic,-0.00684788085205549,0.011154745042059683,32,0.9736316321760262,cpu,973631.6321760262,test_legacy,0.033675046008277865,0.1,20,True,23,-0.6160012952457777,BLK,50000,epistemic,-3.104073613826586e-05,0.05
ppo_with_uncertainty_guard_epistemic,-0.005582639351110591,0.00896179024776048,32,0.9784641887560127,cpu,978464.1887560127,test_legacy,0.024807445338445366,0.1,20,True,29,-0.6246722143237078,BLK,50000,epistemic,0.0,0.011224489795918367
ppo_with_uncertainty_guard_epistemic,0.12442926591182918,0.2480696815889275,32,0.9094523291730828,cpu,1577863.520996963,test_legacy,0.27013812803058346,0.1,20,False,37,0.47275230063870777,BLK,50000,epistemic,-0.02311505094742836,0.05
ppo_with_uncertainty_guard_epistemic,0.1252834971383978,0.25646722136404126,32,0.9094519581437904,cpu,1582530.273955765,test_legacy,0.2840884649448103,0.1,20,False,42,0.4602339732892756,BLK,50000,epistemic,-0.024070068821391732,0.05
ppo_with_uncertainty_guard_epistemic,0.11644816190434255,0.23506878714393284,32,0.9162153563889608,cpu,1534754.2908439368,test_legacy,0.2632688918577776,0.1,20,False,53,0.4685959759537411,BLK,50000,epistemic,-0.021987203291415725,0.05
ppo_with_uncertainty_guard_epistemic,0.142891990855562,0.22270685706057966,32,0.9094847119187859,cpu,1681031.0531572069,test_legacy,0.23685992935243083,0.1,20,False,67,0.5997201465571182,BLK,50000,epistemic,-0.02043867045272174,0.05
ppo_with_uncertainty_guard_epistemic,0.13173778625133017,0.25375176527857324,32,0.9094519581319672,cpu,1618122.913329628,test_legacy,0.28435157659274235,0.1,20,False,89,0.48769803751384566,BLK,50000,epistemic,-0.023906458637982197,0.05
ppo_with_uncertainty_guard_epistemic,0.12341881123688317,0.17362767384100675,32,0.9282141517668405,cpu,1572356.5106512548,test_legacy,0.2531331639070752,0.1,20,False,7,0.6702643473519256,BRK-B,50000,epistemic,-0.016776981942606996,0.05
ppo_with_uncertainty_guard_epistemic,0.12660942701221367,0.16893200690221938,32,0.9282432332294884,cpu,1589794.264261034,test_legacy,0.23339294284428358,0.1,20,False,13,0.7056833413128423,BRK-B,50000,epistemic,-0.015868692440265963,0.05
ppo_with_uncertainty_guard_epistemic,0.12323399851036496,0.1744541458814777,32,0.9282141517667801,cpu,1571350.8220213186,test_legacy,0.25935249087814927,0.1,20,False,19,0.6661459194664145,BRK-B,50000,epistemic,-0.016814827078181337,0.05
ppo_with_uncertainty_guard_epistemic,0.12510111428815526,0.17053895505034064,32,0.9282141531364079,cpu,1581533.037984328,test_legacy,0.23604822691539606,0.1,20,False,23,0.6911781606073429,BRK-B,50000,epistemic,-0.01601193690118938,0.05
ppo_with_uncertainty_guard_epistemic,0.1291857505069192,0.16896628580877693,32,0.9282141517672247,cpu,1603979.2109491578,test_legacy,0.2200785559796946,0.1,20,False,29,0.7190587369795951,BRK-B,50000,epistemic,-0.016014650985384637,0.05
ppo_with_uncertainty_guard_epistemic,0.1158469713487042,0.14504665606435965,32,0.9284407633552991,cpu,1531542.848262999,test_legacy,0.16825501364133677,0.1,20,False,37,0.7557127831699658,BRK-B,50000,epistemic,-0.01417440447956384,0.05
ppo_with_uncertainty_guard_epistemic,0.10503196881818415,0.14619062553875678,32,0.929661796656673,cpu,1474619.3988401317,test_legacy,0.19498208418718377,0.1,20,False,42,0.6831775757799575,BRK-B,50000,epistemic,-0.014040236912525294,0.05
ppo_with_uncertainty_guard_epistemic,0.12450019005031483,0.1717185735480142,32,0.928214383419221,cpu,1578250.5971954921,test_legacy,0.24542034087448483,0.1,20,False,53,0.6833189359077689,BRK-B,50000,epistemic,-0.01650328095919926,0.05
ppo_with_uncertainty_guard_epistemic,0.11744938069918422,0.16389917395165263,32,0.9308409119793484,cpu,1540113.705303992,test_legacy,0.22946866845899727,0.1,20,False,67,0.6775424142308524,BRK-B,50000,epistemic,-0.015516646517444154,0.05
ppo_with_uncertainty_guard_epistemic,0.12754000112049532,0.13966547677207292,32,0.9290136624692378,cpu,1594907.1038059916,test_legacy,0.14837464606765927,0.1,20,False,89,0.8594688953592092,BRK-B,50000,epistemic,-0.01307931309815684,0.05
ppo_with_uncertainty_guard_epistemic,0.23375796377109972,0.2826582704382317,32,0.9717834842394534,cpu,2263514.1450592917,test_legacy,0.3319152865709101,0.1,20,True,7,0.7431753133371872,C,50000,epistemic,-0.024910926627634566,0.05
ppo_with_uncertainty_guard_epistemic,0.22799406878931225,0.2770672121132368,32,0.971846276986839,cpu,2222666.890122848,test_legacy,0.33405206743625604,0.1,20,True,13,0.741270973557485,C,50000,epistemic,-0.024059657681360758,0.05
ppo_with_uncertainty_guard_epistemic,0.23792032206726646,0.28210999296314687,32,0.9717834842325843,cpu,2293356.559834695,test_legacy,0.32240849236431723,0.1,20,True,19,0.7565584247666328,C,50000,epistemic,-0.024557956815655403,0.05
ppo_with_uncertainty_guard_epistemic,0.2274716777277833,0.2877380414834512,32,0.9717834842294246,cpu,2218992.1002412955,test_legacy,0.34342037819991666,0.1,20,True,23,0.7123020409642469,C,50000,epistemic,-0.025297089369995262,0.05
ppo_with_uncertainty_guard_epistemic,0.14345412529818255,0.17512543993994187,32,0.9821238968395207,cpu,1684248.7476682994,test_legacy,0.22601135521723992,0.1,20,True,29,0.7654712782409221,C,50000,epistemic,-0.015383038805966809,0.05
ppo_with_uncertainty_guard_epistemic,0.21621165894645336,0.265676726107561,32,0.9741027452393861,cpu,2140874.389931007,test_legacy,0.31768456864786687,0.1,20,True,37,0.7367627414751301,C,50000,epistemic,-0.02347147087772781,0.05
ppo_with_uncertainty_guard_epistemic,0.2158811568758073,0.27285951064554675,32,0.9732470718238577,cpu,2138612.813502051,test_legacy,0.3355058894820888,0.1,20,True,42,0.7163720691004076,C,50000,epistemic,-0.024172245900210054,0.05
ppo_with_uncertainty_guard_epistemic,0.21838744712857083,0.2613592762458002,32,0.9728664135414828,cpu,2155807.3617195156,test_legacy,0.31150817323707636,0.1,20,True,53,0.7557722942045474,C,50000,epistemic,-0.022715529597597504,0.05
ppo_with_uncertainty_guard_epistemic,0.20830629378430535,0.2577951621455963,32,0.9738129285205326,cpu,2087263.9320306387,test_legacy,0.3037708106294126,0.1,20,True,67,0.7339916844750434,C,50000,epistemic,-0.022347568043632117,0.05
ppo_with_uncertainty_guard_epistemic,-0.0034818671374923357,0.06641086128303114,32,0.9728956066838048,cpu,986527.3569692612,test_legacy,0.16868018525461836,0.1,20,True,89,-0.052520544676656566,C,50000,epistemic,-0.006636621175527768,0.05
ppo_with_uncertainty_guard_epistemic,0.32637692683109987,0.28278572071271135,32,0.9248738807089637,cpu,2999426.1378994985,test_legacy,0.3404381625440025,0.1,20,False,7,0.9988161730591267,CAT,50000,epistemic,-0.027014589911791995,0.05
ppo_with_uncertainty_guard_epistemic,0.3024979645700782,0.26120860324950407,32,0.9276053748941786,cpu,2794828.7829942107,test_legacy,0.3155520038578531,0.1,20,False,13,1.0117728437437803,CAT,50000,epistemic,-0.025065138139943332,0.05
ppo_with_uncertainty_guard_epistemic,0.3281644047800105,0.2939458282123738,32,0.9248733862949634,cpu,3015176.216625226,test_legacy,0.34047144422597486,0.1,20,False,19,0.9654761580841469,CAT,50000,epistemic,-0.027360109437413713,0.05
ppo_with_uncertainty_guard_epistemic,0.26161053114869853,0.24655544369128266,32,0.9262637499291934,cpu,2468807.905489984,test_legacy,0.31725420419137373,0.1,20,False,23,0.9425423790417184,CAT,50000,epistemic,-0.02353832762614001,0.05
ppo_with_uncertainty_guard_epistemic,0.25835773038186066,0.22606776028464642,32,0.9254324057631157,cpu,2444145.967151062,test_legacy,0.3331065906011996,0.1,20,False,29,1.01654176857197,CAT,50000,epistemic,-0.02081545520674197,0.05
ppo_with_uncertainty_guard_epistemic,0.32211603857143145,0.28341556396961365,32,0.9261361203117611,cpu,2962128.5200744886,test_legacy,0.3339533661428611,0.1,20,False,37,0.9852435493665331,CAT,50000,epistemic,-0.026380038220720613,0.05
ppo_with_uncertainty_guard_epistemic,0.3058109197457071,0.269718131282115,32,0.9249103587304189,cpu,2822575.683116606,test_legacy,0.3389880723495208,0.1,20,False,42,0.989270109206634,CAT,50000,epistemic,-0.025996913464538984,0.05
ppo_with_uncertainty_guard_epistemic,0.3280910356003143,0.28979359863277027,32,0.9248734381210649,cpu,3014528.5292875194,test_legacy,0.3404673182089768,0.1,20,False,53,0.9791190886097255,CAT,50000,epistemic,-0.027017510846577417,0.05
ppo_with_uncertainty_guard_epistemic,0.32154169067088556,0.27770102904516475,32,0.9250123280463958,cpu,2957127.4565544133,test_legacy,0.3376756156667162,0.1,20,False,67,1.003953223155656,CAT,50000,epistemic,-0.02622229021402589,0.05
ppo_with_uncertainty_guard_epistemic,0.2517274742996634,0.2114522779172125,32,0.9295569317965249,cpu,2394444.186789375,test_legacy,0.311169875287571,0.1,20,False,89,1.0618207112828355,CAT,50000,epistemic,-0.018754592124109324,0.05
ppo_with_uncertainty_guard_epistemic,0.1927358091973876,0.29872708342824483,32,0.9664774260484117,cpu,1984596.0154317217,test_legacy,0.368714051245123,0.1,20,True,7,0.5900019914861583,COPX,50000,epistemic,-0.029891770779665892,0.05
ppo_with_uncertainty_guard_epistemic,0.21451647473037747,0.323024131793343,32,0.9639440559333134,cpu,2129293.2854008814,test_legacy,0.39649911386161596,0.1,20,True,13,0.6016452635042857,COPX,50000,epistemic,-0.03189518543654133,0.05
ppo_with_uncertainty_guard_epistemic,0.20288109457839257,0.33784468996848926,32,0.9639414194401373,cpu,2051054.326175889,test_legacy,0.3972272499295959,0.1,20,True,19,0.5467586439792558,COPX,50000,epistemic,-0.03442020977801521,0.05
ppo_with_uncertainty_guard_epistemic,0.19763639841407185,0.3404167782748078,32,0.9639414194001992,cpu,2016495.0949984812,test_legacy,0.39722769013841663,0.1,20,True,23,0.5297913436316929,COPX,50000,epistemic,-0.034856020188237746,0.05
ppo_with_uncertainty_guard_epistemic,0.20897728175367195,0.27986304618407554,32,0.963949317130438,cpu,2091775.0993668598,test_legacy,0.39356255585513966,0.1,20,True,29,0.67809836081972,COPX,50000,epistemic,-0.025436109868331957,0.05
ppo_with_uncertainty_guard_epistemic,0.017097374779226095,0.021598957111620274,32,0.9994999172101995,cpu,1068149.5802928228,test_legacy,0.022444912848791243,0.1,20,True,37,0.7848867367684892,COPX,50000,epistemic,-0.0015201984271590696,0.05
ppo_with_uncertainty_guard_epistemic,0.0723719827904686,0.1653581060784947,32,0.9840697520477838,cpu,1312230.4703954656,test_legacy,0.28467206995596783,0.1,20,True,42,0.4225552403121859,COPX,50000,epistemic,-0.017679018790028332,0.05
ppo_with_uncertainty_guard_epistemic,0.13612241136793343,0.2000420200592153,32,0.9773885023756022,cpu,1642639.115036455,test_legacy,0.28172253208793474,0.1,20,True,53,0.637970810667675,COPX,50000,epistemic,-0.020047463698508402,0.05
ppo_with_uncertainty_guard_epistemic,0.1600591228124284,0.27792472060657675,32,0.9696843015196116,cpu,1781377.8045873032,test_legacy,0.3507698924575243,0.1,20,True,67,0.534212597690262,COPX,50000,epistemic,-0.028556884701696993,0.05
ppo_with_uncertainty_guard_epistemic,0.22718301808285413,0.3171656658876149,32,0.9639414247631298,cpu,2216963.4444844094,test_legacy,0.3972065711026901,0.1,20,True,89,0.6454709104755999,COPX,50000,epistemic,-0.03112558773862739,0.05
ppo_with_uncertainty_guard_epistemic,0.15968465838960005,0.2151663145049041,32,0.8092174913857234,cpu,1779142.6399963205,test_legacy,0.24107222475580958,0.1,20,False,7,0.688527909147866,COST,50000,epistemic,-0.019037535689007345,0.05
ppo_with_uncertainty_guard_epistemic,0.08524609896377498,0.13274029272308097,32,0.8885996366068651,cpu,1374565.2235869742,test_legacy,0.18731325146894073,0.1,20,False,13,0.6162912638118019,COST,50000,epistemic,-0.011846429830303772,0.05
ppo_with_uncertainty_guard_epistemic,0.15829553964346413,0.2229156952733117,32,0.8092098340221168,cpu,1770869.2355177586,test_legacy,0.2670542613169362,0.1,20,False,19,0.6592153923619049,COST,50000,epistemic,-0.020374318742130627,0.05
ppo_with_uncertainty_guard_epistemic,0.15885325369536782,0.2226528903053386,32,0.8092098385259261,cpu,1774187.4638453722,test_legacy,0.2686912040372481,0.1,20,False,23,0.6621555033023365,COST,50000,epistemic,-0.020376917406617335,0.05
ppo_with_uncertainty_guard_epistemic,0.16862312581604794,0.20708094061685384,32,0.8092098360667428,cpu,1833067.7591087169,test_legacy,0.20742498058201608,0.1,20,False,29,0.7524889560506449,COST,50000,epistemic,-0.01839323388049223,0.05
ppo_with_uncertainty_guard_epistemic,0.15332547324139292,0.22060051059525349,32,0.8092098387426447,cpu,1741502.0679402892,test_legacy,0.2658687339617136,0.1,20,False,37,0.6466412168931753,COST,50000,epistemic,-0.019714228666297195,0.05
ppo_with_uncertainty_guard_epistemic,0.15688812368377977,0.22973002319662456,32,0.8092098339406517,cpu,1762516.0371277244,test_legacy,0.3024589484933371,0.1,20,False,42,0.6343691853224842,COST,50000,epistemic,-0.02048518940728572,0.05
ppo_with_uncertainty_guard_epistemic,0.15690437277611005,0.2224763584338734,32,0.8092100784305278,cpu,1762612.3102743889,test_legacy,0.2713383695478505,0.1,20,False,53,0.6551154055685073,COST,50000,epistemic,-0.02047830987700809,0.05
ppo_with_uncertainty_guard_epistemic,0.16399958411452908,0.20977327653426048,32,0.8092111031479875,cpu,1805024.9482026186,test_legacy,0.2074237314307117,0.1,20,False,67,0.7239333799202738,COST,50000,epistemic,-0.01838556088343024,0.05
ppo_with_uncertainty_guard_epistemic,0.12722110882683058,0.18232266820591664,32,0.8327675426931677,cpu,1593153.644985473,test_legacy,0.22085213701482231,0.1,20,False,89,0.6568316771412561,COST,50000,epistemic,-0.015850841417329415,0.05
ppo_with_uncertainty_guard_epistemic,0.06349836494431033,0.32040126265944524,32,0.7339942314285937,cpu,1270505.4947801123,test_legacy,0.3775644280657102,0.1,20,False,7,0.1921458961016721,CRM,50000,epistemic,-0.03041510915745711,0.05
ppo_with_uncertainty_guard_epistemic,-0.009879976231809855,0.017458484939923125,32,0.962122791884034,cpu,962122.791884034,test_legacy,0.040566965997110516,0.1,20,True,13,-0.568721560028851,CRM,50000,epistemic,0.0,0.014285714285714285
ppo_with_uncertainty_guard_epistemic,-0.013640477500927001,0.019855426991809588,32,0.9479899160705828,cpu,947989.9160705828,test_legacy,0.05334645102937807,0.1,20,False,19,-0.691712837932072,CRM,50000,epistemic,-0.0001710748201049661,0.05
ppo_with_uncertainty_guard_epistemic,-0.013697820125027942,0.03225491368997247,32,0.9477756096885144,cpu,947775.6096885144,test_legacy,0.07510232415980833,0.1,20,False,23,-0.4276071894838,CRM,50000,epistemic,-0.001461074578794541,0.05
ppo_with_uncertainty_guard_epistemic,-0.009847022947548717,0.017487422217992543,32,0.962247325837973,cpu,962247.325837973,test_legacy,0.040566965997110516,0.1,20,True,29,-0.5658773238295424,CRM,50000,epistemic,0.0,0.027551020408163266
ppo_with_uncertainty_guard_epistemic,-0.010020818399635941,0.017458646511590847,32,0.9615906693383073,cpu,961590.6693383072,test_legacy,0.040566965997110516,0.1,20,True,37,-0.5768644883223563,CRM,50000,epistemic,0.0,0.012244897959183673
ppo_with_uncertainty_guard_epistemic,-0.011698988036681252,0.017666880444980305,32,0.9552671039997752,cpu,955267.1039997753,test_legacy,0.04473289600022479,0.1,20,True,42,-0.666096878513043,CRM,50000,epistemic,-3.0308139164603136e-06,0.05
ppo_with_uncertainty_guard_epistemic,0.0806138693122217,0.3111208548759018,32,0.7464768004367548,cpu,1351888.825463511,test_legacy,0.36145779212511575,0.1,20,False,53,0.2491933163512193,CRM,50000,epistemic,-0.028604535216305838,0.05
ppo_with_uncertainty_guard_epistemic,0.08781359033550099,0.3357598872234013,32,0.7292628222253519,cpu,1387255.0426584426,test_legacy,0.3836566391540057,0.1,20,False,67,0.2506843871183967,CRM,50000,epistemic,-0.03141462440911029,0.05
ppo_with_uncertainty_guard_epistemic,0.05692384273875127,0.36158426705335645,32,0.7292624871497925,cpu,1240232.9310835965,test_legacy,0.4096252138028832,0.1,20,False,89,0.15311127900773255,CRM,50000,epistemic,-0.03486261509548596,0.05
ppo_with_uncertainty_guard_epistemic,0.11003899013484279,0.1470250004007471,32,0.9949900485324893,cpu,1500774.1931311656,test_legacy,0.16434060740090484,0.1,20,True,7,0.7100495014692907,DIA,50000,epistemic,-0.014423431300981893,0.05
ppo_with_uncertainty_guard_epistemic,0.09213420409950583,0.1273813273349833,32,0.9954577897635545,cpu,1408805.846789949,test_legacy,0.14543916455421135,0.1,20,True,13,0.6918883584311221,DIA,50000,epistemic,-0.012242550927477147,0.05
ppo_with_uncertainty_guard_epistemic,0.10873931285442362,0.14991584019577933,32,0.9949900485324883,cpu,1493952.3203246081,test_legacy,0.1742804271856805,0.1,20,True,19,0.6885430268333735,DIA,50000,epistemic,-0.014423431399806041,0.05
ppo_with_uncertainty_guard_epistemic,0.11038419120466186,0.1468345206885751,32,0.9949900485325103,cpu,1502590.0008777352,test_legacy,0.1626869317984947,0.1,20,True,23,0.713088175391593,DIA,50000,epistemic,-0.014423430979400376,0.05
ppo_with_uncertainty_guard_epistemic,0.11805178374342852,0.13785065564516688,32,0.9949900485331837,cpu,1543344.9941366399,test_legacy,0.15954339200719792,0.1,20,True,29,0.8094815569288196,DIA,50000,epistemic,-0.01309956145218063,0.05
ppo_with_uncertainty_guard_epistemic,0.06716903965578101,0.09236852275016667,32,0.9963860013217128,cpu,1287644.1066287183,test_legacy,0.10987498144545305,0.1,20,True,37,0.7038033226061587,DIA,50000,epistemic,-0.008565144578664797,0.05
ppo_with_uncertainty_guard_epistemic,0.1005779052662958,0.12940400864270768,32,0.9950100484847605,cpu,1451638.9989285774,test_legacy,0.1574285724111847,0.1,20,True,42,0.740589829563727,DIA,50000,epistemic,-0.01237867415077103,0.05
ppo_with_uncertainty_guard_epistemic,0.11144434975396247,0.14578600015738205,32,0.9949900489064415,cpu,1508176.7924000488,test_legacy,0.16163977483762582,0.1,20,True,53,0.7247628051003011,DIA,50000,epistemic,-0.014423322694422947,0.05
ppo_with_uncertainty_guard_epistemic,0.11322735751741841,0.14357226153890998,32,0.994990048592577,cpu,1517607.6134549917,test_legacy,0.15954327702633198,0.1,20,True,67,0.7471025822304367,DIA,50000,epistemic,-0.013757421852803462,0.05
ppo_with_uncertainty_guard_epistemic,0.01679703838537419,0.054664632373772566,32,0.995839365203066,cpu,1066923.5031551754,test_legacy,0.07500281518677565,0.1,20,True,89,0.3047213364645175,DIA,50000,epistemic,-0.00529436401599197,0.05
ppo_with_uncertainty_guard_epistemic,0.030972852663995715,0.0883747737912349,32,0.9887872628701331,cpu,1125944.5532569813,test_legacy,0.16549684440584866,0.1,20,True,7,0.3451530059485058,EEMX,50000,epistemic,-0.008426271186390721,0.05
ppo_with_uncertainty_guard_epistemic,0.032277008266855436,0.10158672180561208,32,0.9923240573439295,cpu,1131493.597216865,test_legacy,0.1812465891504894,0.1,20,True,13,0.3127081935432956,EEMX,50000,epistemic,-0.010072408252408228,0.05
ppo_with_uncertainty_guard_epistemic,0.07693406653043632,0.17437749040838868,32,0.9878889979806983,cpu,1334073.9142973348,test_legacy,0.267113168508072,0.1,20,True,19,0.4250440185245858,EEMX,50000,epistemic,-0.017545775193054513,0.05
ppo_with_uncertainty_guard_epistemic,0.07736020767368695,0.17310230951992142,32,0.987888999149851,cpu,1336127.997338056,test_legacy,0.26319654032092765,0.1,20,True,23,0.43046062640311217,EEMX,50000,epistemic,-0.017171244645876983,0.05
ppo_with_uncertainty_guard_epistemic,0.09578296617474893,0.15697725616526403,32,0.9878890130437763,cpu,1427198.3732745566,test_legacy,0.17668149120414067,0.1,20,True,29,0.5826898436671694,EEMX,50000,epistemic,-0.015297397655327848,0.05
ppo_with_uncertainty_guard_epistemic,-0.00035434452051838,0.005171016314836001,32,0.9964116762160664,cpu,998622.6986803643,test_legacy,0.007057634809200075,0.1,20,True,37,-0.06853516101585731,EEMX,50000,epistemic,0.0,0.011224489795918367
ppo_with_uncertainty_guard_epistemic,-0.005997466334842032,0.007874756685648958,32,0.9736589756802269,cpu,976877.809313218,test_legacy,0.029387301066361116,0.1,20,True,42,-0.763884186797464,EEMX,50000,epistemic,-0.00026489651283965185,0.05
ppo_with_uncertainty_guard_epistemic,-0.0007029652436389788,0.005216244097828568,32,0.9950609955597947,cpu,997269.0208841107,test_legacy,0.007057634809200075,0.1,20,True,53,-0.13480792429893937,EEMX,50000,epistemic,0.0,0.03469387755102041
ppo_with_uncertainty_guard_epistemic,0.04621908623475127,0.12382709752929837,32,0.991688242682878,cpu,1192093.3390349345,test_legacy,0.21116624718362687,0.1,20,True,67,0.3648857007537675,EEMX,50000,epistemic,-0.012213195162130574,0.05
ppo_with_uncertainty_guard_epistemic,0.08735506648466113,0.16692573071130243,32,0.9878889983371286,cpu,1384982.4328925062,test_legacy,0.23301332444869516,0.1,20,True,89,0.5017088911366553,EEMX,50000,epistemic,-0.016525860234329937,0.05
ppo_with_uncertainty_guard_epistemic,0.24355926189011204,0.1578749753142413,32,0.9564716980477669,cpu,2334250.428599806,test_legacy,0.18255535768226883,0.1,20,True,7,1.380696471010132,GLD,50000,epistemic,-0.015083731069472427,0.05
ppo_with_uncertainty_guard_epistemic,0.24119031481303832,0.16015419993438126,32,0.9564716980468866,cpu,2317005.2924693157,test_legacy,0.20317208996103053,0.1,20,True,13,1.349141242610962,GLD,50000,epistemic,-0.015624068228591081,0.05
ppo_with_uncertainty_guard_epistemic,0.2397260507750059,0.15942064884081458,32,0.9564716980468867,cpu,2306393.3853658033,test_legacy,0.19796503069763038,0.1,20,True,19,1.3479446734009104,GLD,50000,epistemic,-0.015614610537263828,0.05
ppo_with_uncertainty_guard_epistemic,0.23351493732642994,0.15095482905767077,32,0.9569655428985152,cpu,2261780.7053496283,test_legacy,0.17143126506727246,0.1,20,True,23,1.3902671894319265,GLD,50000,epistemic,-0.014525994291627686,0.05
ppo_with_uncertainty_guard_epistemic,0.24469187208454876,0.1565530149862174,32,0.9564716980475415,cpu,2342529.0545356544,test_legacy,0.17120841072374293,0.1,20,True,29,1.3981703581399363,GLD,50000,epistemic,-0.014983498457825118,0.05
ppo_with_uncertainty_guard_epistemic,0.24091348724027328,0.15841373737814352,32,0.9564716980468875,cpu,2314996.275466922,test_legacy,0.189523227025176,0.1,20,True,37,1.3625559180074378,GLD,50000,epistemic,-0.015254860981944328,0.05
ppo_with_uncertainty_guard_epistemic,0.021864166292979857,0.03881553494304978,32,0.9751472215073469,cpu,1087749.7559015416,test_legacy,0.07675753451374479,0.1,20,True,42,0.5572120758231909,GLD,50000,epistemic,-0.0033675018025159705,0.05
ppo_with_uncertainty_guard_epistemic,0.23967269176327707,0.15933126294146924,32,0.9564716980468867,cpu,2306007.3616663218,test_legacy,0.19696201318282536,0.1,20,True,53,1.3484307379186034,GLD,50000,epistemic,-0.01554793579250049,0.05
ppo_with_uncertainty_guard_epistemic,0.24465911781299524,0.15326195104221474,32,0.956472038266381,cpu,2342289.3368341625,test_legacy,0.1525873194776256,0.1,20,True,67,1.4280221757137412,GLD,50000,epistemic,-0.01470145164918497,0.05
ppo_with_uncertainty_guard_epistemic,0.10538349049425733,0.06692131390884166,32,0.9779061477432612,cpu,1476444.4804735966,test_legacy,0.07693184818560017,0.1,20,True,89,1.4971625848836712,GLD,50000,epistemic,-0.005887662622526069,0.05
ppo_with_uncertainty_guard_epistemic,0.2551518368730919,0.31194664825368495,32,0.9700874983676986,cpu,2420019.2033803347,test_legacy,0.38080277355737013,0.1,20,True,7,0.7285105848919116,GOOGL,50000,epistemic,-0.028025931117724667,0.05
ppo_with_uncertainty_guard_epistemic,0.23240944661857615,0.2796387794599473,32,0.9716570818302219,cpu,2253907.9916113676,test_legacy,0.3487801427795999,0.1,20,True,13,0.7472891803750146,GOOGL,50000,epistemic,-0.024817699444020836,0.05
ppo_with_uncertainty_guard_epistemic,0.2685419977068916,0.29743903792012294,32,0.970089761101963,cpu,2521976.778287196,test_legacy,0.33714918892430656,0.1,20,True,19,0.7997204482150263,GOOGL,50000,epistemic,-0.025783922301701078,0.05
ppo_with_uncertainty_guard_epistemic,0.27087628505701605,0.28843207683698113,32,0.9700914382038568,cpu,2540072.2633911096,test_legacy,0.30209682957582706,0.1,20,True,23,0.8310674785992598,GOOGL,50000,epistemic,-0.025390108905570318,0.05
ppo_with_uncertainty_guard_epistemic,0.29756557322837207,0.26921180444305376,32,0.9700879677586041,cpu,2753894.72248277,test_legacy,0.2979975646873505,0.1,20,True,29,0.967601401623007,GOOGL,50000,epistemic,-0.02337542040753435,0.05
ppo_with_uncertainty_guard_epistemic,0.24453629374949828,0.2960348165467674,32,0.9711297471087091,cpu,2341390.590342162,test_legacy,0.36676674822305866,0.1,20,True,37,0.7389768911690233,GOOGL,50000,epistemic,-0.02653138873321854,0.05
ppo_with_uncertainty_guard_epistemic,0.2501274008320529,0.28370583894691515,32,0.9710916253464128,cpu,2382563.0387672638,test_legacy,0.332360569600765,0.1,20,True,42,0.786890191262932,GOOGL,50000,epistemic,-0.02552400792215357,0.05
ppo_with_uncertainty_guard_epistemic,0.21290322921989474,0.2692535539027532,32,0.973321041276109,cpu,2118315.2479312695,test_legacy,0.35780628955981364,0.1,20,True,53,0.7168586342853228,GOOGL,50000,epistemic,-0.025474663074721526,0.05
ppo_with_uncertainty_guard_epistemic,0.17151897793910786,0.21755214683178437,32,0.9762611667991479,cpu,1850795.7731825442,test_legacy,0.28347293147303454,0.1,20,True,67,0.7276465220935603,GOOGL,50000,epistemic,-0.019830989371388785,0.05
ppo_with_uncertainty_guard_epistemic,0.28691058844718237,0.2910024613536092,32,0.9700875319732772,cpu,2666990.416778887,test_legacy,0.302515440570747,0.1,20,True,89,0.8668116227581861,GOOGL,50000,epistemic,-0.025369549681856007,0.05
ppo_with_uncertainty_guard_epistemic,0.30555791925608194,0.26890431690929506,32,0.9793091056179757,cpu,2820449.5490208715,test_legacy,0.3089572718408271,0.1,20,True,7,0.9915434583135512,GS,50000,epistemic,-0.023256927534558346,0.05
ppo_with_uncertainty_guard_epistemic,0.10582074207155978,0.12153247696427086,32,0.9851958722773204,cpu,1478717.0082554712,test_legacy,0.15122766130163112,0.1,20,True,13,0.8276609133345099,GS,50000,epistemic,-0.010822946053888493,0.05
ppo_with_uncertainty_guard_epistemic,0.3051996903881494,0.27066868121907056,32,0.9793091056179701,cpu,2817441.1448915014,test_legacy,0.30895727187358846,0.1,20,True,19,0.9840661694126829,GS,50000,epistemic,-0.023428262268443144,0.05
ppo_with_uncertainty_guard_epistemic,0.3062126965326131,0.26902463928779985,32,0.9793091056179768,cpu,2825954.5313470312,test_legacy,0.30895727184142074,0.1,20,True,23,0.9929637735930066,GS,50000,epistemic,-0.0231913936889236,0.05
ppo_with_uncertainty_guard_epistemic,0.3107109222755772,0.2585600746769511,32,0.9793102310679274,cpu,2863989.0261565614,test_legacy,0.30888820516126303,0.1,20,True,29,1.0464473797450513,GS,50000,epistemic,-0.02230369294602417,0.05
ppo_with_uncertainty_guard_epistemic,0.2690278974637222,0.24085426551195274,32,0.9813239799364499,cpu,2525735.574033055,test_legacy,0.27914621080425805,0.1,20,True,37,0.9891915958882977,GS,50000,epistemic,-0.021009021392644024,0.05
ppo_with_uncertainty_guard_epistemic,0.29417017306803783,0.24961363225853284,32,0.9793214640666479,cpu,2725976.189121038,test_legacy,0.30799891082645514,0.1,20,True,42,1.0330747180332447,GS,50000,epistemic,-0.020790304869662532,0.05
ppo_with_uncertainty_guard_epistemic,0.30744076864726655,0.2684128405225036,32,0.9793091056300504,cpu,2836300.958626656,test_legacy,0.30895726151898717,0.1,20,True,53,0.9987281369996822,GS,50000,epistemic,-0.0231891952960261,0.05
ppo_with_uncertainty_guard_epistemic,0.3000944108555638,0.2386862547430059,32,0.9793575924093431,cpu,2774825.5720683914,test_legacy,0.30427761900247663,0.1,20,True,67,1.0995049183168755,GS,50000,epistemic,-0.019767787032567163,0.05
ppo_with_uncertainty_guard_epistemic,0.027522162365762257,0.08019434325410163,32,0.9842699901030085,cpu,1111359.7354617747,test_legacy,0.1269736393993266,0.1,20,True,89,0.3385548346985022,GS,50000,epistemic,-0.008099341794653813,0.05
ppo_with_uncertainty_guard_epistemic,0.31251952278317163,0.24163484364962476,32,0.9859946980788015,cpu,2879388.224434891,test_legacy,0.2809583038549225,0.1,20,True,7,1.125451971690185,HSBC,50000,epistemic,-0.02357402139073157,0.05
ppo_with_uncertainty_guard_epistemic,0.31662359958974406,0.2294963661153669,32,0.9859948224841972,cpu,2914560.172832916,test_legacy,0.24657456813233525,0.1,20,True,13,1.1985827702832776,HSBC,50000,epistemic,-0.021854506412585108,0.05
ppo_with_uncertainty_guard_epistemic,0.3172959642345563,0.23056376000425743,32,0.9859954761548149,cpu,2920352.6206754064,test_legacy,0.2512533867680312,0.1,20,True,19,1.1952482638183592,HSBC,50000,epistemic,-0.021719908648295407,0.05
ppo_with_uncertainty_guard_epistemic,0.3153145518343262,0.23746197362759494,32,0.9859946990141769,cpu,2903307.1641504928,test_legacy,0.2638679490155027,0.1,20,True,23,1.1541875633078793,HSBC,50000,epistemic,-0.023016577678829274,0.05
ppo_with_uncertainty_guard_epistemic,0.31509337913656654,0.24256886767761307,32,0.9859946981473044,cpu,2901409.0823488003,test_legacy,0.27370764107432755,0.1,20,True,29,1.1291947611708815,HSBC,50000,epistemic,-0.023574016303734346,0.05
ppo_with_uncertainty_guard_epistemic,0.3173688723906703,0.2362149104481335,32,0.9859947189874045,cpu,2920981.24083136,test_legacy,0.261534909873153,0.1,20,True,37,1.1668877427015856,HSBC,50000,epistemic,-0.02311915978831767,0.05
ppo_with_uncertainty_guard_epistemic,0.31426181247612084,0.23783913639919624,32,0.9859946983772919,cpu,2894280.9084029836,test_legacy,0.2660378360686325,0.1,20,True,42,1.1489907439772191,HSBC,50000,epistemic,-0.023119203770075814,0.05
ppo_with_uncertainty_guard_epistemic,0.31054400362020707,0.23762657121991368,32,0.9861468680656101,cpu,2862570.8997161747,test_legacy,0.26563688264137153,0.1,20,True,53,1.1380972207600302,HSBC,50000,epistemic,-0.023142571974910896,0.05
ppo_with_uncertainty_guard_epistemic,0.31829950682995084,0.23573006351022,32,0.9859946983639819,cpu,2929014.081497019,test_legacy,0.2616599557542604,0.1,20,True,67,1.1722835156324232,HSBC,50000,epistemic,-0.022268911702488924,0.05
ppo_with_uncertainty_guard_epistemic,0.3141300283490197,0.20340865531435845,32,0.985994757700474,cpu,2893152.4526704275,test_legacy,0.21831312662084112,0.1,20,True,89,1.342984435336942,HSBC,50000,epistemic,-0.018177319395092352,0.05
ppo_with_uncertainty_guard_epistemic,0.2451854712757464,0.157636405731023,32,0.9562925253392685,cpu,2346143.7512772083,test_legacy,0.18177402159978118,0.1,20,True,7,1.3910763182535555,IAU,50000,epistemic,-0.014982129026611713,0.05
ppo_with_uncertainty_guard_epistemic,0.24282400722740247,0.15989065808401698,32,0.9562925253386382,cpu,2328887.853799183,test_legacy,0.20204179494317287,0.1,20,True,13,1.3595916245187665,IAU,50000,epistemic,-0.015599988088568217,0.05
ppo_with_uncertainty_guard_epistemic,0.24137131628713754,0.15916297946486246,32,0.9562925253386382,cpu,2318319.5720902206,test_legacy,0.1969125208523349,0.1,20,True,19,1.3584594474765956,IAU,50000,epistemic,-0.01550894590721521,0.05
ppo_with_uncertainty_guard_epistemic,0.23251329434697635,0.14961002486181355,32,0.9572701467109334,cpu,2254646.671985363,test_legacy,0.17058521949363747,0.1,20,True,23,1.397334114061756,IAU,50000,epistemic,-0.014331341443880685,0.05
ppo_with_uncertainty_guard_epistemic,0.24498920608706895,0.15691744761105572,32,0.9562925253386547,cpu,2344705.977672213,test_legacy,0.1761168016761906,0.1,20,True,29,1.3964453394234333,IAU,50000,epistemic,-0.014946412672165987,0.05
ppo_with_uncertainty_guard_epistemic,0.24222178270756578,0.15842206335087636,32,0.9562925253386384,cpu,2324502.355720242,test_legacy,0.19074204862364952,0.1,20,True,37,1.369135804988684,IAU,50000,epistemic,-0.015347307108334096,0.05
ppo_with_uncertainty_guard_epistemic,0.163917742738155,0.11220737527442333,32,0.9726281961431404,cpu,1804531.4509534882,test_legacy,0.14184488479484503,0.1,20,True,42,1.3527761784253733,IAU,50000,epistemic,-0.010647856957046108,0.05
ppo_with_uncertainty_guard_epistemic,0.2413534361521031,0.15902635412637228,32,0.9562925253386383,cpu,2318189.71702663,test_legacy,0.19554525753511087,0.1,20,True,53,1.3595359745295297,IAU,50000,epistemic,-0.015502797663982904,0.05
ppo_with_uncertainty_guard_epistemic,0.23680658273919375,0.15354236499691606,32,0.9569340925306422,cpu,2285343.0357362367,test_legacy,0.1756439608176299,0.1,20,True,67,1.384194528349953,IAU,50000,epistemic,-0.014640225042488452,0.05
ppo_with_uncertainty_guard_epistemic,0.24387012480709325,0.13935405519261662,32,0.9562983637353131,cpu,2336520.46188352,test_legacy,0.10046134809827922,0.1,20,True,89,1.5659920243523582,IAU,50000,epistemic,-0.01255375463416577,0.05
ppo_with_uncertainty_guard_epistemic,0.07584841261140263,0.197344331157236,32,0.9834015224295962,cpu,1328851.452594119,test_legacy,0.24849681706832494,0.1,20,True,7,0.37046674765797505,IBB,50000,epistemic,-0.020008851192258526,0.05
ppo_with_uncertainty_guard_epistemic,-0.0034770670717908466,0.008595214270692791,32,0.9865458368713478,cpu,986545.8368713477,test_legacy,0.01528831818221521,0.1,20,True,13,-0.40523268883497393,IBB,50000,epistemic,0.0,0.019387755102040816
ppo_with_uncertainty_guard_epistemic,0.0758771732174889,0.21409336045154762,32,0.9834014993084911,cpu,1328989.6073026054,test_legacy,0.24851007442213924,0.1,20,True,19,0.3416091445150562,IBB,50000,epistemic,-0.021273788802389858,0.05
ppo_with_uncertainty_guard_epistemic,0.01578767073293748,0.08688031048260135,32,0.9933815016105113,cpu,1062810.5748479944,test_legacy,0.13730231051588315,0.1,20,True,23,0.18029761989026943,IBB,50000,epistemic,-0.008638748616509949,0.05
ppo_with_uncertainty_guard_epistemic,0.0025819057539861984,0.02629000957959111,32,0.9953541860066359,cpu,1010078.2516558021,test_legacy,0.0373427357791124,0.1,20,True,29,0.0980814702132344,IBB,50000,epistemic,-0.0026152292632030338,0.05
ppo_with_uncertainty_guard_epistemic,0.061901552735055036,0.1849814449679473,32,0.9849727380872105,cpu,1263103.0176295745,test_legacy,0.21755015129892163,0.1,20,True,37,0.3246875226749341,IBB,50000,epistemic,-0.018412346967811643,0.05
ppo_with_uncertainty_guard_epistemic,0.0621976648991449,0.16421448731823132,32,0.9840130684952089,cpu,1264473.3036359686,test_legacy,0.22155064863934948,0.1,20,True,42,0.3674460962378891,IBB,50000,epistemic,-0.016029415192585626,0.05
ppo_with_uncertainty_guard_epistemic,0.04358743878451358,0.1237965916737463,32,0.9895013935438995,cpu,1180474.504680376,test_legacy,0.13828476884911944,0.1,20,True,53,0.3446313221986827,IBB,50000,epistemic,-0.012456873684355595,0.05
ppo_with_uncertainty_guard_epistemic,0.03879159410762585,0.12062275284249775,32,0.9891537437409295,cpu,1159517.252233637,test_legacy,0.15895743640889437,0.1,20,True,67,0.3155131006801011,IBB,50000,epistemic,-0.011860606414824292,0.05
ppo_with_uncertainty_guard_epistemic,0.07869566859157144,0.2097017880261878,32,0.9834014993084914,cpu,1342580.398496969,test_legacy,0.24851007441060546,0.1,20,True,89,0.3612393597714402,IBB,50000,epistemic,-0.020869846714865404,0.05
ppo_with_uncertainty_guard_epistemic,0.1179955165456592,0.1458464369003914,32,0.9746784100640582,cpu,1543042.963950596,test_legacy,0.16222637377789562,0.1,20,True,7,0.7647580938441009,IBM,50000,epistemic,-0.011737910254861372,0.05
ppo_with_uncertainty_guard_epistemic,0.06514458792239515,0.06546484062478328,32,0.9906962680742553,cpu,1278170.718161893,test_legacy,0.060779437233033806,0.1,20,True,13,0.9640350395061957,IBM,50000,epistemic,-0.005521302382922944,0.05
ppo_with_uncertainty_guard_epistemic,0.2899308726466476,0.23365230663773554,32,0.9706647283949278,cpu,2691414.5053532724,test_legacy,0.19819071193834448,0.1,20,True,19,1.0896038671152182,IBM,50000,epistemic,-0.01972755554066836,0.05
ppo_with_uncertainty_guard_epistemic,0.1632509830997805,0.15571532036504693,32,0.9792471756438335,cpu,1800514.6748625117,test_legacy,0.16246088970780015,0.1,20,True,23,0.9711215464154498,IBM,50000,epistemic,-0.01239361001291126,0.05
ppo_with_uncertainty_guard_epistemic,0.2820959313072634,0.22793842331303132,32,0.9706647283956638,cpu,2628396.733349613,test_legacy,0.1981907119197429,0.1,20,True,29,1.0901892205699015,IBM,50000,epistemic,-0.019183153370465434,0.05
ppo_with_uncertainty_guard_epistemic,0.21604075239526632,0.18283200730581,32,0.9830817853023107,cpu,2139704.680163961,test_legacy,0.1699204327490066,0.1,20,True,37,1.0698352521345607,IBM,50000,epistemic,-0.015982861299295957,0.05
ppo_with_uncertainty_guard_epistemic,0.2829184855412457,0.2263556723257596,32,0.9706649469825336,cpu,2634960.647857784,test_legacy,0.1981870267427196,0.1,20,True,42,1.1006455993381092,IBM,50000,epistemic,-0.01919850655967492,0.05
ppo_with_uncertainty_guard_epistemic,0.28896911961916644,0.23192882726515937,32,0.9706647288504268,cpu,2683619.1574870707,test_legacy,0.19819070004526107,0.1,20,True,53,1.0944848730893724,IBM,50000,epistemic,-0.019693167164598437,0.05
ppo_with_uncertainty_guard_epistemic,0.26232798486352316,0.21271292461101562,32,0.9715827969523003,cpu,2474272.2508517965,test_legacy,0.19107846773743986,0.1,20,True,67,1.095172988873093,IBM,50000,epistemic,-0.017632295789335915,0.05
ppo_with_uncertainty_guard_epistemic,0.26690078533026723,0.21348231371701032,32,0.9706814876388172,cpu,2509311.4967308673,test_legacy,0.1979670063048945,0.1,20,True,89,1.1081640041951473,IBM,50000,epistemic,-0.01722504040038979,0.05
ppo_with_uncertainty_guard_epistemic,0.05495430195741983,0.21614507619078088,32,0.9811823058468999,cpu,1231269.3635151468,test_legacy,0.28024121433789606,0.1,20,True,7,0.2475069613520885,IJR,50000,epistemic,-0.021336758794239595,0.05
ppo_with_uncertainty_guard_epistemic,-0.0004961756624421329,0.006144397938358677,32,0.9958790782927658,cpu,998071.8104681583,test_legacy,0.008451401943044723,0.1,20,True,13,-0.08077048091312132,IJR,50000,epistemic,-1.8644575325765798e-05,0.05
ppo_with_uncertainty_guard_epistemic,0.055468821711441664,0.2153585260905404,32,0.9811823058469,cpu,1233606.3325212435,test_legacy,0.28024121433677296,0.1,20,True,19,0.25067504953646313,IJR,50000,epistemic,-0.021316553184951736,0.05
ppo_with_uncertainty_guard_epistemic,0.0004425426383305645,0.006928579380472841,32,0.9992714771404008,cpu,1001722.0995669091,test_legacy,0.008451401943044723,0.1,20,True,23,0.06385646811874036,IJR,50000,epistemic,-5.224265268211069e-06,0.05
ppo_with_uncertainty_guard_epistemic,-7.555894794245973e-05,0.0058328609580603884,32,0.9975894361852551,cpu,999706.1917153068,test_legacy,0.008451401943044723,0.1,20,True,29,-0.012954148367252007,IJR,50000,epistemic,0.0,0.018367346938775512
ppo_with_uncertainty_guard_epistemic,0.042708953225366914,0.155550424201721,32,0.987497010726218,cpu,1176614.7489553501,test_legacy,0.2069029493954897,0.1,20,True,37,0.26886488345283827,IJR,50000,epistemic,-0.015097737009960444,0.05
ppo_with_uncertainty_guard_epistemic,0.027821996166252493,0.14253426276841744,32,0.9835491868780812,cpu,1112621.425377868,test_legacy,0.2111293258398912,0.1,20,True,42,0.19252890823242214,IJR,50000,epistemic,-0.014132289449324986,0.05
ppo_with_uncertainty_guard_epistemic,0.05675915065241084,0.2123469044242437,32,0.9811823719513469,cpu,1239481.5503085032,test_legacy,0.2802322478398036,0.1,20,True,53,0.2599839095667735,IJR,50000,epistemic,-0.0205706680356613,0.05
ppo_with_uncertainty_guard_epistemic,0.06180049045404154,0.2085263107241609,32,0.981182305865518,cpu,1262635.5953110398,test_legacy,0.2802411820888413,0.1,20,True,67,0.2875704136174085,IJR,50000,epistemic,-0.020143394048920092,0.05
ppo_with_uncertainty_guard_epistemic,-0.0027518771982024304,0.00977211003260757,32,0.9849505189022421,cpu,989340.7204059303,test_legacy,0.01505565193326186,0.1,20,True,89,-0.28198882325237457,IJR,50000,epistemic,-0.0005039098651867135,0.05
ppo_with_uncertainty_guard_epistemic,0.051384376647331455,0.09690440073089471,32,0.9843625331900485,cpu,1215145.0727941564,test_legacy,0.10479893442280364,0.1,20,True,7,0.5170835097237815,JNJ,50000,epistemic,-0.009065400547787572,0.05
ppo_with_uncertainty_guard_epistemic,0.06914029330741073,0.14213029807017966,32,0.9726167164571357,cpu,1296918.579541382,test_legacy,0.14270552361807942,0.1,20,True,13,0.47037674276720676,JNJ,50000,epistemic,-0.013309548378658054,0.05
ppo_with_uncertainty_guard_epistemic,0.08209504233943553,0.16958310785187275,32,0.969136614884436,cpu,1359109.2296089972,test_legacy,0.18149192981319617,0.1,20,True,19,0.46525236628769867,JNJ,50000,epistemic,-0.01582496295039242,0.05
ppo_with_uncertainty_guard_epistemic,0.08220725350939556,0.1698865997165935,32,0.9691366148844359,cpu,1359657.4000716563,test_legacy,0.1817771839544139,0.1,20,True,23,0.465031586207478,JNJ,50000,epistemic,-0.01582741482674068,0.05
ppo_with_uncertainty_guard_epistemic,0.08051823931573103,0.1691040601331622,32,0.969136614884436,cpu,1351423.6309323874,test_legacy,0.18016815214167392,0.1,20,True,29,0.4579470445877976,JNJ,50000,epistemic,-0.015808254937866816,0.05
ppo_with_uncertainty_guard_epistemic,0.07848176586898102,0.1643290879577796,32,0.9691366231078248,cpu,1341545.3544842259,test_legacy,0.1723899644618898,0.1,20,True,37,0.45977378515137174,JNJ,50000,epistemic,-0.015284284061786746,0.05
ppo_with_uncertainty_guard_epistemic,0.08071500375213064,0.1441388738543092,32,0.9703561125112313,cpu,1352380.9259101916,test_legacy,0.1449833194566469,0.1,20,True,42,0.5385277061693446,JNJ,50000,epistemic,-0.013398120464277774,0.05
ppo_with_uncertainty_guard_epistemic,0.08116999541900752,0.1673736354659549,32,0.969136618427122,cpu,1354596.4727123424,test_legacy,0.17450181981976953,0.1,20,True,53,0.4662843679811361,JNJ,50000,epistemic,-0.015601387563469071,0.05
ppo_with_uncertainty_guard_epistemic,0.05599282907083922,0.11486360168039761,32,0.9784823110470074,cpu,1235989.7796920817,test_legacy,0.11825088585764376,0.1,20,True,67,0.4743131724626615,JNJ,50000,epistemic,-0.010800417114217708,0.05
ppo_with_uncertainty_guard_epistemic,0.08153858472534144,0.16298814279028626,32,0.9691366315038108,cpu,1356393.265837151,test_legacy,0.17229141646955715,0.1,20,True,89,0.4809218948983492,JNJ,50000,epistemic,-0.015182721044533842,0.05
ppo_with_uncertainty_guard_epistemic,0.2678268610234278,0.23561366938125863,32,0.9835343261904579,cpu,2516452.2250957326,test_legacy,0.27426534144946346,0.1,20,True,7,1.0071747640825097,JPM,50000,epistemic,-0.021531957403642377,0.05
ppo_with_uncertainty_guard_epistemic,0.21121913485295563,0.19339831267801572,32,0.9856316232837354,cpu,2106900.002018704,test_legacy,0.24187612505184852,0.1,20,True,13,0.9908423806380691,JPM,50000,epistemic,-0.017879275080008396,0.05
ppo_with_uncertainty_guard_epistemic,0.2560237932438626,0.24319971895382075,32,0.9835343261630903,cpu,2426563.735516384,test_legacy,0.30496632808676183,0.1,20,True,19,0.9372990385064872,JPM,50000,epistemic,-0.023466988500237828,0.05
ppo_with_uncertainty_guard_epistemic,0.23630083464334053,0.20996711644880686,32,0.9841560293489079,cpu,2281710.9769126354,test_legacy,0.23448610808303916,0.1,20,True,23,1.0102704002257525,JPM,50000,epistemic,-0.01881257724750718,0.05
ppo_with_uncertainty_guard_epistemic,0.28123616420543557,0.22956213855936394,32,0.9835343261632182,cpu,2621548.854709734,test_legacy,0.24423930009818973,0.1,20,True,29,1.0795560424658237,JPM,50000,epistemic,-0.019867278794263577,0.05
ppo_with_uncertainty_guard_epistemic,0.2726017078352894,0.22859998029989664,32,0.9836076560513248,cpu,2553509.669205053,test_legacy,0.24384516589032612,0.1,20,True,37,1.0545198914905818,JPM,50000,epistemic,-0.020814018933617805,0.05
ppo_with_uncertainty_guard_epistemic,0.2674320524357053,0.2350727199829978,32,0.9835343262304791,cpu,2513406.11559174,test_legacy,0.2708384249153215,0.1,20,True,42,1.0081675469445168,JPM,50000,epistemic,-0.021470989884831315,0.05
ppo_with_uncertainty_guard_epistemic,0.2617728503307363,0.24141972048010168,32,0.9835343261630904,cpu,2470043.39221604,test_legacy,0.29166292744680977,0.1,20,True,53,0.9631259731004888,JPM,50000,epistemic,-0.023362646867740634,0.05
ppo_with_uncertainty_guard_epistemic,0.26549881676394155,0.21340716724767303,32,0.9836258407056641,cpu,2498529.938885976,test_legacy,0.23938006777655585,0.1,20,True,67,1.1033658985806902,JPM,50000,epistemic,-0.018078590453098894,0.05
ppo_with_uncertainty_guard_epistemic,0.24946549493898007,0.19801361831986877,32,0.9835534916551214,cpu,2377660.966068352,test_legacy,0.24284412646211784,0.1,20,True,89,1.1247492932962078,JPM,50000,epistemic,-0.016924299411998776,0.05
ppo_with_uncertainty_guard_epistemic,0.3803195091179469,0.29199569298379874,32,0.9719129077559809,cpu,3502395.7173509263,test_legacy,0.3419805824210923,0.1,20,True,7,1.1038341771244573,LLY,50000,epistemic,-0.02610459624681285,0.05
ppo_with_uncertainty_guard_epistemic,0.4010036333699641,0.28272106091370275,32,0.9734989201997359,cpu,3710957.8135960815,test_legacy,0.3130062694112433,0.1,20,True,13,1.1926549452859825,LLY,50000,epistemic,-0.025123143285630256,0.05
ppo_with_uncertainty_guard_epistemic,0.45748756050205003,0.3182785931515912,32,0.9718814356141188,cpu,4327540.188694305,test_legacy,0.3447499966202038,0.1,20,True,19,1.1835980320480188,LLY,50000,epistemic,-0.02947913579206416,0.05
ppo_with_uncertainty_guard_epistemic,0.43295389346129504,0.31046712020573325,32,0.9719025270219928,cpu,4051069.8552724663,test_legacy,0.34421320536709044,0.1,20,True,23,1.1586985099009524,LLY,50000,epistemic,-0.027505176444531366,0.05
ppo_with_uncertainty_guard_epistemic,0.4465484172994142,0.3158717451496827,32,0.971881435614136,cpu,4202590.968824408,test_legacy,0.3447499964569314,0.1,20,True,29,1.16876592174662,LLY,50000,epistemic,-0.028215044092747287,0.05
ppo_with_uncertainty_guard_epistemic,0.4494866407884009,0.3165968736566024,32,0.9718814356142214,cpu,4235885.15991851,test_legacy,0.34474999622396585,0.1,20,True,37,1.1724982072436931,LLY,50000,epistemic,-0.028395014981920673,0.05
ppo_with_uncertainty_guard_epistemic,0.45741713890461205,0.31734227027566003,32,0.9718814356155264,cpu,4326727.101071554,test_legacy,0.34474999266659623,0.1,20,True,42,1.1869379939685387,LLY,50000,epistemic,-0.028744149340493318,0.05
ppo_with_uncertainty_guard_epistemic,0.4575975366834863,0.3178748109466264,32,0.9718814356196074,cpu,4328810.200500717,test_legacy,0.34474999248598737,0.1,20,True,53,1.1853388705201293,LLY,50000,epistemic,-0.02894358132573638,0.05
ppo_with_uncertainty_guard_epistemic,0.4198814555765847,0.3000215208602683,32,0.9727083885780892,cpu,3909232.0423487877,test_legacy,0.3327336094080645,0.1,20,True,67,1.1684935122061282,LLY,50000,epistemic,-0.027486164747422936,0.05
ppo_with_uncertainty_guard_epistemic,0.4446009683300888,0.31309822631289697,32,0.9718814359214549,cpu,4180631.0298800473,test_legacy,0.34474985513778655,0.1,20,True,89,1.1748164618493828,LLY,50000,epistemic,-0.027329576566942747,0.05
ppo_with_uncertainty_guard_epistemic,0.12747386248226747,0.20878265068567906,32,0.9661127922610057,cpu,1594543.316600176,test_legacy,0.23177277645784944,0.1,20,True,7,0.5746623039473722,MA,50000,epistemic,-0.020288910718978048,0.05
ppo_with_uncertainty_guard_epistemic,0.12972118155435525,0.21009336031954137,32,0.9661127983908896,cpu,1606938.9939726938,test_legacy,0.22657477147593907,0.1,20,True,13,0.5805550824898367,MA,50000,epistemic,-0.02045778543853638,0.05
ppo_with_uncertainty_guard_epistemic,0.12393472272006756,0.21988569370362007,32,0.9661127885370526,cpu,1575166.457676785,test_legacy,0.24701048471623865,0.1,20,True,19,0.5313469357491445,MA,50000,epistemic,-0.0210379239374749,0.05
ppo_with_uncertainty_guard_epistemic,0.12503780846821766,0.21931620367749635,32,0.9661127885370525,cpu,1581187.0025367697,test_legacy,0.24635882548479338,0.1,20,True,23,0.5371995108689641,MA,50000,epistemic,-0.021037923937474633,0.05
ppo_with_uncertainty_guard_epistemic,0.07141142658280933,0.10825549483770151,32,0.9878397446278125,cpu,1307665.3627154245,test_legacy,0.102460679214325,0.1,20,True,29,0.6371664409206215,MA,50000,epistemic,-0.010756200089348767,0.05
ppo_with_uncertainty_guard_epistemic,0.12491066388859956,0.19783108860517618,32,0.9664473321707427,cpu,1580492.188461974,test_legacy,0.2141561302055317,0.1,20,True,37,0.5949698250552948,MA,50000,epistemic,-0.019447719945399643,0.05
ppo_with_uncertainty_guard_epistemic,0.12531474348521063,0.21350307065625565,32,0.966112788549109,cpu,1582701.1701060955,test_legacy,0.24016485766384565,0.1,20,True,42,0.5529788417973931,MA,50000,epistemic,-0.02084081645772713,0.05
ppo_with_uncertainty_guard_epistemic,0.12791017390924303,0.21298884170592305,32,0.9661127892142853,cpu,1596944.3307049854,test_legacy,0.23451928079358364,0.1,20,True,53,0.5651302019866301,MA,50000,epistemic,-0.020819767626018136,0.05
ppo_with_uncertainty_guard_epistemic,0.11898650210023322,0.1946303228496229,32,0.9674104518289776,cpu,1548368.788043173,test_legacy,0.21376935916682294,0.1,20,True,67,0.5776246653125326,MA,50000,epistemic,-0.019049671035658113,0.05
ppo_with_uncertainty_guard_epistemic,0.013954006591627276,0.08171516317577511,32,0.9589291251400165,cpu,1055368.9861573721,test_legacy,0.13232426761277027,0.1,20,True,89,0.1695831996206323,MA,50000,epistemic,-0.007893156848904504,0.05
ppo_with_uncertainty_guard_epistemic,0.04158391832338026,0.09797359374092507,32,0.9824887033171612,cpu,1171685.4426563105,test_legacy,0.09735765064531843,0.1,20,True,7,0.41585171458164766,MCD,50000,epistemic,-0.008983755246545133,0.05
ppo_with_uncertainty_guard_epistemic,0.033009894296005454,0.10302025846128618,32,0.9757729323149164,cpu,1134620.851307644,test_legacy,0.10954839892278845,0.1,20,True,13,0.3152459404380816,MCD,50000,epistemic,-0.009932261652845841,0.05
ppo_with_uncertainty_guard_epistemic,0.076964404982773,0.17444657715610248,32,0.965211944888415,cpu,1334220.0739177302,test_legacy,0.1720504894188386,0.1,20,True,19,0.4250371730360932,MCD,50000,epistemic,-0.016589416196428175,0.05
ppo_with_uncertainty_guard_epistemic,0.07786788508455482,0.17393040612322486,32,0.9652119448884152,cpu,1338578.166675436,test_legacy,0.17205048941781376,0.1,20,True,23,0.4311197945734453,MCD,50000,epistemic,-0.01658941619641192,0.05
ppo_with_uncertainty_guard_epistemic,-0.0022233946939752437,0.004176333837465859,32,0.9854813686934886,cpu,991381.1951771525,test_legacy,0.014518631306511431,0.1,20,True,29,-0.5329520074220115,MCD,50000,epistemic,0.0,0.04183673469387755
ppo_with_uncertainty_guard_epistemic,0.04140568312788119,0.1240254476384638,32,0.9729748612248218,cpu,1170905.9205735598,test_legacy,0.1364955397809442,0.1,20,True,37,0.32712131078896217,MCD,50000,epistemic,-0.011567296410440964,0.05
ppo_with_uncertainty_guard_epistemic,-0.0017334357397172737,0.004055739118868272,32,0.9873646203763529,cpu,993275.7214091935,test_legacy,0.013206744018376515,0.1,20,True,42,-0.4277572897829519,MCD,50000,epistemic,0.0,0.03877551020408163
ppo_with_uncertainty_guard_epistemic,-0.0015156197627922937,0.004018891972081153,32,0.9882026959384023,cpu,994118.8143166269,test_legacy,0.011797304061597735,0.1,20,True,53,-0.3773949579141719,MCD,50000,epistemic,0.0,0.012244897959183673
ppo_with_uncertainty_guard_epistemic,0.06915702636887987,0.15399711782786318,32,0.9653270998948188,cpu,1296997.518024005,test_legacy,0.16047334826962445,0.1,20,True,67,0.43423178409788815,MCD,50000,epistemic,-0.014348644285893374,0.05
ppo_with_uncertainty_guard_epistemic,0.052379752299885236,0.1480336775953739,32,0.9652120208628816,cpu,1219625.0211096762,test_legacy,0.1712998362929764,0.1,20,True,89,0.34488081720514924,MCD,50000,epistemic,-0.013438555640639916,0.05
ppo_with_uncertainty_guard_epistemic,0.2896971574482744,0.4274510643033635,32,0.835028068154917,cpu,2689518.616032022,test_legacy,0.6400880262626836,0.1,20,False,7,0.5951730055429295,META,50000,epistemic,-0.037847434065889196,0.05
ppo_with_uncertainty_guard_epistemic,-0.018431198303982422,0.08114354263624689,32,0.9247404915054507,cpu,930209.3059323474,test_legacy,0.2116717654620106,0.1,20,False,13,-0.22926202387998396,META,50000,epistemic,-0.004339508776971179,0.05
ppo_with_uncertainty_guard_epistemic,0.2131560983458212,0.3159383897411305,32,0.8668920981723435,cpu,2120033.2218400743,test_legacy,0.519113024699069,0.1,20,False,19,0.6115914327162234,META,50000,epistemic,-0.026336518753362268,0.05
ppo_with_uncertainty_guard_epistemic,0.2946590267712037,0.4265630486729366,32,0.8350280681855802,cpu,2729982.7529545785,test_legacy,0.6330344517559146,0.1,20,False,23,0.605414054002967,META,50000,epistemic,-0.03755239757016238,0.05
ppo_with_uncertainty_guard_epistemic,0.3482364111777579,0.38430059845287656,32,0.8350280705097445,cpu,3196286.9143310464,test_legacy,0.5290857379125465,0.1,20,False,29,0.7775092052994674,META,50000,epistemic,-0.03041234210511083,0.05
ppo_with_uncertainty_guard_epistemic,-0.03571575612238541,0.06517470223883186,32,0.8630072992692379,cpu,868111.0303290484,test_legacy,0.1405078831187465,0.1,20,False,37,-0.5580244973391617,META,50000,epistemic,-4.1937168675776344e-05,0.05
ppo_with_uncertainty_guard_epistemic,-0.03970082302677681,0.06539872324905222,32,0.8492200673855088,cpu,854242.2622594106,test_legacy,0.1511924812230545,0.1,20,False,42,-0.6194356716058742,META,50000,epistemic,-0.0002234410376923179,0.05
ppo_with_uncertainty_guard_epistemic,0.29300484005845584,0.4174226932604576,32,0.8387238998650272,cpu,2716442.9311722307,test_legacy,0.6204742833694412,0.1,20,False,53,0.6156079903773636,META,50000,epistemic,-0.03711755606545184,0.05
ppo_with_uncertainty_guard_epistemic,-0.034702238665890436,0.07449521609822007,32,0.8665401512778999,cpu,871664.7752392439,test_legacy,0.21609798752594955,0.1,20,False,67,-0.4741054641929105,META,50000,epistemic,-0.0035453593929824835,0.05
ppo_with_uncertainty_guard_epistemic,0.31073156130499036,0.3927523676371025,32,0.837567439951321,cpu,2864164.4098105086,test_legacy,0.5830835438584505,0.1,20,False,89,0.6889463642108957,META,50000,epistemic,-0.032027245215024,0.05
ppo_with_uncertainty_guard_epistemic,0.1414583584562173,0.2596864345790122,32,0.9002743337653069,cpu,1672845.521341006,test_legacy,0.3063394076802899,0.1,20,False,7,0.5094860884357459,MSFT,50000,epistemic,-0.02612294871717955,0.05
ppo_with_uncertainty_guard_epistemic,-0.001533696351624569,0.02059129688611374,32,0.9860819815823185,cpu,994048.82565713,test_legacy,0.037095242990856314,0.1,20,True,13,-0.07453934754698212,MSFT,50000,epistemic,-0.0012743429744118905,0.05
ppo_with_uncertainty_guard_epistemic,0.15278259185928478,0.24131035524679276,32,0.9002913848338314,cpu,1738316.350175218,test_legacy,0.2525242215083885,0.1,20,False,19,0.589193825376863,MSFT,50000,epistemic,-0.024220956209931276,0.05
ppo_with_uncertainty_guard_epistemic,0.12387832707875278,0.1972060685267399,32,0.9182197517626955,cpu,1574859.1135174022,test_legacy,0.20383194521013992,0.1,20,False,23,0.5921998371843838,MSFT,50000,epistemic,-0.020071212321366702,0.05
ppo_with_uncertainty_guard_epistemic,-0.0013789455341469369,0.014200876797197795,32,0.9875558122882752,cpu,994648.1059766929,test_legacy,0.028768877575850338,0.1,20,True,29,-0.0971687698657173,MSFT,50000,epistemic,-0.00012164145934105973,0.05
ppo_with_uncertainty_guard_epistemic,0.14628780535592809,0.24062886715572224,32,0.9027291442276804,cpu,1700538.6347388665,test_legacy,0.2684755356289824,0.1,20,False,37,0.5673826144013765,MSFT,50000,epistemic,-0.024272183459572716,0.05
ppo_with_uncertainty_guard_epistemic,0.013283063917693922,0.11635292039242562,32,0.9433856222639578,cpu,1052655.7856041861,test_legacy,0.18793603262869196,0.1,20,False,42,0.11341012753044534,MSFT,50000,epistemic,-0.010937810386392586,0.05
ppo_with_uncertainty_guard_epistemic,0.03834571697932638,0.11060951034406914,32,0.9566349427223237,cpu,1157582.9681969706,test_legacy,0.1741584034094813,0.1,20,True,53,0.34019439959358605,MSFT,50000,epistemic,-0.011117967432389353,0.05
ppo_with_uncertainty_guard_epistemic,0.1523186271514555,0.24735526832853907,32,0.9002743367573323,cpu,1735597.1611420182,test_legacy,0.2650782395961192,0.1,20,False,67,0.573167574195171,MSFT,50000,epistemic,-0.024930746115893854,0.05
ppo_with_uncertainty_guard_epistemic,0.14502763102691493,0.23232200602117592,32,0.9016910976271195,cpu,1693279.9274335313,test_legacy,0.24541549346075597,0.1,20,False,89,0.5829352044499392,MSFT,50000,epistemic,-0.023121576414663725,0.05
ppo_with_uncertainty_guard_epistemic,0.2684096489269748,0.34271699704127323,32,0.728438449726447,cpu,2520953.6825831127,test_legacy,0.41711558931476267,0.1,20,False,7,0.6937612162183837,NFLX,50000,epistemic,-0.028907756709384277,0.05
ppo_with_uncertainty_guard_epistemic,0.1381027656615545,0.2466901002081685,32,0.7931507626014346,cpu,1653802.0590298423,test_legacy,0.3660529866006087,0.1,20,False,13,0.524392961119287,NFLX,50000,epistemic,-0.019504906394407405,0.05
ppo_with_uncertainty_guard_epistemic,0.25453760719377,0.4367434461196414,32,0.7030684509627373,cpu,2415416.9356664247,test_legacy,0.5690615775120524,0.1,20,False,19,0.5192224034512529,NFLX,50000,epistemic,-0.03581968096537995,0.05
ppo_with_uncertainty_guard_epistemic,0.2533510193625768,0.3429388276487948,32,0.7148577201622811,cpu,2406544.5490374984,test_legacy,0.4291018237793063,0.1,20,False,23,0.6584867535833806,NFLX,50000,epistemic,-0.02888351221606786,0.05
ppo_with_uncertainty_guard_epistemic,0.3236313232380443,0.33640927326909276,32,0.7053019984560662,cpu,2975352.8288021386,test_legacy,0.31908896209732485,0.1,20,False,29,0.8334456031478691,NFLX,50000,epistemic,-0.028287869738107752,0.05
ppo_with_uncertainty_guard_epistemic,0.22855169394128771,0.3162874174605331,32,0.7432392758053833,cpu,2226594.5226526186,test_legacy,0.3997498527366222,0.1,20,False,37,0.6507874683964248,NFLX,50000,epistemic,-0.02707180794681179,0.05
ppo_with_uncertainty_guard_epistemic,-0.03397356624590479,0.11321442013833766,32,0.8742264239345017,cpu,874226.4239345017,test_legacy,0.2948040249395292,0.1,20,False,42,-0.3052970858543641,NFLX,50000,epistemic,-0.009657905146071054,0.05
ppo_with_uncertainty_guard_epistemic,0.21170687189004436,0.3292131876558361,32,0.7616924964166623,cpu,2110201.3026135713,test_legacy,0.43362796051779584,0.1,20,False,53,0.5832995703809079,NFLX,50000,epistemic,-0.027901958690763885,0.05
ppo_with_uncertainty_guard_epistemic,0.31041678630581876,0.40325519252069175,32,0.7030684509628252,cpu,2861490.422764337,test_legacy,0.47790757628786273,0.1,20,False,67,0.6704070838700004,NFLX,50000,epistemic,-0.03387885670396651,0.05
ppo_with_uncertainty_guard_epistemic,0.29940072913837745,0.3156143639022169,32,0.7333342435054138,cpu,2769072.3405341185,test_legacy,0.31106903705562283,0.1,20,False,89,0.8298198017062649,NFLX,50000,epistemic,-0.02772416333545431,0.05
ppo_with_uncertainty_guard_epistemic,0.7175099642061518,0.5125899966428458,32,0.9091502639771831,cpu,8194022.325438249,test_legacy,0.5609378893955976,0.1,20,False,7,1.0551813002804198,NVDA,50000,epistemic,-0.048374968065579706,0.05
ppo_with_uncertainty_guard_epistemic,0.579704136717963,0.3929689335327021,32,0.9201827542786428,cpu,5918873.372777297,test_legacy,0.4127824146704665,0.1,20,False,13,1.1635458952059705,NVDA,50000,epistemic,-0.03694639846009693,0.05
ppo_with_uncertainty_guard_epistemic,0.744317330401729,0.4929831408148839,32,0.9091513723064534,cpu,8702713.880185489,test_legacy,0.5033057822771386,0.1,20,False,19,1.1285641216184843,NVDA,50000,epistemic,-0.04453378024207124,0.05
ppo_with_uncertainty_guard_epistemic,0.677127027663124,0.4686141565393265,32,0.9133152754987478,cpu,7469853.05041505,test_legacy,0.48470115746936815,0.1,20,False,23,1.1034281499174339,NVDA,50000,epistemic,-0.04373899359116917,0.05
ppo_with_uncertainty_guard_epistemic,0.780921829305588,0.45095732005187883,32,0.9091600619672063,cpu,9434741.386507465,test_legacy,0.3686915016767397,0.1,20,False,29,1.2797905324057985,NVDA,50000,epistemic,-0.03929363279173206,0.05
ppo_with_uncertainty_guard_epistemic,0.7379064689664474,0.4996511929289526,32,0.9091510919795691,cpu,8578986.791364538,test_legacy,0.527814470744502,0.1,20,False,37,1.1061337234836808,NVDA,50000,epistemic,-0.04552528284394679,0.05
ppo_with_uncertainty_guard_epistemic,0.09049430565873147,0.22350162017254174,32,0.9356354915290997,cpu,1400597.1247997081,test_legacy,0.3579403396710008,0.1,20,False,42,0.38760803289557083,NVDA,50000,epistemic,-0.02381963177731352,0.05
ppo_with_uncertainty_guard_epistemic,0.7446907922372221,0.49749797407424595,32,0.9091505959769212,cpu,8709962.16547373,test_legacy,0.5193164078360484,0.1,20,False,53,1.1187526280218614,NVDA,50000,epistemic,-0.04509337262891631,0.05
ppo_with_uncertainty_guard_epistemic,0.7183885499275101,0.5118833770310373,32,0.9091502639771372,cpu,8210335.122688068,test_legacy,0.557563385932742,0.1,20,False,67,1.0576369901644311,NVDA,50000,epistemic,-0.04801281143374512,0.05
ppo_with_uncertainty_guard_epistemic,0.7531865119911763,0.4492928042238719,32,0.9128917119615563,cpu,8876064.91359913,test_legacy,0.3744999017341224,0.1,20,False,89,1.249596682879668,NVDA,50000,epistemic,-0.040546408824379564,0.05
ppo_with_uncertainty_guard_epistemic,0.2800697801183675,0.390992690705836,32,0.5961047141669498,cpu,2612280.028078865,test_legacy,0.4555182122691154,0.1,20,False,7,0.631506669520488,ORCL,50000,epistemic,-0.03125550467706306,0.05
ppo_with_uncertainty_guard_epistemic,0.2752440381032991,0.3871586249129439,32,0.5961102878782405,cpu,2574190.1149265612,test_legacy,0.4555125005156123,0.1,20,False,13,0.6280047695986258,ORCL,50000,epistemic,-0.030880672550025155,0.05
ppo_with_uncertainty_guard_epistemic,0.2823983827933225,0.3936552048032367,32,0.5961047103157912,cpu,2630808.857390017,test_legacy,0.45551821621096267,0.1,20,False,19,0.631852336501158,ORCL,50000,epistemic,-0.03148506835772924,0.05
ppo_with_uncertainty_guard_epistemic,0.10309525227833916,0.19695426819100853,32,0.7561956522731803,cpu,1464594.1060208306,test_legacy,0.2828239883961069,0.1,20,False,23,0.49818679137675914,ORCL,50000,epistemic,-0.014115986972780359,0.05
ppo_with_uncertainty_guard_epistemic,0.19175760632051955,0.24131042627376847,32,0.7384803768108766,cpu,1978273.8215968749,test_legacy,0.2974481067188085,0.1,20,False,29,0.7269850908061548,ORCL,50000,epistemic,-0.018930146254262502,0.05
ppo_with_uncertainty_guard_epistemic,0.24850005063722605,0.3361375158818196,32,0.6682192314238967,cpu,2370524.328072381,test_legacy,0.37389393278300964,0.1,20,False,37,0.6602737153533602,ORCL,50000,epistemic,-0.02675110989964651,0.05
ppo_with_uncertainty_guard_epistemic,0.16081825556995913,0.21829220079608633,32,0.7526704726804814,cpu,1785915.4406880515,test_legacy,0.2668488298126268,0.1,20,False,42,0.6831441535192884,ORCL,50000,epistemic,-0.017981576033502478,0.05
ppo_with_uncertainty_guard_epistemic,0.2794129957464563,0.3949531045169606,32,0.596104719137693,cpu,2607071.529503973,test_legacy,0.45551820746764415,0.1,20,False,53,0.6238747684613178,ORCL,50000,epistemic,-0.031485053480320865,0.05
ppo_with_uncertainty_guard_epistemic,0.2415809217877178,0.3375698485590422,32,0.6382427210266512,cpu,2319842.2418623003,test_legacy,0.40824244113501273,0.1,20,False,67,0.6410092716134765,ORCL,50000,epistemic,-0.026511217269804453,0.05
ppo_with_uncertainty_guard_epistemic,0.28515127403413343,0.39288093989970896,32,0.5961047102973421,cpu,2652839.5065125274,test_legacy,0.45551821622985766,0.1,20,False,89,0.6385556222162795,ORCL,50000,epistemic,-0.03125595127989955,0.05
ppo_with_uncertainty_guard_epistemic,0.026171810971874994,0.07611391648275291,32,0.9018508004683325,cpu,1105690.6724146018,test_legacy,0.14044724800929365,0.1,20,False,7,0.33942723129027047,PGR,50000,epistemic,-0.0070802608321142374,0.05
ppo_with_uncertainty_guard_epistemic,0.20514987589058717,0.23863709870773792,32,0.7856074886025951,cpu,2066139.6841463817,test_legacy,0.2996818251541089,0.1,20,False,13,0.7819564284827055,PGR,50000,epistemic,-0.02067918561406934,0.05
ppo_with_uncertainty_guard_epistemic,0.06411916037711121,0.10728795523500737,32,0.9525114753674512,cpu,1273392.0504072555,test_legacy,0.11090621042615312,0.1,20,True,19,0.5792568736541437,PGR,50000,epistemic,-0.009205383911232,0.05
ppo_with_uncertainty_guard_epistemic,0.21710149161020362,0.24950617177913012,32,0.7855670433329304,cpu,2146972.2133251484,test_legacy,0.2997242776009239,0.1,20,False,23,0.7874437695802438,PGR,50000,epistemic,-0.021239504618777084,0.05
ppo_with_uncertainty_guard_epistemic,0.2029400887256342,0.2300983872131141,32,0.8026335692022236,cpu,2051445.5449546368,test_legacy,0.2756731599117328,0.1,20,False,29,0.8029978347968262,PGR,50000,epistemic,-0.019529524403695396,0.05
ppo_with_uncertainty_guard_epistemic,0.19254474110899744,0.22778311437928514,32,0.7904492463573881,cpu,1983359.9511483882,test_legacy,0.29029688444634494,0.1,20,False,37,0.7730570353605011,PGR,50000,epistemic,-0.01968897067988813,0.05
ppo_with_uncertainty_guard_epistemic,0.21161104508467934,0.24275632744315448,32,0.7855818500283666,cpu,2109552.3854669095,test_legacy,0.2997082366548832,0.1,20,False,42,0.7907138518035105,PGR,50000,epistemic,-0.020820424361545874,0.05
ppo_with_uncertainty_guard_epistemic,0.21852144240034338,0.2503274405577157,32,0.7855674950424237,cpu,2156729.5265038502,test_legacy,0.299723808208067,0.1,20,False,53,0.7895181827846809,PGR,50000,epistemic,-0.02168598602428684,0.05
ppo_with_uncertainty_guard_epistemic,0.15977295355621202,0.2025964348083162,32,0.8085728705396373,cpu,1779669.4828378316,test_legacy,0.267923699301172,0.1,20,False,67,0.7316226480813536,PGR,50000,epistemic,-0.01829389171617768,0.05
ppo_with_uncertainty_guard_epistemic,0.19541307443673242,0.23407298114517455,32,0.7855677892402493,cpu,2001976.128362772,test_legacy,0.29972351311753886,0.1,20,False,89,0.7625471026795941,PGR,50000,epistemic,-0.01979505509633821,0.05
ppo_with_uncertainty_guard_epistemic,1.0363414468106822,0.6223855824068107,32,0.8889854207361167,cpu,15888601.392389696,test_legacy,0.4906580944381246,0.1,20,False,7,1.142627059597487,PLTR,50000,epistemic,-0.05276036195432834,0.05
ppo_with_uncertainty_guard_epistemic,1.0197461833170243,0.6228877199579325,32,0.8890152801940402,cpu,15390946.135604225,test_legacy,0.49693258234344817,0.1,20,False,13,1.1285688415686428,PLTR,50000,epistemic,-0.052994563958980924,0.05
ppo_with_uncertainty_guard_epistemic,1.0225064270378406,0.6303500641667342,32,0.8889882988422867,cpu,15472905.519466702,test_legacy,0.5091410453514864,0.1,20,False,19,1.117374948264304,PLTR,50000,epistemic,-0.05546572636934979,0.05
ppo_with_uncertainty_guard_epistemic,0.654433406249944,0.4580369058512118,32,0.9235860214211269,cpu,7084395.48163648,test_legacy,0.3916031842070714,0.1,20,False,23,1.099165627431553,PLTR,50000,epistemic,-0.04121894955107628,0.05
ppo_with_uncertainty_guard_epistemic,1.1051552079453857,0.57945676486449,32,0.8890730065824329,cpu,18080732.68588207,test_legacy,0.40565524844838396,0.1,20,False,29,1.284632501705069,PLTR,50000,epistemic,-0.04996221689561695,0.05
ppo_with_uncertainty_guard_epistemic,0.7909865649257535,0.5050272997823171,32,0.9324417357153828,cpu,9643794.38524187,test_legacy,0.44927577027801957,0.1,20,False,37,1.1539305670871804,PLTR,50000,epistemic,-0.04398138958994515,0.05
ppo_with_uncertainty_guard_epistemic,0.7594155542312392,0.4857821292639677,32,0.8897268339861094,cpu,8999337.71383419,test_legacy,0.39546688207317027,0.1,20,False,42,1.1630347511395471,PLTR,50000,epistemic,-0.04173884650472095,0.05
ppo_with_uncertainty_guard_epistemic,1.00235242879839,0.6475027652983112,32,0.8890376578497265,cpu,14881872.29786926,test_legacy,0.5450754108980089,0.1,20,False,53,1.0723082135678539,PLTR,50000,epistemic,-0.057144391626627475,0.05
ppo_with_uncertainty_guard_epistemic,1.0585020990800835,0.6229816921546373,32,0.888985422265396,cpu,16571667.918840395,test_legacy,0.4694405253667491,0.1,20,False,67,1.1589078893679463,PLTR,50000,epistemic,-0.054180733452171115,0.05
ppo_with_uncertainty_guard_epistemic,0.8597158975788587,0.4772159036515675,32,0.8903645116423738,cpu,11164721.723439405,test_legacy,0.3932737412819264,0.1,20,False,89,1.3000897951876258,PLTR,50000,epistemic,-0.040068692429928186,0.05
ppo_with_uncertainty_guard_epistemic,0.2088503368232638,0.27714171127561427,32,0.8757154618180776,cpu,2090921.0718267378,test_legacy,0.24833888205834598,0.1,20,False,7,0.6843779075079517,PPLT,50000,epistemic,-0.024706212895474877,0.05
ppo_with_uncertainty_guard_epistemic,0.20485647484469494,0.27766159783331534,32,0.8757154524286774,cpu,2064184.2054700337,test_legacy,0.24877975370604255,0.1,20,False,13,0.6711779617492193,PPLT,50000,epistemic,-0.024718924660187814,0.05
ppo_with_uncertainty_guard_epistemic,0.202635175636383,0.2806154078655627,32,0.875715499839887,cpu,2049424.115512709,test_legacy,0.24876431570049584,0.1,20,False,19,0.6575370393034913,PPLT,50000,epistemic,-0.024748561278162027,0.05
ppo_with_uncertainty_guard_epistemic,0.20290104916620716,0.27878955730401966,32,0.8757154963535873,cpu,2051186.6485143085,test_legacy,0.2482547089419228,0.1,20,False,23,0.6626362795331285,PPLT,50000,epistemic,-0.02467245946440686,0.05
ppo_with_uncertainty_guard_epistemic,0.20705962428166963,0.2787575790227568,32,0.8757154506850345,cpu,2078901.5518462753,test_legacy,0.2492380532656977,0.1,20,False,29,0.6750927925599397,PPLT,50000,epistemic,-0.02482490276564917,0.05
ppo_with_uncertainty_guard_epistemic,0.20671367863814769,0.26599944357430677,32,0.8757173845334708,cpu,2076585.443845305,test_legacy,0.24594645321213227,0.1,20,False,37,0.7063946523588746,PPLT,50000,epistemic,-0.02328730973307884,0.05
ppo_with_uncertainty_guard_epistemic,0.12139683082023124,0.18417417314678367,32,0.925253366790526,cpu,1561379.5386910401,test_legacy,0.19596989729713443,0.1,20,False,42,0.6221012311234335,PPLT,50000,epistemic,-0.016194625998062404,0.05
ppo_with_uncertainty_guard_epistemic,0.20432323723612866,0.27785758921987114,32,0.8757166205173654,cpu,2060633.7685775273,test_legacy,0.24859408995073562,0.1,20,False,53,0.6691113768899718,PPLT,50000,epistemic,-0.024673679120354654,0.05
ppo_with_uncertainty_guard_epistemic,0.10857309122041259,0.1516480175638227,32,0.90046647312844,cpu,1493081.5044756338,test_legacy,0.15088311960423306,0.1,20,False,67,0.6796895779409847,PPLT,50000,epistemic,-0.012593141796479568,0.05
ppo_with_uncertainty_guard_epistemic,0.1972255094751218,0.23771228967048785,32,0.8823639433985495,cpu,2013805.9950723248,test_legacy,0.20962893591409337,0.1,20,False,89,0.7572460154397,PPLT,50000,epistemic,-0.021000721361404295,0.05
ppo_with_uncertainty_guard_epistemic,0.041073206779749925,0.3704793661754396,32,0.788942078740498,cpu,1169452.8454471142,test_legacy,0.4423404886354053,0.1,20,False,7,0.10864867818132415,QCOM,50000,epistemic,-0.03696118553213532,0.05
ppo_with_uncertainty_guard_epistemic,-0.003559741553213289,0.023678265472009165,32,0.9579033638433204,cpu,986227.5820872348,test_legacy,0.04428284447652597,0.1,20,True,13,-0.15060514486956864,QCOM,50000,epistemic,0.0,0.018367346938775512
ppo_with_uncertainty_guard_epistemic,0.04276709297782972,0.3730950299099864,32,0.788941981113236,cpu,1176869.904421452,test_legacy,0.44234055792451243,0.1,20,False,19,0.1122444015489598,QCOM,50000,epistemic,-0.03696557978233095,0.05
ppo_with_uncertainty_guard_epistemic,0.02452464302928058,0.14568353418524396,32,0.980396976277391,cpu,1098804.6268219373,test_legacy,0.24597118056809641,0.1,20,True,23,0.16631059821104466,QCOM,50000,epistemic,-0.013233163084045074,0.05
ppo_with_uncertainty_guard_epistemic,0.07252538901223332,0.31722709375128116,32,0.7919775508057496,cpu,1312960.6385805735,test_legacy,0.4393473300556521,0.1,20,False,29,0.22071257663880137,QCOM,50000,epistemic,-0.028459553278836223,0.05
ppo_with_uncertainty_guard_epistemic,0.05461797278036283,0.3432551225275238,32,0.7898751122665703,cpu,1229743.5217222155,test_legacy,0.4414903443053759,0.1,20,False,37,0.15492431768027834,QCOM,50000,epistemic,-0.030931769930299245,0.05
ppo_with_uncertainty_guard_epistemic,0.006583387122151087,0.05673616002486578,32,0.9824099395056867,cpu,1025846.5302910829,test_legacy,0.10234255685857829,0.1,20,True,42,0.11565451221413522,QCOM,50000,epistemic,-0.004410960239885142,0.05
ppo_with_uncertainty_guard_epistemic,0.037851395728078746,0.33908489485196197,32,0.7997982145594609,cpu,1155441.3289715617,test_legacy,0.4054206705510842,0.1,20,False,53,0.10956723117745881,QCOM,50000,epistemic,-0.032767027070096245,0.05
ppo_with_uncertainty_guard_epistemic,-0.0027908068073552853,0.02363522345639814,32,0.9607812228019383,cpu,989190.5363783214,test_legacy,0.04428284447652597,0.1,20,True,67,-0.1182425714779963,QCOM,50000,epistemic,0.0,0.036734693877551024
ppo_with_uncertainty_guard_epistemic,0.040565377448670975,0.37136260676403837,32,0.7889419759004466,cpu,1167235.9829960084,test_legacy,0.44234056165377345,0.1,20,False,89,0.10707642578684234,QCOM,50000,epistemic,-0.03647031743187403,0.05
ppo_with_uncertainty_guard_epistemic,0.16724019120624292,0.2244006983505879,32,0.9778220342115391,cpu,1824646.2720491283,test_legacy,0.26646679015968977,0.1,20,True,7,0.6891335153494355,QQQ,50000,epistemic,-0.02219109157570731,0.05
ppo_with_uncertainty_guard_epistemic,0.09630436943482286,0.14877484548983752,32,0.9835322201285923,cpu,1429841.1322355217,test_legacy,0.19910104141151563,0.1,20,True,13,0.6180128159491365,QQQ,50000,epistemic,-0.015004269732693486,0.05
ppo_with_uncertainty_guard_epistemic,0.17483719188578792,0.2174058004035527,32,0.9778220703696076,cpu,1871265.659451716,test_legacy,0.24394183768524547,0.1,20,True,19,0.7411460961308144,QQQ,50000,epistemic,-0.021664690031656785,0.05
ppo_with_uncertainty_guard_epistemic,0.15054664570257353,0.18113813894558511,32,0.9792237249759429,cpu,1725241.0604826629,test_legacy,0.20956159493422966,0.1,20,True,23,0.7741994669930505,QQQ,50000,epistemic,-0.01838405787912283,0.05
ppo_with_uncertainty_guard_epistemic,0.19069879534548229,0.19398739716003732,32,0.9778438584869082,cpu,1971447.5264659955,test_legacy,0.22734472913890835,0.1,20,True,29,0.899750280065701,QQQ,50000,epistemic,-0.018795847122602717,0.05
ppo_with_uncertainty_guard_epistemic,0.14620450022133802,0.16493815059545486,32,0.979735704429445,cpu,1700058.0781385193,test_legacy,0.20724748802432835,0.1,20,True,37,0.8273156787097397,QQQ,50000,epistemic,-0.016516484162138224,0.05
ppo_with_uncertainty_guard_epistemic,0.1381353307393646,0.18231978179502054,32,0.9783011041425087,cpu,1653986.092855529,test_legacy,0.21361130747322277,0.1,20,True,42,0.7096933448779921,QQQ,50000,epistemic,-0.01851073587248848,0.05
ppo_with_uncertainty_guard_epistemic,0.11784689180997734,0.17117417883828323,32,0.9833612173431906,cpu,1542245.389576851,test_legacy,0.2349744478618485,0.1,20,True,53,0.6508242919810778,QQQ,50000,epistemic,-0.017444125985941472,0.05
ppo_with_uncertainty_guard_epistemic,0.1775093354247293,0.20983165230745351,32,0.9778714695824491,cpu,1887871.8337512803,test_legacy,0.22659844539763307,0.1,20,True,67,0.7787259435604241,QQQ,50000,epistemic,-0.02086324759067191,0.05
ppo_with_uncertainty_guard_epistemic,0.15961528531610725,0.19917143891512318,32,0.9785743411855281,cpu,1778728.7834771536,test_legacy,0.21742549529861221,0.1,20,True,89,0.7435211709911482,QQQ,50000,epistemic,-0.02016912316888151,0.05
ppo_with_uncertainty_guard_epistemic,0.058674354872792774,0.3096403944697775,32,0.6530661315259771,cpu,1248240.2853459795,test_legacy,0.5969200694042495,0.1,20,False,7,0.1841409862431212,REGN,50000,epistemic,-0.026415135534877798,0.05
ppo_with_uncertainty_guard_epistemic,0.002243763702624511,0.006738285679700546,32,0.9957494401511804,cpu,1008754.067783475,test_legacy,0.005500297794626352,0.1,20,True,13,0.3326064715577699,REGN,50000,epistemic,0.0,0.01020408163265306
ppo_with_uncertainty_guard_epistemic,0.06338291879305016,0.2516671317160015,32,0.7498777553173006,cpu,1269969.2332816657,test_legacy,0.4993635531040037,0.1,20,False,19,0.24419247738785005,REGN,50000,epistemic,-0.021548486333736693,0.05
ppo_with_uncertainty_guard_epistemic,0.05313736863662675,0.304002634026214,32,0.6530715094095245,cpu,1223043.0858630002,test_legacy,0.5969166305500457,0.1,20,False,23,0.17030659066358958,REGN,50000,epistemic,-0.025159622633633468,0.05
ppo_with_uncertainty_guard_epistemic,0.05906081839963589,0.28773896982434416,32,0.6730391353036306,cpu,1250013.2449465003,test_legacy,0.5699384468574207,0.1,20,False,29,0.1994254145534767,REGN,50000,epistemic,-0.024824762071856996,0.05
ppo_with_uncertainty_guard_epistemic,0.04685223224837509,0.289769531766819,32,0.6544241176335238,cpu,1194901.3360919422,test_legacy,0.5958368136489054,0.1,20,False,37,0.1580144128043539,REGN,50000,epistemic,-0.024276721703181892,0.05
ppo_with_uncertainty_guard_epistemic,0.06046075353361308,0.25949745324393364,32,0.7161688572129965,cpu,1256451.3236990373,test_legacy,0.5248302563206491,0.1,20,False,42,0.22621975738402889,REGN,50000,epistemic,-0.021931340977769675,0.05
ppo_with_uncertainty_guard_epistemic,0.001414384817910087,0.007436627845260866,32,0.99254880580445,cpu,1005511.6327023552,test_legacy,0.009579359015642663,0.1,20,True,53,0.19005325763842196,REGN,50000,epistemic,-1.697758236609559e-05,0.05
ppo_with_uncertainty_guard_epistemic,0.054064665903789104,0.2959949844788138,32,0.6565113161745711,cpu,1227236.3629341393,test_legacy,0.5942441952234755,0.1,20,False,67,0.17788738191298162,REGN,50000,epistemic,-0.024664548055085778,0.05
ppo_with_uncertainty_guard_epistemic,0.02291306828319699,0.2541840676539326,32,0.6740591832561867,cpu,1092098.2623673312,test_legacy,0.5794154835198795,0.1,20,False,89,0.08912632557647436,REGN,50000,epistemic,-0.021518980422747802,0.05
ppo_with_uncertainty_guard_epistemic,0.10783255820279158,0.13288883483381872,32,1.0,cpu,1489206.5190845737,test_legacy,0.19897818357335562,0.1,20,True,7,0.7706090127682235,RY,50000,epistemic,-0.012969864228462668,0.05
ppo_with_uncertainty_guard_epistemic,0.11595528801218227,0.13727834627528862,32,1.0,cpu,1532121.085712108,test_legacy,0.2004490879212919,0.1,20,True,13,0.7991841012183609,RY,50000,epistemic,-0.013792208851602261,0.05
ppo_with_uncertainty_guard_epistemic,0.1591118267452637,0.18043786148189953,32,1.0,cpu,1775727.4606632015,test_legacy,0.2448715103924377,0.1,20,True,19,0.8183089409939505,RY,50000,epistemic,-0.01782469911950759,0.05
ppo_with_uncertainty_guard_epistemic,0.16026445157892227,0.1780410835978618,32,1.0,cpu,1782604.2896915209,test_legacy,0.24133641370992998,0.1,20,True,23,0.8349074218913582,RY,50000,epistemic,-0.017601162103705194,0.05
ppo_with_uncertainty_guard_epistemic,0.16891244479092263,0.16615219476806148,32,1.0,cpu,1834833.2350243258,test_legacy,0.21647278063127762,0.1,20,True,29,0.9393413867328468,RY,50000,epistemic,-0.016186796890913246,0.05
ppo_with_uncertainty_guard_epistemic,0.159443235054135,0.17950268694171168,32,1.0,cpu,1777702.6978605266,test_legacy,0.2442153192107035,0.1,20,True,37,0.8241647621181779,RY,50000,epistemic,-0.017595191269379206,0.05
ppo_with_uncertainty_guard_epistemic,0.14906079955657972,0.17057387108878352,32,1.0,cpu,1716592.6816471857,test_legacy,0.2386921159234331,0.1,20,True,42,0.8145724926287794,RY,50000,epistemic,-0.016633441590430297,0.05
ppo_with_uncertainty_guard_epistemic,0.16050042107395246,0.17570554008084543,32,1.0,cpu,1784014.5748545693,test_legacy,0.23828723497951365,0.1,20,True,53,0.8471626735234707,RY,50000,epistemic,-0.017157942299946872,0.05
ppo_with_uncertainty_guard_epistemic,0.15986366511943342,0.17129254069554686,32,1.0,cpu,1780210.8646080797,test_legacy,0.22488566330058546,0.1,20,True,67,0.8657839395719549,RY,50000,epistemic,-0.016749789406267635,0.05
ppo_with_uncertainty_guard_epistemic,0.16628034810594705,0.15096433957871752,32,1.0,cpu,1818818.1539707556,test_legacy,0.19884934736938376,0.1,20,True,89,1.0189117077495107,RY,50000,epistemic,-0.014502273233362837,0.05
ppo_with_uncertainty_guard_epistemic,1.0009070683276833,0.7568097316740622,32,0.9568950894708974,cpu,14840140.61318783,test_legacy,0.721707814882808,0.1,20,True,7,0.916479317578844,RYTM,50000,epistemic,-0.06319108104185611,0.05
ppo_with_uncertainty_guard_epistemic,0.6561892132926952,0.4877659903048184,32,0.9698579569783665,cpu,7113678.882661473,test_legacy,0.49502800459722063,0.1,20,True,23,1.0343467041602497,RYTM,50000,epistemic,-0.036814497587219816,0.05
ppo_with_uncertainty_guard_epistemic,0.7637784483181116,0.5393085878971368,32,0.9606916387228227,cpu,9086433.580784017,test_legacy,0.46234674200239445,0.1,20,True,29,1.0521957172737089,RYTM,50000,epistemic,-0.04701572542292709,0.05
ppo_with_uncertainty_guard_epistemic,0.25648401330880094,0.35252287286755296,32,0.9840708720169881,cpu,2430023.2469263133,test_legacy,0.45282171628343826,0.1,20,True,37,0.6476664905659152,RYTM,50000,epistemic,-0.030948259997441063,0.05
ppo_with_uncertainty_guard_epistemic,0.9917174693256949,0.7579150467977792,32,0.9568950894708974,cpu,14576840.590705238,test_legacy,0.7273678254769427,0.1,20,True,42,0.9090691298928134,RYTM,50000,epistemic,-0.06320077889087958,0.05
ppo_with_uncertainty_guard_epistemic,0.9734158944177796,0.7162627363489343,32,0.956902623355196,cpu,14062820.005544046,test_legacy,0.640169178036233,0.1,20,True,53,0.9490453887755409,RYTM,50000,epistemic,-0.06108215637465539,0.05
ppo_with_uncertainty_guard_epistemic,0.043740254885201196,0.20488782652876716,32,0.9422494520413676,cpu,1181146.8838896677,test_legacy,0.2904646460811995,0.1,20,False,89,0.20894666149012772,RYTM,50000,epistemic,-0.01841072538052089,0.05
ppo_with_uncertainty_guard_epistemic,0.233686435672061,0.25151657829817925,32,0.7887696206603444,cpu,2263003.8526681853,test_legacy,0.2785510230136299,0.1,20,False,7,0.834961488720808,SAP,50000,epistemic,-0.023991946827301193,0.05
ppo_with_uncertainty_guard_epistemic,-0.004258789680418027,0.014694151144913892,32,0.9835396495023891,cpu,983539.6495023891,test_legacy,0.0411105654841063,0.1,20,True,13,-0.29044468146483077,SAP,50000,epistemic,-0.0009662033830164062,0.05
ppo_with_uncertainty_guard_epistemic,0.22428714093497085,0.26480135324676474,32,0.7887667389990697,cpu,2196687.8209007354,test_legacy,0.3198855773595869,0.1,20,False,19,0.7641903073840357,SAP,50000,epistemic,-0.02535559417128077,0.05
ppo_with_uncertainty_guard_epistemic,0.20834017615020162,0.23612406441126946,32,0.7895179678680291,cpu,2087491.555576581,test_legacy,0.2491550276313771,0.1,20,False,23,0.8014750037654587,SAP,50000,epistemic,-0.022164533537687613,0.05
ppo_with_uncertainty_guard_epistemic,-0.00541937465659296,0.009211074235999121,32,0.9790890693596602,cpu,979089.0693596603,test_legacy,0.02188029687591475,0.1,20,True,29,-0.5899441204198778,SAP,50000,epistemic,0.0,0.04285714285714286
ppo_with_uncertainty_guard_epistemic,0.2375736160801314,0.24774771696762404,32,0.7893025265304483,cpu,2290859.723541516,test_legacy,0.2595678054911028,0.1,20,False,37,0.8603613686685355,SAP,50000,epistemic,-0.023493651008121397,0.05
ppo_with_uncertainty_guard_epistemic,0.016073632189490216,0.12135589060992029,32,0.8634770021219517,cpu,1063974.6005241775,test_legacy,0.2132068805091828,0.1,20,False,42,0.13139698632642013,SAP,50000,epistemic,-0.012701472711531015,0.05
ppo_with_uncertainty_guard_epistemic,0.23614516051962647,0.25640347079478626,32,0.7887696636030475,cpu,2280593.8579031215,test_legacy,0.28655108350604297,0.1,20,False,53,0.8268127729161582,SAP,50000,epistemic,-0.024210148273350374,0.05
ppo_with_uncertainty_guard_epistemic,0.23913258172920213,0.23812878179653224,32,0.7918741604162123,cpu,2302102.6577194016,test_legacy,0.24639973004172644,0.1,20,False,67,0.9004012846143508,SAP,50000,epistemic,-0.022609060647696123,0.05
ppo_with_uncertainty_guard_epistemic,0.22609154398091602,0.22185575284898887,32,0.7895300421297871,cpu,2209305.1832371242,test_legacy,0.24908892052561182,0.1,20,False,89,0.9187562417790806,SAP,50000,epistemic,-0.01987391374139422,0.05
ppo_with_uncertainty_guard_epistemic,0.12922176944553612,0.17551010277148468,32,0.9966140011702802,cpu,1604178.1911213116,test_legacy,0.21103909327557624,0.1,20,True,7,0.692430714910337,SCHB,50000,epistemic,-0.017004926512290196,0.05
ppo_with_uncertainty_guard_epistemic,0.09260646158988202,0.13363201289588464,32,0.997204410564771,cpu,1411176.4058342285,test_legacy,0.16807241099400683,0.1,20,True,13,0.6627602457690548,SCHB,50000,epistemic,-0.013187370657149788,0.05
ppo_with_uncertainty_guard_epistemic,0.1315695504758633,0.17416201593666045,32,0.9966140011702805,cpu,1617187.6878561892,test_legacy,0.20626689258695385,0.1,20,True,19,0.7097158262288509,SCHB,50000,epistemic,-0.016977442494337948,0.05
ppo_with_uncertainty_guard_epistemic,0.13468813082758255,0.16505902568324607,32,0.9966140092136487,cpu,1634589.3234114128,test_legacy,0.19342649441843252,0.1,20,True,23,0.7655304914555017,SCHB,50000,epistemic,-0.016552690439822725,0.05
ppo_with_uncertainty_guard_epistemic,0.14851097460746443,0.147406154051554,32,0.9966140128397336,cpu,1713400.5996222778,test_legacy,0.19342593737035263,0.1,20,True,29,0.9393512128150675,SCHB,50000,epistemic,-0.0145771341161673,0.05
ppo_with_uncertainty_guard_epistemic,0.11727585954044278,0.13337006112505032,32,0.9967141369989742,cpu,1539183.871164124,test_legacy,0.18510133082268765,0.1,20,True,37,0.8314708814150632,SCHB,50000,epistemic,-0.012724849471119092,0.05
ppo_with_uncertainty_guard_epistemic,0.030378283599213643,0.08588541450616234,32,0.9973993179980294,cpu,1123421.445358474,test_legacy,0.141713428063722,0.1,20,True,42,0.34844036446951365,SCHB,50000,epistemic,-0.00881714156868787,0.05
ppo_with_uncertainty_guard_epistemic,0.11451150300848931,0.1518594137901815,32,0.9969483610936655,cpu,1524426.9000515237,test_legacy,0.1892410399308435,0.1,20,True,53,0.7139240102446964,SCHB,50000,epistemic,-0.01501287080880882,0.05
ppo_with_uncertainty_guard_epistemic,0.11764582165250538,0.1524788062235093,32,0.9969232362315176,cpu,1541166.8614602238,test_legacy,0.1753635248496589,0.1,20,True,67,0.7294417835930995,SCHB,50000,epistemic,-0.01502019860602859,0.05
ppo_with_uncertainty_guard_epistemic,0.11423153052653488,0.13288960575079806,32,0.9971743833374819,cpu,1522938.2063817082,test_legacy,0.16961671467014838,0.1,20,True,89,0.813944982276939,SCHB,50000,epistemic,-0.013012663934720248,0.05
ppo_with_uncertainty_guard_epistemic,0.0366675222064621,0.11177058444682543,32,0.9805877153079784,cpu,1150324.1817073822,test_legacy,0.12628530340172706,0.1,20,True,7,0.3221886316028931,SCHD,50000,epistemic,-0.011142416524119625,0.05
ppo_with_uncertainty_guard_epistemic,-0.00015232482714796916,0.05144238615937891,32,0.9865457143141386,cpu,999407.7559967162,test_legacy,0.06615063248065411,0.1,20,True,13,-0.0029612926428044966,SCHD,50000,epistemic,-0.005064004095178998,0.05
ppo_with_uncertainty_guard_epistemic,0.05302998804629448,0.14832730859741383,32,0.9810626150928581,cpu,1222558.1948973243,test_legacy,0.16124843892526364,0.1,20,True,19,0.3483623926744474,SCHD,50000,epistemic,-0.014594956193390818,0.05
ppo_with_uncertainty_guard_epistemic,0.05295354164443142,0.14718064301198427,32,0.981062615095946,cpu,1222213.0783008537,test_legacy,0.16124843892234042,0.1,20,True,23,0.350583170948483,SCHD,50000,epistemic,-0.014481969718583265,0.05
ppo_with_uncertainty_guard_epistemic,0.04481502220676772,0.11792286768768766,32,0.9832007770269268,cpu,1185883.818216341,test_legacy,0.13397371402401992,0.1,20,True,29,0.3717667264156083,SCHD,50000,epistemic,-0.011148072063715373,0.05
ppo_with_uncertainty_guard_epistemic,0.045938873935922504,0.12356677866936597,32,0.9823422066586265,cpu,1190852.1660026712,test_legacy,0.1500285329036466,0.1,20,True,37,0.36348660050346776,SCHD,50000,epistemic,-0.011680207062428493,0.05
ppo_with_uncertainty_guard_epistemic,0.05434115869181103,0.1439501968106317,32,0.981062668376367,cpu,1228488.7392610526,test_legacy,0.16124837738207098,0.1,20,True,42,0.36759949299941325,SCHD,50000,epistemic,-0.01407527534716193,0.05
ppo_with_uncertainty_guard_epistemic,0.05314469223966111,0.1472606990453109,32,0.9810626151074496,cpu,1223076.1617444663,test_legacy,0.16124843890899387,0.1,20,True,53,0.3516252317371293,SCHD,50000,epistemic,-0.014481969606493195,0.05
ppo_with_uncertainty_guard_epistemic,0.04475956021611883,0.12433960316935103,32,0.9815152066256759,cpu,1185639.0300477813,test_legacy,0.14238491321649915,0.1,20,True,67,0.3521542292761746,SCHD,50000,epistemic,-0.011805506007068266,0.05
ppo_with_uncertainty_guard_epistemic,0.03976595329981645,0.10255535573016536,32,0.9829330907281494,cpu,1163752.5286786123,test_legacy,0.14386402684628308,0.1,20,True,89,0.38023935740937315,SCHD,50000,epistemic,-0.009547584484256966,0.05
ppo_with_uncertainty_guard_epistemic,0.10688478420001779,0.15905310510111412,32,0.9983478310742949,cpu,1484258.009588263,test_legacy,0.24174022080957847,0.1,20,True,7,0.6384626542126711,SCHF,50000,epistemic,-0.015268308170920885,0.05
ppo_with_uncertainty_guard_epistemic,0.06670390580062477,0.10850933360966916,32,0.998743350837013,cpu,1285462.9207235945,test_legacy,0.1774403424292692,0.1,20,True,13,0.5950947775624045,SCHF,50000,epistemic,-0.01008287574227138,0.05
ppo_with_uncertainty_guard_epistemic,0.10669195626489494,0.16019115335408707,32,0.9983478310742951,cpu,1483252.715370558,test_legacy,0.24201606186239266,0.1,20,True,19,0.632839226530708,SCHF,50000,epistemic,-0.015378797407960042,0.05
ppo_with_uncertainty_guard_epistemic,0.11024404634870678,0.15224993194561284,32,0.9983478610816747,cpu,1501852.6219121616,test_legacy,0.21719159174588232,0.1,20,True,23,0.6868951752948554,SCHF,50000,epistemic,-0.014359899783872353,0.05
ppo_with_uncertainty_guard_epistemic,0.11245852104739285,0.15607071449767185,32,0.9983478310742956,cpu,1513535.66883635,test_legacy,0.22523116082426464,0.1,20,True,29,0.6828465023427706,SCHF,50000,epistemic,-0.01499865249344392,0.05
ppo_with_uncertainty_guard_epistemic,0.1123581502867914,0.15589807930585228,32,0.9983478310743921,cpu,1513004.6804969504,test_legacy,0.22461332240118514,0.1,20,True,37,0.6830238936618654,SCHF,50000,epistemic,-0.014883209891555093,0.05
ppo_with_uncertainty_guard_epistemic,0.10908839287554864,0.15616507758546383,32,0.9983478320498831,cpu,1495782.3381472097,test_legacy,0.22898413106894322,0.1,20,True,42,0.6630054975894102,SCHF,50000,epistemic,-0.014867255965329739,0.05
ppo_with_uncertainty_guard_epistemic,0.11191855475681328,0.1541036718359657,32,0.998347880305884,cpu,1510680.7319204032,test_legacy,0.22053718846938164,0.1,20,True,53,0.6884121609494669,SCHF,50000,epistemic,-0.014774133046738313,0.05
ppo_with_uncertainty_guard_epistemic,0.09590004567675074,0.1398304062321908,32,0.9985169553869412,cpu,1427791.4805117347,test_legacy,0.21117869675595402,0.1,20,True,67,0.654906780801217,SCHF,50000,epistemic,-0.0134931571551685,0.05
ppo_with_uncertainty_guard_epistemic,0.013153678318206338,0.05353264928453078,32,0.9958482148061112,cpu,1052133.1644643366,test_legacy,0.09307132756486625,0.1,20,True,89,0.2441104881237106,SCHF,50000,epistemic,-0.00514463334925992,0.05
ppo_with_uncertainty_guard_epistemic,0.17714630813188656,0.2191977367318457,32,0.9783924110930122,cpu,1885609.380819264,test_legacy,0.2503541402442929,0.1,20,True,7,0.7440451295043417,SCHG,50000,epistemic,-0.022063456132596214,0.05
ppo_with_uncertainty_guard_epistemic,0.11775931745957945,0.16537736098468925,32,0.9824117303434629,cpu,1541775.5771812631,test_legacy,0.20997055003292098,0.1,20,True,13,0.6731632702298324,SCHG,50000,epistemic,-0.016694149062695996,0.05
ppo_with_uncertainty_guard_epistemic,0.18164720530615966,0.21593438893065917,32,0.9783924146115347,cpu,1913802.5331217188,test_legacy,0.2409991735532836,0.1,20,True,19,0.7729629351135299,SCHG,50000,epistemic,-0.021711868215609973,0.05
ppo_with_uncertainty_guard_epistemic,0.016498422697967294,0.07368010591919912,32,0.9972183748200637,cpu,1065705.4873400365,test_legacy,0.14820298516262942,0.1,20,True,23,0.2220920684883857,SCHG,50000,epistemic,-0.0068520631753401055,0.05
ppo_with_uncertainty_guard_epistemic,0.19953610360835025,0.1975793087583109,32,0.9783924358324054,cpu,2028962.579457921,test_legacy,0.2339243342977827,0.1,20,True,29,0.9208188686054704,SCHG,50000,epistemic,-0.019550945844476964,0.05
ppo_with_uncertainty_guard_epistemic,0.17825111736746213,0.20016701030293216,32,0.9784867194477342,cpu,1892501.024738257,test_legacy,0.23239675606702548,0.1,20,True,37,0.8194712246237881,SCHG,50000,epistemic,-0.019918501322848316,0.05
ppo_with_uncertainty_guard_epistemic,0.17830659768625995,0.20821328261975955,32,0.9783937995546933,cpu,1892847.5957898395,test_legacy,0.2338157638020113,0.1,20,True,42,0.7880294373519672,SCHG,50000,epistemic,-0.020605396650822172,0.05
ppo_with_uncertainty_guard_epistemic,0.11869762326089003,0.16659235991326707,32,0.9841184751089638,cpu,1546814.8672652692,test_legacy,0.22875143702745415,0.1,20,True,53,0.6732905728139672,SCHG,50000,epistemic,-0.01643212589966909,0.05
ppo_with_uncertainty_guard_epistemic,0.18256142834355238,0.21292498798531623,32,0.9783942826855101,cpu,1919567.1745385176,test_legacy,0.23383641930605015,0.1,20,True,67,0.7875198888850267,SCHG,50000,epistemic,-0.02141019239854609,0.05
ppo_with_uncertainty_guard_epistemic,0.15568147965418097,0.19532233357903933,32,0.9799789412991488,cpu,1755377.7820867423,test_legacy,0.22183003349716102,0.1,20,True,89,0.7407759031231467,SCHG,50000,epistemic,-0.01918260918415555,0.05
ppo_with_uncertainty_guard_epistemic,0.1320640431615241,0.17528928642816022,32,0.9966886810932155,cpu,1619937.7259149286,test_legacy,0.21108922010306652,0.1,20,True,7,0.7076441669896897,SCHK,50000,epistemic,-0.016561867046403212,0.05
ppo_with_uncertainty_guard_epistemic,0.09727834705315087,0.13641227909849313,32,0.9972277325813673,cpu,1434787.5230295015,test_legacy,0.171234275896476,0.1,20,True,13,0.6805309351179428,SCHK,50000,epistemic,-0.013126629000595623,0.05
ppo_with_uncertainty_guard_epistemic,0.1341580040459903,0.1742626854957826,32,0.9966886810932154,cpu,1631621.4571168195,test_legacy,0.20768843238873647,0.1,20,True,19,0.7224175039829724,SCHK,50000,epistemic,-0.0164909688083724,0.05
ppo_with_uncertainty_guard_epistemic,0.13757385696630076,0.16338279744401646,32,0.9966887082762456,cpu,1650815.186091598,test_legacy,0.19202322600500865,0.1,20,True,23,0.7889305099065518,SCHK,50000,epistemic,-0.01618315533200407,0.05
ppo_with_uncertainty_guard_epistemic,0.15198596922947866,0.1481662593967747,32,0.9966886848495211,cpu,1733649.476442826,test_legacy,0.19204282962650254,0.1,20,True,29,0.9549220699643982,SCHK,50000,epistemic,-0.014648925528145007,0.05
ppo_with_uncertainty_guard_epistemic,0.12873747626787835,0.14223388251198693,32,0.9967047127431954,cpu,1601504.3339638205,test_legacy,0.1900884686118618,0.1,20,True,37,0.8514117253153266,SCHK,50000,epistemic,-0.013894939681475283,0.05
ppo_with_uncertainty_guard_epistemic,0.1217052685217408,0.14884310954514876,32,0.9968479689764356,cpu,1563050.3010769652,test_legacy,0.18301802564858072,0.1,20,True,42,0.7716176209064343,SCHK,50000,epistemic,-0.014320089296504968,0.05
ppo_with_uncertainty_guard_epistemic,0.1281608591417163,0.15907169438299024,32,0.9968537222653198,cpu,1598325.061370651,test_legacy,0.18719816058325345,0.1,20,True,53,0.7580772220818653,SCHK,50000,epistemic,-0.015513600990706955,0.05
ppo_with_uncertainty_guard_epistemic,0.13039183906941756,0.15924467495652833,32,0.9968182860985966,cpu,1610652.0100699947,test_legacy,0.18373206774776873,0.1,20,True,67,0.769659712068878,SCHK,50000,epistemic,-0.015413510960771325,0.05
ppo_with_uncertainty_guard_epistemic,0.06775134694144698,0.09108272052624104,32,0.9974708410256561,cpu,1290378.636467493,test_legacy,0.1407145160097485,0.1,20,True,89,0.7197279306442033,SCHK,50000,epistemic,-0.008892570899273089,0.05
ppo_with_uncertainty_guard_epistemic,0.09027471290972208,0.137458821477695,32,0.9976641125703692,cpu,1399500.6288438675,test_legacy,0.1523255397880222,0.1,20,True,7,0.6287671750445949,SCHV,50000,epistemic,-0.013482904512170713,0.05
ppo_with_uncertainty_guard_epistemic,0.07123012941309545,0.12126684938004091,32,0.9979382354905245,cpu,1306805.0610689693,test_legacy,0.14734580843620504,0.1,20,True,13,0.5674061135755755,SCHV,50000,epistemic,-0.011548653869885416,0.05
ppo_with_uncertainty_guard_epistemic,0.08822423869642088,0.14816727642489683,32,0.9976627281986161,cpu,1389292.7145872843,test_legacy,0.18102617674162835,0.1,20,True,19,0.5706195078813845,SCHV,50000,epistemic,-0.013964114311190112,0.05
ppo_with_uncertainty_guard_epistemic,0.0880818525730808,0.14792248452160917,32,0.9976627281986161,cpu,1388585.9309547779,test_legacy,0.1802078869094731,0.1,20,True,23,0.5706792137031894,SCHV,50000,epistemic,-0.013963720873392215,0.05
ppo_with_uncertainty_guard_epistemic,0.09901764044946737,0.12993133205718826,32,0.9976627324104685,cpu,1443652.2093666012,test_legacy,0.1526552737595427,0.1,20,True,29,0.7266654609600444,SCHV,50000,epistemic,-0.012817878154624651,0.05
ppo_with_uncertainty_guard_epistemic,0.08180764656769757,0.1305652417177142,32,0.9979385800986554,cpu,1357706.0015832842,test_legacy,0.15366665357332654,0.1,20,True,37,0.6022528826637187,SCHV,50000,epistemic,-0.012721481514948164,0.05
ppo_with_uncertainty_guard_epistemic,0.09041607216351015,0.13793465904145275,32,0.997662806149076,cpu,1400206.407093926,test_legacy,0.15327508719433358,0.1,20,True,42,0.6275380094429281,SCHV,50000,epistemic,-0.013351145676481923,0.05
ppo_with_uncertainty_guard_epistemic,0.09000078504425592,0.14474904233258618,32,0.997662729556877,cpu,1398133.7145263832,test_legacy,0.17035800974876103,0.1,20,True,53,0.5953636760913255,SCHV,50000,epistemic,-0.013930758138250888,0.05
ppo_with_uncertainty_guard_epistemic,0.06449534244169287,0.11032277660763293,32,0.9981964782356233,cpu,1275143.579073142,test_legacy,0.13314692011505969,0.1,20,True,67,0.566526169682357,SCHV,50000,epistemic,-0.010220730931910714,0.05
ppo_with_uncertainty_guard_epistemic,0.06942688422317794,0.11349862544429838,32,0.9981555186132762,cpu,1298271.069725187,test_legacy,0.12951335759630622,0.1,20,True,89,0.591397372536294,SCHV,50000,epistemic,-0.010943253291037625,0.05
ppo_with_uncertainty_guard_epistemic,0.0558650029588292,0.22238970369823907,32,0.994557951425749,cpu,1235408.0475117199,test_legacy,0.33454816890103756,0.1,20,True,7,0.2444371267991965,SCHW,50000,epistemic,-0.019833715094834045,0.05
ppo_with_uncertainty_guard_epistemic,0.0643681157716414,0.318055278419294,32,0.9943075870943575,cpu,1274551.0030954592,test_legacy,0.44451311853452646,0.1,20,True,13,0.19613343230407068,SCHW,50000,epistemic,-0.028284444593978542,0.05
ppo_with_uncertainty_guard_epistemic,0.0728823316952863,0.3085101801963744,32,0.9943077648022806,cpu,1314660.748146341,test_legacy,0.4352783170587835,0.1,20,True,19,0.22802734898413435,SCHW,50000,epistemic,-0.027416347916524142,0.05
ppo_with_uncertainty_guard_epistemic,0.07040554412690869,0.306767717531979,32,0.9943076050537623,cpu,1302897.4958836616,test_legacy,0.433878119246184,0.1,20,True,23,0.22178850893671953,SCHW,50000,epistemic,-0.02688853729234699,0.05
ppo_with_uncertainty_guard_epistemic,0.07888511121940309,0.3116018432949349,32,0.9943075870940368,cpu,1343497.578927909,test_legacy,0.444680219433926,0.1,20,True,29,0.24367046109899002,SCHW,50000,epistemic,-0.02662849469675681,0.05
ppo_with_uncertainty_guard_epistemic,0.07024743468843081,0.30087255337310714,32,0.9943507111545465,cpu,1302149.235815825,test_legacy,0.4299975805631805,0.1,20,True,37,0.22564315864563983,SCHW,50000,epistemic,-0.026970417354554233,0.05
ppo_with_uncertainty_guard_epistemic,0.06100019843322849,0.3226790028209183,32,0.9943075870940314,cpu,1258938.707415454,test_legacy,0.4549305370860889,0.1,20,True,42,0.1835013031804925,SCHW,50000,epistemic,-0.03002766511411501,0.05
ppo_with_uncertainty_guard_epistemic,0.019859498460598292,0.2075173038948777,32,0.9962105872547228,cpu,1079474.6624268955,test_legacy,0.3533725956383519,0.1,20,True,53,0.09476248866393748,SCHW,50000,epistemic,-0.019426278120913576,0.05
ppo_with_uncertainty_guard_epistemic,0.04863455630496241,0.20179021670211175,32,0.9960773691049064,cpu,1202832.3139225144,test_legacy,0.27903084423624913,0.1,20,True,67,0.2353377618446834,SCHW,50000,epistemic,-0.01759935449460377,0.05
ppo_with_uncertainty_guard_epistemic,-0.022508151229302036,0.10114951916055481,32,0.890509075959838,cpu,915273.9831647095,test_legacy,0.21977418153491413,0.1,20,False,89,-0.22506572914774126,SCHW,50000,epistemic,-0.008355783406260019,0.05
ppo_with_uncertainty_guard_epistemic,0.34816896358220645,0.2854613886518168,32,0.9281496039534831,cpu,3195665.1292041424,test_legacy,0.26668306302541667,0.1,20,False,7,1.0465414738454109,SLV,50000,epistemic,-0.026104150146598303,0.05
ppo_with_uncertainty_guard_epistemic,0.34879308889342087,0.2858144554701197,32,0.9281496017389375,cpu,3201422.24106034,test_legacy,0.2675854517118118,0.1,20,False,13,1.0468680378053181,SLV,50000,epistemic,-0.026048079444650263,0.05
ppo_with_uncertainty_guard_epistemic,0.33491590237155533,0.29155493893509854,32,0.9281496004920061,cpu,3075220.8022595374,test_legacy,0.30928570907040376,0.1,20,False,19,0.9907845813302061,SLV,50000,epistemic,-0.026764500828433666,0.05
ppo_with_uncertainty_guard_epistemic,0.32470239554899855,0.2691243672776781,32,0.9290479040219712,cpu,2984726.794162575,test_legacy,0.2654603232785848,0.1,20,False,23,1.0448242352078225,SLV,50000,epistemic,-0.02453275216889512,0.05
ppo_with_uncertainty_guard_epistemic,0.17114402487322644,0.12950422157235425,32,0.9623986191999774,cpu,1848493.2138377554,test_legacy,0.10421366707351776,0.1,20,True,29,1.2198897807571623,SLV,50000,epistemic,-0.011493521482611069,0.05
ppo_with_uncertainty_guard_epistemic,0.3399928624968603,0.2888993638904699,32,0.9281496004944929,cpu,3120954.5347418413,test_legacy,0.29025236209308547,0.1,20,False,37,1.013031398542512,SLV,50000,epistemic,-0.026490206142550043,0.05
ppo_with_uncertainty_guard_epistemic,0.26426831267395107,0.22653409705768945,32,0.942921877946496,cpu,2489095.384577443,test_legacy,0.24448950126262003,0.1,20,False,42,1.0351350397409944,SLV,50000,epistemic,-0.020517976585383655,0.05
ppo_with_uncertainty_guard_epistemic,0.34071228893781075,0.28827757018480615,32,0.9281496021895048,cpu,3127475.82706146,test_legacy,0.286079098351113,0.1,20,False,53,1.0170783318317134,SLV,50000,epistemic,-0.026109079929918177,0.05
ppo_with_uncertainty_guard_epistemic,0.3430787295148672,0.2808296900332604,32,0.9282234960785412,cpu,3148998.0228247126,test_legacy,0.25608405712061977,0.1,20,False,67,1.0503318619148891,SLV,50000,epistemic,-0.025715056418904324,0.05
ppo_with_uncertainty_guard_epistemic,0.35492877079326796,0.25362733615351474,32,0.9284409406744367,cpu,3258430.588652554,test_legacy,0.1699846546454974,0.1,20,False,89,1.1976181265013741,SLV,50000,epistemic,-0.02268579179547725,0.05
ppo_with_uncertainty_guard_epistemic,0.01398658721958927,0.1645340064823122,32,0.8832217303637936,cpu,1055500.8698852048,test_legacy,0.20607384104406212,0.1,20,False,7,0.08441819647741051,SNY,50000,epistemic,-0.014731342343411669,0.05
ppo_with_uncertainty_guard_epistemic,0.0026686994863660486,0.007098355910858629,32,0.9941317479468674,cpu,1010418.3490965024,test_legacy,0.0072984958549198176,0.1,20,True,13,0.375451056998713,SNY,50000,epistemic,-5.936837824283003e-06,0.05
ppo_with_uncertainty_guard_epistemic,0.02319334112756688,0.25755145765042037,32,0.849811009013957,cpu,1093262.3922070793,test_legacy,0.31999180266456984,0.1,20,False,19,0.08902473101435025,SNY,50000,epistemic,-0.022472856334899215,0.05
ppo_with_uncertainty_guard_epistemic,0.022605958759205534,0.26200322410724225,32,0.8497562247964086,cpu,1090823.7223819362,test_legacy,0.33403952865501385,0.1,20,False,23,0.08532038964880478,SNY,50000,epistemic,-0.022913755272625735,0.05
ppo_with_uncertainty_guard_epistemic,0.023207756414557874,0.2586871637329202,32,0.8497562247981569,cpu,1093322.2918687814,test_legacy,0.32427794730131654,0.1,20,False,29,0.08868835001223567,SNY,50000,epistemic,-0.022777365569304386,0.05
ppo_with_uncertainty_guard_epistemic,0.02283901985711504,0.2601936965579611,32,0.8497562247964778,cpu,1091790.8516923536,test_legacy,0.33020797707160165,0.1,20,False,37,0.08678957355540685,SNY,50000,epistemic,-0.022777417733639106,0.05
ppo_with_uncertainty_guard_epistemic,0.0023858651410784736,0.0069395541685011095,32,0.993041645767289,cpu,1009310.3880572227,test_legacy,0.0072984958549198176,0.1,20,True,42,0.34338934672010807,SNY,50000,epistemic,0.0,0.044897959183673466
ppo_with_uncertainty_guard_epistemic,0.04515232683526741,0.0807762747550111,32,0.9745805651438996,cpu,1187373.3613516125,test_legacy,0.10473420460655469,0.1,20,True,53,0.5467268135845554,SNY,50000,epistemic,-0.007202721584155647,0.05
ppo_with_uncertainty_guard_epistemic,0.02385058612109915,0.25453263476441973,32,0.849756535663624,cpu,1095995.9134581217,test_legacy,0.30408143791325015,0.1,20,False,67,0.09260340742353954,SNY,50000,epistemic,-0.02188071835236851,0.05
ppo_with_uncertainty_guard_epistemic,0.0036136698433412964,0.007000250991937197,32,0.9977803069153811,cpu,1014126.6814550258,test_legacy,0.0072984958549198176,0.1,20,True,89,0.5152778710545031,SNY,50000,epistemic,0.0,0.03469387755102041
ppo_with_uncertainty_guard_epistemic,0.39630172167926336,0.43857709605993206,32,0.7490526925559811,cpu,3662758.508670541,test_legacy,0.5516531091501619,0.1,20,False,7,0.7611592036237567,SPOT,50000,epistemic,-0.04136813826491554,0.05
ppo_with_uncertainty_guard_epistemic,0.13746328020313991,0.2227665749696495,32,0.8570099527890245,cpu,1650191.2396928556,test_legacy,0.37807787718368835,0.1,20,False,13,0.5781859258517684,SPOT,50000,epistemic,-0.021617526212067074,0.05
ppo_with_uncertainty_guard_epistemic,0.3847390549335472,0.44903802218142586,32,0.749052692555724,cpu,3546208.0844254214,test_legacy,0.5664302537845067,0.1,20,False,19,0.7249087666140926,SPOT,50000,epistemic,-0.041988834467973475,0.05
ppo_with_uncertainty_guard_epistemic,0.30889588187344086,0.30704274219490835,32,0.7781471433411429,cpu,2848596.586416155,test_legacy,0.33623699072194446,0.1,20,False,23,0.876698151094041,SPOT,50000,epistemic,-0.028715914866481018,0.05
ppo_with_uncertainty_guard_epistemic,0.2986271674812356,0.32870358517784476,32,0.8214768435253212,cpu,2762667.05947521,test_legacy,0.4485544443872693,0.1,20,False,29,0.7949641167672475,SPOT,50000,epistemic,-0.02975419809078108,0.05
ppo_with_uncertainty_guard_epistemic,0.37697090836461944,0.41259280073618326,32,0.7635413468639236,cpu,3469468.7061347114,test_legacy,0.5249923846014986,0.1,20,False,37,0.7753067165819912,SPOT,50000,epistemic,-0.03923675604148018,0.05
ppo_with_uncertainty_guard_epistemic,0.33664768942238515,0.3640955668362201,32,0.7608560148705229,cpu,3090764.564233806,test_legacy,0.4472151647524356,0.1,20,False,42,0.7969463377981368,SPOT,50000,epistemic,-0.03467797072467986,0.05
ppo_with_uncertainty_guard_epistemic,0.37398793872548136,0.39189561233649245,32,0.7706567079945257,cpu,3440331.1356146014,test_legacy,0.5000950615067579,0.1,20,False,53,0.8107191732756001,SPOT,50000,epistemic,-0.0361936057535698,0.05
ppo_with_uncertainty_guard_epistemic,0.45881091193933543,0.3906803823643615,32,0.7490564177051334,cpu,4342840.720089127,test_legacy,0.4291707431881463,0.1,20,False,67,0.966574017050141,SPOT,50000,epistemic,-0.03525348259901353,0.05
ppo_with_uncertainty_guard_epistemic,0.4352497106363573,0.40063078481990294,32,0.7490757272450421,cpu,4076368.966087944,test_legacy,0.46709215853052033,0.1,20,False,89,0.9019244625445828,SPOT,50000,epistemic,-0.03674057445116965,0.05
ppo_with_uncertainty_guard_epistemic,0.13542324450076684,0.17446473276364402,32,0.9963353181661715,cpu,1638711.423816307,test_legacy,0.20773298579419675,0.1,20,True,7,0.7279715876815978,SPY,50000,epistemic,-0.016455549678513304,0.05
ppo_with_uncertainty_guard_epistemic,0.10723677112117554,0.14226292520373726,32,0.9968092644835148,cpu,1486094.3725467054,test_legacy,0.17287848877391365,0.1,20,True,13,0.7160502458804751,SPY,50000,epistemic,-0.013454509373026545,0.05
ppo_with_uncertainty_guard_epistemic,0.13806510018023463,0.17281883469985576,32,0.9963353181661715,cpu,1653589.2204536183,test_legacy,0.20165816831113392,0.1,20,True,19,0.7483525813465595,SPY,50000,epistemic,-0.01645554910195317,0.05
ppo_with_uncertainty_guard_epistemic,0.14033843722223507,0.16034037191702197,32,0.9963354496697109,cpu,1666471.7974582145,test_legacy,0.1874776394888611,0.1,20,True,23,0.8190386582972743,SPY,50000,epistemic,-0.015930824381889596,0.05
ppo_with_uncertainty_guard_epistemic,0.15345126901705095,0.14582865079620966,32,0.9963353596305822,cpu,1742240.8768501875,test_legacy,0.18753076418275783,0.1,20,True,29,0.9789461492274144,SPY,50000,epistemic,-0.013794827330472525,0.05
ppo_with_uncertainty_guard_epistemic,0.13066478364362177,0.14174699078665495,32,0.9963620258741526,cpu,1612164.958670271,test_legacy,0.1850182647878139,0.1,20,True,37,0.866372017048106,SPY,50000,epistemic,-0.013244198281038422,0.05
ppo_with_uncertainty_guard_epistemic,0.11916553084033346,0.14377834291433594,32,0.9967118618335625,cpu,1549332.391200605,test_legacy,0.1713709095321465,0.1,20,True,42,0.7830332390550474,SPY,50000,epistemic,-0.013709294919083525,0.05
ppo_with_uncertainty_guard_epistemic,0.13817328733288092,0.1651049840495243,32,0.9963559810596611,cpu,1654200.6147546219,test_legacy,0.1869053993815002,0.1,20,True,53,0.7838919824059333,SPY,50000,epistemic,-0.015931209891169383,0.05
ppo_with_uncertainty_guard_epistemic,0.10576047915350313,0.13825983605936554,32,0.9970086836886858,cpu,1478403.6494938643,test_legacy,0.16196766586471623,0.1,20,True,67,0.7271323482117474,SPY,50000,epistemic,-0.013047546213628535,0.05
ppo_with_uncertainty_guard_epistemic,0.012777723203577713,0.050089518309464835,32,0.9881614045410236,cpu,1050615.6804348421,test_legacy,0.07672490239468543,0.1,20,True,89,0.25348090974750603,SPY,50000,epistemic,-0.005123304221304092,0.05
ppo_with_uncertainty_guard_epistemic,0.1609157457110899,0.19741246841576557,32,0.9854927749293525,cpu,1786498.7992557397,test_legacy,0.22142246205848892,0.1,20,True,7,0.7558236359109457,SPYG,50000,epistemic,-0.019112771184724143,0.05
ppo_with_uncertainty_guard_epistemic,0.12208506045547145,0.17646435836219873,32,0.9868261878676583,cpu,1565109.4030676875,test_legacy,0.21702221948847156,0.1,20,True,13,0.6527579457493685,SPYG,50000,epistemic,-0.01755638826873964,0.05
ppo_with_uncertainty_guard_epistemic,0.15715070468173092,0.20842240116752678,32,0.9854927481781043,cpu,1764072.2640481887,test_legacy,0.23625614924555927,0.1,20,True,19,0.7003113985597567,SPYG,50000,epistemic,-0.020872558598467972,0.05
ppo_with_uncertainty_guard_epistemic,0.14252655389764587,0.1732909034319223,32,0.9863941632395725,cpu,1678941.718729642,test_legacy,0.20529401274889103,0.1,20,True,23,0.7688918503112413,SPYG,50000,epistemic,-0.017393716885442334,0.05
ppo_with_uncertainty_guard_epistemic,0.17155214333409205,0.1889663883869945,32,0.9855084247570307,cpu,1850999.5419593984,test_legacy,0.22109778723610474,0.1,20,True,29,0.8378704604935895,SPYG,50000,epistemic,-0.018506749232122477,0.05
ppo_with_uncertainty_guard_epistemic,0.14505657694284974,0.16390709859575534,32,0.9859733604937503,cpu,1693446.399543056,test_legacy,0.2110674776178938,0.1,20,True,37,0.8264066531291865,SPYG,50000,epistemic,-0.016241505519720523,0.05
ppo_with_uncertainty_guard_epistemic,0.15114911459006844,0.19613588836037843,32,0.9855656136549962,cpu,1728756.9416113677,test_legacy,0.22098788705670092,0.1,20,True,42,0.717668555233685,SPYG,50000,epistemic,-0.019628922454650154,0.05
ppo_with_uncertainty_guard_epistemic,0.13209156258799165,0.18648276775464045,32,0.9873280407983276,cpu,1620090.8725595202,test_legacy,0.2327800237589932,0.1,20,True,53,0.6652987730141924,SPYG,50000,epistemic,-0.018625853489774347,0.05
ppo_with_uncertainty_guard_epistemic,0.11377949034747917,0.1612312627868039,32,0.9887324510886499,cpu,1520536.8594854178,test_legacy,0.1837071607043811,0.1,20,True,67,0.6683509756036874,SPYG,50000,epistemic,-0.015721579783086703,0.05
ppo_with_uncertainty_guard_epistemic,0.1342879916358668,0.1763477219738537,32,0.9865839076880892,cpu,1632348.8100072788,test_legacy,0.1987883388452929,0.1,20,True,89,0.714525932647724,SPYG,50000,epistemic,-0.017890492434814043,0.05
ppo_with_uncertainty_guard_epistemic,0.11122240067815514,0.13053930494137964,32,0.9980832710491859,cpu,1507005.8969085163,test_legacy,0.17500774446913425,0.1,20,True,7,0.8078834420963461,SPYV,50000,epistemic,-0.0133753641448056,0.05
ppo_with_uncertainty_guard_epistemic,0.09794939920123773,0.12169082315588624,32,0.9981683518659243,cpu,1438202.8808208795,test_legacy,0.1576497076594532,0.1,20,True,13,0.7678815311498205,SPYV,50000,epistemic,-0.012460661372206782,0.05
ppo_with_uncertainty_guard_epistemic,0.11246563773331664,0.14673734249443346,32,0.9980825833980114,cpu,1513573.3232753088,test_legacy,0.17537334857234999,0.1,20,True,19,0.7263231706293124,SPYV,50000,epistemic,-0.014723675765937649,0.05
ppo_with_uncertainty_guard_epistemic,0.11225735266718063,0.14619671334863404,32,0.9980825833980113,cpu,1512471.5732380184,test_legacy,0.1753733485632365,0.1,20,True,23,0.7277283007706146,SPYV,50000,epistemic,-0.01472366276841477,0.05
ppo_with_uncertainty_guard_epistemic,0.10960828647735966,0.1344548962628542,32,0.9981774803142353,cpu,1498510.915648674,test_legacy,0.16874135496476594,0.1,20,True,29,0.7735451669745542,SPYV,50000,epistemic,-0.01387352032382605,0.05
ppo_with_uncertainty_guard_epistemic,0.09877490174908073,0.12305103739275514,32,0.9984162625025766,cpu,1442412.6026612017,test_legacy,0.15483098309241317,0.1,20,True,37,0.7655011606944734,SPYV,50000,epistemic,-0.01270347048722531,0.05
ppo_with_uncertainty_guard_epistemic,0.10280461603740941,0.12821006896348686,32,0.9980870574915223,cpu,1463094.0264909496,test_legacy,0.17383617283968178,0.1,20,True,42,0.7632510108648151,SPYV,50000,epistemic,-0.012612860810011827,0.05
ppo_with_uncertainty_guard_epistemic,0.11306471404481082,0.1449884186999309,32,0.9980825843277109,cpu,1516745.5362791584,test_legacy,0.17537208398787796,0.1,20,True,53,0.7387976093470284,SPYV,50000,epistemic,-0.014720946277054735,0.05
ppo_with_uncertainty_guard_epistemic,0.08713450050474068,0.11759396344932949,32,0.9984288161700934,cpu,1383890.2139751092,test_legacy,0.14521058488126093,0.1,20,True,67,0.7104550332990929,SPYV,50000,epistemic,-0.011617543017291164,0.05
ppo_with_uncertainty_guard_epistemic,0.09580504839361934,0.10792152016021865,32,0.9981103160907576,cpu,1427310.2244837692,test_legacy,0.1693264887651732,0.1,20,True,89,0.8477378973237376,SPYV,50000,epistemic,-0.009692095762107389,0.05
ppo_with_uncertainty_guard_epistemic,0.13556889158924956,0.17306069818615327,32,0.9960463835980892,cpu,1639529.045707515,test_legacy,0.21331569889424706,0.1,20,True,7,0.7346187560014182,SPYX,50000,epistemic,-0.016292586152452857,0.05
ppo_with_uncertainty_guard_epistemic,0.09432776450011032,0.13048858995562193,32,0.9967871006729834,cpu,1419841.8037967843,test_legacy,0.17051824343164024,0.1,20,True,13,0.690789527413674,SPYX,50000,epistemic,-0.012289229243974908,0.05
ppo_with_uncertainty_guard_epistemic,0.13908590808417073,0.1708187580983398,32,0.9960463835981037,cpu,1659364.7621021576,test_legacy,0.20478068764822177,0.1,20,True,19,0.7623634908670501,SPYX,50000,epistemic,-0.01628825203044357,0.05
ppo_with_uncertainty_guard_epistemic,0.13940766377857022,0.1562599975129313,32,0.9960469953132084,cpu,1661188.2981485853,test_legacy,0.1871456538742583,0.1,20,True,23,0.8352003307798377,SPYX,50000,epistemic,-0.01512742463303569,0.05
ppo_with_uncertainty_guard_epistemic,0.15518965952680364,0.14962712021744112,32,0.9960463848262004,cpu,1752474.4460706615,test_legacy,0.18739012245235032,0.1,20,True,29,0.9641593356238951,SPYX,50000,epistemic,-0.014495931592810152,0.05
ppo_with_uncertainty_guard_epistemic,0.11981999049487038,0.13131105214278024,32,0.9962383557186879,cpu,1552858.741939258,test_legacy,0.17651495135174833,0.1,20,True,37,0.8618300665426329,SPYX,50000,epistemic,-0.012658615346540359,0.05
ppo_with_uncertainty_guard_epistemic,0.12751153006448152,0.14977770062121193,32,0.9960614205989875,cpu,1594750.4948101402,test_legacy,0.1852011411293032,0.1,20,True,42,0.8012734263358622,SPYX,50000,epistemic,-0.014339273033067989,0.05
ppo_with_uncertainty_guard_epistemic,0.12627694959333327,0.15727825889719035,32,0.9962939287758861,cpu,1587970.494123503,test_legacy,0.19881305164589902,0.1,20,True,53,0.7560952102871353,SPYX,50000,epistemic,-0.01515127363752704,0.05
ppo_with_uncertainty_guard_epistemic,0.14111467649482892,0.15737275300776357,32,0.9960809929343846,cpu,1670887.6274333727,test_legacy,0.18432177614794643,0.1,20,True,67,0.8388074517611698,SPYX,50000,epistemic,-0.015519646904990126,0.05
ppo_with_uncertainty_guard_epistemic,0.11355993414212472,0.1288460797204816,32,0.9968165039811964,cpu,1519371.539152679,test_legacy,0.1606939572196312,0.1,20,True,89,0.8348092466795268,SPYX,50000,epistemic,-0.01272626015057412,0.05
ppo_with_uncertainty_guard_epistemic,-0.07400549241061756,0.37968781965011866,32,0.5625039368276604,cpu,741555.7717746912,test_legacy,0.7079198473706685,0.1,20,False,7,-0.20250042155003678,TAN,50000,epistemic,-0.036071070663619496,0.05
ppo_with_uncertainty_guard_epistemic,-0.0022327176382860667,0.016936840349337918,32,0.9877555828543862,cpu,991345.1721568024,test_legacy,0.026316289822398198,0.1,20,True,13,-0.13197224940079125,TAN,50000,epistemic,0.0,0.013265306122448979
ppo_with_uncertainty_guard_epistemic,-0.0016025591916844274,0.01698541715810743,32,0.9901838233617837,cpu,993782.2371004272,test_legacy,0.026316289822398198,0.1,20,True,19,-0.09442392017519897,TAN,50000,epistemic,0.0,0.02959183673469388
ppo_with_uncertainty_guard_epistemic,-0.003506389996576001,0.01930639621442313,32,0.9814295932169336,cpu,986432.9497670208,test_legacy,0.028033253284093784,0.1,20,True,23,-0.18193571029797412,TAN,50000,epistemic,-5.296430585328693e-05,0.05
ppo_with_uncertainty_guard_epistemic,-0.002262131836188619,0.017036048054533535,32,0.9876423469153921,cpu,991231.5247086026,test_legacy,0.026316289822398198,0.1,20,True,29,-0.13293418823989045,TAN,50000,epistemic,0.0,0.030612244897959183
ppo_with_uncertainty_guard_epistemic,-0.002295277483739874,0.016936116968893522,32,0.9875147575580093,cpu,991103.4716804492,test_legacy,0.026316289822398198,0.1,20,True,37,-0.13568010521316282,TAN,50000,epistemic,0.0,0.00816326530612245
ppo_with_uncertainty_guard_epistemic,-0.000267161537041608,0.018056460678891082,32,0.995089204680764,cpu,998961.439334874,test_legacy,0.026333596998361686,0.1,20,True,42,-0.014797743961301233,TAN,50000,epistemic,-0.00011493488676119767,0.05
ppo_with_uncertainty_guard_epistemic,-0.004730613068812659,0.017111270116664908,32,0.9781737368365349,cpu,981728.5048809798,test_legacy,0.026316289822398198,0.1,20,True,53,-0.2771152468405684,TAN,50000,epistemic,-4.784675037416971e-06,0.05
ppo_with_uncertainty_guard_epistemic,-0.0023080506142047394,0.01693623893194753,32,0.9874655925155691,cpu,991054.1279679883,test_legacy,0.026316289822398198,0.1,20,True,67,-0.13643505027455238,TAN,50000,epistemic,0.0,0.013265306122448979
ppo_with_uncertainty_guard_epistemic,-0.002363841703431841,0.0171765858999632,32,0.9870343533292708,cpu,990838.6235377663,test_legacy,0.026316289822398198,0.1,20,True,89,-0.13778163655621511,TAN,50000,epistemic,-8.857937305606353e-06,0.05
ppo_with_uncertainty_guard_epistemic,0.15699160040035495,0.21934144748261367,32,0.7537030000454523,cpu,1763129.1860908475,test_legacy,0.2759404491506938,0.1,20,False,7,0.6648222874061832,TMUS,50000,epistemic,-0.021427604821695125,0.05
ppo_with_uncertainty_guard_epistemic,0.16010138215401645,0.22255056305006277,32,0.7537028002010876,cpu,1781630.1799908816,test_legacy,0.2759406667386195,0.1,20,False,13,0.6672968683722863,TMUS,50000,epistemic,-0.021799381914995575,0.05
ppo_with_uncertainty_guard_epistemic,0.16261100670285103,0.22728970788788005,32,0.7537008394418234,cpu,1796665.500477361,test_legacy,0.27594259337972493,0.1,20,False,19,0.6628907209519311,TMUS,50000,epistemic,-0.02225721053806353,0.05
ppo_with_uncertainty_guard_epistemic,0.015849550438186696,0.02412776099651233,32,0.9930648801147339,cpu,1063062.3801761633,test_legacy,0.00946377818437627,0.1,20,True,23,0.6517452843993579,TMUS,50000,epistemic,0.0,0.015306122448979591
ppo_with_uncertainty_guard_epistemic,0.16181826533999538,0.22568128647554275,32,0.7537008394418242,cpu,1791905.9922387828,test_legacy,0.27594259337972427,0.1,20,False,29,0.6645927311094503,TMUS,50000,epistemic,-0.022257210420721752,0.05
ppo_with_uncertainty_guard_epistemic,0.15696692145978403,0.22260117086223788,32,0.7537008434623956,cpu,1762982.9371953635,test_legacy,0.27594258946678185,0.1,20,False,37,0.6549909568718424,TMUS,50000,epistemic,-0.02183004078606796,0.05
ppo_with_uncertainty_guard_epistemic,0.16212279558760406,0.22522966891583415,32,0.7537009057495778,cpu,1793733.2399098985,test_legacy,0.27594252837995525,0.1,20,False,42,0.667088948528001,TMUS,50000,epistemic,-0.022256299132342682,0.05
ppo_with_uncertainty_guard_epistemic,0.16069493642031435,0.22522147163949974,32,0.7537008678549371,cpu,1785177.7299996875,test_legacy,0.27594256571929376,0.1,20,False,53,0.6616545160698875,TMUS,50000,epistemic,-0.02225710269923109,0.05
ppo_with_uncertainty_guard_epistemic,0.13595300221655454,0.20071355526093984,32,0.7639178368336205,cpu,1641686.7884827126,test_legacy,0.2646191646570447,0.1,20,False,67,0.6350933656236252,TMUS,50000,epistemic,-0.019423948067796105,0.05
ppo_with_uncertainty_guard_epistemic,0.15264691145073175,0.21615398412018536,32,0.7537008412952069,cpu,1737520.8317398177,test_legacy,0.27594259159012413,0.1,20,False,89,0.6572206197683685,TMUS,50000,epistemic,-0.020488522743126493,0.05
ppo_with_uncertainty_guard_epistemic,0.0843781158796621,0.2889683394657944,32,0.9715198965526135,cpu,1370294.788250886,test_legacy,0.39699843264135803,0.1,20,True,7,0.28033041000731734,TSLA,50000,epistemic,-0.0299316174546008,0.05
ppo_with_uncertainty_guard_epistemic,-0.0031224107896503854,0.01626336747311458,32,0.9879119492057093,cpu,987911.9492057094,test_legacy,0.02420881074023251,0.1,20,True,13,-0.19228890729772183,TSLA,50000,epistemic,-4.510372240567051e-05,0.05
ppo_with_uncertainty_guard_epistemic,0.134142656518556,0.538672600812005,32,0.9387618447746559,cpu,1631535.5950555364,test_legacy,0.6076333063092448,0.1,20,False,19,0.2336799003834155,TSLA,50000,epistemic,-0.053600943953292825,0.05
ppo_with_uncertainty_guard_epistemic,-0.001364650382451709,0.05323566697288838,32,0.9921234683344082,cpu,994703.4782080542,test_legacy,0.08558777801097228,0.1,20,True,23,-0.025651567292363335,TSLA,50000,epistemic,-0.0035444434042233297,0.05
ppo_with_uncertainty_guard_epistemic,0.12881017410083453,0.5897733651646249,32,0.9382706174308949,cpu,1601905.4985397141,test_legacy,0.6735643850680993,0.1,20,False,29,0.20544180063090928,TSLA,50000,epistemic,-0.05915485581182702,0.05
ppo_with_uncertainty_guard_epistemic,0.019047233947967087,0.04569598236669956,32,0.9934657850542719,cpu,1076135.0546575296,test_legacy,0.07312508904573722,0.1,20,True,37,0.4129037144871846,TSLA,50000,epistemic,-0.0032046172603511277,0.05
ppo_with_uncertainty_guard_epistemic,-0.006129793587333541,0.0300638855081461,32,0.9763721662303639,cpu,976372.1662303639,test_legacy,0.05136536444255735,0.1,20,True,42,-0.20451865521918158,TSLA,50000,epistemic,-0.0016218285281209609,0.05
ppo_with_uncertainty_guard_epistemic,-0.0021131781030424603,0.024179219875746037,32,0.9878645297327396,cpu,991807.1358989675,test_legacy,0.04509629497249146,0.1,20,True,53,-0.08748835309368466,TSLA,50000,epistemic,-0.0011957915640115502,0.05
ppo_with_uncertainty_guard_epistemic,-0.004749503019836898,0.017049813212528967,32,0.9816560454005402,cpu,981656.0454005402,test_legacy,0.025783544137118697,0.1,20,True,67,-0.27922730674201374,TSLA,50000,epistemic,-0.00011839991646063195,0.05
ppo_with_uncertainty_guard_epistemic,-0.02599621013750331,0.15729641862419114,32,0.867133605688944,cpu,902638.0276575817,test_legacy,0.31089316822517676,0.1,20,False,89,-0.16745491070717047,TSLA,50000,epistemic,-0.018113188403903545,0.05
ppo_with_uncertainty_guard_epistemic,0.305849860695938,0.3723039648171772,32,0.9728908021389104,cpu,2822903.035936764,test_legacy,0.46968354918704913,0.1,20,True,7,0.7167636514742768,TSM,50000,epistemic,-0.03478832626284092,0.05
ppo_with_uncertainty_guard_epistemic,0.19363911186400828,0.2558182201093501,32,0.9790712230229488,cpu,1990447.4417257952,test_legacy,0.36993369710331037,0.1,20,True,13,0.6919233821499804,TSM,50000,epistemic,-0.023532372490934872,0.05
ppo_with_uncertainty_guard_epistemic,0.28471749229724413,0.3150152704993913,32,0.9739008033076519,cpu,2649359.005395945,test_legacy,0.3811373975343464,0.1,20,True,19,0.7953224526973252,TSM,50000,epistemic,-0.029548544502100517,0.05
ppo_with_uncertainty_guard_epistemic,0.3185934864495554,0.3370278182552396,32,0.9729067845983894,cpu,2931554.995789604,test_legacy,0.36667839964227655,0.1,20,True,23,0.820601394576695,TSM,50000,epistemic,-0.030130670197666642,0.05
ppo_with_uncertainty_guard_epistemic,0.26543853555596875,0.2647181655696556,32,0.9793525424263321,cpu,2498067.1313585914,test_legacy,0.29408074468946044,0.1,20,True,29,0.8893178480824067,TSM,50000,epistemic,-0.024025236399831583,0.05
ppo_with_uncertainty_guard_epistemic,0.3219830254469362,0.36670385898612645,32,0.9728908021578196,cpu,2960969.7660866454,test_legacy,0.43927714617382296,0.1,20,True,37,0.7611940087779397,TSM,50000,epistemic,-0.033828367271808976,0.05
ppo_with_uncertainty_guard_epistemic,0.24418180226918865,0.29684216980647127,32,0.9772615909521486,cpu,2338798.089228767,test_legacy,0.37274138099867493,0.1,20,True,42,0.736007320816986,TSM,50000,epistemic,-0.027158626394965867,0.05
ppo_with_uncertainty_guard_epistemic,0.1857554900896144,0.24577356995340502,32,0.9813208803981498,cpu,1939808.659923328,test_legacy,0.3804591603215519,0.1,20,True,53,0.6932397401614039,TSM,50000,epistemic,-0.0221065975498961,0.05
ppo_with_uncertainty_guard_epistemic,0.3349531862607053,0.33515655857111687,32,0.972962019494181,cpu,3075554.8331726803,test_legacy,0.36337973991915695,0.1,20,True,67,0.8619735480146614,TSM,50000,epistemic,-0.030371729895761312,0.05
ppo_with_uncertainty_guard_epistemic,0.33362319152260095,0.3120646624476486,32,0.9729501550032587,cpu,3063655.904698496,test_legacy,0.3652026547844902,0.1,20,True,89,0.922562951398341,TSM,50000,epistemic,-0.028569380516555932,0.05
ppo_with_uncertainty_guard_epistemic,0.13545457317981302,0.20128180222834058,32,0.9534639283555836,cpu,1638887.2686558154,test_legacy,0.20027457763698753,0.1,20,True,7,0.6311200225918944,V,50000,epistemic,-0.020252341215247858,0.05
ppo_with_uncertainty_guard_epistemic,0.06220544718995712,0.10332872062660949,32,0.9791490975311916,cpu,1264509.3317815536,test_legacy,0.11661149700858808,0.1,20,True,13,0.5840318560982338,V,50000,epistemic,-0.010594244867025714,0.05
ppo_with_uncertainty_guard_epistemic,0.13254793796686398,0.21230072274859277,32,0.9534639239678213,cpu,1622632.187210197,test_legacy,0.21424148151603062,0.1,20,True,19,0.5862901083313016,V,50000,epistemic,-0.02149515927919623,0.05
ppo_with_uncertainty_guard_epistemic,0.1346176772930601,0.20860339913037332,32,0.9534639239678367,cpu,1634194.6648613878,test_legacy,0.206428534891814,0.1,20,True,23,0.6054342853669165,V,50000,epistemic,-0.02148073424154475,0.05
ppo_with_uncertainty_guard_epistemic,0.14074401326564043,0.19879875170206684,32,0.9534639250833327,cpu,1668777.9346460328,test_legacy,0.1850915606347029,0.1,20,True,29,0.6623813603743179,V,50000,epistemic,-0.01940184676953622,0.05
ppo_with_uncertainty_guard_epistemic,0.013640576890969045,0.07206801501155671,32,0.9895057828030343,cpu,1054100.8735037327,test_legacy,0.09846276328715242,0.1,20,True,37,0.18799396414456057,V,50000,epistemic,-0.007191600579629131,0.05
ppo_with_uncertainty_guard_epistemic,0.13336147723138694,0.2106474664674978,32,0.9534639239678239,cpu,1627169.702827294,test_legacy,0.2107113053586147,0.1,20,True,42,0.5943004359558545,V,50000,epistemic,-0.021487526035322356,0.05
ppo_with_uncertainty_guard_epistemic,0.13579374358900598,0.2081752435328553,32,0.9534639239898907,cpu,1640791.8967546555,test_legacy,0.20553145460609146,0.1,20,True,53,0.6116560298617597,V,50000,epistemic,-0.021206959325835762,0.05
ppo_with_uncertainty_guard_epistemic,0.11564776714229352,0.17984478582683264,32,0.9584087326763,cpu,1530479.84019545,test_legacy,0.17820117197066754,0.1,20,True,67,0.6084974674191209,V,50000,epistemic,-0.01872361539105043,0.05
ppo_with_uncertainty_guard_epistemic,0.14060224070559119,0.1887050247068889,32,0.9534639309453016,cpu,1667971.5354185966,test_legacy,0.17184129968776873,0.1,20,True,89,0.6971531032115618,V,50000,epistemic,-0.01749720478781569,0.05
ppo_with_uncertainty_guard_epistemic,0.13621461214483152,0.1717402287543016,32,0.9964715209254192,cpu,1643157.5903194307,test_legacy,0.20792882805968538,0.1,20,True,7,0.7435771134382917,VOO,50000,epistemic,-0.016418461504080727,0.05
ppo_with_uncertainty_guard_epistemic,0.10247205315204015,0.13507485994968613,32,0.9970132327322763,cpu,1461378.9488012115,test_legacy,0.16898426182610016,0.1,20,True,13,0.7222281391876194,VOO,50000,epistemic,-0.012972277602285143,0.05
ppo_with_uncertainty_guard_epistemic,0.1385452343044323,0.17039246451280973,32,0.9964715209254192,cpu,1656303.8669302016,test_legacy,0.20318657805628604,0.1,20,True,19,0.7614844747633152,VOO,50000,epistemic,-0.016418461486873072,0.05
ppo_with_uncertainty_guard_epistemic,0.1397894579379658,0.15438289696332405,32,0.9964720371629275,cpu,1663354.0302651857,test_legacy,0.18665900098135835,0.1,20,True,23,0.8475253889108723,VOO,50000,epistemic,-0.015174693555230512,0.05
ppo_with_uncertainty_guard_epistemic,0.1544950613625656,0.14705269004142735,32,0.9964715244818866,cpu,1748380.13956263,test_legacy,0.18689070839985145,0.1,20,True,29,0.9769485818220299,VOO,50000,epistemic,-0.014094495050503664,0.05
ppo_with_uncertainty_guard_epistemic,0.1320235865364826,0.13944003601226956,32,0.9964980343326105,cpu,1619712.602799628,test_legacy,0.18444835443526186,0.1,20,True,37,0.8893190083582908,VOO,50000,epistemic,-0.013334144516224099,0.05
ppo_with_uncertainty_guard_epistemic,0.12403553258626702,0.14459732680288695,32,0.9965937843757947,cpu,1575715.9608511478,test_legacy,0.17888335744508477,0.1,20,True,42,0.8086265342026205,VOO,50000,epistemic,-0.013794190787565073,0.05
ppo_with_uncertainty_guard_epistemic,0.1309045436583022,0.15531219140480057,32,0.9966644565879693,cpu,1613494.8339826844,test_legacy,0.18505081201432005,0.1,20,True,53,0.7920670410623638,VOO,50000,epistemic,-0.015304780289250175,0.05
ppo_with_uncertainty_guard_epistemic,0.11184867729014981,0.1403262219079712,32,0.9970076170120324,cpu,1510311.5648322816,test_legacy,0.16376538028814192,0.1,20,True,67,0.7555536207905651,VOO,50000,epistemic,-0.01358949985711293,0.05
ppo_with_uncertainty_guard_epistemic,0.09247747801519451,0.10346457952514707,32,0.9970564017987202,cpu,1410528.6617879344,test_legacy,0.15570725050173395,0.1,20,True,89,0.854861609518036,VOO,50000,epistemic,-0.009688864243184447,0.05
ppo_with_uncertainty_guard_epistemic,0.12905610077405563,0.1771334645352885,32,0.9956160849833887,cpu,1603263.1360011098,test_legacy,0.20896079704568649,0.1,20,True,7,0.6852565445331352,VTI,50000,epistemic,-0.01682163785244608,0.05
ppo_with_uncertainty_guard_epistemic,0.09134631626387203,0.13407753780819626,32,0.9964096752885392,cpu,1404857.5255570747,test_legacy,0.16606348902606904,0.1,20,True,13,0.6519509870056921,VTI,50000,epistemic,-0.012976029715949444,0.05
ppo_with_uncertainty_guard_epistemic,0.13152196178686515,0.17569730480283777,32,0.9956160849833893,cpu,1616923.2144142129,test_legacy,0.20386498749238124,0.1,20,True,19,0.7032747818482941,VTI,50000,epistemic,-0.016821204540745517,0.05
ppo_with_uncertainty_guard_epistemic,0.13424574489316005,0.1640537349176062,32,0.9956161634755155,cpu,1632112.3895610129,test_legacy,0.19299098643001422,0.1,20,True,23,0.7678445495609414,VTI,50000,epistemic,-0.016312802537367863,0.05
ppo_with_uncertainty_guard_epistemic,0.14847189883842493,0.1502141608526927,32,0.9956160908872004,cpu,1713173.9079893474,test_legacy,0.19303131372480364,0.1,20,True,29,0.9215651045205412,VTI,50000,epistemic,-0.014712637730913603,0.05
ppo_with_uncertainty_guard_epistemic,0.1297512990880744,0.14866028109107735,32,0.9956212124719203,cpu,1607105.5996443462,test_legacy,0.19240419516726381,0.1,20,True,37,0.8206454880189592,VTI,50000,epistemic,-0.014334740371642595,0.05
ppo_with_uncertainty_guard_epistemic,0.039568356419432946,0.09345298658163366,32,0.9979156973857746,cpu,1162892.700949111,test_legacy,0.14515551257220838,0.1,20,True,42,0.41524108107325036,VTI,50000,epistemic,-0.0093119374683857,0.05
ppo_with_uncertainty_guard_epistemic,0.11299916453091521,0.15496890445040717,32,0.9960138491882674,cpu,1516398.1998162933,test_legacy,0.19176301030120346,0.1,20,True,53,0.6908367350198102,VTI,50000,epistemic,-0.015000610527055612,0.05
ppo_with_uncertainty_guard_epistemic,0.10638988536733171,0.1452690070517081,32,0.9962662982547628,cpu,1481678.9079443752,test_legacy,0.16561454952149568,0.1,20,True,67,0.6959657188151231,VTI,50000,epistemic,-0.013760506068201917,0.05
ppo_with_uncertainty_guard_epistemic,0.11439688488192326,0.12492750533027204,32,0.9958839843878605,cpu,1523817.3121002545,test_legacy,0.1800551971228389,0.1,20,True,89,0.8670085120789273,VTI,50000,epistemic,-0.01151779830219457,0.05
ppo_with_uncertainty_guard_epistemic,0.10248430534170422,0.14007955404854525,32,0.9855821270517207,cpu,1461442.1087072655,test_legacy,0.14455316480255875,0.1,20,True,7,0.6965040888080007,VYM,50000,epistemic,-0.013604344615832797,0.05
ppo_with_uncertainty_guard_epistemic,0.09555823068800488,0.11989100716754693,32,0.9857488418503236,cpu,1426060.409786945,test_legacy,0.13906408356544453,0.1,20,True,13,0.7612240016609889,VYM,50000,epistemic,-0.01170784913718963,0.05
ppo_with_uncertainty_guard_epistemic,0.10191644954996891,0.14290112489210657,32,0.9855821270437125,cpu,1458516.9484130072,test_legacy,0.1548460096068237,0.1,20,True,19,0.6791463888986029,VYM,50000,epistemic,-0.01369543653901415,0.05
ppo_with_uncertainty_guard_epistemic,0.10173964208685718,0.1420782090738711,32,0.9855821270437123,cpu,1457607.0596855478,test_legacy,0.1519961573592663,0.1,20,True,23,0.681950566121486,VYM,50000,epistemic,-0.013687257100246875,0.05
ppo_with_uncertainty_guard_epistemic,0.10474389515867111,0.13726558054845728,32,0.9855821270460999,cpu,1473124.9858127246,test_legacy,0.14455316898922765,0.1,20,True,29,0.725698484797554,VYM,50000,epistemic,-0.01344787991131211,0.05
ppo_with_uncertainty_guard_epistemic,0.09378618979094411,0.12254801041161609,32,0.9865150953004078,cpu,1417111.154140728,test_legacy,0.13503725804085132,0.1,20,True,37,0.7315102834097589,VYM,50000,epistemic,-0.012024017792166575,0.05
ppo_with_uncertainty_guard_epistemic,0.10305511040865906,0.13732457022371486,32,0.9855821303768194,cpu,1464386.8512339382,test_legacy,0.1445524387316499,0.1,20,True,42,0.7142464715969359,VYM,50000,epistemic,-0.013303206704395798,0.05
ppo_with_uncertainty_guard_epistemic,0.10213785586274594,0.1419035601205168,32,0.9855821270445277,cpu,1459656.9472047111,test_legacy,0.15181916801029083,0.1,20,True,53,0.6853365066716308,VYM,50000,epistemic,-0.013676833602394555,0.05
ppo_with_uncertainty_guard_epistemic,0.08138889479074715,0.11544173952132522,32,0.9880174261257495,cpu,1355663.3464207922,test_legacy,0.12239815917677499,0.1,20,True,67,0.6777974877314599,VYM,50000,epistemic,-0.010916729069773368,0.05
ppo_with_uncertainty_guard_epistemic,0.0780781003364731,0.10768404202892162,32,0.9892477536209612,cpu,1339593.6909388145,test_legacy,0.11969966345275929,0.1,20,True,89,0.6981518051286221,VYM,50000,epistemic,-0.010519827307791284,0.05
ppo_with_uncertainty_guard_epistemic,0.12775815487850078,0.1456914273489803,32,0.9981180042164065,cpu,1596107.4680133776,test_legacy,0.21526665050727822,0.1,20,True,7,0.8252482631869863,VYMI,50000,epistemic,-0.014110856454656418,0.05
ppo_with_uncertainty_guard_epistemic,0.11872579029813748,0.13323234996514358,32,0.9982072007599924,cpu,1546966.3308112244,test_legacy,0.19372995878812604,0.1,20,True,13,0.8420643842999329,VYMI,50000,epistemic,-0.01300883619955311,0.05
ppo_with_uncertainty_guard_epistemic,0.12645734093629094,0.14750898982149283,32,0.9981180042164058,cpu,1588959.819006366,test_legacy,0.2190977835271356,0.1,20,True,19,0.8072557712799237,VYMI,50000,epistemic,-0.014162564069740657,0.05
ppo_with_uncertainty_guard_epistemic,0.12741310878782394,0.14595214419999447,32,0.9981180042164179,cpu,1594209.202915784,test_legacy,0.21442316807308992,0.1,20,True,23,0.8216775044206531,VYMI,50000,epistemic,-0.014110788564357523,0.05
ppo_with_uncertainty_guard_epistemic,0.13512925633001976,0.1412787600025494,32,0.9981180042181077,cpu,1637061.9794924103,test_legacy,0.1908909551050174,0.1,20,True,29,0.8971368679907701,VYMI,50000,epistemic,-0.013761835424826873,0.05
ppo_with_uncertainty_guard_epistemic,0.13442868365221708,0.13497284352855168,32,0.9981181566131414,cpu,1633136.3315263023,test_legacy,0.17024126550235175,0.1,20,True,37,0.9344769669368266,VYMI,50000,epistemic,-0.0131691287485725,0.05
ppo_with_uncertainty_guard_epistemic,0.1110450061360373,0.1315102818063569,32,0.9983737405891506,cpu,1506070.5351557932,test_legacy,0.20062603358358555,0.1,20,True,42,0.8007046358361833,VYMI,50000,epistemic,-0.012753284019490696,0.05
ppo_with_uncertainty_guard_epistemic,0.12687572819104248,0.14267321165709274,32,0.998139568544483,cpu,1591256.1534225256,test_legacy,0.20629990955762856,0.1,20,True,53,0.837219733734825,VYMI,50000,epistemic,-0.013962466919376392,0.05
ppo_with_uncertainty_guard_epistemic,0.11224175709246165,0.13175870026496522,32,0.998297548841274,cpu,1512389.102466347,test_legacy,0.19955606463475806,0.1,20,True,67,0.8073656713128852,VYMI,50000,epistemic,-0.012558529552544682,0.05
ppo_with_uncertainty_guard_epistemic,0.009968556690538168,0.036505093100492436,32,0.9985622036840771,cpu,1039328.3220908972,test_legacy,0.07433128637394437,0.1,20,True,89,0.2717197629796626,VYMI,50000,epistemic,-0.003370954938195769,0.05
ppo_with_uncertainty_guard_epistemic,0.10371757120247031,0.16198262735952915,32,0.9935204785620776,cpu,1467809.9627678418,test_legacy,0.19461787663108987,0.1,20,True,7,0.6092257968490085,XLF,50000,epistemic,-0.016140326876080822,0.05
ppo_with_uncertainty_guard_epistemic,0.1114193127839658,0.16841256043646438,32,0.9929063777710737,cpu,1508044.6757041663,test_legacy,0.19921500639875966,0.1,20,True,13,0.6272558225628093,XLF,50000,epistemic,-0.017187139763143032,0.05
ppo_with_uncertainty_guard_epistemic,0.1137820671559988,0.1847391811403741,32,0.9926431270215592,cpu,1520550.54013976,test_legacy,0.22746026161205524,0.1,20,True,19,0.5833164258055382,XLF,50000,epistemic,-0.018485510753008326,0.05
ppo_with_uncertainty_guard_epistemic,0.08713740935285587,0.13220707743616336,32,0.9929517877003742,cpu,1383904.6141119322,test_legacy,0.1639088284560537,0.1,20,True,23,0.6319473435133005,XLF,50000,epistemic,-0.01272286320421072,0.05
ppo_with_uncertainty_guard_epistemic,0.12838523670805976,0.17375676586871736,32,0.9926431270222636,cpu,1599561.6459094915,test_legacy,0.1805521600201676,0.1,20,True,29,0.6951528230792261,XLF,50000,epistemic,-0.017379133398781565,0.05
ppo_with_uncertainty_guard_epistemic,0.11842699333204955,0.16364510677408176,32,0.9930188601395786,cpu,1545360.1612981723,test_legacy,0.17904661635718788,0.1,20,True,37,0.6839380749570206,XLF,50000,epistemic,-0.016807298990381535,0.05
ppo_with_uncertainty_guard_epistemic,0.11877708604544941,0.17070048315129613,32,0.9926934291273604,cpu,1547242.1934404296,test_legacy,0.19179388552507037,0.1,20,True,42,0.657503100499918,XLF,50000,epistemic,-0.017212893033814503,0.05
ppo_with_uncertainty_guard_epistemic,0.11855540975492075,0.1813433863952217,32,0.9926431270342686,cpu,1546050.3060688863,test_legacy,0.21284051861950215,0.1,20,True,53,0.6178220458695286,XLF,50000,epistemic,-0.018483552016166183,0.05
ppo_with_uncertainty_guard_epistemic,0.08396177355726694,0.13525830840373876,32,0.9944554604774052,cpu,1368249.9051131927,test_legacy,0.1762163845703143,0.1,20,True,67,0.5960635208211252,XLF,50000,epistemic,-0.013596584864134176,0.05
ppo_with_uncertainty_guard_epistemic,0.0663500688638329,0.10639416447963741,32,0.9936674682026827,cpu,1283805.4865958944,test_legacy,0.12562529741139583,0.1,20,True,89,0.6038072774314539,XLF,50000,epistemic,-0.009458884392571943,0.05
ppo_with_uncertainty_guard_epistemic,0.13713942669244913,0.1543319993989788,32,0.9960021547903525,cpu,1648364.8543000103,test_legacy,0.184400029177341,0.1,20,True,7,0.8327223283479418,XLI,50000,epistemic,-0.014931279921141448,0.05
ppo_with_uncertainty_guard_epistemic,0.03274474742149588,0.06693418716691402,32,0.9976617716197058,cpu,1133488.718679161,test_legacy,0.1066049676784816,0.1,20,True,13,0.4813681351655178,XLI,50000,epistemic,-0.006528148999867777,0.05
ppo_with_uncertainty_guard_epistemic,0.13941201857590657,0.17266932858505274,32,0.9959999992227727,cpu,1661212.988973965,test_legacy,0.192314518920912,0.1,20,True,19,0.75585071913201,XLI,50000,epistemic,-0.017015962024893482,0.05
ppo_with_uncertainty_guard_epistemic,0.14150074706146934,0.16810984739930773,32,0.995999999288517,cpu,1673087.1195567695,test_legacy,0.1849068453928614,0.1,20,True,23,0.7872454738344581,XLI,50000,epistemic,-0.01659637111010399,0.05
ppo_with_uncertainty_guard_epistemic,0.14443358791657968,0.16166895760890138,32,0.99602501963211,cpu,1689866.1844247275,test_legacy,0.1837955293578435,0.1,20,True,29,0.8344811588658786,XLI,50000,epistemic,-0.015992855402536678,0.05
ppo_with_uncertainty_guard_epistemic,0.1360106959608564,0.1569457669850275,32,0.9960016693952765,cpu,1642011.0654182865,test_legacy,0.18467769561044511,0.1,20,True,37,0.8125265763982352,XLI,50000,epistemic,-0.015237607186685853,0.05
ppo_with_uncertainty_guard_epistemic,0.14056794275780207,0.16485019634998,32,0.996000009723674,cpu,1667776.492933883,test_legacy,0.1848994006127006,0.1,20,True,42,0.7978528992188989,XLI,50000,epistemic,-0.016386088412720313,0.05
ppo_with_uncertainty_guard_epistemic,0.1405815756018919,0.16907905134227047,32,0.9960000184505843,cpu,1667854.0169366237,test_legacy,0.18489867901299506,0.1,20,True,53,0.7779684225568954,XLI,50000,epistemic,-0.016952665851166504,0.05
ppo_with_uncertainty_guard_epistemic,0.1438517286383849,0.16117272834820123,32,0.9960038194732683,cpu,1686527.4162799832,test_legacy,0.1841927185325034,0.1,20,True,67,0.8338950747120379,XLI,50000,epistemic,-0.01589921319516572,0.05
ppo_with_uncertainty_guard_epistemic,0.004936884981520376,0.03908601792828467,32,0.9789902804251631,cpu,1019336.332312202,test_legacy,0.056466402679967054,0.1,20,True,89,0.1259969366335194,XLI,50000,epistemic,-0.0038817781345088062,0.05
ppo_with_uncertainty_guard_epistemic,0.18210556722650675,0.2513850313909224,32,0.9607157493905133,cpu,1916691.1283205831,test_legacy,0.2694064299211796,0.1,20,True,7,0.6655015248895773,XLK,50000,epistemic,-0.025447030375414938,0.05
ppo_with_uncertainty_guard_epistemic,0.10338801039836984,0.15840935241262666,32,0.9729386509810587,cpu,1466106.2920954656,test_legacy,0.18703964047126864,0.1,20,True,13,0.6210830083765753,XLK,50000,epistemic,-0.01598849295390119,0.05
ppo_with_uncertainty_guard_epistemic,0.1856050735442979,0.24965123037276288,32,0.9607157493905142,cpu,1938851.8948415704,test_legacy,0.26301865210255604,0.1,20,True,19,0.6819639796813228,XLK,50000,epistemic,-0.025259979626661443,0.05
ppo_with_uncertainty_guard_epistemic,0.1674484123239943,0.2118863243980176,32,0.965078812061374,cpu,1825912.4089395802,test_legacy,0.2294426906112278,0.1,20,True,23,0.7306767323796247,XLK,50000,epistemic,-0.021567986213173462,0.05
ppo_with_uncertainty_guard_epistemic,0.20530410896034132,0.21979084220161305,32,0.960716458670612,cpu,2067168.1785621776,test_legacy,0.25653982922383445,0.1,20,True,29,0.8495885039829347,XLK,50000,epistemic,-0.021523364361717777,0.05
ppo_with_uncertainty_guard_epistemic,0.17368907260443123,0.2060754144488611,32,0.9610998329914584,cpu,1864164.043160959,test_legacy,0.2519470741355211,0.1,20,True,37,0.7771510198256162,XLK,50000,epistemic,-0.021247143497939814,0.05
ppo_with_uncertainty_guard_epistemic,0.1795810586954415,0.22764834257011735,32,0.9608132879971126,cpu,1900821.8093783157,test_legacy,0.2543706170206822,0.1,20,True,42,0.7255015494487563,XLK,50000,epistemic,-0.02299708809994554,0.05
ppo_with_uncertainty_guard_epistemic,0.15122279298480046,0.20716232780129512,32,0.9670817231571703,cpu,1729187.278121637,test_legacy,0.23707879022781453,0.1,20,True,53,0.6797788444681038,XLK,50000,epistemic,-0.021382858022132023,0.05
ppo_with_uncertainty_guard_epistemic,0.19806903537451642,0.22582495244024461,32,0.9607646037543862,cpu,2019329.4088676027,test_legacy,0.2554138134021613,0.1,20,True,67,0.800225991723169,XLK,50000,epistemic,-0.02266357338363436,0.05
ppo_with_uncertainty_guard_epistemic,0.1985781445361505,0.22180582869140508,32,0.9607190971796454,cpu,2022668.5004835252,test_legacy,0.25644806649918894,0.1,20,True,89,0.8166415019244958,XLK,50000,epistemic,-0.021988658373138303,0.05
ppo_with_uncertainty_guard_epistemic,0.08825420970752036,0.16178484844992996,32,0.9296544997962252,cpu,1389441.520288143,test_legacy,0.2293410233376031,0.1,20,False,7,0.5227602435895313,XLU,50000,epistemic,-0.016901815462711054,0.05
ppo_with_uncertainty_guard_epistemic,0.0887050462883465,0.17270884439183676,32,0.9296253308282886,cpu,1391681.3472585513,test_legacy,0.2499986579000283,0.1,20,False,13,0.4920933912019469,XLU,50000,epistemic,-0.01837278385515164,0.05
ppo_with_uncertainty_guard_epistemic,0.08742375110790666,0.16488238198286714,32,0.929685076490667,cpu,1385322.6824451466,test_legacy,0.23539326727571375,0.1,20,False,19,0.508309534950276,XLU,50000,epistemic,-0.017589169374357637,0.05
ppo_with_uncertainty_guard_epistemic,0.08980761915803571,0.17585193806003513,32,0.9296253307016886,cpu,1397170.4031451829,test_legacy,0.25237050438544817,0.1,20,False,23,0.48905407465109324,XLU,50000,epistemic,-0.01887742303432418,0.05
ppo_with_uncertainty_guard_epistemic,0.08696158129723039,0.1725685392506335,32,0.9296253307016923,cpu,1383034.384283738,test_legacy,0.2508098748516322,0.1,20,False,29,0.48320619376604107,XLU,50000,epistemic,-0.01837278396884363,0.05
ppo_with_uncertainty_guard_epistemic,0.06310873796995015,0.12756242186062836,32,0.9477202417885707,cpu,1268696.303694492,test_legacy,0.20780574989295963,0.1,20,False,37,0.47974403871631704,XLU,50000,epistemic,-0.01361373732704978,0.05
ppo_with_uncertainty_guard_epistemic,0.08576004016922945,0.1545536215436826,32,0.9339956407311238,cpu,1377098.4450402353,test_legacy,0.22101793076941412,0.1,20,False,42,0.5323728701841887,XLU,50000,epistemic,-0.016380004761326016,0.05
ppo_with_uncertainty_guard_epistemic,0.060874754491861374,0.12883878019368453,32,0.946106153186178,cpu,1258359.958516372,test_legacy,0.199168066730254,0.1,20,False,53,0.4586641924716854,XLU,50000,epistemic,-0.013888936070589252,0.05
ppo_with_uncertainty_guard_epistemic,0.04895574313058394,0.1136861488154089,32,0.9457983842860009,cpu,1204265.6773352022,test_legacy,0.1627251247750282,0.1,20,False,67,0.420412448691139,XLU,50000,epistemic,-0.012495534817421472,0.05
ppo_with_uncertainty_guard_epistemic,0.07367900476571448,0.1374363595470027,32,0.9449545677978072,cpu,1318461.180947272,test_legacy,0.19567730390192584,0.1,20,False,89,0.517264800163025,XLU,50000,epistemic,-0.01462243946840056,0.05
