agent,annualized_return,annualized_volatility,bootstrap_paths,capital_preservation_rate_95pct_hwm,device,final_portfolio_value,fold_id,max_drawdown,mc_dropout,mc_passes,meets_95pct_preservation_goal,seed,sharpe_ratio,ticker,timesteps,uncertainty_mode,var_95,var_95_violation_rate
ppo_with_uncertainty_guard_epistemic,0.13886825992505755,0.2749203326257057,32,0.9565674121731219,cpu,1658132.0942988927,test_legacy,0.3336052190972467,0.1,20,True,7,0.47299135178773755,AAPL,50000,epistemic,-0.02884908158289754,0.05
ppo_with_uncertainty_guard_epistemic,0.039659601291871065,0.11490107830414276,32,0.9806845699618376,cpu,1163289.6873743567,test_legacy,0.1689679966055857,0.1,20,True,13,0.3384937719169125,AAPL,50000,epistemic,-0.01138738764391869,0.05
ppo_with_uncertainty_guard_epistemic,0.13765074390833187,0.277169215786383,32,0.9565674121730682,cpu,1651249.1357739586,test_legacy,0.3336052192610055,0.1,20,True,19,0.46529449870827727,AAPL,50000,epistemic,-0.029189651360164513,0.05
ppo_with_uncertainty_guard_epistemic,0.008685295356546318,0.07198645516387005,32,0.9858418348976288,cpu,1034202.2064839344,test_legacy,0.11515653571970519,0.1,20,True,23,0.12013060048751208,AAPL,50000,epistemic,-0.007616829357168341,0.05
ppo_with_uncertainty_guard_epistemic,0.1436973092752707,0.27178657083656316,32,0.9565674121730731,cpu,1685642.1655850718,test_legacy,0.33360521924798403,0.1,20,True,29,0.4940133330272658,AAPL,50000,epistemic,-0.028090639030535058,0.05
ppo_with_uncertainty_guard_epistemic,0.14126798643372127,0.2663303270635086,32,0.9565675356762002,cpu,1671760.795967284,test_legacy,0.3335973045814631,0.1,20,True,37,0.49615015980647376,AAPL,50000,epistemic,-0.028135778632468876,0.05
ppo_with_uncertainty_guard_epistemic,0.1413705092184285,0.27109833775534287,32,0.9565674122455453,cpu,1672344.8980877418,test_legacy,0.33360517193300543,0.1,20,True,42,0.48775534765809436,AAPL,50000,epistemic,-0.02834043109381703,0.05
ppo_with_uncertainty_guard_epistemic,0.07608565750615909,0.17312012508868405,32,0.9698575855808116,cpu,1329991.4033593906,test_legacy,0.22567675921586106,0.1,20,True,53,0.4235787066363754,AAPL,50000,epistemic,-0.0177878832383624,0.05
ppo_with_uncertainty_guard_epistemic,0.12808081390245013,0.20379700499763162,32,0.9603009991293846,cpu,1597884.0897775104,test_legacy,0.2837513872566212,0.1,20,True,67,0.5913614881916813,AAPL,50000,epistemic,-0.020201414506882377,0.05
ppo_with_uncertainty_guard_epistemic,0.053090573686684746,0.1058747493768892,32,0.9720352522002267,cpu,1222831.7596446497,test_legacy,0.19174790155874666,0.1,20,True,89,0.4885883281269414,AAPL,50000,epistemic,-0.009959825872076777,0.05
ppo_with_uncertainty_guard_epistemic,0.21392398710115568,0.41663605858251224,32,0.9560241204320571,cpu,2125256.5446914653,test_legacy,0.4988191680525421,0.1,20,True,7,0.4652933879103618,AMAT,50000,epistemic,-0.04079839125771025,0.05
ppo_with_uncertainty_guard_epistemic,0.05664343826639175,0.11446219711011683,32,0.983225608774321,cpu,1238953.8337234198,test_legacy,0.17074364408216003,0.1,20,True,13,0.48135752452941816,AMAT,50000,epistemic,-0.01106828546412224,0.05
ppo_with_uncertainty_guard_epistemic,0.2175196351750012,0.4162550706614295,32,0.9560241204413505,cpu,2149842.108886867,test_legacy,0.4988190923672906,0.1,20,True,19,0.47282457827371704,AMAT,50000,epistemic,-0.04079669236962857,0.05
ppo_with_uncertainty_guard_epistemic,0.0584169542442869,0.1567839689705842,32,0.978244670853368,cpu,1247060.4581185887,test_legacy,0.26304247812687487,0.1,20,True,23,0.3621179851993688,AMAT,50000,epistemic,-0.016354425670030183,0.05
ppo_with_uncertainty_guard_epistemic,0.09750770758477102,0.14806278062099157,32,0.9825882164015787,cpu,1435954.18791494,test_legacy,0.2310969966455867,0.1,20,True,29,0.6283941761332741,AMAT,50000,epistemic,-0.014646398894786916,0.05
ppo_with_uncertainty_guard_epistemic,0.2043696311901812,0.3841814298476903,32,0.9584472411047239,cpu,2060942.4914704948,test_legacy,0.46947408116932043,0.1,20,True,37,0.48403231165177935,AMAT,50000,epistemic,-0.03729860587281379,0.05
ppo_with_uncertainty_guard_epistemic,0.20527388733143487,0.39068456129263396,32,0.9560300361402967,cpu,2066966.6174026509,test_legacy,0.49805639131801915,0.1,20,True,42,0.47789643139569354,AMAT,50000,epistemic,-0.03597307705852275,0.05
ppo_with_uncertainty_guard_epistemic,0.14394719038644116,0.2767397903531575,32,0.9670628208325873,cpu,1687074.8492416055,test_legacy,0.35899233803107067,0.1,20,True,53,0.48596066480717404,AMAT,50000,epistemic,-0.028312418703752406,0.05
ppo_with_uncertainty_guard_epistemic,0.21464875235961903,0.40725473083577995,32,0.9561597829396341,cpu,2130195.297440427,test_legacy,0.49421575596992573,0.1,20,True,67,0.47747724401579916,AMAT,50000,epistemic,-0.03932803777618394,0.05
ppo_with_uncertainty_guard_epistemic,0.1450817613903406,0.2551797430732449,32,0.9618039532419339,cpu,1693591.2487991266,test_legacy,0.38293971238317437,0.1,20,True,89,0.5309040438501392,AMAT,50000,epistemic,-0.021636884749037667,0.05
ppo_with_uncertainty_guard_epistemic,0.20574106262376776,0.4699152998815455,32,0.8157091150275532,cpu,2070084.0441698811,test_legacy,0.6276498892069572,0.1,20,False,7,0.39814473903455205,AMD,50000,epistemic,-0.04526755801690818,0.05
ppo_with_uncertainty_guard_epistemic,0.0029497292145602653,0.025734550253338262,32,0.958647515308357,cpu,1011520.13544013,test_legacy,0.04626966059851312,0.1,20,True,13,0.11445193725493469,AMD,50000,epistemic,-2.1947762910201617e-06,0.05
ppo_with_uncertainty_guard_epistemic,0.20269519461381352,0.5127016727247021,32,0.8156849833415287,cpu,2049821.895906605,test_legacy,0.6300021235970336,0.1,20,False,19,0.35998512683041484,AMD,50000,epistemic,-0.05080232654591858,0.05
ppo_with_uncertainty_guard_epistemic,0.18556180915192624,0.4038465907485228,32,0.8296704990160081,cpu,1938576.7649112332,test_legacy,0.5526043468285154,0.1,20,False,23,0.42148850523256004,AMD,50000,epistemic,-0.03920669516970854,0.05
ppo_with_uncertainty_guard_epistemic,0.0022883157575404405,0.0322026897233715,32,0.9561913102120352,cpu,1008928.4624090879,test_legacy,0.06793998030339565,0.1,20,True,29,0.07097824133802211,AMD,50000,epistemic,-0.0013221520105426876,0.05
ppo_with_uncertainty_guard_epistemic,0.18233572313019825,0.526775604965905,32,0.8156849830255848,cpu,1918142.790827443,test_legacy,0.6300028513641358,0.1,20,False,37,0.31795674728113726,AMD,50000,epistemic,-0.054055856587969055,0.05
ppo_with_uncertainty_guard_epistemic,0.0011347584598561857,0.025775356605619814,32,0.9519186853507023,cpu,1004420.1879814115,test_legacy,0.04808131464929766,0.1,20,True,42,0.04399970641508667,AMD,50000,epistemic,0.0,0.04081632653061224
ppo_with_uncertainty_guard_epistemic,0.08659841628235657,0.2569577467318655,32,0.89681375464779,cpu,1381238.2503244225,test_legacy,0.37645883245970946,0.1,20,False,53,0.32321285263349886,AMD,50000,epistemic,-0.02506375965042542,0.05
ppo_with_uncertainty_guard_epistemic,0.0047899324421274364,0.026869948757285073,32,0.9655059009781753,cpu,1018756.7840423057,test_legacy,0.04626966059851312,0.1,20,True,67,0.17783692219089237,AMD,50000,epistemic,-0.00023815156025372983,0.05
ppo_with_uncertainty_guard_epistemic,0.1665941144504554,0.35941105966178083,32,0.8204842410660145,cpu,1820721.8034251577,test_legacy,0.5449250183910769,0.1,20,False,89,0.42872476536111453,AMD,50000,epistemic,-0.03404516560714503,0.05
ppo_with_uncertainty_guard_epistemic,0.134799775590184,0.34760499051552557,32,0.913661446220483,cpu,1635214.8672601166,test_legacy,0.46077889391249494,0.1,20,False,7,0.3637927299661142,AMZN,50000,epistemic,-0.03379589014576716,0.05
ppo_with_uncertainty_guard_epistemic,0.003571023780888755,0.03300232794050373,32,0.9897032575961745,cpu,1013959.1086813303,test_legacy,0.03656022148234561,0.1,20,True,13,0.10801194614125845,AMZN,50000,epistemic,-1.926618487830822e-05,0.05
ppo_with_uncertainty_guard_epistemic,0.09286472330162376,0.26099130683796634,32,0.924561373539381,cpu,1412474.0373313657,test_legacy,0.3770530545667561,0.1,20,False,19,0.3402503408114149,AMZN,50000,epistemic,-0.025321681621135104,0.05
ppo_with_uncertainty_guard_epistemic,-0.006275877424557673,0.04773109032913743,32,0.9499181265190614,cpu,975814.182912951,test_legacy,0.07078201942546625,0.1,20,False,23,-0.13189794213248487,AMZN,50000,epistemic,-0.0023166205219028236,0.05
ppo_with_uncertainty_guard_epistemic,0.18304935276222295,0.2789676507726013,32,0.9139604828107987,cpu,1922649.060135699,test_legacy,0.30691821298571453,0.1,20,False,29,0.6025616458327386,AMZN,50000,epistemic,-0.025161557539017654,0.05
ppo_with_uncertainty_guard_epistemic,0.15329188364201163,0.27367283426182853,32,0.9160486316258121,cpu,1741304.8328427603,test_legacy,0.30462641844404736,0.1,20,False,37,0.5211342162409963,AMZN,50000,epistemic,-0.025017806838411347,0.05
ppo_with_uncertainty_guard_epistemic,0.10786623946871143,0.2807980405912172,32,0.9188529418344601,cpu,1489382.6006203215,test_legacy,0.3710749273180869,0.1,20,False,42,0.3648024053519655,AMZN,50000,epistemic,-0.027607264784089036,0.05
ppo_with_uncertainty_guard_epistemic,0.1244114981735137,0.3502315943807808,32,0.9149754632088428,cpu,1577766.56268034,test_legacy,0.48464373815691497,0.1,20,False,53,0.3348062675755989,AMZN,50000,epistemic,-0.03375490313493516,0.05
ppo_with_uncertainty_guard_epistemic,0.15247779057119748,0.3337990823781893,32,0.9136614678431481,cpu,1736529.6245364489,test_legacy,0.4150672377804485,0.1,20,False,67,0.4251484352432046,AMZN,50000,epistemic,-0.03252229769607568,0.05
ppo_with_uncertainty_guard_epistemic,-0.007590800237205289,0.12098534292298635,32,0.9296320523023592,cpu,970802.3462626422,test_legacy,0.23368417756283533,0.1,20,False,89,-0.06298074468398009,AMZN,50000,epistemic,-0.011693229252142423,0.05
ppo_with_uncertainty_guard_epistemic,0.6176094174783153,0.43667691193951846,32,0.8476609252232822,cpu,6490624.4501152355,test_legacy,0.411496771514804,0.1,20,False,7,1.1013845778445606,AVGO,50000,epistemic,-0.036757830676622125,0.05
ppo_with_uncertainty_guard_epistemic,0.6166203171288437,0.4373901246844294,32,0.8476609280184438,cpu,6475204.069018965,test_legacy,0.4114962772453856,0.1,20,False,13,1.0981902530774865,AVGO,50000,epistemic,-0.0368499527178753,0.05
ppo_with_uncertainty_guard_epistemic,0.6214364146346816,0.4355897841685271,32,0.8476609387009604,cpu,6550545.620240257,test_legacy,0.4114950416319386,0.1,20,False,19,1.1095582897236127,AVGO,50000,epistemic,-0.03639009938452942,0.05
ppo_with_uncertainty_guard_epistemic,0.6144570121312791,0.4387830428810636,32,0.8476609251601216,cpu,6441572.34257285,test_legacy,0.4114967910070737,0.1,20,False,23,1.0916522851553574,AVGO,50000,epistemic,-0.03740760462976596,0.05
ppo_with_uncertainty_guard_epistemic,0.6289205983869656,0.4333261488791622,32,0.8476609251240133,cpu,6668915.669573197,test_legacy,0.41149680378564335,0.1,20,False,29,1.1259819154705268,AVGO,50000,epistemic,-0.036420446307187056,0.05
ppo_with_uncertainty_guard_epistemic,0.5235011215321776,0.3748666156946911,32,0.87177876613457,cpu,5141090.498552375,test_legacy,0.35686965041713503,0.1,20,False,37,1.1230951482098424,AVGO,50000,epistemic,-0.032886610973966855,0.05
ppo_with_uncertainty_guard_epistemic,0.5043806503302829,0.3815306227411455,32,0.8629668190681271,cpu,4894682.655452473,test_legacy,0.3727172064706076,0.1,20,False,42,1.0703757214277207,AVGO,50000,epistemic,-0.03279498878866063,0.05
ppo_with_uncertainty_guard_epistemic,0.5266024315423175,0.3859359844502014,32,0.8607897691882673,cpu,5181909.270581137,test_legacy,0.35054141148246243,0.1,20,False,53,1.0961518909872354,AVGO,50000,epistemic,-0.0339884735219453,0.05
ppo_with_uncertainty_guard_epistemic,0.5132291817925397,0.3752305185829515,32,0.8635065131657985,cpu,5007597.5623090705,test_legacy,0.36930835622409686,0.1,20,False,67,1.1039766294230164,AVGO,50000,epistemic,-0.03234460751479835,0.05
ppo_with_uncertainty_guard_epistemic,0.6136115352338183,0.4131763260276376,32,0.8476641925481759,cpu,6428463.506034868,test_legacy,0.411382855524949,0.1,20,False,89,1.1580399030990856,AVGO,50000,epistemic,-0.03399467891198906,0.05
ppo_with_uncertainty_guard_epistemic,0.2264796666248212,0.2735582754991003,32,0.9751370443337274,cpu,2212026.1667012568,test_legacy,0.28748868666673655,0.1,20,True,7,0.7462683677418445,AXP,50000,epistemic,-0.02711720627387475,0.05
ppo_with_uncertainty_guard_epistemic,0.19885095438556755,0.24437118428225216,32,0.9767574981743102,cpu,2024459.4639150763,test_legacy,0.26115422054931625,0.1,20,True,13,0.7421637815742669,AXP,50000,epistemic,-0.023227073576026224,0.05
ppo_with_uncertainty_guard_epistemic,0.2349855037812763,0.27297670227193993,32,0.9751357245378899,cpu,2272284.9313717573,test_legacy,0.2875735226627173,0.1,20,True,19,0.7731762736071877,AXP,50000,epistemic,-0.026004612374903056,0.05
ppo_with_uncertainty_guard_epistemic,0.22625433946251275,0.2722693320355924,32,0.9751358019109158,cpu,2210446.178883206,test_legacy,0.28755908025354926,0.1,20,True,23,0.7491264265919136,AXP,50000,epistemic,-0.026356166779283895,0.05
ppo_with_uncertainty_guard_epistemic,0.24990711651472539,0.26172418071883,32,0.9751358119384069,cpu,2380930.781165736,test_legacy,0.2875641117415061,0.1,20,True,29,0.8523060645487452,AXP,50000,epistemic,-0.02422707029755138,0.05
ppo_with_uncertainty_guard_epistemic,0.206493089384946,0.2561455395106913,32,0.9777477748031965,cpu,2075109.5987407917,test_legacy,0.2634103867834705,0.1,20,True,37,0.7328558688458519,AXP,50000,epistemic,-0.025341014434932065,0.05
ppo_with_uncertainty_guard_epistemic,0.21773917015149133,0.25776829522979355,32,0.97514163041822,cpu,2151350.0103395805,test_legacy,0.2871474314881364,0.1,20,True,42,0.7642362643705757,AXP,50000,epistemic,-0.02407850640428455,0.05
ppo_with_uncertainty_guard_epistemic,0.22098484076313546,0.28315679091528173,32,0.9751357232272418,cpu,2173735.075244563,test_legacy,0.28757424454178904,0.1,20,True,53,0.7051134710399041,AXP,50000,epistemic,-0.027845368885814636,0.05
ppo_with_uncertainty_guard_epistemic,0.21509239442058034,0.2592413001969032,32,0.9758929337024252,cpu,2133222.6017330866,test_legacy,0.2764152609040127,0.1,20,True,67,0.7515006260455239,AXP,50000,epistemic,-0.02465815906705533,0.05
ppo_with_uncertainty_guard_epistemic,0.23847387134675024,0.23883594888480583,32,0.9751358698448135,cpu,2297347.1875350513,test_legacy,0.28752968657622624,0.1,20,True,89,0.8955089531145548,AXP,50000,epistemic,-0.02203340182280531,0.05
ppo_with_uncertainty_guard_epistemic,0.03853259096883692,0.35481520613430345,32,0.8220760277455739,cpu,1158393.3644834526,test_legacy,0.4831421789641558,0.1,20,False,7,0.10655893266642709,BA,50000,epistemic,-0.03463156796301616,0.05
ppo_with_uncertainty_guard_epistemic,0.0027652436569016335,0.008545562042235187,32,0.993910973591682,cpu,1010796.7531317547,test_legacy,0.010683121927926198,0.1,20,True,13,0.3231356924727433,BA,50000,epistemic,0.0,0.02346938775510204
ppo_with_uncertainty_guard_epistemic,0.028752820664534322,0.3619732682467055,32,0.8220759416028592,cpu,1116545.0813084869,test_legacy,0.48314223312771976,0.1,20,False,19,0.07831297197060677,BA,50000,epistemic,-0.03475416565744327,0.05
ppo_with_uncertainty_guard_epistemic,0.011304759276955218,0.27597186963211384,32,0.8921653055152633,cpu,1044685.9505860136,test_legacy,0.42296222011764484,0.1,20,False,23,0.04073361376174294,BA,50000,epistemic,-0.026736441010753963,0.05
ppo_with_uncertainty_guard_epistemic,0.002646563201595458,0.008526289839676843,32,0.9934535919740353,cpu,1010331.6009537998,test_legacy,0.010683121927926198,0.1,20,True,29,0.3099845373836613,BA,50000,epistemic,0.0,0.026530612244897958
ppo_with_uncertainty_guard_epistemic,-0.010083690629550082,0.05569691116617704,32,0.9375447497901325,cpu,961353.1993464127,test_legacy,0.1441312597510045,0.1,20,False,37,-0.18196424753514684,BA,50000,epistemic,-0.0049995474831218785,0.05
ppo_with_uncertainty_guard_epistemic,-0.014787703903444221,0.04737955730041932,32,0.9239200033340754,cpu,943709.2293846434,test_legacy,0.14232215173211693,0.1,20,False,42,-0.31444114157945713,BA,50000,epistemic,-0.004317988442152565,0.05
ppo_with_uncertainty_guard_epistemic,0.040805188482084045,0.33819264001477123,32,0.8236259359803082,cpu,1168282.4572797685,test_legacy,0.4815566303861889,0.1,20,False,53,0.11825986076814414,BA,50000,epistemic,-0.03341707523056696,0.05
ppo_with_uncertainty_guard_epistemic,0.05933829340591301,0.33764366639305793,32,0.8228171535278808,cpu,1251287.356552033,test_legacy,0.4826574181572444,0.1,20,False,67,0.17072565052963865,BA,50000,epistemic,-0.03242194033866097,0.05
ppo_with_uncertainty_guard_epistemic,-0.012719218936381015,0.09318906738001925,32,0.8867554749100733,cpu,951437.8696427372,test_legacy,0.17536181522953687,0.1,20,False,89,-0.1373635262684417,BA,50000,epistemic,-0.009087092683802745,0.05
ppo_with_uncertainty_guard_epistemic,-0.01903398524611162,0.02772162889587664,32,0.9279897604684065,cpu,927989.7604684065,test_legacy,0.1160091527932513,0.1,20,False,7,-0.6932259830373563,BLK,50000,epistemic,-0.0027997499225808297,0.05
ppo_with_uncertainty_guard_epistemic,0.1178204310526924,0.2178118729671182,32,0.9097165272854075,cpu,1542103.4236533798,test_legacy,0.23444948011318723,0.1,20,False,13,0.5113617678750262,BLK,50000,epistemic,-0.019778384382805214,0.05
ppo_with_uncertainty_guard_epistemic,0.1213783173880285,0.26252008242073144,32,0.9094519581275987,cpu,1561279.2963321633,test_legacy,0.2960566252261416,0.1,20,False,19,0.43637994809820096,BLK,50000,epistemic,-0.024924528884195496,0.05
ppo_with_uncertainty_guard_epistemic,-0.006847153174531322,0.011154378508483309,32,0.973634406414927,cpu,973634.4064149271,test_legacy,0.03367121220349645,0.1,20,True,23,-0.6159558510024155,BLK,50000,epistemic,-3.103244603952504e-05,0.05
ppo_with_uncertainty_guard_epistemic,-0.005584491283557334,0.008961040201849095,32,0.9784571023546713,cpu,978457.1023546713,test_legacy,0.024807411481963082,0.1,20,True,29,-0.6249323205602774,BLK,50000,epistemic,0.0,0.011224489795918367
ppo_with_uncertainty_guard_epistemic,0.12474619511491813,0.24947399068787113,32,0.9094520714843185,cpu,1579593.7432664258,test_legacy,0.2730663920166897,0.1,20,False,37,0.4712207903255968,BLK,50000,epistemic,-0.023247479268305768,0.05
ppo_with_uncertainty_guard_epistemic,0.1250393726125546,0.2560448732740739,32,0.9094519583118299,cpu,1581195.5516161916,test_legacy,0.2828529214370594,0.1,20,False,42,0.4601457485532676,BLK,50000,epistemic,-0.024001928353614234,0.05
ppo_with_uncertainty_guard_epistemic,0.11645753317860587,0.23507863179524496,32,0.9162086340307375,cpu,1534804.389922929,test_legacy,0.26326941265756865,0.1,20,False,53,0.46861205834531383,BLK,50000,epistemic,-0.021990329146358966,0.05
ppo_with_uncertainty_guard_epistemic,0.14296563047927657,0.22291524170111005,32,0.9094829396658993,cpu,1681452.3110603837,test_legacy,0.2368849046848749,0.1,20,False,67,0.5994485554662051,BLK,50000,epistemic,-0.020473384306637497,0.05
ppo_with_uncertainty_guard_epistemic,0.13026755231316464,0.2554176865623095,32,0.909451958128794,cpu,1609963.4305209015,test_legacy,0.2868025469496268,0.1,20,False,89,0.47942764731013676,BLK,50000,epistemic,-0.024091337489920848,0.05
ppo_with_uncertainty_guard_epistemic,0.12341881123688317,0.17362767384100675,32,0.9282141517668405,cpu,1572356.5106512548,test_legacy,0.2531331639070752,0.1,20,False,7,0.6702643473519256,BRK-B,50000,epistemic,-0.016776981942606996,0.05
ppo_with_uncertainty_guard_epistemic,0.12660942701221367,0.16893200690221938,32,0.9282432332294884,cpu,1589794.264261034,test_legacy,0.23339294284428358,0.1,20,False,13,0.7056833413128423,BRK-B,50000,epistemic,-0.015868692440265963,0.05
ppo_with_uncertainty_guard_epistemic,0.12323399851036496,0.1744541458814777,32,0.9282141517667801,cpu,1571350.8220213186,test_legacy,0.25935249087814927,0.1,20,False,19,0.6661459194664145,BRK-B,50000,epistemic,-0.016814827078181337,0.05
ppo_with_uncertainty_guard_epistemic,0.12510111428815526,0.17053895505034064,32,0.9282141531364079,cpu,1581533.037984328,test_legacy,0.23604822691539606,0.1,20,False,23,0.6911781606073429,BRK-B,50000,epistemic,-0.01601193690118938,0.05
ppo_with_uncertainty_guard_epistemic,0.1291857505069192,0.16896628580877693,32,0.9282141517672247,cpu,1603979.2109491578,test_legacy,0.2200785559796946,0.1,20,False,29,0.7190587369795951,BRK-B,50000,epistemic,-0.016014650985384637,0.05
ppo_with_uncertainty_guard_epistemic,0.1158469713487042,0.14504665606435965,32,0.9284407633552991,cpu,1531542.848262999,test_legacy,0.16825501364133677,0.1,20,False,37,0.7557127831699658,BRK-B,50000,epistemic,-0.01417440447956384,0.05
ppo_with_uncertainty_guard_epistemic,0.10503196881818415,0.14619062553875678,32,0.929661796656673,cpu,1474619.3988401317,test_legacy,0.19498208418718377,0.1,20,False,42,0.6831775757799575,BRK-B,50000,epistemic,-0.014040236912525294,0.05
ppo_with_uncertainty_guard_epistemic,0.12450019005031483,0.1717185735480142,32,0.928214383419221,cpu,1578250.5971954921,test_legacy,0.24542034087448483,0.1,20,False,53,0.6833189359077689,BRK-B,50000,epistemic,-0.01650328095919926,0.05
ppo_with_uncertainty_guard_epistemic,0.11744938069918422,0.16389917395165263,32,0.9308409119793484,cpu,1540113.705303992,test_legacy,0.22946866845899727,0.1,20,False,67,0.6775424142308524,BRK-B,50000,epistemic,-0.015516646517444154,0.05
ppo_with_uncertainty_guard_epistemic,0.12754000112049532,0.13966547677207292,32,0.9290136624692378,cpu,1594907.1038059916,test_legacy,0.14837464606765927,0.1,20,False,89,0.8594688953592092,BRK-B,50000,epistemic,-0.01307931309815684,0.05
ppo_with_uncertainty_guard_epistemic,0.23465266757956885,0.2817606425497439,32,0.9717834842719412,cpu,2269904.323027787,test_legacy,0.3299613939269642,0.1,20,True,7,0.7481157376376896,C,50000,epistemic,-0.024652935929518803,0.05
ppo_with_uncertainty_guard_epistemic,0.22933608352556556,0.27622368655271345,32,0.9718343885422994,cpu,2232128.0944604995,test_legacy,0.33211389531556545,0.1,20,True,13,0.7474888851189722,C,50000,epistemic,-0.02408403725224364,0.05
ppo_with_uncertainty_guard_epistemic,0.23791134388929996,0.28211859721436905,32,0.9717834842325292,cpu,2293291.877142973,test_legacy,0.3224276044727682,0.1,20,True,19,0.7565096429161504,C,50000,epistemic,-0.02456236669333798,0.05
ppo_with_uncertainty_guard_epistemic,0.22747419692650905,0.28773681058524586,32,0.9717834842294248,cpu,2219009.810851565,test_legacy,0.3434147274941973,0.1,20,True,23,0.7123122208064351,C,50000,epistemic,-0.025297083887078384,0.05
ppo_with_uncertainty_guard_epistemic,0.14312685485065957,0.17465767406836144,32,0.9821675347923928,cpu,1682374.8741964772,test_legacy,0.22539346107080616,0.1,20,True,29,0.7658824148962536,C,50000,epistemic,-0.015330446987186086,0.05
ppo_with_uncertainty_guard_epistemic,0.216214935687049,0.26567804422186864,32,0.9741024535812647,cpu,2140896.821069217,test_legacy,0.31768368534910685,0.1,20,True,37,0.7367692270575759,C,50000,epistemic,-0.023471737839511418,0.05
ppo_with_uncertainty_guard_epistemic,0.19813505539844836,0.25479142968447743,32,0.9755687148766143,cpu,2019762.1828132637,test_legacy,0.32415100116839435,0.1,20,True,42,0.7094670138401967,C,50000,epistemic,-0.022789931578432565,0.05
ppo_with_uncertainty_guard_epistemic,0.22627193280672905,0.27181351562454287,32,0.9723342415163709,cpu,2210569.512742837,test_legacy,0.31971640221314235,0.1,20,True,53,0.7504354528574062,C,50000,epistemic,-0.02364646352541486,0.05
ppo_with_uncertainty_guard_epistemic,0.20830629064981038,0.2577945654453853,32,0.973812945409594,cpu,2087263.9109737894,test_legacy,0.3037691939043825,0.1,20,True,67,0.7339933733337719,C,50000,epistemic,-0.02234741808808769,0.05
ppo_with_uncertainty_guard_epistemic,-0.003808712493898609,0.06548060753977156,32,0.9716669668832137,cpu,985269.6310120525,test_legacy,0.16761976550861157,0.1,20,True,89,-0.05827641192013274,C,50000,epistemic,-0.006602551956754787,0.05
ppo_with_uncertainty_guard_epistemic,0.3278882758034103,0.2858614247111667,32,0.9248733941146713,cpu,3012739.1468849313,test_legacy,0.34046959267062626,0.1,20,False,7,0.9920532672500341,CAT,50000,epistemic,-0.027017494949695738,0.05
ppo_with_uncertainty_guard_epistemic,0.2892810177484255,0.2507488253274701,32,0.9295352288392601,cpu,2686145.361765268,test_legacy,0.3039985078444928,0.1,20,False,13,1.0133030582484,CAT,50000,epistemic,-0.02385671948101802,0.05
ppo_with_uncertainty_guard_epistemic,0.3281211110010379,0.29369215808460675,32,0.9248733862949753,cpu,3014794.0159552176,test_legacy,0.34047141877092413,0.1,20,False,19,0.9661990752841568,CAT,50000,epistemic,-0.027350120238494924,0.05
ppo_with_uncertainty_guard_epistemic,0.2615440058092467,0.24650710752683783,32,0.9262685700568604,cpu,2468301.6828676136,test_legacy,0.31719664501241807,0.1,20,False,23,0.9425132805272641,CAT,50000,epistemic,-0.02353336259420171,0.05
ppo_with_uncertainty_guard_epistemic,0.23329888551035116,0.20697967183649416,32,0.9275452853740012,cpu,2260240.4963335125,test_legacy,0.31670494872943644,0.1,20,False,29,1.013106442958827,CAT,50000,epistemic,-0.019184161112335296,0.05
ppo_with_uncertainty_guard_epistemic,0.3220104536375414,0.28328355483570694,32,0.9261555264076125,cpu,2961208.6812989665,test_legacy,0.3338558847566043,0.1,20,False,37,0.9854207476704483,CAT,50000,epistemic,-0.026370443679067088,0.05
ppo_with_uncertainty_guard_epistemic,0.30343919011016257,0.26815893583467615,32,0.9249307328791659,cpu,2802691.102318925,test_legacy,0.33839136051828833,0.1,20,False,42,0.9882428283093418,CAT,50000,epistemic,-0.025988097449657754,0.05
ppo_with_uncertainty_guard_epistemic,0.3280517033072829,0.28921311235223196,32,0.9248735207543416,cpu,3014181.3548219334,test_legacy,0.3404627069124915,0.1,20,False,53,0.9809818976606357,CAT,50000,epistemic,-0.027017001746275148,0.05
ppo_with_uncertainty_guard_epistemic,0.3247906919426698,0.28104790929668555,32,0.9248861271711623,cpu,2985500.5368828187,test_legacy,0.3399475034108612,0.1,20,False,67,1.000734431566783,CAT,50000,epistemic,-0.026770574319812022,0.05
ppo_with_uncertainty_guard_epistemic,0.3142989846534101,0.25755307159413515,32,0.9249896629392691,cpu,2894599.269555467,test_legacy,0.3382820594182614,0.1,20,False,89,1.0611531899935709,CAT,50000,epistemic,-0.02340219572666662,0.05
ppo_with_uncertainty_guard_epistemic,0.2017425898836262,0.3149712715987804,32,0.9647682630009268,cpu,2043515.199651886,test_legacy,0.38391288733167805,0.1,20,True,7,0.5834581932321705,COPX,50000,epistemic,-0.03182302617324249,0.05
ppo_with_uncertainty_guard_epistemic,0.21453641804962714,0.32300886910856585,32,0.9639440198643101,cpu,2129429.2623684076,test_legacy,0.39650533930143494,0.1,20,True,13,0.6017245287085776,COPX,50000,epistemic,-0.031878042289495756,0.05
ppo_with_uncertainty_guard_epistemic,0.20284566730408232,0.33786165570932747,32,0.9639414194424077,cpu,2050819.417388155,test_legacy,0.39722723591601394,0.1,20,True,19,0.5466440154109955,COPX,50000,epistemic,-0.03441998221895668,0.05
ppo_with_uncertainty_guard_epistemic,0.19755918583529875,0.34047404888314126,32,0.9639414194002653,cpu,2015989.5668624225,test_legacy,0.3972276856440373,0.1,20,True,23,0.5295128662890181,COPX,50000,epistemic,-0.03486135581898999,0.05
ppo_with_uncertainty_guard_epistemic,0.20944902987671093,0.28085837189691154,32,0.9639477664523571,cpu,2094951.0762780018,test_legacy,0.3939826408615722,0.1,20,True,29,0.6770843252032132,COPX,50000,epistemic,-0.025475859959735378,0.05
ppo_with_uncertainty_guard_epistemic,0.017134017146821185,0.021625055394876243,32,0.9995850254159366,cpu,1068299.2387289715,test_legacy,0.022470496477313917,0.1,20,True,37,0.7856054147494687,COPX,50000,epistemic,-0.0015248210905294713,0.05
ppo_with_uncertainty_guard_epistemic,0.14782969897925372,0.23914589797627714,32,0.9671541674682608,cpu,1709451.4824364677,test_legacy,0.31444763329261793,0.1,20,True,42,0.576521908604164,COPX,50000,epistemic,-0.024244382025052236,0.05
ppo_with_uncertainty_guard_epistemic,0.136122198122258,0.20004162155464242,32,0.9773885460901404,cpu,1642637.9160267913,test_legacy,0.2817221857694867,0.1,20,True,53,0.6379711432893383,COPX,50000,epistemic,-0.020047426290006328,0.05
ppo_with_uncertainty_guard_epistemic,0.16005854347332993,0.27792372880321414,32,0.9696843995552515,cpu,1781374.3449228916,test_legacy,0.3507691914841048,0.1,20,True,67,0.5342127071767929,COPX,50000,epistemic,-0.02855661097534288,0.05
ppo_with_uncertainty_guard_epistemic,0.2230795133058672,0.3262344427067807,32,0.9639414195385655,cpu,2188273.3890927103,test_legacy,0.39722572871113193,0.1,20,True,89,0.6172609179513161,COPX,50000,epistemic,-0.03225978643007279,0.05
ppo_with_uncertainty_guard_epistemic,0.15923463938281918,0.21391389302318067,32,0.8092302828223635,cpu,1776459.2499260777,test_legacy,0.23779696592172195,0.1,20,False,7,0.6907446822765807,COST,50000,epistemic,-0.018933489600774234,0.05
ppo_with_uncertainty_guard_epistemic,0.08524823681550033,0.13274281628728812,32,0.8885976176190687,cpu,1374575.7539045743,test_legacy,0.18731653211075228,0.1,20,False,13,0.6162943876752089,COST,50000,epistemic,-0.011846537588678263,0.05
ppo_with_uncertainty_guard_epistemic,0.1585335832910822,0.2223709763824973,32,0.8092099264450439,cpu,1772284.958097476,test_legacy,0.2642868198375473,0.1,20,False,19,0.6617542919136823,COST,50000,epistemic,-0.020119803066339603,0.05
ppo_with_uncertainty_guard_epistemic,0.16098476048093277,0.2168425292054052,32,0.8092104854052531,cpu,1786911.8533189013,test_legacy,0.24863065565373366,0.1,20,False,23,0.6883726531878435,COST,50000,epistemic,-0.019185257140090606,0.05
ppo_with_uncertainty_guard_epistemic,0.16933379576668148,0.2055531087764536,32,0.809209931035035,cpu,1837406.652650941,test_legacy,0.20742483048905114,0.1,20,False,29,0.7610396234293738,COST,50000,epistemic,-0.018391954585162115,0.05
ppo_with_uncertainty_guard_epistemic,0.1538115151705311,0.22278465857726973,32,0.8092099268834969,cpu,1744357.9202067743,test_legacy,0.2737714608975591,0.1,20,False,37,0.6421928779711634,COST,50000,epistemic,-0.02037725470281142,0.05
ppo_with_uncertainty_guard_epistemic,0.156937643464154,0.22946762266224216,32,0.8092099263073809,cpu,1762809.4457087065,test_legacy,0.30121864461062486,0.1,20,False,42,0.6352811311770621,COST,50000,epistemic,-0.020485148706989253,0.05
ppo_with_uncertainty_guard_epistemic,0.15694566051811998,0.22230623775176556,32,0.8092102167124573,cpu,1762856.9507944013,test_legacy,0.2706959349716289,0.1,20,False,53,0.6557772675981354,COST,50000,epistemic,-0.020477911197767183,0.05
ppo_with_uncertainty_guard_epistemic,0.1641377551523986,0.20940874991561986,32,0.8092108846575452,cpu,1805858.3365085383,test_legacy,0.2074238915000719,0.1,20,False,67,0.725760377768735,COST,50000,epistemic,-0.018384479795408738,0.05
ppo_with_uncertainty_guard_epistemic,0.1273078307544625,0.18233337222096857,32,0.8327111146530701,cpu,1593630.3516985285,test_legacy,0.2205390808967972,0.1,20,False,89,0.657215043652611,COST,50000,epistemic,-0.015858473294846128,0.05
ppo_with_uncertainty_guard_epistemic,0.07057357275163047,0.3420295675454928,32,0.7292668453830972,cpu,1303693.0489966723,test_legacy,0.38365315914399845,0.1,20,False,7,0.19938195106868206,CRM,50000,epistemic,-0.03257882579695881,0.05
ppo_with_uncertainty_guard_epistemic,-0.009879973363967046,0.017458509553754616,32,0.9621228027213948,cpu,962122.8027213948,test_legacy,0.040566966754119416,0.1,20,True,13,-0.5687205923218006,CRM,50000,epistemic,0.0,0.014285714285714285
ppo_with_uncertainty_guard_epistemic,-0.013622257860911695,0.019861008860580346,32,0.9480580158006232,cpu,948058.0158006232,test_legacy,0.05328328605607813,0.1,20,False,19,-0.6905884085121327,CRM,50000,epistemic,-0.00017183824419904069,0.05
ppo_with_uncertainty_guard_epistemic,-0.014974615304013698,0.03239998370155893,32,0.9430131629508172,cpu,943013.1629508171,test_legacy,0.07692311927451889,0.1,20,False,23,-0.4656728562848212,CRM,50000,epistemic,-0.0014027765940642033,0.05
ppo_with_uncertainty_guard_epistemic,-0.009849274647424433,0.01748750181765884,32,0.9622388160443589,cpu,962238.8160443589,test_legacy,0.040566966754119416,0.1,20,True,29,-0.566004788097991,CRM,50000,epistemic,0.0,0.027551020408163266
ppo_with_uncertainty_guard_epistemic,-0.010018192813734228,0.01745862468564511,32,0.9616005871899854,cpu,961600.5871899854,test_legacy,0.040566966754119416,0.1,20,True,37,-0.5767132997459355,CRM,50000,epistemic,0.0,0.012244897959183673
ppo_with_uncertainty_guard_epistemic,-0.011316977987939418,0.01757438730427067,32,0.9567038446276939,cpu,956703.8446276939,test_legacy,0.04329615537230613,0.1,20,True,42,-0.6476128729829739,CRM,50000,epistemic,0.0,0.04591836734693878
ppo_with_uncertainty_guard_epistemic,0.0807113300962337,0.3133086403706803,32,0.7440610919204544,cpu,1352363.0482889132,test_legacy,0.3648424104593113,0.1,20,False,53,0.24774108970359915,CRM,50000,epistemic,-0.02881294763125588,0.05
ppo_with_uncertainty_guard_epistemic,0.08658941521134365,0.3371878091381981,32,0.7292626900934458,cpu,1381193.7550330143,test_legacy,0.38365675248963527,0.1,20,False,67,0.24628344364858587,CRM,50000,epistemic,-0.03166372044503163,0.05
ppo_with_uncertainty_guard_epistemic,0.056914356635430104,0.3615904116561377,32,0.7292625482644893,cpu,1240189.6431037378,test_legacy,0.4096458332012909,0.1,20,False,89,0.15308385559157187,CRM,50000,epistemic,-0.034862730805358844,0.05
ppo_with_uncertainty_guard_epistemic,0.10984227799025405,0.147296635200538,32,0.9949900485324886,cpu,1499740.188085196,test_legacy,0.16503253148443753,0.1,20,True,7,0.7075368752835073,DIA,50000,epistemic,-0.014423568755878868,0.05
ppo_with_uncertainty_guard_epistemic,0.09051882555195681,0.12572812822468868,32,0.9955016642919634,cpu,1400719.5999675058,test_legacy,0.1439332632282766,0.1,20,True,13,0.6892129991482915,DIA,50000,epistemic,-0.012053892557819967,0.05
ppo_with_uncertainty_guard_epistemic,0.10872020655070744,0.14993381170063141,32,0.9949900485324883,cpu,1493852.2054305244,test_legacy,0.17432785757327984,0.1,20,True,19,0.6883455615037537,DIA,50000,epistemic,-0.0144235688024839,0.05
ppo_with_uncertainty_guard_epistemic,0.1100755630428806,0.14736265125694423,32,0.9949900485324918,cpu,1500966.4946952716,test_legacy,0.1647736482372424,0.1,20,True,23,0.7086461490469017,DIA,50000,epistemic,-0.014423568679392585,0.05
ppo_with_uncertainty_guard_epistemic,0.1175696228171907,0.13890055705827,32,0.9949900485336286,cpu,1540758.2819700285,test_legacy,0.15954326361671123,0.1,20,True,29,0.8002575596479534,DIA,50000,epistemic,-0.013244179866025618,0.05
ppo_with_uncertainty_guard_epistemic,0.0373233610252594,0.06547351197860843,32,0.9972705621348116,cpu,1153156.8795524416,test_legacy,0.09323036340990376,0.1,20,True,37,0.5596708385107101,DIA,50000,epistemic,-0.006533295522723037,0.05
ppo_with_uncertainty_guard_epistemic,0.09834320423160645,0.12775859803735656,32,0.9950209846486359,cpu,1440209.9836199528,test_legacy,0.15651318146864135,0.1,20,True,42,0.7342186850370785,DIA,50000,epistemic,-0.012274262977576722,0.05
ppo_with_uncertainty_guard_epistemic,0.11116731502555233,0.1463077251044342,32,0.9949900487474765,cpu,1506715.3963976242,test_legacy,0.16317810257915166,0.1,20,True,53,0.7204744893306111,DIA,50000,epistemic,-0.014423498976929228,0.05
ppo_with_uncertainty_guard_epistemic,0.11420012428168938,0.1406552735243934,32,0.9949904344795605,cpu,1522771.277800033,test_legacy,0.15944996054070926,0.1,20,True,67,0.7688062124812198,DIA,50000,epistemic,-0.013647410177818032,0.05
ppo_with_uncertainty_guard_epistemic,0.019907346075102958,0.05664988328543752,32,0.9965663932818835,cpu,1079671.6266575973,test_legacy,0.07887807530142554,0.1,20,True,89,0.3479571291110989,DIA,50000,epistemic,-0.0054757800969166045,0.05
ppo_with_uncertainty_guard_epistemic,0.04330734922404753,0.10494093585145456,32,0.9883110550660804,cpu,1179242.8701510313,test_legacy,0.17152892076690773,0.1,20,True,7,0.4039962689520258,EEMX,50000,epistemic,-0.009900725607335303,0.05
ppo_with_uncertainty_guard_epistemic,0.028590898482128875,0.09589746653511387,32,0.9926988600331581,cpu,1115861.8018435845,test_legacy,0.17402015439525287,0.1,20,True,13,0.2939572881500082,EEMX,50000,epistemic,-0.009471035484211753,0.05
ppo_with_uncertainty_guard_epistemic,0.07679261731828317,0.1744874737813965,32,0.9878889979795368,cpu,1333392.620476954,test_legacy,0.26754598428962617,0.1,20,True,19,0.4240233114672501,EEMX,50000,epistemic,-0.017546218773016875,0.05
ppo_with_uncertainty_guard_epistemic,0.07705620891870484,0.1734463327338534,32,0.9878889984485356,cpu,1334662.4243244815,test_legacy,0.2645457186251746,0.1,20,True,23,0.42797975587455117,EEMX,50000,epistemic,-0.017286137966173332,0.05
ppo_with_uncertainty_guard_epistemic,0.09591230384415743,0.1515187988638772,32,0.9878891323429686,cpu,1427853.5891405053,test_legacy,0.17638230456473458,0.1,20,True,29,0.6044601416814916,EEMX,50000,epistemic,-0.015152362645614837,0.05
ppo_with_uncertainty_guard_epistemic,-0.0003522190472777239,0.005171056186611918,32,0.9964198659480594,cpu,998630.9559765126,test_legacy,0.007057639695864926,0.1,20,True,37,-0.06812346723717864,EEMX,50000,epistemic,0.0,0.011224489795918367
ppo_with_uncertainty_guard_epistemic,-0.00566051459157254,0.007704865031607921,32,0.9749635959565213,cpu,978166.232817009,test_legacy,0.02765401724249028,0.1,20,True,42,-0.7367395849297178,EEMX,50000,epistemic,-0.00025174611947873513,0.05
ppo_with_uncertainty_guard_epistemic,-0.0007029298106494849,0.0052162342893619235,32,0.9950610835559399,cpu,997269.1583994287,test_legacy,0.007057639695864926,0.1,20,True,53,-0.13480138037955042,EEMX,50000,epistemic,0.0,0.03469387755102041
ppo_with_uncertainty_guard_epistemic,0.04621900040619688,0.12382684120921844,32,0.9916882574396881,cpu,1192092.9587186673,test_legacy,0.21116596678495525,0.1,20,True,67,0.3648857935497172,EEMX,50000,epistemic,-0.01221325269827087,0.05
ppo_with_uncertainty_guard_epistemic,0.0917355218115517,0.16216346698116607,32,0.9878890121452869,cpu,1406806.9120980026,test_legacy,0.21014659384156098,0.1,20,True,89,0.5412351348963371,EEMX,50000,epistemic,-0.016309897424829335,0.05
ppo_with_uncertainty_guard_epistemic,0.24355926189011204,0.1578749753142413,32,0.9564716980477669,cpu,2334250.428599806,test_legacy,0.18255535768226883,0.1,20,True,7,1.380696471010132,GLD,50000,epistemic,-0.015083731069472427,0.05
ppo_with_uncertainty_guard_epistemic,0.24119031481303832,0.16015419993438126,32,0.9564716980468866,cpu,2317005.2924693157,test_legacy,0.20317208996103053,0.1,20,True,13,1.349141242610962,GLD,50000,epistemic,-0.015624068228591081,0.05
ppo_with_uncertainty_guard_epistemic,0.2397260507750059,0.15942064884081458,32,0.9564716980468867,cpu,2306393.3853658033,test_legacy,0.19796503069763038,0.1,20,True,19,1.3479446734009104,GLD,50000,epistemic,-0.015614610537263828,0.05
ppo_with_uncertainty_guard_epistemic,0.23351493732642994,0.15095482905767077,32,0.9569655428985152,cpu,2261780.7053496283,test_legacy,0.17143126506727246,0.1,20,True,23,1.3902671894319265,GLD,50000,epistemic,-0.014525994291627686,0.05
ppo_with_uncertainty_guard_epistemic,0.24469187208454876,0.1565530149862174,32,0.9564716980475415,cpu,2342529.0545356544,test_legacy,0.17120841072374293,0.1,20,True,29,1.3981703581399363,GLD,50000,epistemic,-0.014983498457825118,0.05
ppo_with_uncertainty_guard_epistemic,0.24091348724027328,0.15841373737814352,32,0.9564716980468875,cpu,2314996.275466922,test_legacy,0.189523227025176,0.1,20,True,37,1.3625559180074378,GLD,50000,epistemic,-0.015254860981944328,0.05
ppo_with_uncertainty_guard_epistemic,0.021864166292979857,0.03881553494304978,32,0.9751472215073469,cpu,1087749.7559015416,test_legacy,0.07675753451374479,0.1,20,True,42,0.5572120758231909,GLD,50000,epistemic,-0.0033675018025159705,0.05
ppo_with_uncertainty_guard_epistemic,0.23967269176327707,0.15933126294146924,32,0.9564716980468867,cpu,2306007.3616663218,test_legacy,0.19696201318282536,0.1,20,True,53,1.3484307379186034,GLD,50000,epistemic,-0.01554793579250049,0.05
ppo_with_uncertainty_guard_epistemic,0.24465911781299524,0.15326195104221474,32,0.956472038266381,cpu,2342289.3368341625,test_legacy,0.1525873194776256,0.1,20,True,67,1.4280221757137412,GLD,50000,epistemic,-0.01470145164918497,0.05
ppo_with_uncertainty_guard_epistemic,0.10538349049425733,0.06692131390884166,32,0.9779061477432612,cpu,1476444.4804735966,test_legacy,0.07693184818560017,0.1,20,True,89,1.4971625848836712,GLD,50000,epistemic,-0.005887662622526069,0.05
ppo_with_uncertainty_guard_epistemic,0.2562043399952166,0.3107653660742616,32,0.9700874991047023,cpu,2427920.483615036,test_legacy,0.3776157232662921,0.1,20,True,7,0.7339769944714516,GOOGL,50000,epistemic,-0.02784463639251422,0.05
ppo_with_uncertainty_guard_epistemic,0.1864705107770992,0.23729911587364444,32,0.9746478827198949,cpu,1944361.5393241663,test_legacy,0.31851248685441946,0.1,20,True,13,0.7205371482912425,GOOGL,50000,epistemic,-0.021133957539032532,0.05
ppo_with_uncertainty_guard_epistemic,0.2683008738530886,0.2958138067822121,32,0.970091630173199,cpu,2520113.049545415,test_legacy,0.33389579512668577,0.1,20,True,19,0.8034715658637753,GOOGL,50000,epistemic,-0.025552930807966945,0.05
ppo_with_uncertainty_guard_epistemic,0.27067862073348137,0.28773246577407224,32,0.9700920358609475,cpu,2538536.235676094,test_legacy,0.3003504042508003,0.1,20,True,23,0.8325475958540569,GOOGL,50000,epistemic,-0.025342236212043453,0.05
ppo_with_uncertainty_guard_epistemic,0.29646176391475715,0.2648751211153555,32,0.9700887653973538,cpu,2744795.5075295744,test_legacy,0.29792380046914924,0.1,20,True,29,0.980230521792383,GOOGL,50000,epistemic,-0.023128060509081384,0.05
ppo_with_uncertainty_guard_epistemic,0.24359173750712024,0.2947898745761599,32,0.9712214916703058,cpu,2334487.5006137285,test_legacy,0.3656669907312504,0.1,20,True,37,0.7395221361883144,GOOGL,50000,epistemic,-0.026377261338329648,0.05
ppo_with_uncertainty_guard_epistemic,0.250190300548405,0.2839938721949713,32,0.971083904581897,cpu,2383029.264146303,test_legacy,0.33286218702325554,0.1,20,True,42,0.7862692727252111,GOOGL,50000,epistemic,-0.025562747518687524,0.05
ppo_with_uncertainty_guard_epistemic,0.2622620332474051,0.2971183725359869,32,0.9702730455925591,cpu,2473769.5686872117,test_legacy,0.34586781848302495,0.1,20,True,53,0.7838803418961311,GOOGL,50000,epistemic,-0.026126078794349448,0.05
ppo_with_uncertainty_guard_epistemic,0.1694480230888604,0.21585958988997797,32,0.9764765616734667,cpu,1838104.762222634,test_legacy,0.282252329297473,0.1,20,True,67,0.725155399933664,GOOGL,50000,epistemic,-0.019702124642127748,0.05
ppo_with_uncertainty_guard_epistemic,0.2870685570554525,0.2908206694575587,32,0.9700875337848853,cpu,2668263.762724867,test_legacy,0.30189287076501947,0.1,20,True,89,0.8677755222702433,GOOGL,50000,epistemic,-0.025361591598352006,0.05
ppo_with_uncertainty_guard_epistemic,0.30555829001162627,0.26890387648875724,32,0.9793091056179761,cpu,2820452.663859553,test_legacy,0.3089572252702122,0.1,20,True,7,0.9915461383719528,GS,50000,epistemic,-0.023257029202325884,0.05
ppo_with_uncertainty_guard_epistemic,0.10582464254300471,0.12153484063373758,32,0.9851956487614344,cpu,1478737.291862442,test_legacy,0.1512291469759931,0.1,20,True,13,0.8276738387923389,GS,50000,epistemic,-0.01082318924561001,0.05
ppo_with_uncertainty_guard_epistemic,0.30519990414577475,0.2706685358624369,32,0.9793091056179702,cpu,2817442.939315811,test_legacy,0.3089572253030173,0.1,20,True,19,0.9840673029549963,GS,50000,epistemic,-0.023428651347986485,0.05
ppo_with_uncertainty_guard_epistemic,0.306249284740825,0.2689879925531438,32,0.9793091056179778,cpu,2826262.3787664827,test_legacy,0.30895722526709135,0.1,20,True,23,0.9932031871091828,GS,50000,epistemic,-0.023187362868456327,0.05
ppo_with_uncertainty_guard_epistemic,0.3111484250584486,0.25906724483645227,32,0.9793094795918389,cpu,2867708.488540216,test_legacy,0.30892712438055425,0.1,20,True,29,1.045686990241186,GS,50000,epistemic,-0.022308882794108698,0.05
ppo_with_uncertainty_guard_epistemic,0.2665607689712793,0.2389652634915844,32,0.9814779772680555,cpu,2506693.500886181,test_legacy,0.27712109380653926,0.1,20,True,37,0.9888676316170647,GS,50000,epistemic,-0.020837654959060627,0.05
ppo_with_uncertainty_guard_epistemic,0.21866428612659242,0.1995430686513607,32,0.9807438989222316,cpu,2157712.909628353,test_legacy,0.2663311224145657,0.1,20,True,42,0.99104045827515,GS,50000,epistemic,-0.017825740495157748,0.05
ppo_with_uncertainty_guard_epistemic,0.3068510058194548,0.26935938256102576,32,0.9793091056181584,cpu,2831328.739753969,test_legacy,0.30895722490550825,0.1,20,True,53,0.9935435357832851,GS,50000,epistemic,-0.02326286824539867,0.05
ppo_with_uncertainty_guard_epistemic,0.3018726238102809,0.23991973515798323,32,0.9793479175671327,cpu,2789614.204209975,test_legacy,0.3050292355536166,0.1,20,True,67,1.099549118391511,GS,50000,epistemic,-0.019954039038352623,0.05
ppo_with_uncertainty_guard_epistemic,0.027119599593886306,0.07968695981506987,32,0.9843953161841195,cpu,1109667.4375172048,test_legacy,0.12576865168081464,0.1,20,True,89,0.3357930359421545,GS,50000,epistemic,-0.008081842960080809,0.05
ppo_with_uncertainty_guard_epistemic,0.31162979073536534,0.2432171947451172,32,0.9859946980787961,cpu,2871804.999294302,test_legacy,0.2834443871385173,0.1,20,True,7,1.1153417924979734,HSBC,50000,epistemic,-0.023574178757910236,0.05
ppo_with_uncertainty_guard_epistemic,0.3166243603844693,0.22949797703041044,32,0.9859948223591372,cpu,2914566.7222821633,test_legacy,0.24657837984596753,0.1,20,True,13,1.1985768749085777,HSBC,50000,epistemic,-0.021854720099440516,0.05
ppo_with_uncertainty_guard_epistemic,0.31729919122202577,0.2305750160043591,32,0.9859954705821927,cpu,2920380.4419026333,test_legacy,0.2512775064734868,0.1,20,True,19,1.195200539635289,HSBC,50000,epistemic,-0.02172322580164048,0.05
ppo_with_uncertainty_guard_epistemic,0.31544358376901027,0.2373175368272782,32,0.9859946986687093,cpu,2904414.9291611155,test_legacy,0.2636250047228066,0.1,20,True,23,1.1553033757003326,HSBC,50000,epistemic,-0.02300683680632174,0.05
ppo_with_uncertainty_guard_epistemic,0.3156844624049172,0.24069824241356572,32,0.9859947235783529,cpu,2906483.760663978,test_legacy,0.26912852322643266,0.1,20,True,29,1.1398373758361402,HSBC,50000,epistemic,-0.023569819554503192,0.05
ppo_with_uncertainty_guard_epistemic,0.3166535228150888,0.23724624695343058,32,0.9859951855316023,cpu,2914817.780975296,test_legacy,0.2637837717577213,0.1,20,True,37,1.1595257121517595,HSBC,50000,epistemic,-0.023118295247240184,0.05
ppo_with_uncertainty_guard_epistemic,0.3143268725102049,0.23813253965510978,32,0.985994698288523,cpu,2894838.132213729,test_legacy,0.26672113958455934,0.1,20,True,42,1.1477829478519923,HSBC,50000,epistemic,-0.023119203960714783,0.05
ppo_with_uncertainty_guard_epistemic,0.2994692555426779,0.23327073761962125,32,0.9864529155892038,cpu,2769640.2874650974,test_legacy,0.2662285915010485,0.1,20,True,53,1.1229687038538307,HSBC,50000,epistemic,-0.022455487503899006,0.05
ppo_with_uncertainty_guard_epistemic,0.3175039524297572,0.23726292971496615,32,0.9859946981273797,cpu,2922146.1777413744,test_legacy,0.26499975367298634,0.1,20,True,67,1.1621656076604592,HSBC,50000,epistemic,-0.022509416855306694,0.05
ppo_with_uncertainty_guard_epistemic,0.31544192706374824,0.20441841166690736,32,0.985994743455777,cpu,2904400.704025024,test_legacy,0.21831762044190883,0.1,20,True,89,1.3412317424377505,HSBC,50000,epistemic,-0.018185780780097537,0.05
ppo_with_uncertainty_guard_epistemic,0.2451854712757464,0.157636405731023,32,0.9562925253392685,cpu,2346143.7512772083,test_legacy,0.18177402159978118,0.1,20,True,7,1.3910763182535555,IAU,50000,epistemic,-0.014982129026611713,0.05
ppo_with_uncertainty_guard_epistemic,0.24282400722740247,0.15989065808401698,32,0.9562925253386382,cpu,2328887.853799183,test_legacy,0.20204179494317287,0.1,20,True,13,1.3595916245187665,IAU,50000,epistemic,-0.015599988088568217,0.05
ppo_with_uncertainty_guard_epistemic,0.24137131628713754,0.15916297946486246,32,0.9562925253386382,cpu,2318319.5720902206,test_legacy,0.1969125208523349,0.1,20,True,19,1.3584594474765956,IAU,50000,epistemic,-0.01550894590721521,0.05
ppo_with_uncertainty_guard_epistemic,0.23251329434697635,0.14961002486181355,32,0.9572701467109334,cpu,2254646.671985363,test_legacy,0.17058521949363747,0.1,20,True,23,1.397334114061756,IAU,50000,epistemic,-0.014331341443880685,0.05
ppo_with_uncertainty_guard_epistemic,0.24498920608706895,0.15691744761105572,32,0.9562925253386547,cpu,2344705.977672213,test_legacy,0.1761168016761906,0.1,20,True,29,1.3964453394234333,IAU,50000,epistemic,-0.014946412672165987,0.05
ppo_with_uncertainty_guard_epistemic,0.24222178270756578,0.15842206335087636,32,0.9562925253386384,cpu,2324502.355720242,test_legacy,0.19074204862364952,0.1,20,True,37,1.369135804988684,IAU,50000,epistemic,-0.015347307108334096,0.05
ppo_with_uncertainty_guard_epistemic,0.163917742738155,0.11220737527442333,32,0.9726281961431404,cpu,1804531.4509534882,test_legacy,0.14184488479484503,0.1,20,True,42,1.3527761784253733,IAU,50000,epistemic,-0.010647856957046108,0.05
ppo_with_uncertainty_guard_epistemic,0.2413534361521031,0.15902635412637228,32,0.9562925253386383,cpu,2318189.71702663,test_legacy,0.19554525753511087,0.1,20,True,53,1.3595359745295297,IAU,50000,epistemic,-0.015502797663982904,0.05
ppo_with_uncertainty_guard_epistemic,0.23680658273919375,0.15354236499691606,32,0.9569340925306422,cpu,2285343.0357362367,test_legacy,0.1756439608176299,0.1,20,True,67,1.384194528349953,IAU,50000,epistemic,-0.014640225042488452,0.05
ppo_with_uncertainty_guard_epistemic,0.24387012480709325,0.13935405519261662,32,0.9562983637353131,cpu,2336520.46188352,test_legacy,0.10046134809827922,0.1,20,True,89,1.5659920243523582,IAU,50000,epistemic,-0.01255375463416577,0.05
ppo_with_uncertainty_guard_epistemic,0.07568296362797293,0.19679340413232305,32,0.9834015341486769,cpu,1328056.9075605758,test_legacy,0.24849198855129884,0.1,20,True,7,0.3707223640272261,IBB,50000,epistemic,-0.01998790897183662,0.05
ppo_with_uncertainty_guard_epistemic,-0.00347675928670219,0.008595286313677668,32,0.9865470218302147,cpu,986547.0218302147,test_legacy,0.015288369812999414,0.1,20,True,13,-0.40519335950012003,IBB,50000,epistemic,0.0,0.019387755102040816
ppo_with_uncertainty_guard_epistemic,0.0759351282759423,0.21401298049405454,32,0.9834014993084912,cpu,1329268.0331604884,test_legacy,0.24851004861670722,0.1,20,True,19,0.3419891436382371,IBB,50000,epistemic,-0.021273682044289987,0.05
ppo_with_uncertainty_guard_epistemic,0.010129219418475572,0.08135578011547281,32,0.9941127005390132,cpu,1039971.4322504216,test_legacy,0.13469750360337152,0.1,20,True,23,0.12387863540127393,IBB,50000,epistemic,-0.007950229011735654,0.05
ppo_with_uncertainty_guard_epistemic,0.005223660815781205,0.03025942335588666,32,0.9952368391682243,cpu,1020468.0179756478,test_legacy,0.040390969611771466,0.1,20,True,29,0.17217900792250526,IBB,50000,epistemic,-0.003071457815919132,0.05
ppo_with_uncertainty_guard_epistemic,0.062051339225323715,0.18524450412872126,32,0.9849577326519781,cpu,1263796.0303098382,test_legacy,0.2178798338431286,0.1,20,True,37,0.3249878443861112,IBB,50000,epistemic,-0.018432251516794285,0.05
ppo_with_uncertainty_guard_epistemic,0.07466124734246318,0.19235179035036282,32,0.9834147717923427,cpu,1323158.0777622194,test_legacy,0.24730349251302042,0.1,20,True,42,0.3743424150714207,IBB,50000,epistemic,-0.018436054069016893,0.05
ppo_with_uncertainty_guard_epistemic,0.04360702190230463,0.12383885123837184,32,0.9894989003769699,cpu,1180560.6530200024,test_legacy,0.1383109438467005,0.1,20,True,53,0.34466524564068846,IBB,50000,epistemic,-0.012466093886166351,0.05
ppo_with_uncertainty_guard_epistemic,0.04320020577917827,0.1292870857594794,32,0.9885059024471397,cpu,1178771.9820570229,test_legacy,0.16860262366407597,0.1,20,True,67,0.32712515151785787,IBB,50000,epistemic,-0.012620512164434227,0.05
ppo_with_uncertainty_guard_epistemic,0.08007188650846787,0.20725650795158324,32,0.9834014993084991,cpu,1349253.9090756457,test_legacy,0.24851004850248004,0.1,20,True,89,0.3716531860258845,IBB,50000,epistemic,-0.020779167334803273,0.05
ppo_with_uncertainty_guard_epistemic,0.13555927662075273,0.15329885739107002,32,0.9741318839025221,cpu,1639475.060631495,test_legacy,0.16718551469746445,0.1,20,True,7,0.8292635367513215,IBM,50000,epistemic,-0.01223174225993171,0.05
ppo_with_uncertainty_guard_epistemic,0.06514546168936095,0.0654655167657167,32,0.990696173760092,cpu,1278174.7957370067,test_legacy,0.06077985521610085,0.1,20,True,13,0.964037613423076,IBM,50000,epistemic,-0.005521325325926885,0.05
ppo_with_uncertainty_guard_epistemic,0.2897638135659624,0.23326221319536827,32,0.9706647283949296,cpu,2690059.226914381,test_legacy,0.19819093528892562,0.1,20,True,19,1.0908708045570847,IBM,50000,epistemic,-0.019727638760986377,0.05
ppo_with_uncertainty_guard_epistemic,0.16300562589150414,0.15555903492667789,32,0.979275082619473,cpu,1799038.2366545885,test_legacy,0.16235014736319175,0.1,20,True,23,0.9707411523322044,IBM,50000,epistemic,-0.01237814041612335,0.05
ppo_with_uncertainty_guard_epistemic,0.28163053610863525,0.22723369926018555,32,0.9706647284001867,cpu,2624688.303140621,test_legacy,0.19819093517410546,0.1,20,True,29,1.0919724981918995,IBM,50000,epistemic,-0.019034909681404154,0.05
ppo_with_uncertainty_guard_epistemic,0.20872225480858916,0.1775064012585553,32,0.9840306452126837,cpu,2090059.6570412056,test_legacy,0.16738847346949626,0.1,20,True,37,1.067925680579753,IBM,50000,epistemic,-0.015424985669731406,0.05
ppo_with_uncertainty_guard_epistemic,0.2813004898549522,0.22479236910241454,32,0.9706658222571241,cpu,2622060.736849552,test_legacy,0.19817471394477482,0.1,20,True,42,1.1026859843507983,IBM,50000,epistemic,-0.018786842360993195,0.05
ppo_with_uncertainty_guard_epistemic,0.2889613393798517,0.23188169033161954,32,0.9706647290319799,cpu,2683556.1643735035,test_legacy,0.19819091911480935,0.1,20,True,53,1.0946813292839637,IBM,50000,epistemic,-0.019692686772557443,0.05
ppo_with_uncertainty_guard_epistemic,0.25559161063091496,0.20837696161764574,32,0.971884724689421,cpu,2423318.3162943353,test_legacy,0.18867546843256644,0.1,20,True,67,1.0922833754745773,IBM,50000,epistemic,-0.01717295781886108,0.05
ppo_with_uncertainty_guard_epistemic,0.24629116850828645,0.20155060410828274,32,0.9708816210457434,cpu,2354255.963927242,test_legacy,0.19583803178838421,0.1,20,True,89,1.0923901876612807,IBM,50000,epistemic,-0.015789428662475034,0.05
ppo_with_uncertainty_guard_epistemic,0.0549555991367255,0.21614353676924877,32,0.9811823058469,cpu,1231275.2512161087,test_legacy,0.2802412143378946,0.1,20,True,7,0.24751441298694352,IJR,50000,epistemic,-0.021336713680596284,0.05
ppo_with_uncertainty_guard_epistemic,-0.0004961569754361334,0.006144388979843751,32,0.9958791909291764,cpu,998071.8830357312,test_legacy,0.008451328420727044,0.1,20,True,13,-0.08076755592991491,IJR,50000,epistemic,-1.8644141128287824e-05,0.05
ppo_with_uncertainty_guard_epistemic,0.05583410716970727,0.21498289958606442,32,0.9811823058468998,cpu,1235267.4723791017,test_legacy,0.28024121433163407,0.1,20,True,19,0.2527226000123356,IJR,50000,epistemic,-0.02129672545417538,0.05
ppo_with_uncertainty_guard_epistemic,0.000442604307629348,0.0069284586125528186,32,0.999271757658936,cpu,1001722.3396987147,test_legacy,0.008451328420727044,0.1,20,True,23,0.06386647788359191,IJR,50000,epistemic,-5.2210865053581284e-06,0.05
ppo_with_uncertainty_guard_epistemic,-7.462126234958348e-05,0.005832724964450538,32,0.997593094739303,cpu,999709.8374794095,test_legacy,0.008451328420727044,0.1,20,True,29,-0.01279367982814064,IJR,50000,epistemic,0.0,0.018367346938775512
ppo_with_uncertainty_guard_epistemic,0.03325182743317803,0.11839785369769437,32,0.9918024230036541,cpu,1135654.5978889188,test_legacy,0.1562817548814276,0.1,20,True,37,0.27627949455910966,IJR,50000,epistemic,-0.011387853295863337,0.05
ppo_with_uncertainty_guard_epistemic,0.042833711333788126,0.17397367137629238,32,0.9813883233116522,cpu,1177162.3201046763,test_legacy,0.267345564379587,0.1,20,True,42,0.24108068571756297,IJR,50000,epistemic,-0.0162788556211221,0.05
ppo_with_uncertainty_guard_epistemic,0.05681412600117019,0.21213248141094262,32,0.9811824791795054,cpu,1239732.3287574537,test_legacy,0.2802224444011592,0.1,20,True,53,0.26049193025980993,IJR,50000,epistemic,-0.020529923183022623,0.05
ppo_with_uncertainty_guard_epistemic,0.06167285004591718,0.2086480358453327,32,0.9811823058660006,cpu,1262045.4303586734,test_legacy,0.28024118165887724,0.1,20,True,67,0.2868264672771859,IJR,50000,epistemic,-0.020143239880975015,0.05
ppo_with_uncertainty_guard_epistemic,-0.002907306498632672,0.010012940189476564,32,0.984217582727371,cpu,988741.2009096103,test_legacy,0.015794858248045274,0.1,20,True,89,-0.29077321040894144,IJR,50000,epistemic,-0.0005077322942632634,0.05
ppo_with_uncertainty_guard_epistemic,0.05138469696909037,0.09690503462022723,32,0.9843624135008593,cpu,1215146.5125166099,test_legacy,0.10479931902566486,0.1,20,True,7,0.5170832712730485,JNJ,50000,epistemic,-0.009065712912261237,0.05
ppo_with_uncertainty_guard_epistemic,0.06914053017551319,0.14213086897139363,32,0.9726166213282987,cpu,1296919.6969455043,test_legacy,0.1427058052181579,0.1,20,True,13,0.4703764121665432,JNJ,50000,epistemic,-0.013309429491642887,0.05
ppo_with_uncertainty_guard_epistemic,0.0820838485897325,0.16957408462538387,32,0.9691366148844361,cpu,1359054.5552636373,test_legacy,0.18147458658360305,0.1,20,True,19,0.4652161196731524,JNJ,50000,epistemic,-0.015824590749595746,0.05
ppo_with_uncertainty_guard_epistemic,0.08238448500028583,0.17001223019206405,32,0.969136614884436,cpu,1360523.5402973224,test_legacy,0.18203502302747032,0.1,20,True,23,0.465651146832521,JNJ,50000,epistemic,-0.015831986080478533,0.05
ppo_with_uncertainty_guard_epistemic,0.08052602601685462,0.1691103166505172,32,0.969136614884436,cpu,1351461.5050887312,test_legacy,0.18018299661706072,0.1,20,True,29,0.4579727157995609,JNJ,50000,epistemic,-0.01580863066002385,0.05
ppo_with_uncertainty_guard_epistemic,0.0784270683641367,0.16389136589697043,32,0.9691366267219239,cpu,1341280.7764486906,test_legacy,0.17195206490506165,0.1,20,True,37,0.46069228724200745,JNJ,50000,epistemic,-0.01522174556470377,0.05
ppo_with_uncertainty_guard_epistemic,0.08236884935326645,0.16406012154717745,32,0.9691459929940445,cpu,1360447.1115339692,test_legacy,0.16869112496301453,0.1,20,True,42,0.48245692425827474,JNJ,50000,epistemic,-0.015220461983891109,0.05
ppo_with_uncertainty_guard_epistemic,0.08101653416667225,0.1680182651286946,32,0.9691366149819072,cpu,1353848.9038799985,test_legacy,0.17660502988217586,0.1,20,True,53,0.46365054495417035,JNJ,50000,epistemic,-0.015601663891927941,0.05
ppo_with_uncertainty_guard_epistemic,0.05714788201387979,0.11698432654279389,32,0.9782016379355007,cpu,1241255.6168897385,test_legacy,0.12060007954815422,0.1,20,True,67,0.4750596137866507,JNJ,50000,epistemic,-0.011026674586165353,0.05
ppo_with_uncertainty_guard_epistemic,0.0813396257962431,0.16333907774342554,32,0.9691366211086464,cpu,1355423.16434071,test_legacy,0.17262815436360546,0.1,20,True,89,0.47876228896180967,JNJ,50000,epistemic,-0.015182750197841165,0.05
ppo_with_uncertainty_guard_epistemic,0.2677629412415152,0.2357013670462545,32,0.9835343261854903,cpu,2515958.8719143877,test_legacy,0.27456782108427524,0.1,20,True,7,1.0065861172659034,JPM,50000,epistemic,-0.021534379229987265,0.05
ppo_with_uncertainty_guard_epistemic,0.2152279095310441,0.196900165062554,32,0.9854853481887317,cpu,2134147.960393282,test_legacy,0.24530143974987162,0.1,20,True,13,0.990001617534134,JPM,50000,epistemic,-0.018148997333060635,0.05
ppo_with_uncertainty_guard_epistemic,0.25610748939959926,0.24317622512994497,32,0.9835343261630902,cpu,2427192.613923804,test_legacy,0.3047730388038987,0.1,20,True,19,0.9376636064854711,JPM,50000,epistemic,-0.023466844219850458,0.05
ppo_with_uncertainty_guard_epistemic,0.21742055178961964,0.19712921954126644,32,0.9845930364498043,cpu,2149161.8003655765,test_legacy,0.22165002705698666,0.1,20,True,23,0.9979959372469855,JPM,50000,epistemic,-0.017958159700576903,0.05
ppo_with_uncertainty_guard_epistemic,0.28110066035205367,0.22969103546563774,32,0.9835343261632105,cpu,2620470.8029770064,test_legacy,0.24423935602723934,0.1,20,True,29,1.0784897531158015,JPM,50000,epistemic,-0.019928290071804255,0.05
ppo_with_uncertainty_guard_epistemic,0.2725942080488555,0.22871927831264402,32,0.9836156013051358,cpu,2553451.147665953,test_legacy,0.24427891770087962,0.1,20,True,37,1.053944096895785,JPM,50000,epistemic,-0.02084386085033385,0.05
ppo_with_uncertainty_guard_epistemic,0.2670075306176367,0.23611909443678314,32,0.9835343261769932,cpu,2510133.813358305,test_legacy,0.27408676756075023,0.1,20,True,42,1.0022810160228264,JPM,50000,epistemic,-0.021526457515653963,0.05
ppo_with_uncertainty_guard_epistemic,0.26036802839854956,0.2419311312548679,32,0.9835343261630903,cpu,2459365.839792854,test_legacy,0.29487973718595517,0.1,20,True,53,0.9564854729837243,JPM,50000,epistemic,-0.023442924169784975,0.05
ppo_with_uncertainty_guard_epistemic,0.2654851193643464,0.21338810759503046,32,0.9836259564089801,cpu,2498424.7718376326,test_legacy,0.2393752151778159,0.1,20,True,67,1.1034137268728335,JPM,50000,epistemic,-0.018077212065882618,0.05
ppo_with_uncertainty_guard_epistemic,0.25013217252448294,0.1983696912136685,32,0.9835519006903658,cpu,2382598.4051382015,test_legacy,0.24293434391302693,0.1,20,True,89,1.1254194313821,JPM,50000,epistemic,-0.01696017924590478,0.05
ppo_with_uncertainty_guard_epistemic,0.3801962951313634,0.29195194646507927,32,0.9719129970288312,cpu,3501180.0489345854,test_legacy,0.3419665343172509,0.1,20,True,7,1.103693811936799,LLY,50000,epistemic,-0.0260937998038135,0.05
ppo_with_uncertainty_guard_epistemic,0.39229130864475587,0.27586266151092187,32,0.9739307074802008,cpu,3622016.5953474087,test_legacy,0.30416823413574634,0.1,20,True,13,1.1996934315474768,LLY,50000,epistemic,-0.024485307195295736,0.05
ppo_with_uncertainty_guard_epistemic,0.4574524014136049,0.3182749953757207,32,0.9718813252617173,cpu,4327134.22774271,test_legacy,0.3447501031768686,0.1,20,True,19,1.1835356173421463,LLY,50000,epistemic,-0.029479002250366548,0.05
ppo_with_uncertainty_guard_epistemic,0.432948099777504,0.3104650189335768,32,0.9719024571194209,cpu,4051006.1588116284,test_legacy,0.34421254137950774,0.1,20,True,23,1.1586933291506627,LLY,50000,epistemic,-0.02750473278004195,0.05
ppo_with_uncertainty_guard_epistemic,0.44584968299439437,0.3156648067989414,32,0.9718813252617478,cpu,4194702.027596641,test_legacy,0.3447501029274843,0.1,20,True,29,1.1680015361490603,LLY,50000,epistemic,-0.0281068228776002,0.05
ppo_with_uncertainty_guard_epistemic,0.45390316047922,0.31760511523707996,32,0.9718813252617173,cpu,4286298.622061709,test_legacy,0.3447501031737108,0.1,20,True,37,1.1783550381722834,LLY,50000,epistemic,-0.02888526626603838,0.05
ppo_with_uncertainty_guard_epistemic,0.4581273698926748,0.317574813848297,32,0.9718813252618629,cpu,4334932.627969996,test_legacy,0.3447501023492564,0.1,20,True,42,1.1876029965893864,LLY,50000,epistemic,-0.0288216415994099,0.05
ppo_with_uncertainty_guard_epistemic,0.45757669425455527,0.31786540966037297,32,0.9718813252680272,cpu,4328569.48956963,test_legacy,0.3447500986101153,0.1,20,True,53,1.1853289431848768,LLY,50000,epistemic,-0.028934761111648655,0.05
ppo_with_uncertainty_guard_epistemic,0.42179393150928673,0.301340537169038,32,0.9726129892788802,cpu,3929748.657726983,test_legacy,0.3339481042277245,0.1,20,True,67,1.1678456016766758,LLY,50000,epistemic,-0.027618538272414384,0.05
ppo_with_uncertainty_guard_epistemic,0.4509558124392713,0.31552896074233056,32,0.9718813252617647,cpu,4252606.220051555,test_legacy,0.3447501028432818,0.1,20,True,89,1.1796772382384664,LLY,50000,epistemic,-0.028100113800256208,0.05
ppo_with_uncertainty_guard_epistemic,0.12778619659165005,0.2072672295357089,32,0.9661128082477533,cpu,1596261.8127517356,test_legacy,0.22857224128889186,0.1,20,True,7,0.580200262469244,MA,50000,epistemic,-0.020268186858823787,0.05
ppo_with_uncertainty_guard_epistemic,0.12975472227084053,0.20303894252730922,32,0.9661845647249531,cpu,1607124.5369891934,test_legacy,0.21254905803884472,0.1,20,True,13,0.6008721889600563,MA,50000,epistemic,-0.020087933372311895,0.05
ppo_with_uncertainty_guard_epistemic,0.12393201280852675,0.2198876289675623,32,0.9661127885370525,cpu,1575151.6882206395,test_legacy,0.2470119997775907,0.1,20,True,19,0.5313312941673062,MA,50000,epistemic,-0.021038143140610633,0.05
ppo_with_uncertainty_guard_epistemic,0.12516007763587375,0.21921726554179288,32,0.9661127885370526,cpu,1581855.3876748257,test_legacy,0.24624422120146994,0.1,20,True,23,0.5379376988369095,MA,50000,epistemic,-0.021038143140610366,0.05
ppo_with_uncertainty_guard_epistemic,0.07142027960347497,0.10826929006352777,32,0.9878366674894641,cpu,1307707.3833438354,test_legacy,0.1024768305070235,0.1,20,True,29,0.6371615740114914,MA,50000,epistemic,-0.01075741034818085,0.05
ppo_with_uncertainty_guard_epistemic,0.12573588395994048,0.19895026566262336,32,0.9663785833712922,cpu,1585005.8583752187,test_legacy,0.21529028242044446,0.1,20,True,37,0.5953088124433569,MA,50000,epistemic,-0.019575874721676722,0.05
ppo_with_uncertainty_guard_epistemic,0.1254245931788122,0.21274600096005472,32,0.9661127885773092,cpu,1583302.0816335168,test_legacy,0.23920938323854912,0.1,20,True,42,0.5554054690130937,MA,50000,epistemic,-0.02084015901557441,0.05
ppo_with_uncertainty_guard_epistemic,0.12792596656377297,0.21294873846672926,32,0.9661127892834794,cpu,1597031.2877386445,test_legacy,0.23442733192528398,0.1,20,True,53,0.5653023801447611,MA,50000,epistemic,-0.020807012711144067,0.05
ppo_with_uncertainty_guard_epistemic,0.11509218104838943,0.19206617377143065,32,0.9680218351930832,cpu,1527517.9769572513,test_legacy,0.21293486188243005,0.1,20,True,67,0.5671846473740794,MA,50000,epistemic,-0.018648992045925714,0.05
ppo_with_uncertainty_guard_epistemic,0.03233294597499537,0.10044022933086334,32,0.9728057215728892,cpu,1131732.059689556,test_legacy,0.1326964231484754,0.1,20,True,89,0.3168171460348825,MA,50000,epistemic,-0.009668426278407338,0.05
ppo_with_uncertainty_guard_epistemic,0.045617448125188274,0.10631226531337981,32,0.9791985251337395,cpu,1189429.624175447,test_legacy,0.10173256145756637,0.1,20,True,7,0.4195894390807112,MCD,50000,epistemic,-0.00969031849776858,0.05
ppo_with_uncertainty_guard_epistemic,0.02763579830678052,0.09414207640678458,32,0.977358200066726,cpu,1111837.7862992736,test_legacy,0.10060156836177325,0.1,20,True,13,0.28957058873343205,MCD,50000,epistemic,-0.009110559571704079,0.05
ppo_with_uncertainty_guard_epistemic,0.07700345727666766,0.17442192526008582,32,0.9652119448884151,cpu,1334408.2311656005,test_legacy,0.17205038239166437,0.1,20,True,19,0.42530513662446634,MCD,50000,epistemic,-0.01658935427342838,0.05
ppo_with_uncertainty_guard_epistemic,0.07786786199836646,0.1739304271228232,32,0.9652119448884151,cpu,1338578.0551802895,test_legacy,0.1720503823906574,0.1,20,True,23,0.43111961937868765,MCD,50000,epistemic,-0.016589354273412127,0.05
ppo_with_uncertainty_guard_epistemic,-0.002223424184457661,0.004176287422273658,32,0.9854813762326733,cpu,991381.0812270408,test_legacy,0.01451862376732671,0.1,20,True,29,-0.5329650072945417,MCD,50000,epistemic,0.0,0.04183673469387755
ppo_with_uncertainty_guard_epistemic,0.0379997040946774,0.11679155282701296,32,0.9760980057877299,cpu,1156083.563354491,test_legacy,0.12909934998318195,0.1,20,True,37,0.31933344557648574,MCD,50000,epistemic,-0.010939439866420653,0.05
ppo_with_uncertainty_guard_epistemic,-0.0017334524469886229,0.004055687036857911,32,0.9873646771552334,cpu,993275.6567613052,test_legacy,0.013206647898949653,0.1,20,True,42,-0.4277669091680211,MCD,50000,epistemic,0.0,0.03877551020408163
ppo_with_uncertainty_guard_epistemic,-0.001515618996599306,0.004018838414177532,32,0.9882028200321491,cpu,994118.817283238,test_legacy,0.011797179967850902,0.1,20,True,53,-0.3773997962173618,MCD,50000,epistemic,0.0,0.012244897959183673
ppo_with_uncertainty_guard_epistemic,0.06569792269856346,0.14706213320734396,32,0.9656794361541328,cpu,1280754.8797643143,test_legacy,0.15362294810013732,0.1,20,True,67,0.4326731901259006,MCD,50000,epistemic,-0.013816670506534921,0.05
ppo_with_uncertainty_guard_epistemic,0.048956034531924784,0.1453596220491149,32,0.9652126130663174,cpu,1204266.9783504868,test_legacy,0.16970914489156297,0.1,20,True,89,0.32880771066350933,MCD,50000,epistemic,-0.013347536700178075,0.05
ppo_with_uncertainty_guard_epistemic,0.28957757006712015,0.4275663345502758,32,0.835028068154673,cpu,2688548.911257345,test_legacy,0.6402775092837312,0.1,20,False,7,0.5947956719453812,META,50000,epistemic,-0.037865686688235735,0.05
ppo_with_uncertainty_guard_epistemic,-0.018430474289317808,0.08114404185906643,32,0.9247431021193676,cpu,930211.9742239767,test_legacy,0.21167299882895152,0.1,20,False,13,-0.22925152328658635,META,50000,epistemic,-0.004339652181019815,0.05
ppo_with_uncertainty_guard_epistemic,0.2223059187814813,0.32300557827242143,32,0.8638619437568621,cpu,2182895.78269886,test_legacy,0.5237612691570703,0.1,20,False,19,0.6214724666321501,META,50000,epistemic,-0.027160324752845265,0.05
ppo_with_uncertainty_guard_epistemic,0.29465828803140226,0.42656374602995645,32,0.8350280681855679,cpu,2729976.695067484,test_legacy,0.633035621525938,0.1,20,False,23,0.6054117265777498,META,50000,epistemic,-0.03755245527114965,0.05
ppo_with_uncertainty_guard_epistemic,0.34837134063769604,0.38401671903676554,32,0.8350280707163737,cpu,3197531.07022735,test_legacy,0.5282869343685903,0.1,20,False,29,0.7783445652982264,META,50000,epistemic,-0.030340062951464117,0.05
ppo_with_uncertainty_guard_epistemic,-0.03569046538991075,0.06517585153705109,32,0.8630952864481946,cpu,868199.57727757,test_legacy,0.1405222108336932,0.1,20,False,37,-0.5576122527299222,META,50000,epistemic,-4.202380247244619e-05,0.05
ppo_with_uncertainty_guard_epistemic,-0.039706818773288625,0.06540245220218667,32,0.8491994093042349,cpu,854221.520796768,test_legacy,0.15122130892052799,0.1,20,False,42,-0.6194958189967638,META,50000,epistemic,-0.00022355790756716228,0.05
ppo_with_uncertainty_guard_epistemic,0.29200914105973896,0.4162529763098665,32,0.8395201057124774,cpu,2708317.041293758,test_legacy,0.6200073644493289,0.1,20,False,53,0.6154872093040222,META,50000,epistemic,-0.036935977384381855,0.05
ppo_with_uncertainty_guard_epistemic,0.3135273504381495,0.41074807013239417,32,0.8350287996457454,cpu,2887995.940086851,test_legacy,0.6051111044531938,0.1,20,False,67,0.6639496735901405,META,50000,epistemic,-0.03608353311277881,0.05
ppo_with_uncertainty_guard_epistemic,0.32213001990124535,0.37573493869756047,32,0.8366953615705249,cpu,2962250.339058573,test_legacy,0.5425277138064746,0.1,20,False,89,0.7431940465573592,META,50000,epistemic,-0.02968468261141952,0.05
ppo_with_uncertainty_guard_epistemic,0.14145985455708887,0.2596837465688902,32,0.9002742317556337,cpu,1672854.0480805717,test_legacy,0.3063306182369254,0.1,20,False,7,0.5094964094272116,MSFT,50000,epistemic,-0.026122623123058197,0.05
ppo_with_uncertainty_guard_epistemic,-0.0015334956947292162,0.020591585734605854,32,0.9860819931874426,cpu,994049.60253733,test_legacy,0.037095691820345,0.1,20,True,13,-0.0745285424559912,MSFT,50000,epistemic,-0.001274386010008044,0.05
ppo_with_uncertainty_guard_epistemic,0.1528847773043374,0.24055105700150584,32,0.9002925186648859,cpu,1738915.660262188,test_legacy,0.25061894372615123,0.1,20,False,19,0.591422092372324,MSFT,50000,epistemic,-0.02402884382570978,0.05
ppo_with_uncertainty_guard_epistemic,0.13418051260727276,0.2205797947514893,32,0.9114762331175484,cpu,1631747.3878021645,test_legacy,0.2399111341193111,0.1,20,False,23,0.5708151300011068,MSFT,50000,epistemic,-0.022657188548581696,0.05
ppo_with_uncertainty_guard_epistemic,-0.0014448404900677466,0.01411885260790115,32,0.9873022739434207,cpu,994392.8916476602,test_legacy,0.028320907997513856,0.1,20,True,29,-0.10240697754472884,MSFT,50000,epistemic,-0.00010237682308114058,0.05
ppo_with_uncertainty_guard_epistemic,0.14570480792476065,0.239296258026314,32,0.9034237892772052,cpu,1697177.654628311,test_legacy,0.2672265404675881,0.1,20,False,37,0.5684163692846491,MSFT,50000,epistemic,-0.024141071017367465,0.05
ppo_with_uncertainty_guard_epistemic,0.013980352240974462,0.11721219882680069,32,0.9427398279584355,cpu,1055475.6302524742,test_legacy,0.18872021209828926,0.1,20,False,42,0.11844765160158172,MSFT,50000,epistemic,-0.01108660141995372,0.05
ppo_with_uncertainty_guard_epistemic,0.037398783584446954,0.10877911523763586,32,0.9574221750273274,cpu,1153482.9764343314,test_legacy,0.17187379079297627,0.1,20,True,53,0.33753130562873485,MSFT,50000,epistemic,-0.010929087722227938,0.05
ppo_with_uncertainty_guard_epistemic,0.15242919414408396,0.24718924574016732,32,0.9002742354378493,cpu,1736244.8815372908,test_legacy,0.26454625134082765,0.1,20,False,67,0.5739406895107547,MSFT,50000,epistemic,-0.024851687798089994,0.05
ppo_with_uncertainty_guard_epistemic,0.14451033704218413,0.2318211257724397,32,0.9019415591632668,cpu,1690306.9450196335,test_legacy,0.24529301495741684,0.1,20,False,89,0.5822454680083984,MSFT,50000,epistemic,-0.023101220716127545,0.05
ppo_with_uncertainty_guard_epistemic,0.2684096489269748,0.34271699704127323,32,0.728438449726447,cpu,2520953.6825831127,test_legacy,0.41711558931476267,0.1,20,False,7,0.6937612162183837,NFLX,50000,epistemic,-0.028907756709384277,0.05
ppo_with_uncertainty_guard_epistemic,0.1381027656615545,0.2466901002081685,32,0.7931507626014346,cpu,1653802.0590298423,test_legacy,0.3660529866006087,0.1,20,False,13,0.524392961119287,NFLX,50000,epistemic,-0.019504906394407405,0.05
ppo_with_uncertainty_guard_epistemic,0.25453760719377,0.4367434461196414,32,0.7030684509627373,cpu,2415416.9356664247,test_legacy,0.5690615775120524,0.1,20,False,19,0.5192224034512529,NFLX,50000,epistemic,-0.03581968096537995,0.05
ppo_with_uncertainty_guard_epistemic,0.2533510193625768,0.3429388276487948,32,0.7148577201622811,cpu,2406544.5490374984,test_legacy,0.4291018237793063,0.1,20,False,23,0.6584867535833806,NFLX,50000,epistemic,-0.02888351221606786,0.05
ppo_with_uncertainty_guard_epistemic,0.3236313232380443,0.33640927326909276,32,0.7053019984560662,cpu,2975352.8288021386,test_legacy,0.31908896209732485,0.1,20,False,29,0.8334456031478691,NFLX,50000,epistemic,-0.028287869738107752,0.05
ppo_with_uncertainty_guard_epistemic,0.22855169394128771,0.3162874174605331,32,0.7432392758053833,cpu,2226594.5226526186,test_legacy,0.3997498527366222,0.1,20,False,37,0.6507874683964248,NFLX,50000,epistemic,-0.02707180794681179,0.05
ppo_with_uncertainty_guard_epistemic,-0.03397356624590479,0.11321442013833766,32,0.8742264239345017,cpu,874226.4239345017,test_legacy,0.2948040249395292,0.1,20,False,42,-0.3052970858543641,NFLX,50000,epistemic,-0.009657905146071054,0.05
ppo_with_uncertainty_guard_epistemic,0.21170687189004436,0.3292131876558361,32,0.7616924964166623,cpu,2110201.3026135713,test_legacy,0.43362796051779584,0.1,20,False,53,0.5832995703809079,NFLX,50000,epistemic,-0.027901958690763885,0.05
ppo_with_uncertainty_guard_epistemic,0.31041678630581876,0.40325519252069175,32,0.7030684509628252,cpu,2861490.422764337,test_legacy,0.47790757628786273,0.1,20,False,67,0.6704070838700004,NFLX,50000,epistemic,-0.03387885670396651,0.05
ppo_with_uncertainty_guard_epistemic,0.29940072913837745,0.3156143639022169,32,0.7333342435054138,cpu,2769072.3405341185,test_legacy,0.31106903705562283,0.1,20,False,89,0.8298198017062649,NFLX,50000,epistemic,-0.02772416333545431,0.05
ppo_with_uncertainty_guard_epistemic,0.7176254407666023,0.5125325825662371,32,0.9091502639771851,cpu,8196165.01586507,test_legacy,0.5607581466791811,0.1,20,False,7,1.0554306792181787,NVDA,50000,epistemic,-0.04837495377388672,0.05
ppo_with_uncertainty_guard_epistemic,0.7046381151834246,0.45926964082609933,32,0.9096407244568797,cpu,7957778.9109467715,test_legacy,0.4415437474984888,0.1,20,False,13,1.161306141936943,NVDA,50000,epistemic,-0.04118392437937244,0.05
ppo_with_uncertainty_guard_epistemic,0.7440016574504249,0.49245833211705786,32,0.9091518360534456,cpu,8696590.678182893,test_legacy,0.5020604235953479,0.1,20,False,19,1.1293993020317104,NVDA,50000,epistemic,-0.0444835667102188,0.05
ppo_with_uncertainty_guard_epistemic,0.680380561398674,0.4712247100364435,32,0.91324446639929,cpu,7526365.441840644,test_legacy,0.4901520913487344,0.1,20,False,23,1.1014280586389005,NVDA,50000,epistemic,-0.04404203896873664,0.05
ppo_with_uncertainty_guard_epistemic,0.7818146722818055,0.45175537652380704,32,0.9091582274396858,cpu,9453149.116951894,test_legacy,0.3687063541762652,0.1,20,False,29,1.2786391725219066,NVDA,50000,epistemic,-0.0393245732154611,0.05
ppo_with_uncertainty_guard_epistemic,0.7384610082289382,0.49898721258620327,32,0.909150672386837,cpu,8589637.23247117,test_legacy,0.5260195454946068,0.1,20,False,37,1.108244968886121,NVDA,50000,epistemic,-0.04531926365162109,0.05
ppo_with_uncertainty_guard_epistemic,0.08128733808167721,0.21251784880206767,32,0.9402769941488223,cpu,1355168.3008386178,test_legacy,0.34732001458852846,0.1,20,False,42,0.3677444179889647,NVDA,50000,epistemic,-0.022077348590709266,0.05
ppo_with_uncertainty_guard_epistemic,0.744123885381718,0.4979689848511049,32,0.9091505358005483,cpu,8698961.189851843,test_legacy,0.5207142064604432,0.1,20,False,53,1.1170418193841483,NVDA,50000,epistemic,-0.04525522652122591,0.05
ppo_with_uncertainty_guard_epistemic,0.7183184878817921,0.5119113147658514,32,0.909150263977137,cpu,8209033.388575425,test_legacy,0.5576548521499355,0.1,20,False,67,1.057499621179909,NVDA,50000,epistemic,-0.04801281143379397,0.05
ppo_with_uncertainty_guard_epistemic,0.7502108979470895,0.44705670588856994,32,0.9133394651798067,cpu,8817622.303873878,test_legacy,0.37151356163257976,0.1,20,False,89,1.2520471959324744,NVDA,50000,epistemic,-0.04033419745400879,0.05
ppo_with_uncertainty_guard_epistemic,0.28007665057958386,0.3917240858829128,32,0.5961047116251843,cpu,2612334.5537323705,test_legacy,0.4555182148785828,0.1,20,False,7,0.6303412739703842,ORCL,50000,epistemic,-0.031255520967076046,0.05
ppo_with_uncertainty_guard_epistemic,0.2764446479516889,0.38788325657483735,32,0.5961161383722768,cpu,2583627.7960981294,test_legacy,0.45550643023843573,0.1,20,False,13,0.6292576190740987,ORCL,50000,epistemic,-0.03119482972579064,0.05
ppo_with_uncertainty_guard_epistemic,0.28243048062890275,0.39359087719823627,32,0.5961047103238083,cpu,2631064.941904913,test_legacy,0.4555182162028514,0.1,20,False,19,0.632019196931355,ORCL,50000,epistemic,-0.03148506828720894,0.05
ppo_with_uncertainty_guard_epistemic,0.1008336672004098,0.19172915092424972,32,0.7650530190689462,cpu,1452951.3349733828,test_legacy,0.27319866336765297,0.1,20,False,23,0.501059395653361,ORCL,50000,epistemic,-0.01352228494033234,0.05
ppo_with_uncertainty_guard_epistemic,0.18353644636095431,0.2188479202083839,32,0.7723360947685404,cpu,1925729.362770408,test_legacy,0.26001021081228615,0.1,20,False,29,0.7699722369408417,ORCL,50000,epistemic,-0.016574019979191144,0.05
ppo_with_uncertainty_guard_epistemic,0.24868994411657258,0.33632569518364785,32,0.6673061089050093,cpu,2371926.776341472,test_legacy,0.37445908469280687,0.1,20,False,37,0.6603564799738972,ORCL,50000,epistemic,-0.026582968037917265,0.05
ppo_with_uncertainty_guard_epistemic,0.15781351123608314,0.2132513239360949,32,0.7586359613926466,cpu,1768005.0297924147,test_legacy,0.2598712007043664,0.1,20,False,42,0.6871385863391671,ORCL,50000,epistemic,-0.01775626890831088,0.05
ppo_with_uncertainty_guard_epistemic,0.2794986343948162,0.3936261567385967,32,0.5961058208427238,cpu,2607750.232111669,test_legacy,0.45551709034864984,0.1,20,False,53,0.6261479469895762,ORCL,50000,epistemic,-0.03148421331410152,0.05
ppo_with_uncertainty_guard_epistemic,0.26351618949005506,0.3686164872359142,32,0.6103074870440869,cpu,2483341.7326869625,test_legacy,0.43937944221001113,0.1,20,False,67,0.6345303814235962,ORCL,50000,epistemic,-0.029096757244814687,0.05
ppo_with_uncertainty_guard_epistemic,0.2852438195050035,0.39280161771541183,32,0.5961047102999742,cpu,2653582.495887456,test_legacy,0.45551821622724353,0.1,20,False,89,0.6388678926430091,ORCL,50000,epistemic,-0.03125573250188696,0.05
ppo_with_uncertainty_guard_epistemic,0.026750927714747828,0.07930225431781483,32,0.8965344655652723,cpu,1108119.290505243,test_legacy,0.1481134417847989,0.1,20,False,7,0.3328950075971455,PGR,50000,epistemic,-0.007515609648928834,0.05
ppo_with_uncertainty_guard_epistemic,0.2055259066153206,0.2389698284175896,32,0.7856054049441407,cpu,2068647.8902154278,test_legacy,0.2996839844070911,0.1,20,False,13,0.7821731547803483,PGR,50000,epistemic,-0.020681069292963893,0.05
ppo_with_uncertainty_guard_epistemic,0.06234322457238814,0.10628519228025203,32,0.9529630616294822,cpu,1265147.2989746593,test_legacy,0.10916107113249529,0.1,20,True,19,0.5690065187941211,PGR,50000,epistemic,-0.00916613702352711,0.05
ppo_with_uncertainty_guard_epistemic,0.2183636947967331,0.2506259835291625,32,0.7855669162859202,cpu,2155643.92708647,test_legacy,0.2997243945836384,0.1,20,False,23,0.7880611452607275,PGR,50000,epistemic,-0.021401652801194347,0.05
ppo_with_uncertainty_guard_epistemic,0.20823083657152305,0.23755406390821102,32,0.7952339730468635,cpu,2086757.0726950758,test_legacy,0.2859802810185731,0.1,20,False,29,0.7962694538604,PGR,50000,epistemic,-0.020113603886902354,0.05
ppo_with_uncertainty_guard_epistemic,0.19901807785671943,0.23398335757487207,32,0.7866951030844928,cpu,2025557.1908548712,test_legacy,0.29786530321478044,0.1,20,False,37,0.7757082901885377,PGR,50000,epistemic,-0.020275201538470178,0.05
ppo_with_uncertainty_guard_epistemic,0.2113386787599074,0.24248352582206129,32,0.7855836594789731,cpu,2107708.7926170905,test_legacy,0.29970620806414694,0.1,20,False,42,0.7906762654306346,PGR,50000,epistemic,-0.020769216076886553,0.05
ppo_with_uncertainty_guard_epistemic,0.2179088622419566,0.24974331009729972,32,0.7855748120445948,cpu,2152516.0983956154,test_legacy,0.2997157197364544,0.1,20,False,53,0.7893513358181885,PGR,50000,epistemic,-0.02159820094611602,0.05
ppo_with_uncertainty_guard_epistemic,0.1986735181768799,0.23390084907316072,32,0.7946808709876854,cpu,2023294.4829510013,test_legacy,0.2869536692257093,0.1,20,False,67,0.7747531554401845,PGR,50000,epistemic,-0.019990719415434823,0.05
ppo_with_uncertainty_guard_epistemic,0.19095230531943583,0.23077888018512965,32,0.7855696185582053,cpu,1973080.3432326727,test_legacy,0.2997215676012991,0.1,20,False,89,0.757231871966846,PGR,50000,epistemic,-0.019146647374422975,0.05
ppo_with_uncertainty_guard_epistemic,1.0363414468106822,0.6223855824068107,32,0.8889854207361167,cpu,15888601.392389696,test_legacy,0.4906580944381246,0.1,20,False,7,1.142627059597487,PLTR,50000,epistemic,-0.05276036195432834,0.05
ppo_with_uncertainty_guard_epistemic,1.0197461833170243,0.6228877199579325,32,0.8890152801940402,cpu,15390946.135604225,test_legacy,0.49693258234344817,0.1,20,False,13,1.1285688415686428,PLTR,50000,epistemic,-0.052994563958980924,0.05
ppo_with_uncertainty_guard_epistemic,1.0225064270378406,0.6303500641667342,32,0.8889882988422867,cpu,15472905.519466702,test_legacy,0.5091410453514864,0.1,20,False,19,1.117374948264304,PLTR,50000,epistemic,-0.05546572636934979,0.05
ppo_with_uncertainty_guard_epistemic,0.654433406249944,0.4580369058512118,32,0.9235860214211269,cpu,7084395.48163648,test_legacy,0.3916031842070714,0.1,20,False,23,1.099165627431553,PLTR,50000,epistemic,-0.04121894955107628,0.05
ppo_with_uncertainty_guard_epistemic,1.1051552079453857,0.57945676486449,32,0.8890730065824329,cpu,18080732.68588207,test_legacy,0.40565524844838396,0.1,20,False,29,1.284632501705069,PLTR,50000,epistemic,-0.04996221689561695,0.05
ppo_with_uncertainty_guard_epistemic,0.7909865649257535,0.5050272997823171,32,0.9324417357153828,cpu,9643794.38524187,test_legacy,0.44927577027801957,0.1,20,False,37,1.1539305670871804,PLTR,50000,epistemic,-0.04398138958994515,0.05
ppo_with_uncertainty_guard_epistemic,0.7594155542312392,0.4857821292639677,32,0.8897268339861094,cpu,8999337.71383419,test_legacy,0.39546688207317027,0.1,20,False,42,1.1630347511395471,PLTR,50000,epistemic,-0.04173884650472095,0.05
ppo_with_uncertainty_guard_epistemic,1.00235242879839,0.6475027652983112,32,0.8890376578497265,cpu,14881872.29786926,test_legacy,0.5450754108980089,0.1,20,False,53,1.0723082135678539,PLTR,50000,epistemic,-0.057144391626627475,0.05
ppo_with_uncertainty_guard_epistemic,1.0585020990800835,0.6229816921546373,32,0.888985422265396,cpu,16571667.918840395,test_legacy,0.4694405253667491,0.1,20,False,67,1.1589078893679463,PLTR,50000,epistemic,-0.054180733452171115,0.05
ppo_with_uncertainty_guard_epistemic,0.8597158975788587,0.4772159036515675,32,0.8903645116423738,cpu,11164721.723439405,test_legacy,0.3932737412819264,0.1,20,False,89,1.3000897951876258,PLTR,50000,epistemic,-0.040068692429928186,0.05
ppo_with_uncertainty_guard_epistemic,0.2088503368232638,0.27714171127561427,32,0.8757154618180776,cpu,2090921.0718267378,test_legacy,0.24833888205834598,0.1,20,False,7,0.6843779075079517,PPLT,50000,epistemic,-0.024706212895474877,0.05
ppo_with_uncertainty_guard_epistemic,0.20485647484469494,0.27766159783331534,32,0.8757154524286774,cpu,2064184.2054700337,test_legacy,0.24877975370604255,0.1,20,False,13,0.6711779617492193,PPLT,50000,epistemic,-0.024718924660187814,0.05
ppo_with_uncertainty_guard_epistemic,0.202635175636383,0.2806154078655627,32,0.875715499839887,cpu,2049424.115512709,test_legacy,0.24876431570049584,0.1,20,False,19,0.6575370393034913,PPLT,50000,epistemic,-0.024748561278162027,0.05
ppo_with_uncertainty_guard_epistemic,0.20290104916620716,0.27878955730401966,32,0.8757154963535873,cpu,2051186.6485143085,test_legacy,0.2482547089419228,0.1,20,False,23,0.6626362795331285,PPLT,50000,epistemic,-0.02467245946440686,0.05
ppo_with_uncertainty_guard_epistemic,0.20705962428166963,0.2787575790227568,32,0.8757154506850345,cpu,2078901.5518462753,test_legacy,0.2492380532656977,0.1,20,False,29,0.6750927925599397,PPLT,50000,epistemic,-0.02482490276564917,0.05
ppo_with_uncertainty_guard_epistemic,0.20671367863814769,0.26599944357430677,32,0.8757173845334708,cpu,2076585.443845305,test_legacy,0.24594645321213227,0.1,20,False,37,0.7063946523588746,PPLT,50000,epistemic,-0.02328730973307884,0.05
ppo_with_uncertainty_guard_epistemic,0.12139683082023124,0.18417417314678367,32,0.925253366790526,cpu,1561379.5386910401,test_legacy,0.19596989729713443,0.1,20,False,42,0.6221012311234335,PPLT,50000,epistemic,-0.016194625998062404,0.05
ppo_with_uncertainty_guard_epistemic,0.20432323723612866,0.27785758921987114,32,0.8757166205173654,cpu,2060633.7685775273,test_legacy,0.24859408995073562,0.1,20,False,53,0.6691113768899718,PPLT,50000,epistemic,-0.024673679120354654,0.05
ppo_with_uncertainty_guard_epistemic,0.10857309122041259,0.1516480175638227,32,0.90046647312844,cpu,1493081.5044756338,test_legacy,0.15088311960423306,0.1,20,False,67,0.6796895779409847,PPLT,50000,epistemic,-0.012593141796479568,0.05
ppo_with_uncertainty_guard_epistemic,0.1972255094751218,0.23771228967048785,32,0.8823639433985495,cpu,2013805.9950723248,test_legacy,0.20962893591409337,0.1,20,False,89,0.7572460154397,PPLT,50000,epistemic,-0.021000721361404295,0.05
ppo_with_uncertainty_guard_epistemic,0.04107450576456405,0.37047785626633434,32,0.7889420788612624,cpu,1169458.5200024692,test_legacy,0.4423404885495468,0.1,20,False,7,0.10865248889363789,QCOM,50000,epistemic,-0.03696118587205701,0.05
ppo_with_uncertainty_guard_epistemic,-0.003547368291864164,0.023677396542104177,32,0.9579495806834506,cpu,986275.2080084799,test_legacy,0.04428294834537616,0.1,20,True,13,-0.1500862347982581,QCOM,50000,epistemic,0.0,0.018367346938775512
ppo_with_uncertainty_guard_epistemic,0.04041920900023043,0.3750738371292467,32,0.7889419724539645,cpu,1166598.482763472,test_legacy,0.4423405640973339,0.1,20,False,19,0.10564240109713047,QCOM,50000,epistemic,-0.036966426065662715,0.05
ppo_with_uncertainty_guard_epistemic,0.022536954621952446,0.12855786312494405,32,0.9804220411071118,cpu,1090537.4993422283,test_legacy,0.21338588979508732,0.1,20,True,23,0.17335946366558716,QCOM,50000,epistemic,-0.011839543153929365,0.05
ppo_with_uncertainty_guard_epistemic,0.07299896188912935,0.3183562796018095,32,0.7915604693853775,cpu,1315216.6093050197,test_legacy,0.43982515276461176,0.1,20,False,29,0.22131638527385264,QCOM,50000,epistemic,-0.028726573666574228,0.05
ppo_with_uncertainty_guard_epistemic,0.05467247548850414,0.34286372359323086,32,0.7899362494368114,cpu,1229990.6915253052,test_legacy,0.44142988267168914,0.1,20,False,37,0.155251899358912,QCOM,50000,epistemic,-0.030918665248497044,0.05
ppo_with_uncertainty_guard_epistemic,0.006790350320011768,0.05761061484132824,32,0.981509289378313,cpu,1026667.0334849833,test_legacy,0.10348035450741211,0.1,20,True,42,0.11746760729727461,QCOM,50000,epistemic,-0.0045112553597483895,0.05
ppo_with_uncertainty_guard_epistemic,0.038591443350875124,0.34647717617089396,32,0.7972430254304659,cpu,1158648.67050646,test_legacy,0.4142946933047922,0.1,20,False,53,0.10928684199680058,QCOM,50000,epistemic,-0.034041640367711956,0.05
ppo_with_uncertainty_guard_epistemic,-0.0027908243911639393,0.023635288335372973,32,0.9607811155202809,cpu,989190.4685467074,test_legacy,0.04428294834537616,0.1,20,True,67,-0.11824299294505405,QCOM,50000,epistemic,0.0,0.036734693877551024
ppo_with_uncertainty_guard_epistemic,0.04052643729070591,0.3714075243902351,32,0.7889419757831145,cpu,1167066.1238000165,test_legacy,0.44234056173705794,0.1,20,False,89,0.10696271668300146,QCOM,50000,epistemic,-0.036506700743504705,0.05
ppo_with_uncertainty_guard_epistemic,0.16721750006707492,0.22442356791775886,32,0.9778220342115369,cpu,1824508.3327260544,test_legacy,0.26655086969828845,0.1,20,True,7,0.6889766675597357,QQQ,50000,epistemic,-0.022191162558696752,0.05
ppo_with_uncertainty_guard_epistemic,0.0962744212522228,0.14875249150384234,32,0.983531855124355,cpu,1429689.2400217107,test_legacy,0.1990789312084107,0.1,20,True,13,0.6179220429706422,QQQ,50000,epistemic,-0.015007296324654185,0.05
ppo_with_uncertainty_guard_epistemic,0.17365383597657585,0.2187134949430667,32,0.9778221449157052,cpu,1863946.4064735658,test_legacy,0.24808207624789824,0.1,20,True,19,0.7321071026130175,QQQ,50000,epistemic,-0.02178976209865997,0.05
ppo_with_uncertainty_guard_epistemic,0.1539144719912218,0.1837868976743571,32,0.97905771096741,cpu,1744963.31316704,test_legacy,0.21149605852529296,0.1,20,True,23,0.7789452300722831,QQQ,50000,epistemic,-0.018511100217482923,0.05
ppo_with_uncertainty_guard_epistemic,0.18763308666806577,0.18967904122361168,32,0.9780108429746396,cpu,1951781.1573147527,test_legacy,0.22589278299596716,0.1,20,True,29,0.9065955764204569,QQQ,50000,epistemic,-0.018672018434558613,0.05
ppo_with_uncertainty_guard_epistemic,0.14714018444479982,0.16582925282905064,32,0.9796175906795163,cpu,1705461.4959393796,test_legacy,0.20828596128146393,0.1,20,True,37,0.8277907261674494,QQQ,50000,epistemic,-0.016558297657410303,0.05
ppo_with_uncertainty_guard_epistemic,0.16080157568930542,0.19888425917876823,32,0.9778751579136377,cpu,1785815.6462992616,test_legacy,0.2255038500683606,0.1,20,True,42,0.749735859451365,QQQ,50000,epistemic,-0.020324996390465165,0.05
ppo_with_uncertainty_guard_epistemic,0.12927434541789345,0.18186345220146452,32,0.9822119905636759,cpu,1604468.6705765345,test_legacy,0.24161474196866572,0.1,20,True,53,0.6684968675924333,QQQ,50000,epistemic,-0.01862983260155877,0.05
ppo_with_uncertainty_guard_epistemic,0.1785817403285625,0.21082921596139198,32,0.9778305102449981,cpu,1894567.036701422,test_legacy,0.22735953861998892,0.1,20,True,67,0.7793591422042351,QQQ,50000,epistemic,-0.020938457887854423,0.05
ppo_with_uncertainty_guard_epistemic,0.15569144351587233,0.1954889581359221,32,0.9788816099919002,cpu,1755436.6381320616,test_legacy,0.21461222657762224,0.1,20,True,89,0.7401886077150394,QQQ,50000,epistemic,-0.01986698363787074,0.05
ppo_with_uncertainty_guard_epistemic,0.05867429994192245,0.30958960934338275,32,0.6530660650676687,cpu,1248240.0334751992,test_legacy,0.5969200848175429,0.1,20,False,7,0.18417102514541261,REGN,50000,epistemic,-0.02641519626752853,0.05
ppo_with_uncertainty_guard_epistemic,0.002243558974241993,0.0067383157338718235,32,0.9957486673920384,cpu,1008753.2664461005,test_legacy,0.005500230252755922,0.1,20,True,13,0.3325746741113014,REGN,50000,epistemic,0.0,0.01020408163265306
ppo_with_uncertainty_guard_epistemic,0.06140449188687524,0.22615871637336568,32,0.7908473928155534,cpu,1260805.303690857,test_legacy,0.45096773791299793,0.1,20,False,19,0.26350070679796933,REGN,50000,epistemic,-0.019076113194584375,0.05
ppo_with_uncertainty_guard_epistemic,0.0532831011612802,0.30418567217754877,32,0.6530707573670176,cpu,1223701.3884525015,test_legacy,0.5969170876043389,0.1,20,False,23,0.17065899770930903,REGN,50000,epistemic,-0.02522477463759793,0.05
ppo_with_uncertainty_guard_epistemic,0.05888556445979952,0.2757190691347795,32,0.6880270878000699,cpu,1249209.009466249,test_legacy,0.5506538321507675,0.1,20,False,29,0.20751908098737806,REGN,50000,epistemic,-0.023926677460581126,0.05
ppo_with_uncertainty_guard_epistemic,0.04677637016922828,0.28963320034389883,32,0.654529929811507,cpu,1194564.629608029,test_legacy,0.5957446565912903,0.1,20,False,37,0.15783857966851325,REGN,50000,epistemic,-0.024250405192434953,0.05
ppo_with_uncertainty_guard_epistemic,0.06056616225364039,0.2619843112411055,32,0.7130301118193467,cpu,1256937.076704432,test_legacy,0.5286773404869289,0.1,20,False,42,0.22445178094669238,REGN,50000,epistemic,-0.02224300832369943,0.05
ppo_with_uncertainty_guard_epistemic,0.0014142121201373148,0.007436580353047733,32,0.9925481583368233,cpu,1005510.9583522376,test_legacy,0.00957960677346592,0.1,20,True,53,0.19003128190153634,REGN,50000,epistemic,-1.6973228007888254e-05,0.05
ppo_with_uncertainty_guard_epistemic,0.05273863056455107,0.2830515702760618,32,0.6722876993262001,cpu,1221243.2518629553,test_legacy,0.5785056286453292,0.1,20,False,67,0.18157454268381829,REGN,50000,epistemic,-0.02380715976163845,0.05
ppo_with_uncertainty_guard_epistemic,0.022808666587979507,0.25546904708290297,32,0.6722618895054184,cpu,1091664.8592324518,test_legacy,0.5814225355748279,0.1,20,False,89,0.0882784980697988,REGN,50000,epistemic,-0.021629553187850623,0.05
ppo_with_uncertainty_guard_epistemic,0.10840967054518201,0.13346794301110776,32,1.0,cpu,1492225.7301723417,test_legacy,0.19964988295407404,0.1,20,True,7,0.7711674729275135,RY,50000,epistemic,-0.013025056590510342,0.05
ppo_with_uncertainty_guard_epistemic,0.11665702911008712,0.13777102452160417,32,1.0,cpu,1535871.1886605113,test_legacy,0.20095867496452546,0.1,20,True,13,0.8008890093536803,RY,50000,epistemic,-0.013850083303308036,0.05
ppo_with_uncertainty_guard_epistemic,0.15911144638664304,0.18043813957369514,32,1.0,cpu,1775725.1946127934,test_legacy,0.24487242170642354,0.1,20,True,19,0.8183058612061488,RY,50000,epistemic,-0.017824874634441913,0.05
ppo_with_uncertainty_guard_epistemic,0.1597528455851698,0.17877627159720763,32,1.0,cpu,1779549.4916682513,test_legacy,0.2426623501477937,0.1,20,True,23,0.829007033994409,RY,50000,epistemic,-0.01768754279596143,0.05
ppo_with_uncertainty_guard_epistemic,0.16944389263566725,0.16817468185015147,32,1.0,cpu,1838079.5151888898,test_legacy,0.21953151954921968,0.1,20,True,29,0.9307476066135636,RY,50000,epistemic,-0.016432865404575468,0.05
ppo_with_uncertainty_guard_epistemic,0.15988986860399054,0.1790302726389446,32,1.0,cpu,1780367.2741552405,test_legacy,0.24308112713236962,0.1,20,True,37,0.8284907688923351,RY,50000,epistemic,-0.017593395031367275,0.05
ppo_with_uncertainty_guard_epistemic,0.1491199478511858,0.17085989132792762,32,1.0,cpu,1716936.3379402221,test_legacy,0.239342859068842,0.1,20,True,42,0.8135101600091241,RY,50000,epistemic,-0.016601898455171682,0.05
ppo_with_uncertainty_guard_epistemic,0.15864210765485276,0.17738665712338583,32,1.0,cpu,1772930.6665474875,test_legacy,0.24234454491253432,0.1,20,True,53,0.8300995869644896,RY,50000,epistemic,-0.017455449444738314,0.05
ppo_with_uncertainty_guard_epistemic,0.16302491084349996,0.17073828811759925,32,1.0,cpu,1799154.2513695932,test_legacy,0.2219099296608612,0.1,20,True,67,0.884535941096533,RY,50000,epistemic,-0.0167897820193569,0.05
ppo_with_uncertainty_guard_epistemic,0.1492860695262811,0.1235524302285035,32,1.0,cpu,1717901.7914177077,test_legacy,0.13604481593697548,0.1,20,True,89,1.126167744777592,RY,50000,epistemic,-0.0111323084680639,0.05
ppo_with_uncertainty_guard_epistemic,1.0009070683276833,0.7568097316740622,32,0.9568950894708974,cpu,14840140.61318783,test_legacy,0.721707814882808,0.1,20,True,7,0.916479317578844,RYTM,50000,epistemic,-0.06319108104185611,0.05
ppo_with_uncertainty_guard_epistemic,0.6561892132926952,0.4877659903048184,32,0.9698579569783665,cpu,7113678.882661473,test_legacy,0.49502800459722063,0.1,20,True,23,1.0343467041602497,RYTM,50000,epistemic,-0.036814497587219816,0.05
ppo_with_uncertainty_guard_epistemic,0.7637784483181116,0.5393085878971368,32,0.9606916387228227,cpu,9086433.580784017,test_legacy,0.46234674200239445,0.1,20,True,29,1.0521957172737089,RYTM,50000,epistemic,-0.04701572542292709,0.05
ppo_with_uncertainty_guard_epistemic,0.25648401330880094,0.35252287286755296,32,0.9840708720169881,cpu,2430023.2469263133,test_legacy,0.45282171628343826,0.1,20,True,37,0.6476664905659152,RYTM,50000,epistemic,-0.030948259997441063,0.05
ppo_with_uncertainty_guard_epistemic,0.9917174693256949,0.7579150467977792,32,0.9568950894708974,cpu,14576840.590705238,test_legacy,0.7273678254769427,0.1,20,True,42,0.9090691298928134,RYTM,50000,epistemic,-0.06320077889087958,0.05
ppo_with_uncertainty_guard_epistemic,0.9734158944177796,0.7162627363489343,32,0.956902623355196,cpu,14062820.005544046,test_legacy,0.640169178036233,0.1,20,True,53,0.9490453887755409,RYTM,50000,epistemic,-0.06108215637465539,0.05
ppo_with_uncertainty_guard_epistemic,0.043740254885201196,0.20488782652876716,32,0.9422494520413676,cpu,1181146.8838896677,test_legacy,0.2904646460811995,0.1,20,False,89,0.20894666149012772,RYTM,50000,epistemic,-0.01841072538052089,0.05
ppo_with_uncertainty_guard_epistemic,0.23366967500373498,0.25130794022978775,32,0.7887700567179694,cpu,2262884.291858386,test_legacy,0.2779436778588159,0.1,20,False,7,0.8356006198076895,SAP,50000,epistemic,-0.023983998935218586,0.05
ppo_with_uncertainty_guard_epistemic,-0.004257470756364824,0.014695217849548652,32,0.9835447158098828,cpu,983544.7158098827,test_legacy,0.041111524017021894,0.1,20,True,13,-0.29033346397425,SAP,50000,epistemic,-0.0009662080877544276,0.05
ppo_with_uncertainty_guard_epistemic,0.2242855767617178,0.264801944411757,32,0.7887667389990696,cpu,2196676.9066319996,test_legacy,0.319888898015234,0.1,20,False,19,0.7641837765334214,SAP,50000,epistemic,-0.025355594171282546,0.05
ppo_with_uncertainty_guard_epistemic,0.20827331608703067,0.2360894263232699,32,0.7895238201844365,cpu,2087042.40380355,test_legacy,0.2491481621862245,0.1,20,False,23,0.801358217072443,SAP,50000,epistemic,-0.02216043962776206,0.05
ppo_with_uncertainty_guard_epistemic,-0.0054193803819996295,0.009211094555177305,32,0.9790890474409957,cpu,979089.0474409957,test_legacy,0.021880295158179797,0.1,20,True,29,-0.5899434440107488,SAP,50000,epistemic,0.0,0.04285714285714286
ppo_with_uncertainty_guard_epistemic,0.2384382029885348,0.24684675142919307,32,0.7894653936500515,cpu,2297089.8931123577,test_legacy,0.2563201794899005,0.1,20,False,37,0.8663307630344282,SAP,50000,epistemic,-0.023459277326473415,0.05
ppo_with_uncertainty_guard_epistemic,0.025399939012534303,0.13109584524244736,32,0.8507739332459834,cpu,1102459.854556229,test_legacy,0.218105372539954,0.1,20,False,42,0.191330934031307,SAP,50000,epistemic,-0.01321177100666988,0.05
ppo_with_uncertainty_guard_epistemic,0.23484358737918767,0.2578717321067412,32,0.7887678363649931,cpu,2271269.6487136055,test_legacy,0.2918767290947354,0.1,20,False,53,0.8180197983850244,SAP,50000,epistemic,-0.02421193112403115,0.05
ppo_with_uncertainty_guard_epistemic,0.23939071859510241,0.2574960707039916,32,0.7887667390210434,cpu,2303968.2346278033,test_legacy,0.28474161440595513,0.1,20,False,67,0.8334875557189483,SAP,50000,epistemic,-0.024541488931592602,0.05
ppo_with_uncertainty_guard_epistemic,0.22610907244729067,0.2218660647735775,32,0.7895282044511983,cpu,2209428.0151562165,test_legacy,0.2490912302451732,0.1,20,False,89,0.9187779754439189,SAP,50000,epistemic,-0.019876240371466555,0.05
ppo_with_uncertainty_guard_epistemic,0.12922199903938034,0.17550988853537072,32,0.9966140011702803,cpu,1604179.4595301754,test_legacy,0.2110374393796015,0.1,20,True,7,0.6924327185794725,SCHB,50000,epistemic,-0.017004851035557867,0.05
ppo_with_uncertainty_guard_epistemic,0.09196694125561052,0.13300504861111356,32,0.9972149528123897,cpu,1407966.9586158907,test_legacy,0.16750665508479246,0.1,20,True,13,0.6614823963500636,SCHB,50000,epistemic,-0.013130725507131569,0.05
ppo_with_uncertainty_guard_epistemic,0.13168924680594934,0.17403872906663534,32,0.9966140011702805,cpu,1617853.040519747,test_legacy,0.2057576320852308,0.1,20,True,19,0.7108263371131051,SCHB,50000,epistemic,-0.016971801336739832,0.05
ppo_with_uncertainty_guard_epistemic,0.13467117663441844,0.16528309859298304,32,0.9966140080041264,cpu,1634494.3448834054,test_legacy,0.19342765150916486,0.1,20,True,23,0.7644022678224935,SCHB,50000,epistemic,-0.016553961524098958,0.05
ppo_with_uncertainty_guard_epistemic,0.14895476137614566,0.1492041477345986,32,0.9966140026812755,cpu,1715976.7193089202,test_legacy,0.19343326149721995,0.1,20,True,29,0.930620765560616,SCHB,50000,epistemic,-0.014646318379539202,0.05
ppo_with_uncertainty_guard_epistemic,0.1197156755460606,0.13560832345546278,32,0.9966835229810599,cpu,1552296.2745052644,test_legacy,0.18722857114520286,0.1,20,True,37,0.8338327376307328,SCHB,50000,epistemic,-0.013055993672427402,0.05
ppo_with_uncertainty_guard_epistemic,0.026677232313604984,0.08252463723268602,32,0.9964857970144303,cpu,1107810.0172913566,test_legacy,0.1393212574571252,0.1,20,True,42,0.3190265321717753,SCHB,50000,epistemic,-0.008461661986513746,0.05
ppo_with_uncertainty_guard_epistemic,0.11710370452687532,0.1552070243710707,32,0.9968873902494945,cpu,1538261.7698572506,test_legacy,0.1917467916558021,0.1,20,True,53,0.7134937672708467,SCHB,50000,epistemic,-0.015162175716260594,0.05
ppo_with_uncertainty_guard_epistemic,0.11632443463933292,0.15111716202806982,32,0.9969482339778882,cpu,1534092.95552047,test_legacy,0.17392977346917737,0.1,20,True,67,0.7281861085809247,SCHB,50000,epistemic,-0.014868244786019868,0.05
ppo_with_uncertainty_guard_epistemic,0.11319514559566317,0.1324260621100491,32,0.997196570308387,cpu,1517436.8481474135,test_legacy,0.16857787607964392,0.1,20,True,89,0.8097670476584812,SCHB,50000,epistemic,-0.013022718032315871,0.05
ppo_with_uncertainty_guard_epistemic,0.046313970758132206,0.12986858365914886,32,0.9801296236512326,cpu,1192513.838483306,test_legacy,0.15009154437834105,0.1,20,True,7,0.3486095500219035,SCHD,50000,epistemic,-0.012553622055360059,0.05
ppo_with_uncertainty_guard_epistemic,-0.004653647706653267,0.04580105542835858,32,0.9743671552843342,cpu,982023.7754207046,test_legacy,0.06903232603827003,0.1,20,True,13,-0.10184248869422458,SCHD,50000,epistemic,-0.004367115966278056,0.05
ppo_with_uncertainty_guard_epistemic,0.053030502902708644,0.14832660593206937,32,0.9810626821211273,cpu,1222560.5194573828,test_legacy,0.161248381619986,0.1,20,True,19,0.34836733925709745,SCHD,50000,epistemic,-0.014594942386979337,0.05
ppo_with_uncertainty_guard_epistemic,0.05295395039758878,0.14717889556862562,32,0.9810626821242577,cpu,1222214.923420849,test_legacy,0.1612483816170227,0.1,20,True,23,0.35058997097126415,SCHD,50000,epistemic,-0.014482046043731866,0.05
ppo_with_uncertainty_guard_epistemic,0.04600061809529217,0.12067111421581495,32,0.9828578928419706,cpu,1191125.5732328002,test_legacy,0.13713840108081088,0.1,20,True,29,0.3726981198782305,SCHD,50000,epistemic,-0.011510892672112315,0.05
ppo_with_uncertainty_guard_epistemic,0.035736986053090725,0.10577745574426031,32,0.9821378150833081,cpu,1146313.8859338462,test_legacy,0.12058538206845382,0.1,20,True,37,0.33195338455211676,SCHD,50000,epistemic,-0.009885053708091451,0.05
ppo_with_uncertainty_guard_epistemic,0.05437423486389205,0.1437214684929641,32,0.9810627416346586,cpu,1228638.6216051595,test_legacy,0.1612483128853448,0.1,20,True,42,0.36840279127049835,SCHD,50000,epistemic,-0.01404298818566927,0.05
ppo_with_uncertainty_guard_epistemic,0.05311325713135317,0.14733894871026207,32,0.9810626821297599,cpu,1222934.1948017927,test_legacy,0.16124838161050847,0.1,20,True,53,0.3512358999031524,SCHD,50000,epistemic,-0.01448204618313822,0.05
ppo_with_uncertainty_guard_epistemic,0.044648904578706385,0.12409509052915539,32,0.9815218067367623,cpu,1185150.7502342868,test_legacy,0.14215996173201229,0.1,20,True,67,0.3519945585329885,SCHD,50000,epistemic,-0.01176806874794858,0.05
ppo_with_uncertainty_guard_epistemic,0.020348233566172574,0.07891212317238099,32,0.9868322165137972,cpu,1081487.7922613171,test_legacy,0.11065506609803377,0.1,20,True,89,0.2552704597834315,SCHD,50000,epistemic,-0.007298714337334822,0.05
ppo_with_uncertainty_guard_epistemic,0.10698818556902986,0.15896352916321507,32,0.998347831074295,cpu,1484797.2934306283,test_legacy,0.2414416171859337,0.1,20,True,7,0.639410059812855,SCHF,50000,epistemic,-0.01520534014873025,0.05
ppo_with_uncertainty_guard_epistemic,0.06878158704685414,0.11092274851114807,32,0.9987215522692531,cpu,1295227.2352189086,test_legacy,0.1803542888752805,0.1,20,True,13,0.599689438449279,SCHF,50000,epistemic,-0.010327447117892952,0.05
ppo_with_uncertainty_guard_epistemic,0.10669436970406981,0.16018939124916157,32,0.9983478310742949,cpu,1483265.2945310916,test_legacy,0.2420090652286193,0.1,20,True,19,0.6328598015022766,SCHF,50000,epistemic,-0.015378800611019728,0.05
ppo_with_uncertainty_guard_epistemic,0.10788111895976253,0.1584844937976919,32,0.9983478310743075,cpu,1489460.3937035657,test_legacy,0.2369146370982188,0.1,20,True,23,0.6464303487272044,SCHF,50000,epistemic,-0.015201568214939875,0.05
ppo_with_uncertainty_guard_epistemic,0.11651673557001276,0.1527722508632307,32,0.9983478310809712,cpu,1535120.9155468368,test_legacy,0.21091665041478336,0.1,20,True,29,0.7214246458712451,SCHF,50000,epistemic,-0.01482946080555898,0.05
ppo_with_uncertainty_guard_epistemic,0.1122280225914897,0.15595286721488696,32,0.9983478310745966,cpu,1512316.475982858,test_legacy,0.22487157429956017,0.1,20,True,37,0.6820337754898034,SCHF,50000,epistemic,-0.01488243567870846,0.05
ppo_with_uncertainty_guard_epistemic,0.10947819834327764,0.15368785143990765,32,0.9983478352100996,cpu,1497827.8225572824,test_legacy,0.22178095934108233,0.1,20,True,42,0.6759786471883856,SCHF,50000,epistemic,-0.014630813085321126,0.05
ppo_with_uncertainty_guard_epistemic,0.11183581873316932,0.153530713220469,32,0.99834806218377,cpu,1510243.6395615828,test_legacy,0.2190574220863294,0.1,20,True,53,0.6904965662375188,SCHF,50000,epistemic,-0.014760618407462456,0.05
ppo_with_uncertainty_guard_epistemic,0.09589797702003558,0.13982937655210845,32,0.9985169739087245,cpu,1427780.999417654,test_legacy,0.21117886959069831,0.1,20,True,67,0.6548981038792194,SCHF,50000,epistemic,-0.013492978987567118,0.05
ppo_with_uncertainty_guard_epistemic,0.012087902372863751,0.052273494051446365,32,0.9958728737181599,cpu,1047835.555735818,test_legacy,0.09208271917898403,0.1,20,True,89,0.22985627563018798,SCHF,50000,epistemic,-0.0050499094697338265,0.05
ppo_with_uncertainty_guard_epistemic,0.17739285337476446,0.21889125123707498,32,0.9783924110941016,cpu,1887145.6765774924,test_legacy,0.24943980166357838,0.1,20,True,7,0.7460436559417157,SCHG,50000,epistemic,-0.021986562971623512,0.05
ppo_with_uncertainty_guard_epistemic,0.11775675518765105,0.1653747286649752,32,0.9824119227071662,cpu,1541761.8328954254,test_legacy,0.2099680162407136,0.1,20,True,13,0.673160123739235,SCHG,50000,epistemic,-0.016693924416740023,0.05
ppo_with_uncertainty_guard_epistemic,0.18226443815253912,0.2148536958609545,32,0.9783924253992397,cpu,1917693.0877567765,test_legacy,0.2381416643855595,0.1,20,True,19,0.7792814106610003,SCHG,50000,epistemic,-0.021297877089559235,0.05
ppo_with_uncertainty_guard_epistemic,0.016633884866073506,0.07398349713559427,32,0.997095237364904,cpu,1066257.8923989772,test_legacy,0.1487575084353654,0.1,20,True,23,0.22298245255588206,SCHG,50000,epistemic,-0.006901091035942297,0.05
ppo_with_uncertainty_guard_epistemic,0.2001571135249217,0.19630487532166863,32,0.9783924568137969,cpu,2033050.566719928,test_legacy,0.2339230828097565,0.1,20,True,29,0.929433506524534,SCHG,50000,epistemic,-0.019390200433412195,0.05
ppo_with_uncertainty_guard_epistemic,0.1810116739341679,0.2030226272698489,32,0.97839525379809,cpu,1909802.768699261,test_legacy,0.23383731078930192,0.1,20,True,37,0.8194716722178601,SCHG,50000,epistemic,-0.020215717511892883,0.05
ppo_with_uncertainty_guard_epistemic,0.16058180737040464,0.1918821374712727,32,0.9785118681861059,cpu,1784501.1768775824,test_legacy,0.22915133800891851,0.1,20,True,42,0.7761082725948052,SCHG,50000,epistemic,-0.019305085344871388,0.05
ppo_with_uncertainty_guard_epistemic,0.1112131348148486,0.15951133756865357,32,0.9848833345480622,cpu,1506957.029404509,test_legacy,0.22361324711869013,0.1,20,True,53,0.6610955022856941,SCHG,50000,epistemic,-0.015672375386364745,0.05
ppo_with_uncertainty_guard_epistemic,0.18222720899372832,0.21441707593620538,32,0.9783925224319614,cpu,1917458.2578093864,test_legacy,0.23391729383934035,0.1,20,True,67,0.7807214049327881,SCHG,50000,epistemic,-0.02170036464326568,0.05
ppo_with_uncertainty_guard_epistemic,0.1556813797850718,0.19532226534564195,32,0.979978955922074,cpu,1755377.192172203,test_legacy,0.22183015703699493,0.1,20,True,89,0.7407757194774593,SCHG,50000,epistemic,-0.01918251139915439,0.05
ppo_with_uncertainty_guard_epistemic,0.1321367442848479,0.1752020076261764,32,0.9966886810932154,cpu,1620342.3337283435,test_legacy,0.21073067733299233,0.1,20,True,7,0.7083632234353798,SCHK,50000,epistemic,-0.016558558604072092,0.05
ppo_with_uncertainty_guard_epistemic,0.09728245688229242,0.13641616807724238,32,0.997227670419067,cpu,1434808.4218816683,test_legacy,0.17123758043617954,0.1,20,True,13,0.68053899059154,SCHK,50000,epistemic,-0.013127013109201613,0.05
ppo_with_uncertainty_guard_epistemic,0.13409497746159713,0.1743282797661557,32,0.9966886810932154,cpu,1631268.8749909194,test_legacy,0.20796157172429452,0.1,20,True,19,0.7218268989746921,SCHK,50000,epistemic,-0.016490994782427926,0.05
ppo_with_uncertainty_guard_epistemic,0.13724204715714106,0.16166832117829757,32,0.9966887764102248,cpu,1648943.4240877023,test_legacy,0.1919830095192897,0.1,20,True,23,0.7954925688503998,SCHK,50000,epistemic,-0.01617857061361816,0.05
ppo_with_uncertainty_guard_epistemic,0.151978439946494,0.14813559358190673,32,0.9966886854079046,cpu,1733605.4119112005,test_legacy,0.1920424856995564,0.1,20,True,29,0.9550756286169587,SCHK,50000,epistemic,-0.014633324103646927,0.05
ppo_with_uncertainty_guard_epistemic,0.12877151735489334,0.14226887514173603,32,0.996704562951484,cpu,1601692.1717871772,test_legacy,0.19010323873934387,0.1,20,True,37,0.8514142906045006,SCHK,50000,epistemic,-0.013898727830202783,0.05
ppo_with_uncertainty_guard_epistemic,0.12382064595910942,0.15067350561209658,32,0.9968156903562402,cpu,1574544.8098616574,test_legacy,0.18463993205099538,0.1,20,True,42,0.774748338305945,SCHK,50000,epistemic,-0.014529917376074052,0.05
ppo_with_uncertainty_guard_epistemic,0.1281879718996371,0.15909745540535994,32,0.9968531715403934,cpu,1598474.4468511879,test_legacy,0.18720506593243524,0.1,20,True,53,0.7581055290597968,SCHK,50000,epistemic,-0.015517011645261824,0.05
ppo_with_uncertainty_guard_epistemic,0.11305264023151797,0.1475510930802024,32,0.9971018871811819,cpu,1516681.5546202403,test_legacy,0.1703272958476344,0.1,20,True,67,0.7258926349694441,SCHK,50000,epistemic,-0.01389919642072428,0.05
ppo_with_uncertainty_guard_epistemic,0.06894550678864612,0.09186881168257899,32,0.9974979184324547,cpu,1295999.933615713,test_legacy,0.14153151784864337,0.1,20,True,89,0.7257363890910244,SCHK,50000,epistemic,-0.00900642070385942,0.05
ppo_with_uncertainty_guard_epistemic,0.09000274991562675,0.13693906750294163,32,0.9976650063549504,cpu,1398143.5158039466,test_legacy,0.1521854731392378,0.1,20,True,7,0.6293318682855417,SCHV,50000,epistemic,-0.013407598887365868,0.05
ppo_with_uncertainty_guard_epistemic,0.07804470886515635,0.12876982310237017,32,0.9978376663013371,cpu,1339432.3425882522,test_legacy,0.153190695002558,0.1,20,True,13,0.5835905577489445,SCHV,50000,epistemic,-0.012406475434826359,0.05
ppo_with_uncertainty_guard_epistemic,0.08821933252829113,0.148173600713088,32,0.9976627281986161,cpu,1389268.3566506135,test_legacy,0.18104779675207605,0.1,20,True,19,0.5705647263267898,SCHV,50000,epistemic,-0.013964022644593932,0.05
ppo_with_uncertainty_guard_epistemic,0.08806079158728433,0.14797312952566746,32,0.9976627281986161,cpu,1388481.4100208923,test_legacy,0.18040420799669277,0.1,20,True,23,0.5703530852072929,SCHV,50000,epistemic,-0.013963691327247752,0.05
ppo_with_uncertainty_guard_epistemic,0.09906844612129098,0.13069611682532586,32,0.9976627295821056,cpu,1443911.7615278154,test_legacy,0.15265773651965597,0.1,20,True,29,0.7227669911404535,SCHV,50000,epistemic,-0.01285256157890089,0.05
ppo_with_uncertainty_guard_epistemic,0.07520239914980907,0.12178173604387828,32,0.9981594622594133,cpu,1325751.06670737,test_legacy,0.1456394907583527,0.1,20,True,37,0.5953998520226883,SCHV,50000,epistemic,-0.01195954334110203,0.05
ppo_with_uncertainty_guard_epistemic,0.0904229489212904,0.13796291750797593,32,0.9976628045157264,cpu,1400240.7481016323,test_legacy,0.15333150227106063,0.1,20,True,42,0.6274551848404661,SCHV,50000,epistemic,-0.013354124856547588,0.05
ppo_with_uncertainty_guard_epistemic,0.089999535826244,0.14475268001379213,32,0.9976627295337354,cpu,1398127.4831361233,test_legacy,0.17036770067791807,0.1,20,True,53,0.5953407969914368,SCHV,50000,epistemic,-0.013930690537334289,0.05
ppo_with_uncertainty_guard_epistemic,0.0644051413796697,0.11017838767996793,32,0.9981972121342495,cpu,1274723.4339255104,test_legacy,0.13283290056324426,0.1,20,True,67,0.5664994905340918,SCHV,50000,epistemic,-0.01021394941278233,0.05
ppo_with_uncertainty_guard_epistemic,0.07054779843258972,0.11462005120243335,32,0.998132677957184,cpu,1303570.9937469629,test_legacy,0.1300901019228351,0.1,20,True,89,0.5947509488037619,SCHV,50000,epistemic,-0.011077134465470451,0.05
ppo_with_uncertainty_guard_epistemic,0.037242824559062686,0.1915192173135998,32,0.9948643250241654,cpu,1152808.7478002082,test_legacy,0.30557121863824177,0.1,20,True,7,0.19092617783555207,SCHW,50000,epistemic,-0.01682862684151205,0.05
ppo_with_uncertainty_guard_epistemic,0.0643520694405361,0.31807480752543066,32,0.9943075870943483,cpu,1274476.2795982328,test_legacy,0.44451776575947344,0.1,20,True,13,0.19607399239633874,SCHW,50000,epistemic,-0.02828459735304527,0.05
ppo_with_uncertainty_guard_epistemic,0.07288172562828198,0.3085138432636829,32,0.9943077643888427,cpu,1314657.8600782778,test_legacy,0.43528334157647175,0.1,20,True,19,0.22802281053291307,SCHW,50000,epistemic,-0.027416919702745447,0.05
ppo_with_uncertainty_guard_epistemic,0.07034822505022666,0.3070071395893162,32,0.9943076020938368,cpu,1302626.1938630808,test_legacy,0.4342578662325517,0.1,20,True,23,0.22144111840148445,SCHW,50000,epistemic,-0.026934301451444043,0.05
ppo_with_uncertainty_guard_epistemic,0.08020269259268899,0.3103497646895426,32,0.9943075870940661,cpu,1349889.4894453895,test_legacy,0.44445777177980805,0.1,20,True,29,0.24858617975322478,SCHW,50000,epistemic,-0.026563126144783046,0.05
ppo_with_uncertainty_guard_epistemic,0.06983010240830209,0.3074534206130701,32,0.9943137217316916,cpu,1300175.725257684,test_legacy,0.4361929310661654,0.1,20,True,37,0.21954486011002983,SCHW,50000,epistemic,-0.02757631753154266,0.05
ppo_with_uncertainty_guard_epistemic,0.06091458556443389,0.32273458933298904,32,0.9943075870940311,cpu,1258543.7019655912,test_legacy,0.45513719394425023,0.1,20,True,42,0.18321966579082502,SCHW,50000,epistemic,-0.030027670611790125,0.05
ppo_with_uncertainty_guard_epistemic,0.01930785830537449,0.20799966033310968,32,0.9961987617538554,cpu,1077205.7685414986,test_legacy,0.35451304645309,0.1,20,True,53,0.09194155436798708,SCHW,50000,epistemic,-0.019507463704912364,0.05
ppo_with_uncertainty_guard_epistemic,0.04773008921809105,0.196379342693114,32,0.9961998226924015,cpu,1198802.749432338,test_legacy,0.27220551201274334,0.1,20,True,67,0.23742806112686884,SCHW,50000,epistemic,-0.0169866381367636,0.05
ppo_with_uncertainty_guard_epistemic,-0.021874217082292695,0.10241112816075766,32,0.8927511215013835,cpu,917584.5283301845,test_legacy,0.22214234880875805,0.1,20,False,89,-0.2159625710711573,SCHW,50000,epistemic,-0.00838458940026454,0.05
ppo_with_uncertainty_guard_epistemic,0.34816896358220645,0.2854613886518168,32,0.9281496039534831,cpu,3195665.1292041424,test_legacy,0.26668306302541667,0.1,20,False,7,1.0465414738454109,SLV,50000,epistemic,-0.026104150146598303,0.05
ppo_with_uncertainty_guard_epistemic,0.34879308889342087,0.2858144554701197,32,0.9281496017389375,cpu,3201422.24106034,test_legacy,0.2675854517118118,0.1,20,False,13,1.0468680378053181,SLV,50000,epistemic,-0.026048079444650263,0.05
ppo_with_uncertainty_guard_epistemic,0.33491590237155533,0.29155493893509854,32,0.9281496004920061,cpu,3075220.8022595374,test_legacy,0.30928570907040376,0.1,20,False,19,0.9907845813302061,SLV,50000,epistemic,-0.026764500828433666,0.05
ppo_with_uncertainty_guard_epistemic,0.32470239554899855,0.2691243672776781,32,0.9290479040219712,cpu,2984726.794162575,test_legacy,0.2654603232785848,0.1,20,False,23,1.0448242352078225,SLV,50000,epistemic,-0.02453275216889512,0.05
ppo_with_uncertainty_guard_epistemic,0.17114402487322644,0.12950422157235425,32,0.9623986191999774,cpu,1848493.2138377554,test_legacy,0.10421366707351776,0.1,20,True,29,1.2198897807571623,SLV,50000,epistemic,-0.011493521482611069,0.05
ppo_with_uncertainty_guard_epistemic,0.3399928624968603,0.2888993638904699,32,0.9281496004944929,cpu,3120954.5347418413,test_legacy,0.29025236209308547,0.1,20,False,37,1.013031398542512,SLV,50000,epistemic,-0.026490206142550043,0.05
ppo_with_uncertainty_guard_epistemic,0.26426831267395107,0.22653409705768945,32,0.942921877946496,cpu,2489095.384577443,test_legacy,0.24448950126262003,0.1,20,False,42,1.0351350397409944,SLV,50000,epistemic,-0.020517976585383655,0.05
ppo_with_uncertainty_guard_epistemic,0.34071228893781075,0.28827757018480615,32,0.9281496021895048,cpu,3127475.82706146,test_legacy,0.286079098351113,0.1,20,False,53,1.0170783318317134,SLV,50000,epistemic,-0.026109079929918177,0.05
ppo_with_uncertainty_guard_epistemic,0.3430787295148672,0.2808296900332604,32,0.9282234960785412,cpu,3148998.0228247126,test_legacy,0.25608405712061977,0.1,20,False,67,1.0503318619148891,SLV,50000,epistemic,-0.025715056418904324,0.05
ppo_with_uncertainty_guard_epistemic,0.35492877079326796,0.25362733615351474,32,0.9284409406744367,cpu,3258430.588652554,test_legacy,0.1699846546454974,0.1,20,False,89,1.1976181265013741,SLV,50000,epistemic,-0.02268579179547725,0.05
ppo_with_uncertainty_guard_epistemic,0.005573249164354102,0.13496652051651656,32,0.8908154180942282,cpu,1021848.8388235194,test_legacy,0.17602796770912266,0.1,20,False,7,0.04117887544741138,SNY,50000,epistemic,-0.012877126763629843,0.05
ppo_with_uncertainty_guard_epistemic,0.0026687033839357505,0.007098387816644918,32,0.9941317197494854,cpu,1010418.364370869,test_legacy,0.007298483715826309,0.1,20,True,13,0.3754499170660268,SNY,50000,epistemic,-5.937210911977075e-06,0.05
ppo_with_uncertainty_guard_epistemic,0.02323166398525031,0.25788887154664514,32,0.8497671709880723,cpu,1093421.640072759,test_legacy,0.3205213522605649,0.1,20,False,19,0.08905348480656851,SNY,50000,epistemic,-0.022543334857964493,0.05
ppo_with_uncertainty_guard_epistemic,0.022514879647780296,0.26184547241827905,32,0.8497562849277641,cpu,1090445.946087587,test_legacy,0.3338211078679887,0.1,20,False,23,0.08503163086121775,SNY,50000,epistemic,-0.022913844604968148,0.05
ppo_with_uncertainty_guard_epistemic,0.02323554984092526,0.258628194243613,32,0.8497562849296695,cpu,1093437.788427359,test_legacy,0.3240205901379313,0.1,20,False,29,0.08881359757589914,SNY,50000,epistemic,-0.022777367216878463,0.05
ppo_with_uncertainty_guard_epistemic,0.022872724291226592,0.2604649880548826,32,0.849756284927808,cpu,1091930.7670572451,test_legacy,0.33088384764458845,0.1,20,False,37,0.08682568598783516,SNY,50000,epistemic,-0.02277742360316033,0.05
ppo_with_uncertainty_guard_epistemic,0.002385875735970396,0.006939581643792439,32,0.9930416434074107,cpu,1009310.4295442083,test_legacy,0.007298483715826309,0.1,20,True,42,0.34338951026393627,SNY,50000,epistemic,0.0,0.044897959183673466
ppo_with_uncertainty_guard_epistemic,0.037180012203257326,0.062296908345475015,32,0.9811272221547208,cpu,1152537.2855450006,test_legacy,0.07674426169793924,0.1,20,True,53,0.5859907260971101,SNY,50000,epistemic,-0.005326673383067693,0.05
ppo_with_uncertainty_guard_epistemic,0.02382073396780415,0.2545785378560847,32,0.8497565793050695,cpu,1095871.6466168638,test_legacy,0.3043439065100927,0.1,20,False,67,0.09247217902154446,SNY,50000,epistemic,-0.021881641419921126,0.05
ppo_with_uncertainty_guard_epistemic,0.0036087513952725923,0.007000004074331851,32,0.997761247543309,cpu,1014107.3539323306,test_legacy,0.007298483715826309,0.1,20,True,89,0.5145959555945534,SNY,50000,epistemic,0.0,0.03469387755102041
ppo_with_uncertainty_guard_epistemic,0.39630172167926336,0.43857709605993206,32,0.7490526925559811,cpu,3662758.508670541,test_legacy,0.5516531091501619,0.1,20,False,7,0.7611592036237567,SPOT,50000,epistemic,-0.04136813826491554,0.05
ppo_with_uncertainty_guard_epistemic,0.13746328020313991,0.2227665749696495,32,0.8570099527890245,cpu,1650191.2396928556,test_legacy,0.37807787718368835,0.1,20,False,13,0.5781859258517684,SPOT,50000,epistemic,-0.021617526212067074,0.05
ppo_with_uncertainty_guard_epistemic,0.3847390549335472,0.44903802218142586,32,0.749052692555724,cpu,3546208.0844254214,test_legacy,0.5664302537845067,0.1,20,False,19,0.7249087666140926,SPOT,50000,epistemic,-0.041988834467973475,0.05
ppo_with_uncertainty_guard_epistemic,0.30889588187344086,0.30704274219490835,32,0.7781471433411429,cpu,2848596.586416155,test_legacy,0.33623699072194446,0.1,20,False,23,0.876698151094041,SPOT,50000,epistemic,-0.028715914866481018,0.05
ppo_with_uncertainty_guard_epistemic,0.2986271674812356,0.32870358517784476,32,0.8214768435253212,cpu,2762667.05947521,test_legacy,0.4485544443872693,0.1,20,False,29,0.7949641167672475,SPOT,50000,epistemic,-0.02975419809078108,0.05
ppo_with_uncertainty_guard_epistemic,0.37697090836461944,0.41259280073618326,32,0.7635413468639236,cpu,3469468.7061347114,test_legacy,0.5249923846014986,0.1,20,False,37,0.7753067165819912,SPOT,50000,epistemic,-0.03923675604148018,0.05
ppo_with_uncertainty_guard_epistemic,0.33664768942238515,0.3640955668362201,32,0.7608560148705229,cpu,3090764.564233806,test_legacy,0.4472151647524356,0.1,20,False,42,0.7969463377981368,SPOT,50000,epistemic,-0.03467797072467986,0.05
ppo_with_uncertainty_guard_epistemic,0.37398793872548136,0.39189561233649245,32,0.7706567079945257,cpu,3440331.1356146014,test_legacy,0.5000950615067579,0.1,20,False,53,0.8107191732756001,SPOT,50000,epistemic,-0.0361936057535698,0.05
ppo_with_uncertainty_guard_epistemic,0.45881091193933543,0.3906803823643615,32,0.7490564177051334,cpu,4342840.720089127,test_legacy,0.4291707431881463,0.1,20,False,67,0.966574017050141,SPOT,50000,epistemic,-0.03525348259901353,0.05
ppo_with_uncertainty_guard_epistemic,0.4352497106363573,0.40063078481990294,32,0.7490757272450421,cpu,4076368.966087944,test_legacy,0.46709215853052033,0.1,20,False,89,0.9019244625445828,SPOT,50000,epistemic,-0.03674057445116965,0.05
ppo_with_uncertainty_guard_epistemic,0.13542351581212106,0.17446434961950938,32,0.9963353181661716,cpu,1638712.9466004802,test_legacy,0.2077313225686439,0.1,20,True,7,0.727974556020289,SPY,50000,epistemic,-0.016455617245332822,0.05
ppo_with_uncertainty_guard_epistemic,0.10493106772254036,0.1400286881158461,32,0.996844630533978,cpu,1474095.835491805,test_legacy,0.17073811974906605,0.1,20,True,13,0.7125885352139266,SPY,50000,epistemic,-0.013335734812771349,0.05
ppo_with_uncertainty_guard_epistemic,0.13781654899091586,0.17307923430072678,32,0.9963353181661714,cpu,1652185.2275893101,test_legacy,0.2027554355699338,0.1,20,True,19,0.745964702579802,SPY,50000,epistemic,-0.01645561701085745,0.05
ppo_with_uncertainty_guard_epistemic,0.1407656832374798,0.1634989198200904,32,0.9963353342388935,cpu,1668901.2184848392,test_legacy,0.18753859609127632,0.1,20,True,23,0.8055072240629105,SPY,50000,epistemic,-0.015961142581677554,0.05
ppo_with_uncertainty_guard_epistemic,0.15401180622871197,0.14888497823782795,32,0.9963353214920085,cpu,1745535.7884767705,test_legacy,0.18754915506170888,0.1,20,True,29,0.9621134898832151,SPY,50000,epistemic,-0.014246424404590296,0.05
ppo_with_uncertainty_guard_epistemic,0.13070185280079477,0.14176741609804538,32,0.9963608464930541,cpu,1612370.5166898936,test_legacy,0.18508911953262297,0.1,20,True,37,0.8664784505574632,SPY,50000,epistemic,-0.013249239968310443,0.05
ppo_with_uncertainty_guard_epistemic,0.12008094924839964,0.14569179797283502,32,0.9964046753763857,cpu,1554266.4977327369,test_legacy,0.1807711579551311,0.1,20,True,42,0.7783611488547595,SPY,50000,epistemic,-0.013634290016396822,0.05
ppo_with_uncertainty_guard_epistemic,0.1381729730106196,0.1651052667828402,32,0.99635598443929,cpu,1654198.8381929358,test_legacy,0.1869063562356449,0.1,20,True,53,0.7838889673855782,SPY,50000,epistemic,-0.015931285581018882,0.05
ppo_with_uncertainty_guard_epistemic,0.10570742097607835,0.13820212375716626,32,0.9970100224341782,cpu,1478127.7952155962,test_legacy,0.1619110355297314,0.1,20,True,67,0.7270887881743234,SPY,50000,epistemic,-0.013044265577228308,0.05
ppo_with_uncertainty_guard_epistemic,0.011349873657189587,0.048305303222474366,32,0.989677679552535,cpu,1044867.1981665768,test_legacy,0.07582666690214745,0.1,20,True,89,0.233637080204882,SPY,50000,epistemic,-0.005018025847075602,0.05
ppo_with_uncertainty_guard_epistemic,0.16077729330559506,0.19779579883740667,32,0.9854927738669849,cpu,1785670.3741490731,test_legacy,0.22142275708946813,0.1,20,True,7,0.7537558551382533,SPYG,50000,epistemic,-0.019112977317204648,0.05
ppo_with_uncertainty_guard_epistemic,0.12209147176587423,0.17646924454658947,32,0.9868259371005268,cpu,1565144.1802861418,test_legacy,0.2170245499827962,0.1,20,True,13,0.6527722498449863,SPYG,50000,epistemic,-0.0175573765400161,0.05
ppo_with_uncertainty_guard_epistemic,0.15893100838826502,0.20630414298304964,32,0.9854927486035303,cpu,1774650.4471146213,test_legacy,0.22941463258826145,0.1,20,True,19,0.7149537576613175,SPYG,50000,epistemic,-0.02086823917129834,0.05
ppo_with_uncertainty_guard_epistemic,0.14869238887604905,0.17792889530665956,32,0.9859026427452263,cpu,1714453.3364809349,test_legacy,0.2130128378028614,0.1,20,True,23,0.7790984054139186,SPYG,50000,epistemic,-0.017947172867577167,0.05
ppo_with_uncertainty_guard_epistemic,0.1715742338351853,0.1892791496659473,32,0.9855048766321022,cpu,1851135.2756379333,test_legacy,0.22115760434338916,0.1,20,True,29,0.8365855981340737,SPYG,50000,epistemic,-0.018602878351905883,0.05
ppo_with_uncertainty_guard_epistemic,0.1449142503382489,0.16376650860744402,32,0.9859812535407815,cpu,1692627.9759146497,test_legacy,0.21092443961959362,0.1,20,True,37,0.8263570716510756,SPYG,50000,epistemic,-0.016236559674889683,0.05
ppo_with_uncertainty_guard_epistemic,0.14525218751362098,0.18911548247008597,32,0.9856794967546797,cpu,1694571.7026744229,test_legacy,0.21509834359828162,0.1,20,True,42,0.7171530762163807,SPYG,50000,epistemic,-0.019041769459645686,0.05
ppo_with_uncertainty_guard_epistemic,0.13040398798376843,0.1851289175922058,32,0.987441351457546,cpu,1610719.3298135295,test_legacy,0.23241087976328656,0.1,20,True,53,0.66210604377989,SPYG,50000,epistemic,-0.01844210476286081,0.05
ppo_with_uncertainty_guard_epistemic,0.10873263854004034,0.15655531484970645,32,0.989245613797347,cpu,1493917.347097457,test_legacy,0.1801445472970875,0.1,20,True,67,0.6593036548677353,SPYG,50000,epistemic,-0.015559236881646931,0.05
ppo_with_uncertainty_guard_epistemic,0.1340950090706582,0.17639507286023498,32,0.9865944129187558,cpu,1631269.0518035432,test_legacy,0.1986686270157476,0.1,20,True,89,0.7133695332923659,SPYG,50000,epistemic,-0.01787844410054511,0.05
ppo_with_uncertainty_guard_epistemic,0.11155581509817723,0.13108766835207258,32,0.9980831994713709,cpu,1508765.084260618,test_legacy,0.1750435950010012,0.1,20,True,7,0.8067924498871021,SPYV,50000,epistemic,-0.01340237398641273,0.05
ppo_with_uncertainty_guard_epistemic,0.09590894228471311,0.12047376273657072,32,0.9981941362546881,cpu,1427836.556880388,test_legacy,0.15511534875025002,0.1,20,True,13,0.7601985731930514,SPYV,50000,epistemic,-0.012362158324253336,0.05
ppo_with_uncertainty_guard_epistemic,0.11254201574924208,0.1466189343945938,32,0.9980825833980116,cpu,1513977.4837470877,test_legacy,0.175373407171166,0.1,20,True,19,0.7273779903216324,SPYV,50000,epistemic,-0.014723490071363976,0.05
ppo_with_uncertainty_guard_epistemic,0.11228765884201934,0.14613875944823895,32,0.9980825833980114,cpu,1512631.8445113949,test_legacy,0.17537340715982952,0.1,20,True,23,0.7282033403529773,SPYV,50000,epistemic,-0.014723475472434711,0.05
ppo_with_uncertainty_guard_epistemic,0.109255437944863,0.13403139973545772,32,0.9981859581268141,cpu,1496658.6444151367,test_legacy,0.1679837489694037,0.1,20,True,29,0.7736164139414631,SPYV,50000,epistemic,-0.013836508647966284,0.05
ppo_with_uncertainty_guard_epistemic,0.0972167719305515,0.1208921375193163,32,0.9984459458680868,cpu,1434474.4350459,test_legacy,0.1529225877843885,0.1,20,True,37,0.7674332356239583,SPYV,50000,epistemic,-0.012400525562454323,0.05
ppo_with_uncertainty_guard_epistemic,0.09497993949584081,0.12245912963656305,32,0.9981029327617927,cpu,1423135.2915507555,test_legacy,0.17039625095363675,0.1,20,True,42,0.7409486385610025,SPYV,50000,epistemic,-0.011634290608881947,0.05
ppo_with_uncertainty_guard_epistemic,0.1132269609578167,0.14441942263516924,32,0.9980825944026958,cpu,1517605.51108375,test_legacy,0.17536488161992647,0.1,20,True,53,0.7427176334460756,SPYV,50000,epistemic,-0.014715774421442696,0.05
ppo_with_uncertainty_guard_epistemic,0.08713445480674803,0.11759384981735498,32,0.9984288166860503,cpu,1383889.9877499035,test_legacy,0.14521059273360504,0.1,20,True,67,0.7104553623561379,SPYV,50000,epistemic,-0.011617663442124648,0.05
ppo_with_uncertainty_guard_epistemic,0.09691507067208892,0.10861724652315935,32,0.9981072176216069,cpu,1432941.1230441472,test_legacy,0.16987383169565684,0.1,20,True,89,0.8516292434278913,SPYV,50000,epistemic,-0.00972221485062219,0.05
ppo_with_uncertainty_guard_epistemic,0.13564331118609754,0.17297784101566052,32,0.9960463835980895,cpu,1639946.9334061707,test_legacy,0.2129719893889157,0.1,20,True,7,0.735349492645424,SPYX,50000,epistemic,-0.016292516941383273,0.05
ppo_with_uncertainty_guard_epistemic,0.09425256804027064,0.1303691871703684,32,0.9967864578658209,cpu,1419462.42560285,test_legacy,0.17030880504219115,0.1,20,True,13,0.6908951126764002,SPYX,50000,epistemic,-0.01228094691422239,0.05
ppo_with_uncertainty_guard_epistemic,0.13876700095197889,0.1711560223762586,32,0.9960463835980958,cpu,1657558.8378970094,test_legacy,0.20610797196891484,0.1,20,True,19,0.7592252766745611,SPYX,50000,epistemic,-0.01628959581115543,0.05
ppo_with_uncertainty_guard_epistemic,0.11058331006716088,0.13393203329311298,32,0.9961086256763745,cpu,1503638.1369139208,test_legacy,0.17476995002480067,0.1,20,True,23,0.7831230136976658,SPYX,50000,epistemic,-0.012577533862254507,0.05
ppo_with_uncertainty_guard_epistemic,0.1551553905781507,0.14762574469042858,32,0.9960464071229072,cpu,1752272.2810067341,test_legacy,0.18737915074298495,0.1,20,True,29,0.9770295650352301,SPYX,50000,epistemic,-0.014270206676680264,0.05
ppo_with_uncertainty_guard_epistemic,0.11904728895624235,0.1306259718994823,32,0.9962580524645563,cpu,1548695.916898814,test_legacy,0.17569556790372487,0.1,20,True,37,0.8610657599391839,SPYX,50000,epistemic,-0.01259635763023743,0.05
ppo_with_uncertainty_guard_epistemic,0.1119263507658752,0.14014728751597424,32,0.9961436300189693,cpu,1510721.9228867835,test_legacy,0.17807887975958736,0.1,20,True,42,0.7570167358720639,SPYX,50000,epistemic,-0.013068351864691507,0.05
ppo_with_uncertainty_guard_epistemic,0.12787460616586654,0.15836700869230333,32,0.9962771081260557,cpu,1596748.5015599788,test_legacy,0.19889982149646945,0.1,20,True,53,0.7598480423514347,SPYX,50000,epistemic,-0.015355723451995916,0.05
ppo_with_uncertainty_guard_epistemic,0.14455589911613925,0.15888882984126468,32,0.9960524168538305,cpu,1690568.6426852767,test_legacy,0.18647184904653646,0.1,20,True,67,0.8497549259768047,SPYX,50000,epistemic,-0.015667519215900417,0.05
ppo_with_uncertainty_guard_epistemic,0.13185140160975461,0.1409868261959407,32,0.9964166865192905,cpu,1618754.7302391103,test_legacy,0.17455115250796838,0.1,20,True,89,0.8784832199461263,SPYX,50000,epistemic,-0.014041063177791368,0.05
ppo_with_uncertainty_guard_epistemic,-0.0740054222153058,0.3796879426550248,32,0.562503835725367,cpu,741555.9903842256,test_legacy,0.7079198998696743,0.1,20,False,7,-0.20250015629583462,TAN,50000,epistemic,-0.03607107806259755,0.05
ppo_with_uncertainty_guard_epistemic,-0.002232730462410243,0.01693681715257712,32,0.9877555496343939,cpu,991345.1226062069,test_legacy,0.02631628669510011,0.1,20,True,13,-0.13197318901065883,TAN,50000,epistemic,0.0,0.013265306122448979
ppo_with_uncertainty_guard_epistemic,-0.0016025666872863445,0.016985399216761805,32,0.9901838106429174,cpu,993782.2080856108,test_legacy,0.02631628669510011,0.1,20,True,19,-0.09442446191339679,TAN,50000,epistemic,0.0,0.02959183673469388
ppo_with_uncertainty_guard_epistemic,-0.0036227158683326956,0.019348800518858626,32,0.9809650188019013,cpu,985985.2141199083,test_legacy,0.028351614211144294,0.1,20,True,23,-0.18757049128078995,TAN,50000,epistemic,-5.34609341277914e-05,0.05
ppo_with_uncertainty_guard_epistemic,-0.0022621369319591007,0.01703602508856499,32,0.987642343448355,cpu,991231.505020945,test_legacy,0.02631628669510011,0.1,20,True,29,-0.13293466723720584,TAN,50000,epistemic,0.0,0.030612244897959183
ppo_with_uncertainty_guard_epistemic,-0.0022952760986330255,0.016936096268951706,32,0.9875147790367683,cpu,991103.4770313363,test_legacy,0.02631628669510011,0.1,20,True,37,-0.13568018907331467,TAN,50000,epistemic,0.0,0.00816326530612245
ppo_with_uncertainty_guard_epistemic,-0.0002741892351034665,0.018011421179913174,32,0.9951046318236937,cpu,998934.1307631787,test_legacy,0.02631628669510011,0.1,20,True,42,-0.015225029285957302,TAN,50000,epistemic,-0.00011398392495562958,0.05
ppo_with_uncertainty_guard_epistemic,-0.004723619349819436,0.017110229522046543,32,0.9782004837248598,cpu,981755.3329167401,test_legacy,0.02631628669510011,0.1,20,True,53,-0.276721417583322,TAN,50000,epistemic,-4.616966359538562e-06,0.05
ppo_with_uncertainty_guard_epistemic,-0.0023014129496496875,0.016936162641137318,32,0.9874911574628314,cpu,991079.7696149423,test_legacy,0.02631628669510011,0.1,20,True,67,-0.13604284059460778,TAN,50000,epistemic,0.0,0.013265306122448979
ppo_with_uncertainty_guard_epistemic,-0.0023638341518028134,0.017176559102717245,32,0.9870344043386898,cpu,990838.6527051128,test_legacy,0.02631628669510011,0.1,20,True,89,-0.1377814108231162,TAN,50000,epistemic,-8.857443315601896e-06,0.05
ppo_with_uncertainty_guard_epistemic,0.15848683918232725,0.22129520017312024,32,0.7537010022989653,cpu,1772006.8894452625,test_legacy,0.27594243417013153,0.1,20,False,7,0.6647889287986705,TMUS,50000,epistemic,-0.021479786542376544,0.05
ppo_with_uncertainty_guard_epistemic,0.15975063314318316,0.22208196550793496,32,0.7537040421947742,cpu,1779536.2896340338,test_legacy,0.27593943914322816,0.1,20,False,13,0.6673432680762116,TMUS,50000,epistemic,-0.021788262717516726,0.05
ppo_with_uncertainty_guard_epistemic,0.16261684838714055,0.22729725394674755,32,0.7537008394418234,cpu,1796700.607950105,test_legacy,0.27594259337972504,0.1,20,False,19,0.6628908195009595,TMUS,50000,epistemic,-0.022257318620007904,0.05
ppo_with_uncertainty_guard_epistemic,0.01587673814704729,0.02412800535938287,32,0.993168297676566,cpu,1063173.0283603985,test_legacy,0.009463782220331951,0.1,20,True,23,0.652847892062094,TMUS,50000,epistemic,0.0,0.0163265306122449
ppo_with_uncertainty_guard_epistemic,0.16171510833183392,0.22556861556689028,32,0.7537008394418244,cpu,1791287.341415127,test_legacy,0.27594259337972415,0.1,20,False,29,0.66453105166861,TMUS,50000,epistemic,-0.022257318471578545,0.05
ppo_with_uncertainty_guard_epistemic,0.15696734501181275,0.2226014782904741,32,0.753700843459744,cpu,1762985.447114314,test_legacy,0.2759425894693702,0.1,20,False,37,0.6549916968731254,TMUS,50000,epistemic,-0.021829691865623068,0.05
ppo_with_uncertainty_guard_epistemic,0.1614771981197479,0.22427300600428296,32,0.7537075895181008,cpu,1789861.1567352684,test_legacy,0.27593566279791815,0.1,20,False,42,0.6674567677102115,TMUS,50000,epistemic,-0.02213993238302834,0.05
ppo_with_uncertainty_guard_epistemic,0.16036717171018028,0.22479367338802564,32,0.7537009563783837,cpu,1783218.1005940803,test_legacy,0.27594247900170565,0.1,20,False,53,0.6616573104299287,TMUS,50000,epistemic,-0.022257101898922115,0.05
ppo_with_uncertainty_guard_epistemic,0.1374201522448657,0.2020813738385917,32,0.7636156111608625,cpu,1649947.9310479434,test_legacy,0.2649297614788916,0.1,20,False,67,0.6371817944181674,TMUS,50000,epistemic,-0.01944768880093317,0.05
ppo_with_uncertainty_guard_epistemic,0.14960664189920805,0.21292700326633193,32,0.7537008693656554,cpu,1719766.0098173155,test_legacy,0.2759425644012582,0.1,20,False,89,0.6547771173159973,TMUS,50000,epistemic,-0.020487450500029602,0.05
ppo_with_uncertainty_guard_epistemic,0.0843781158796621,0.2889683394657944,32,0.9715198965526135,cpu,1370294.788250886,test_legacy,0.39699843264135803,0.1,20,True,7,0.28033041000731734,TSLA,50000,epistemic,-0.0299316174546008,0.05
ppo_with_uncertainty_guard_epistemic,-0.0031224107896503854,0.01626336747311458,32,0.9879119492057093,cpu,987911.9492057094,test_legacy,0.02420881074023251,0.1,20,True,13,-0.19228890729772183,TSLA,50000,epistemic,-4.510372240567051e-05,0.05
ppo_with_uncertainty_guard_epistemic,0.134142656518556,0.538672600812005,32,0.9387618447746559,cpu,1631535.5950555364,test_legacy,0.6076333063092448,0.1,20,False,19,0.2336799003834155,TSLA,50000,epistemic,-0.053600943953292825,0.05
ppo_with_uncertainty_guard_epistemic,-0.001364650382451709,0.05323566697288838,32,0.9921234683344082,cpu,994703.4782080542,test_legacy,0.08558777801097228,0.1,20,True,23,-0.025651567292363335,TSLA,50000,epistemic,-0.0035444434042233297,0.05
ppo_with_uncertainty_guard_epistemic,0.12881017410083453,0.5897733651646249,32,0.9382706174308949,cpu,1601905.4985397141,test_legacy,0.6735643850680993,0.1,20,False,29,0.20544180063090928,TSLA,50000,epistemic,-0.05915485581182702,0.05
ppo_with_uncertainty_guard_epistemic,0.019047233947967087,0.04569598236669956,32,0.9934657850542719,cpu,1076135.0546575296,test_legacy,0.07312508904573722,0.1,20,True,37,0.4129037144871846,TSLA,50000,epistemic,-0.0032046172603511277,0.05
ppo_with_uncertainty_guard_epistemic,-0.006129793587333541,0.0300638855081461,32,0.9763721662303639,cpu,976372.1662303639,test_legacy,0.05136536444255735,0.1,20,True,42,-0.20451865521918158,TSLA,50000,epistemic,-0.0016218285281209609,0.05
ppo_with_uncertainty_guard_epistemic,-0.0021131781030424603,0.024179219875746037,32,0.9878645297327396,cpu,991807.1358989675,test_legacy,0.04509629497249146,0.1,20,True,53,-0.08748835309368466,TSLA,50000,epistemic,-0.0011957915640115502,0.05
ppo_with_uncertainty_guard_epistemic,-0.004749503019836898,0.017049813212528967,32,0.9816560454005402,cpu,981656.0454005402,test_legacy,0.025783544137118697,0.1,20,True,67,-0.27922730674201374,TSLA,50000,epistemic,-0.00011839991646063195,0.05
ppo_with_uncertainty_guard_epistemic,-0.02599621013750331,0.15729641862419114,32,0.867133605688944,cpu,902638.0276575817,test_legacy,0.31089316822517676,0.1,20,False,89,-0.16745491070717047,TSLA,50000,epistemic,-0.018113188403903545,0.05
ppo_with_uncertainty_guard_epistemic,0.30736405768801733,0.37182381719730884,32,0.9728908021389101,cpu,2835653.8511304576,test_legacy,0.4671982409013532,0.1,20,True,7,0.7208059665780628,TSM,50000,epistemic,-0.034788430704682224,0.05
ppo_with_uncertainty_guard_epistemic,0.1936434842747875,0.25582294054649424,32,0.9790708977297683,cpu,1990475.7965175891,test_legacy,0.3699378684326967,0.1,20,True,13,0.6919249336330563,TSM,50000,epistemic,-0.023532666602023956,0.05
ppo_with_uncertainty_guard_epistemic,0.28296320283393495,0.31379155412638937,32,0.9739471221515429,cpu,2635317.83677347,test_legacy,0.3812966339329603,0.1,20,True,19,0.7940694238740315,TSM,50000,epistemic,-0.029445134591603674,0.05
ppo_with_uncertainty_guard_epistemic,0.31868256428170055,0.33712001498158123,32,0.9729065641695736,cpu,2932325.233312753,test_legacy,0.36669563983591924,0.1,20,True,23,0.8205773561013174,TSM,50000,epistemic,-0.030185544319941648,0.05
ppo_with_uncertainty_guard_epistemic,0.29416018139746103,0.2918443901591764,32,0.9768942422224083,cpu,2725894.344626588,test_legacy,0.32170365405516443,0.1,20,True,29,0.8835593372349269,TSM,50000,epistemic,-0.026917753199763972,0.05
ppo_with_uncertainty_guard_epistemic,0.32070099423246234,0.36749513264317996,32,0.9728908021407545,cpu,2949818.5092727756,test_legacy,0.4427005584172845,0.1,20,True,37,0.7569148731776659,TSM,50000,epistemic,-0.03382852389716424,0.05
ppo_with_uncertainty_guard_epistemic,0.15272011094910376,0.21184071894609788,32,0.9831093463745674,cpu,1737949.9798524007,test_legacy,0.3015587241419537,0.1,20,True,42,0.6709019753003336,TSM,50000,epistemic,-0.0201926305875447,0.05
ppo_with_uncertainty_guard_epistemic,0.20353751054193076,0.26510764406201914,32,0.979797544885814,cpu,2055410.4623111999,test_legacy,0.3937451555675182,0.1,20,True,53,0.698829471151842,TSM,50000,epistemic,-0.024462449996791324,0.05
ppo_with_uncertainty_guard_epistemic,0.33968217986165794,0.33821329704550424,32,0.9729320666498106,cpu,3118141.4551269305,test_legacy,0.3650547950144959,0.1,20,True,67,0.8646385932224283,TSM,50000,epistemic,-0.03052576101958806,0.05
ppo_with_uncertainty_guard_epistemic,0.3310087863685601,0.3103867092755242,32,0.9729613478846287,cpu,3040365.594288395,test_legacy,0.3647803865330408,0.1,20,True,89,0.9212282160756602,TSM,50000,epistemic,-0.0284691513167747,0.05
ppo_with_uncertainty_guard_epistemic,0.13545462013260948,0.20128142768289836,32,0.9534638459639998,cpu,1638887.5322078306,test_legacy,0.200273651729032,0.1,20,True,7,0.6311214024233689,V,50000,epistemic,-0.020252336659733493,0.05
ppo_with_uncertainty_guard_epistemic,0.06220523373012802,0.10332840108278343,32,0.9791491157138169,cpu,1264508.3435582733,test_legacy,0.11661092683231167,0.1,20,True,13,0.5840317173628632,V,50000,epistemic,-0.010594197467772482,0.05
ppo_with_uncertainty_guard_epistemic,0.1324716577095479,0.21235158077736316,32,0.9534638415734813,cpu,1622207.2165715466,test_legacy,0.21431746112357108,0.1,20,True,19,0.5858325061834811,V,50000,epistemic,-0.021495324886774015,0.05
ppo_with_uncertainty_guard_epistemic,0.1346086092507595,0.2086500291375175,32,0.9534638415734935,cpu,1634143.873681527,test_legacy,0.2065477709971164,0.1,20,True,23,0.6052606761596463,V,50000,epistemic,-0.02148139640051978,0.05
ppo_with_uncertainty_guard_epistemic,0.14079016681835904,0.19849440879759792,32,0.9534638447300847,cpu,1669040.5175232857,test_legacy,0.18425140999670875,0.1,20,True,29,0.6636007862698884,V,50000,epistemic,-0.019302955869948145,0.05
ppo_with_uncertainty_guard_epistemic,0.013967146381419045,0.07229549586685925,32,0.9894888336302359,cpu,1055422.173483001,test_legacy,0.09873679719555262,0.1,20,True,37,0.19185806809866957,V,50000,epistemic,-0.007192951810256876,0.05
ppo_with_uncertainty_guard_epistemic,0.13336174348245894,0.21064803963774817,32,0.9534638415734839,cpu,1627171.1893838954,test_legacy,0.21071237551788524,0.1,20,True,42,0.5942999341059675,V,50000,epistemic,-0.021487700535424724,0.05
ppo_with_uncertainty_guard_epistemic,0.13559174187697615,0.20855289576964176,32,0.9534638415795303,cpu,1639657.3483080796,test_legacy,0.20636502052545413,0.1,20,True,53,0.6096955705158189,V,50000,epistemic,-0.02135982343326841,0.05
ppo_with_uncertainty_guard_epistemic,0.11575167223072717,0.17995953975847281,32,0.9583825843585987,cpu,1531034.237727089,test_legacy,0.17829433420494345,0.1,20,True,67,0.6086269547419212,V,50000,epistemic,-0.01872380540530507,0.05
ppo_with_uncertainty_guard_epistemic,0.1406538371651572,0.1885415900891916,32,0.9534638476530146,cpu,1668264.9814422347,test_legacy,0.17130966098943734,0.1,20,True,89,0.6979973410718514,V,50000,epistemic,-0.01747743637433983,0.05
ppo_with_uncertainty_guard_epistemic,0.13621469761264668,0.17174010359739803,32,0.9964715209254192,cpu,1643158.0709894453,test_legacy,0.20792832307647457,0.1,20,True,7,0.743578093321203,VOO,50000,epistemic,-0.016418465041321627,0.05
ppo_with_uncertainty_guard_epistemic,0.10763979990659643,0.1395014571509596,32,0.9969311572060672,cpu,1488199.0997860436,test_legacy,0.17257927165546172,0.1,20,True,13,0.7328334118434386,VOO,50000,epistemic,-0.013368398810993831,0.05
ppo_with_uncertainty_guard_epistemic,0.138525492256155,0.1704131646954422,32,0.9964715209254194,cpu,1656192.1814815719,test_legacy,0.20327395451795371,0.1,20,True,19,0.7612902250945671,VOO,50000,epistemic,-0.01641846502521558,0.05
ppo_with_uncertainty_guard_epistemic,0.14144090350283672,0.16164948062910928,32,0.996471528985146,cpu,1672746.0425724098,test_legacy,0.1868859203485147,0.1,20,True,23,0.818383605721179,VOO,50000,epistemic,-0.015935222101372926,0.05
ppo_with_uncertainty_guard_epistemic,0.1545075557055098,0.14858724182382133,32,0.9964715218560238,cpu,1748453.7246027985,test_legacy,0.18689281141427405,0.1,20,True,29,0.9669318785470973,VOO,50000,epistemic,-0.01422967954703207,0.05
ppo_with_uncertainty_guard_epistemic,0.13235227637862296,0.13974635365255209,32,0.9964959854620915,cpu,1621542.288285,test_legacy,0.18460895255820464,0.1,20,True,37,0.8894470956779958,VOO,50000,epistemic,-0.013398581365751828,0.05
ppo_with_uncertainty_guard_epistemic,0.11802402805889732,0.13981906786033121,32,0.9969202460673349,cpu,1543196.0021183477,test_legacy,0.1678048756338888,0.1,20,True,42,0.7979079073251902,VOO,50000,epistemic,-0.013345373261222537,0.05
ppo_with_uncertainty_guard_epistemic,0.1311575671802255,0.15554760834701517,32,0.9966597906542206,cpu,1614899.161517892,test_legacy,0.18512121042453555,0.1,20,True,53,0.7923064819743689,VOO,50000,epistemic,-0.015330034125667512,0.05
ppo_with_uncertainty_guard_epistemic,0.11358829635914407,0.14182533308602704,32,0.9969738846723445,cpu,1519522.0376205149,test_legacy,0.16498366613076776,0.1,20,True,67,0.7585907118584022,VOO,50000,epistemic,-0.013754303599128815,0.05
ppo_with_uncertainty_guard_epistemic,0.11146203217118758,0.11484127049049606,32,0.9969730650254486,cpu,1508270.105298624,test_legacy,0.16510072657722186,0.1,20,True,89,0.9201931345843439,VOO,50000,epistemic,-0.010929795159669808,0.05
ppo_with_uncertainty_guard_epistemic,0.1290956209626649,0.1770856705638012,32,0.9956160849833888,cpu,1603481.3867719884,test_legacy,0.20876187581817007,0.1,20,True,7,0.6856391464379329,VTI,50000,epistemic,-0.016821631793606164,0.05
ppo_with_uncertainty_guard_epistemic,0.09143307730842318,0.13416506331435324,32,0.9964078581360992,cpu,1405291.9056089688,test_legacy,0.1661437459719317,0.1,20,True,13,0.6521181957257539,VTI,50000,epistemic,-0.01298657729462791,0.05
ppo_with_uncertainty_guard_epistemic,0.1315263102341173,0.17569277901891522,32,0.995616084983389,cpu,1616947.379512212,test_legacy,0.20384646763878778,0.1,20,True,19,0.7033147713310133,VTI,50000,epistemic,-0.016821205280500795,0.05
ppo_with_uncertainty_guard_epistemic,0.13329403679091612,0.1604703400463396,32,0.9956164959988901,cpu,1626793.1958689517,test_legacy,0.1928603197727471,0.1,20,True,23,0.7797599551038533,VTI,50000,epistemic,-0.016015486497359444,0.05
ppo_with_uncertainty_guard_epistemic,0.14825789554413765,0.14935233093110561,32,0.9956161013276842,cpu,1711932.798267021,test_legacy,0.19302605349054525,0.1,20,True,29,0.9256351913123637,VTI,50000,epistemic,-0.014617400717853979,0.05
ppo_with_uncertainty_guard_epistemic,0.12887627392320306,0.14752951889368093,32,0.9956236578040939,cpu,1602270.3184546859,test_legacy,0.19217177252957995,0.1,20,True,37,0.8216834200246581,VTI,50000,epistemic,-0.014149337693291653,0.05
ppo_with_uncertainty_guard_epistemic,0.04284597244455465,0.09558793629474563,32,0.9977131225927717,cpu,1177216.1451019705,test_legacy,0.14561740260949552,0.1,20,True,42,0.4388986690199205,VTI,50000,epistemic,-0.009568742126958085,0.05
ppo_with_uncertainty_guard_epistemic,0.11419431181045335,0.15621269806106095,32,0.9959890343166541,cpu,1522740.385193489,test_legacy,0.1926030763819937,0.1,20,True,53,0.6922064907086452,VTI,50000,epistemic,-0.015085291882130834,0.05
ppo_with_uncertainty_guard_epistemic,0.10366561071964564,0.1428884483535561,32,0.9963356436208173,cpu,1467541.2544842765,test_legacy,0.1642204104344981,0.1,20,True,67,0.6903070520228741,VTI,50000,epistemic,-0.013441847512998706,0.05
ppo_with_uncertainty_guard_epistemic,0.08345594479981737,0.10462520380562836,32,0.996417579765914,cpu,1365768.5566184772,test_legacy,0.15810780690222948,0.1,20,True,89,0.7661228513836938,VTI,50000,epistemic,-0.00984562252161263,0.05
ppo_with_uncertainty_guard_epistemic,0.10269353689342656,0.13951177669917447,32,0.9855821270621062,cpu,1462521.008134403,test_legacy,0.1445531006360542,0.1,20,True,7,0.7006988777633738,VYM,50000,epistemic,-0.01356857291760578,0.05
ppo_with_uncertainty_guard_epistemic,0.0951861025227059,0.119527025175975,32,0.985762523554567,cpu,1424177.5956634148,test_legacy,0.138714602019137,0.1,20,True,13,0.7606998047345058,VYM,50000,epistemic,-0.01168273908904105,0.05
ppo_with_uncertainty_guard_epistemic,0.10190544142440089,0.1429278083925946,32,0.9855821270437126,cpu,1458460.2859489357,test_legacy,0.15491593702242823,0.1,20,True,19,0.6789497021652245,VYM,50000,epistemic,-0.013695595154867934,0.05
ppo_with_uncertainty_guard_epistemic,0.10169720584625762,0.1422456416385687,32,0.9855821270437125,cpu,1457388.7365489278,test_legacy,0.15258508050140485,0.1,20,True,23,0.6808770795292124,VYM,50000,epistemic,-0.01368956213556043,0.05
ppo_with_uncertainty_guard_epistemic,0.1052659240979087,0.13639243998740544,32,0.9855821270566306,cpu,1475833.8954222547,test_legacy,0.14455310661353016,0.1,20,True,29,0.7338078622976211,VYM,50000,epistemic,-0.013445144787228535,0.05
ppo_with_uncertainty_guard_epistemic,0.09608928959569599,0.1256866578032737,32,0.9862763712695098,cpu,1428750.5490275726,test_legacy,0.1374551929215202,0.1,20,True,37,0.7299783408974511,VYM,50000,epistemic,-0.01236752824862064,0.05
ppo_with_uncertainty_guard_epistemic,0.10301092291510758,0.1370786648076742,32,0.9855821334549113,cpu,1464158.7338499466,test_legacy,0.1445518774024328,0.1,20,True,42,0.7152355162975015,VYM,50000,epistemic,-0.013244178683487729,0.05
ppo_with_uncertainty_guard_epistemic,0.10212266439170783,0.14193986632945974,32,0.985582127044342,cpu,1459578.7067083078,test_legacy,0.15192723153791776,0.1,20,True,53,0.6850640979199644,VYM,50000,epistemic,-0.013678010252282925,0.05
ppo_with_uncertainty_guard_epistemic,0.08138860141777285,0.11544153496571169,32,0.9880174762169156,cpu,1355661.9161593951,test_legacy,0.12239803434061625,0.1,20,True,67,0.6777963387054168,VYM,50000,epistemic,-0.010916737453893344,0.05
ppo_with_uncertainty_guard_epistemic,0.07911849736554513,0.1040963674211889,32,0.9886982979136296,cpu,1344628.1503275288,test_legacy,0.12332458320918949,0.1,20,True,89,0.7314797574887186,VYM,50000,epistemic,-0.010052244231199924,0.05
ppo_with_uncertainty_guard_epistemic,0.12764448342643414,0.14578540681847393,32,0.9981180042164064,cpu,1595481.9211281755,test_legacy,0.21562263062266296,0.1,20,True,7,0.8240248522979103,VYMI,50000,epistemic,-0.014111038863071634,0.05
ppo_with_uncertainty_guard_epistemic,0.11869765293665334,0.1328584018018012,32,0.9982113161103219,cpu,1546815.0268359417,test_legacy,0.19276130446853523,0.1,20,True,13,0.8442451760681582,VYMI,50000,epistemic,-0.012967629709625594,0.05
ppo_with_uncertainty_guard_epistemic,0.12645749308907536,0.14750873738961903,32,0.9981180042164058,cpu,1588960.6536550045,test_legacy,0.21909752780262104,0.1,20,True,19,0.8072580684228899,VYMI,50000,epistemic,-0.014162563185727261,0.05
ppo_with_uncertainty_guard_epistemic,0.1278872254112594,0.1453643935611155,32,0.9981180042167008,cpu,1596817.9786528312,test_legacy,0.21238765785819602,0.1,20,True,23,0.8278921421778471,VYMI,50000,epistemic,-0.014110711752390514,0.05
ppo_with_uncertainty_guard_epistemic,0.1354984474538324,0.14098427642057607,32,0.998118004219142,cpu,1639133.5542646106,test_legacy,0.18949420422908392,0.1,20,True,29,0.9013173343105131,VYMI,50000,epistemic,-0.013700242475537827,0.05
ppo_with_uncertainty_guard_epistemic,0.13474844904102884,0.13655865389974348,32,0.9981180389125137,cpu,1634927.263331799,test_legacy,0.17535090168335166,0.1,20,True,37,0.9256890355187785,VYMI,50000,epistemic,-0.013233348571001979,0.05
ppo_with_uncertainty_guard_epistemic,0.10905377861150374,0.1295326537300359,32,0.9984065878571562,cpu,1495600.8019224936,test_legacy,0.19840292751385302,0.1,20,True,42,0.7990809286196253,VYMI,50000,epistemic,-0.012574999591626224,0.05
ppo_with_uncertainty_guard_epistemic,0.12839428924595042,0.14206172470794892,32,0.9981298306304863,cpu,1599611.5509607012,test_legacy,0.20265808834242882,0.1,20,True,53,0.8503029543619517,VYMI,50000,epistemic,-0.013937148707905144,0.05
ppo_with_uncertainty_guard_epistemic,0.1122379942210327,0.13175517240375428,32,0.9982975938160787,cpu,1512369.2045713083,test_legacy,0.19955291599392821,0.1,20,True,67,0.8073616117173653,VYMI,50000,epistemic,-0.012558038196729892,0.05
ppo_with_uncertainty_guard_epistemic,0.08961457326176465,0.08482783186898826,32,0.9984362946597404,cpu,1396208.1828264808,test_legacy,0.10180496602287015,0.1,20,True,89,1.0117418858506824,VYMI,50000,epistemic,-0.007515914258810685,0.05
ppo_with_uncertainty_guard_epistemic,0.09884297077499553,0.15699235885203816,32,0.993824431513979,cpu,1442760.1345895282,test_legacy,0.19141468673585782,0.1,20,True,7,0.6003966489619764,XLF,50000,epistemic,-0.015567795429606245,0.05
ppo_with_uncertainty_guard_epistemic,0.11174919346008226,0.1681822076352894,32,0.9928980098360396,cpu,1509786.1010760663,test_legacy,0.1983916887149606,0.1,20,True,13,0.6298795005657023,XLF,50000,epistemic,-0.017207393306778673,0.05
ppo_with_uncertainty_guard_epistemic,0.11385389974506817,0.1846970773438,32,0.9926431270215594,cpu,1520931.94669379,test_legacy,0.22724897139428113,0.1,20,True,19,0.583798577315907,XLF,50000,epistemic,-0.01848544291377623,0.05
ppo_with_uncertainty_guard_epistemic,0.09070230379752985,0.13517846407143133,32,0.9928927037179941,cpu,1401636.3136114606,test_legacy,0.16430305581910432,0.1,20,True,23,0.6422746611897712,XLF,50000,epistemic,-0.013155625763834954,0.05
ppo_with_uncertainty_guard_epistemic,0.12824384177612355,0.17397044274701173,32,0.9926431270220836,cpu,1598782.3105937368,test_legacy,0.1813122721243502,0.1,20,True,29,0.6935786878160709,XLF,50000,epistemic,-0.017380223609806577,0.05
ppo_with_uncertainty_guard_epistemic,0.12187990504515729,0.16689183882359337,32,0.9927631378019878,cpu,1563996.8704988365,test_legacy,0.1803897314662566,0.1,20,True,37,0.6891029321086831,XLF,50000,epistemic,-0.01714112590951835,0.05
ppo_with_uncertainty_guard_epistemic,0.12102952792755048,0.17629908069685016,32,0.9926431349679857,cpu,1559391.6431211527,test_legacy,0.1997723289891724,0.1,20,True,42,0.6480316353451282,XLF,50000,epistemic,-0.01803405750106979,0.05
ppo_with_uncertainty_guard_epistemic,0.11877965120817376,0.18112481311004416,32,0.992643127050183,cpu,1547255.98954987,test_legacy,0.21211202985181377,0.1,20,True,53,0.6196743219853265,XLF,50000,epistemic,-0.0184165653393638,0.05
ppo_with_uncertainty_guard_epistemic,0.08396136780817429,0.1352576223531881,32,0.9944554856129009,cpu,1368247.9133655247,test_legacy,0.17621600714439978,0.1,20,True,67,0.5960637766966481,XLF,50000,epistemic,-0.013596528299808152,0.05
ppo_with_uncertainty_guard_epistemic,0.08635502939324793,0.12027554519311126,32,0.9929908565627071,cpu,1380035.482701982,test_legacy,0.1405377269521777,0.1,20,True,89,0.6886518232816244,XLF,50000,epistemic,-0.010369958807370948,0.05
ppo_with_uncertainty_guard_epistemic,0.07362998198438689,0.1018613681968595,32,0.9980512581724305,cpu,1318227.0883249505,test_legacy,0.11715048003013351,0.1,20,True,7,0.6974705324551094,XLI,50000,epistemic,-0.009951152904508653,0.05
ppo_with_uncertainty_guard_epistemic,0.03239718157372164,0.06667682301547377,32,0.9976703376923723,cpu,1132005.9421218093,test_legacy,0.10638594811853752,0.1,20,True,13,0.4781778965041985,XLI,50000,epistemic,-0.006482231039801078,0.05
ppo_with_uncertainty_guard_epistemic,0.13944482400990363,0.17263409193738966,32,0.9959999992227726,cpu,1661398.9979516626,test_legacy,0.19213940095463022,0.1,20,True,19,0.7561717723250136,XLI,50000,epistemic,-0.017016066133509523,0.05
ppo_with_uncertainty_guard_epistemic,0.14146010747568655,0.16799698944410407,32,0.9959999993278333,cpu,1672855.4895447323,test_legacy,0.1849067923661587,0.1,20,True,23,0.7875624101021143,XLI,50000,epistemic,-0.016576361085085176,0.05
ppo_with_uncertainty_guard_epistemic,0.14412920508466767,0.1612150712006997,32,0.9960378136324376,cpu,1688118.9927220833,test_legacy,0.18340249548023668,0.1,20,True,29,0.8351805727849396,XLI,50000,epistemic,-0.015952509167241936,0.05
ppo_with_uncertainty_guard_epistemic,0.13618491430262925,0.15717747839161478,32,0.9960020258178309,cpu,1642990.5763181404,test_legacy,0.1846440486748373,0.1,20,True,37,0.8123043840905126,XLI,50000,epistemic,-0.015337302990627766,0.05
ppo_with_uncertainty_guard_epistemic,0.14056575456259798,0.16484543392709958,32,0.9960000097752361,cpu,1667764.0498771695,test_legacy,0.1848994058069765,0.1,20,True,42,0.7978643110943944,XLI,50000,epistemic,-0.01638477577554296,0.05
ppo_with_uncertainty_guard_epistemic,0.14068697590717733,0.16878161161403993,32,0.9960000220742257,cpu,1668453.472584295,test_legacy,0.1848972947990576,0.1,20,True,53,0.7798868981789997,XLI,50000,epistemic,-0.01692980238534263,0.05
ppo_with_uncertainty_guard_epistemic,0.14362706883894416,0.1610200082295934,32,0.9960048338686659,cpu,1685239.6075535244,test_legacy,0.18407010770901655,0.1,20,True,67,0.8334661027626293,XLI,50000,epistemic,-0.015882244796097476,0.05
ppo_with_uncertainty_guard_epistemic,0.005260171589677066,0.04008382528984708,32,0.9793842660080652,cpu,1020612.1651235637,test_legacy,0.057744457692750606,0.1,20,True,89,0.13088482440281585,XLI,50000,epistemic,-0.003921026047145748,0.05
ppo_with_uncertainty_guard_epistemic,0.1833689656273193,0.24996787020388433,32,0.9607158460587054,cpu,1924669.8279497107,test_legacy,0.2640458433986884,0.1,20,True,7,0.6735478407839673,XLK,50000,epistemic,-0.02535697846870466,0.05
ppo_with_uncertainty_guard_epistemic,0.09922541286177561,0.15362823958779898,32,0.9736760462234275,cpu,1444713.8802990476,test_legacy,0.18255437431543442,0.1,20,True,13,0.615809073459478,XLK,50000,epistemic,-0.015548474165297855,0.05
ppo_with_uncertainty_guard_epistemic,0.18656488743145566,0.24883800077716178,32,0.9607158460587106,cpu,1944963.073192574,test_legacy,0.2596395451372543,0.1,20,True,19,0.6874447384896827,XLK,50000,epistemic,-0.025259976295440634,0.05
ppo_with_uncertainty_guard_epistemic,0.1755188309449051,0.21769269112206277,32,0.9629797292431599,cpu,1875491.3891314245,test_legacy,0.2396961396737144,0.1,20,True,23,0.7428338068413393,XLK,50000,epistemic,-0.021856518372342124,0.05
ppo_with_uncertainty_guard_epistemic,0.20600356488608607,0.22141723904288957,32,0.9607160459315337,cpu,2071837.2345622443,test_legacy,0.25655463649772237,0.1,20,True,29,0.8459680952379766,XLK,50000,epistemic,-0.021821494307025714,0.05
ppo_with_uncertainty_guard_epistemic,0.17115725817897767,0.20377903499199915,32,0.9612546377710321,cpu,1848574.4423546172,test_legacy,0.25044151961208916,0.1,20,True,37,0.77531158417311,XLK,50000,epistemic,-0.020717453481107116,0.05
ppo_with_uncertainty_guard_epistemic,0.18063748346354175,0.22866394803663495,32,0.9607910393266337,cpu,1907450.6793090454,test_legacy,0.25480860271654215,0.1,20,True,42,0.7261941332236261,XLK,50000,epistemic,-0.02314105148200163,0.05
ppo_with_uncertainty_guard_epistemic,0.15168013911249026,0.2075952720944317,32,0.9670123749988248,cpu,1731860.2992848048,test_legacy,0.2372651538490954,0.1,20,True,53,0.6802744459661137,XLK,50000,epistemic,-0.02142897115100544,0.05
ppo_with_uncertainty_guard_epistemic,0.1882935209084784,0.21257923666816847,32,0.9612180373749398,cpu,1956005.43808204,test_legacy,0.24907132068625615,0.1,20,True,67,0.8115474294191924,XLK,50000,epistemic,-0.021179280761431142,0.05
ppo_with_uncertainty_guard_epistemic,0.198920886677982,0.2228520820805514,32,0.9607186024972643,cpu,2024918.750525306,test_legacy,0.2564662657220721,0.1,20,True,89,0.8140904953089334,XLK,50000,epistemic,-0.02218200634239089,0.05
ppo_with_uncertainty_guard_epistemic,0.08825376502031797,0.16178031755224104,32,0.9296545535432859,cpu,1389439.3123351322,test_legacy,0.22933142605653045,0.1,20,False,7,0.5227723584550595,XLU,50000,epistemic,-0.016900784344828154,0.05
ppo_with_uncertainty_guard_epistemic,0.08870068007557098,0.1726867853224702,32,0.9296253308346711,cpu,1391659.6423737267,test_legacy,0.2499733238561922,0.1,20,False,13,0.4921330273765091,XLU,50000,epistemic,-0.01837277910974393,0.05
ppo_with_uncertainty_guard_epistemic,0.08742451630651782,0.16488815628498815,32,0.9296848804983886,cpu,1385326.4734320152,test_legacy,0.2354046300132452,0.1,20,False,19,0.5082960018334608,XLU,50000,epistemic,-0.017589347334565186,0.05
ppo_with_uncertainty_guard_epistemic,0.08980647285258161,0.1758511270695483,32,0.9296253307016885,cpu,1397164.6880328488,test_legacy,0.2523700820078305,0.1,20,False,23,0.48905034863695523,XLU,50000,epistemic,-0.018877251465289114,0.05
ppo_with_uncertainty_guard_epistemic,0.08696382863315195,0.1728380820950638,32,0.9296253307016915,cpu,1383045.504509616,test_legacy,0.2510780806704952,0.1,20,False,29,0.4824645914793916,XLU,50000,epistemic,-0.018372779228902923,0.05
ppo_with_uncertainty_guard_epistemic,0.06310699116048797,0.12755931384265604,32,0.9477217172017579,cpu,1268688.1968838905,test_legacy,0.20780276004663278,0.1,20,False,37,0.47974284662272026,XLU,50000,epistemic,-0.013613337025419003,0.05
ppo_with_uncertainty_guard_epistemic,0.08795875619967534,0.15981647415384806,32,0.9317561665243952,cpu,1387975.114093538,test_legacy,0.22835300887311627,0.1,20,False,42,0.5274997869829613,XLU,50000,epistemic,-0.017056496079507256,0.05
ppo_with_uncertainty_guard_epistemic,0.06087509036307629,0.12883933853144827,32,0.9461060125892888,cpu,1258361.507829834,test_legacy,0.19916858779993984,0.1,20,False,53,0.45866466211631046,XLU,50000,epistemic,-0.01388897909519402,0.05
ppo_with_uncertainty_guard_epistemic,0.04972689392129092,0.11457535857470948,32,0.9455187359647899,cpu,1207712.279305954,test_legacy,0.16397317878278872,0.1,20,False,67,0.4235636935812432,XLU,50000,epistemic,-0.012580813480422748,0.05
ppo_with_uncertainty_guard_epistemic,0.07441110355652501,0.1390203539193255,32,0.9441617101957321,cpu,1321960.7601316578,test_legacy,0.19814729634760475,0.1,20,False,89,0.5162741775001214,XLU,50000,epistemic,-0.014791957155669876,0.05
