agent,annualized_return,annualized_volatility,bootstrap_paths,capital_preservation_rate_95pct_hwm,device,final_portfolio_value,fold_id,max_drawdown,meets_95pct_preservation_goal,seed,sharpe_ratio,test_window,ticker,timesteps,train_window,var_95,var_95_violation_rate
ppo_standalone,-0.012087002470183968,0.0313250535645757,16,0.9771030740073323,cpu,977103.0740073323,wf_2018_2019,0.0430471442600866,True,7,-0.38820628482402186,2018-01-01/2019-12-31,SPY,50000,2009-01-01/2017-12-31,-0.0005717605710115589,0.05
ppo_with_uncertainty_guard,0.02097465601696732,0.068685231771085,16,0.9998680481793591,cpu,1040330.5581090734,wf_2018_2019,0.100971313591529,True,7,0.3022144303504064,2018-01-01/2019-12-31,SPY,50000,2009-01-01/2017-12-31,-0.008008947534346954,0.05
ppo_standalone,-0.010287800626472554,0.021783771973033633,16,0.9804954181544253,cpu,980495.4181544253,wf_2018_2019,0.03942917777421895,True,13,-0.474711655784257,2018-01-01/2019-12-31,SPY,50000,2009-01-01/2017-12-31,0.0,0.020833333333333332
ppo_with_uncertainty_guard,0.059751539534027474,0.10063198452862608,16,0.9998111796209296,cpu,1116883.1167190177,wf_2018_2019,0.13528428357825328,True,13,0.5766992741566344,2018-01-01/2019-12-31,SPY,50000,2009-01-01/2017-12-31,-0.012184522784606421,0.05
ppo_standalone,-0.013323233807747708,0.018440911362186424,16,0.9747754319469969,cpu,974775.431946997,wf_2018_2019,0.034042811247361304,True,19,-0.72733221558455,2018-01-01/2019-12-31,SPY,50000,2009-01-01/2017-12-31,0.0,0.01875
ppo_with_uncertainty_guard,0.016867728925595918,0.0782335889423638,16,0.9993781011284081,cpu,1032374.0416640283,wf_2018_2019,0.13436323412345552,True,19,0.21380860624514042,2018-01-01/2019-12-31,SPY,50000,2009-01-01/2017-12-31,-0.00788240133779885,0.05
ppo_standalone,-0.007080250178532832,0.019365819278637245,16,0.9865570147806533,cpu,986557.0147806533,wf_2018_2019,0.03319842421609687,True,23,-0.3669029306861836,2018-01-01/2019-12-31,SPY,50000,2009-01-01/2017-12-31,0.0,0.029166666666666667
ppo_with_uncertainty_guard,0.1058824536584204,0.13986422337115614,16,0.9997525498586349,cpu,1211309.6471949164,wf_2018_2019,0.19341073683481402,True,23,0.7195800341086598,2018-01-01/2019-12-31,SPY,50000,2009-01-01/2017-12-31,-0.01685134706680138,0.05
ppo_standalone,-0.010091741482365597,0.022950296240514013,16,0.9808654195494741,cpu,980865.4195494741,wf_2018_2019,0.04073975590502288,True,29,-0.4419523847276246,2018-01-01/2019-12-31,SPY,50000,2009-01-01/2017-12-31,0.0,0.03125
ppo_with_uncertainty_guard,0.04884147290275838,0.0637944833660614,16,0.99978011759418,cpu,1095083.7554031508,wf_2018_2019,0.05997184231280539,True,29,0.7474953115547627,2018-01-01/2019-12-31,SPY,50000,2009-01-01/2017-12-31,-0.005870536718298602,0.05
ppo_standalone,-0.012376251019670187,0.020220296622729606,16,0.9765582251563573,cpu,976558.2251563573,wf_2018_2019,0.036733661474792734,True,37,-0.6158849743260203,2018-01-01/2019-12-31,SPY,50000,2009-01-01/2017-12-31,0.0,0.01875
ppo_with_uncertainty_guard,0.10372070731442595,0.13840456026877998,16,0.9997525498699288,cpu,1206803.47900352,wf_2018_2019,0.19310194387228408,True,37,0.7130315645848827,2018-01-01/2019-12-31,SPY,50000,2009-01-01/2017-12-31,-0.016405714327753704,0.05
ppo_standalone,-0.010268278309128572,0.04541561678206293,16,0.9650239388026132,cpu,980532.2575575517,wf_2018_2019,0.04534613583406655,True,42,-0.22726377891106575,2018-01-01/2019-12-31,SPY,50000,2009-01-01/2017-12-31,-0.004318492302053389,0.05
ppo_with_uncertainty_guard,0.09673720811508506,0.13168085602517102,16,0.999754937437856,cpu,1192300.8738176294,wf_2018_2019,0.17744728233552332,True,42,0.7012369832569118,2018-01-01/2019-12-31,SPY,50000,2009-01-01/2017-12-31,-0.016330019962234755,0.05
ppo_standalone,-0.015107917392447405,0.01754609849159266,16,0.9714197865005002,cpu,971419.7865005002,wf_2018_2019,0.033012987941059335,True,53,-0.867604094220759,2018-01-01/2019-12-31,SPY,50000,2009-01-01/2017-12-31,0.0,0.014583333333333334
ppo_with_uncertainty_guard,0.05707873457503179,0.10484077772489128,16,0.9998128556383046,cpu,1111523.7212730907,wf_2018_2019,0.14297462890958446,True,53,0.5294610550140747,2018-01-01/2019-12-31,SPY,50000,2009-01-01/2017-12-31,-0.012748096314070612,0.05
ppo_standalone,-0.009215779496370872,0.015469494102752718,16,0.9825193385803567,cpu,982519.3385803567,wf_2018_2019,0.02857381213858956,True,67,-0.598494846687284,2018-01-01/2019-12-31,SPY,50000,2009-01-01/2017-12-31,0.0,0.016666666666666666
ppo_with_uncertainty_guard,0.10845846556446728,0.13776015014253368,16,0.9997525498584645,cpu,1216689.7693969572,wf_2018_2019,0.1934626058082194,True,67,0.7474597085291004,2018-01-01/2019-12-31,SPY,50000,2009-01-01/2017-12-31,-0.016001663970924705,0.05
ppo_standalone,-0.00351870713572098,0.0372154847329284,16,0.9933083705805581,cpu,993308.3705805581,wf_2018_2019,0.0430471442600866,True,89,-0.09471587796798418,2018-01-01/2019-12-31,SPY,50000,2009-01-01/2017-12-31,-0.002300355046419611,0.05
ppo_with_uncertainty_guard,0.1019967865547786,0.13532053550907874,16,0.999752549860097,cpu,1203215.6778036822,wf_2018_2019,0.1930957218017717,True,89,0.7177305381840342,2018-01-01/2019-12-31,SPY,50000,2009-01-01/2017-12-31,-0.01568306844380771,0.05
ppo_standalone,0.001618266174028805,0.010978429916913118,16,0.9810991917858185,cpu,1003097.5408636403,wf_2020_2021,0.020193498979114488,True,7,0.1472828832580352,2020-01-01/2021-12-31,SPY,50000,2009-01-01/2019-12-31,0.0,0.024896265560165973
ppo_with_uncertainty_guard,0.09096270171435805,0.08631418904597497,16,1.0,cpu,1181187.769506517,wf_2020_2021,0.11936732869216549,True,7,1.0086448110695876,2020-01-01/2021-12-31,SPY,50000,2009-01-01/2019-12-31,-0.008654448554163441,0.05186721991701245
ppo_standalone,-0.0032771955889079308,0.013150008702733324,16,0.9709508997359472,cpu,993741.0886026021,wf_2020_2021,0.02904910026405283,True,13,-0.2496224758113633,2020-01-01/2021-12-31,SPY,50000,2009-01-01/2019-12-31,0.0,0.022821576763485476
ppo_with_uncertainty_guard,0.057852673472435785,0.07661388540435829,16,1.0,cpu,1113571.2715206135,wf_2020_2021,0.12263158034782917,True,13,0.7340830827853226,2020-01-01/2021-12-31,SPY,50000,2009-01-01/2019-12-31,-0.006662841210302517,0.05186721991701245
ppo_standalone,-0.02192016255575996,0.08135739725438985,16,0.9343733837122975,cpu,958493.0118264821,wf_2020_2021,0.15735675673973926,False,19,-0.2724268032426993,2020-01-01/2021-12-31,SPY,50000,2009-01-01/2019-12-31,-0.0030945785762449773,0.05186721991701245
ppo_with_uncertainty_guard,0.28443930672100903,0.18625039036415839,16,1.0,cpu,1614121.8117838283,wf_2020_2021,0.19802226694271852,True,19,1.3440083110600913,2020-01-01/2021-12-31,SPY,50000,2009-01-01/2019-12-31,-0.019636003452338447,0.05186721991701245
ppo_standalone,0.0025788610203954037,0.009194998775325936,16,0.9853824534854294,cpu,1004938.3879108407,wf_2020_2021,0.01461754651457059,True,23,0.28009759033383663,2020-01-01/2021-12-31,SPY,50000,2009-01-01/2019-12-31,0.0,0.01867219917012448
ppo_with_uncertainty_guard,0.10713731029279511,0.136521545660843,16,1.0,cpu,1214910.0183667135,wf_2020_2021,0.1998642327057607,True,23,0.7455055200355143,2020-01-01/2021-12-31,SPY,50000,2009-01-01/2019-12-31,-0.011941378785915812,0.05186721991701245
ppo_standalone,-0.02580162039003082,0.030943361941104402,16,0.9282557369649056,cpu,951230.803479727,wf_2020_2021,0.07623874967371158,False,29,-0.8447752658605865,2020-01-01/2021-12-31,SPY,50000,2009-01-01/2019-12-31,0.0,0.04771784232365145
ppo_with_uncertainty_guard,0.2197172539878663,0.14943861935869437,16,1.0,cpu,1462136.00750248,wf_2020_2021,0.1649391847200512,True,29,1.3290999523606122,2020-01-01/2021-12-31,SPY,50000,2009-01-01/2019-12-31,-0.015556864465704567,0.05186721991701245
ppo_standalone,0.003954344531211293,0.008992062418194738,16,0.9868611213529911,cpu,1007577.1156869562,wf_2020_2021,0.013138878647008911,True,37,0.438884519123163,2020-01-01/2021-12-31,SPY,50000,2009-01-01/2019-12-31,0.0,0.02074688796680498
ppo_with_uncertainty_guard,0.12411080948006718,0.10868722186290189,16,1.0,cpu,1250784.6155913775,wf_2020_2021,0.1418237868492408,True,37,1.076411363532405,2020-01-01/2021-12-31,SPY,50000,2009-01-01/2019-12-31,-0.010855955430579378,0.05186721991701245
ppo_standalone,-0.029899569766632335,0.08545664284344122,16,0.92001248910146,cpu,943592.14659161,wf_2020_2021,0.161953537017537,False,42,-0.35521662356764583,2020-01-01/2021-12-31,SPY,50000,2009-01-01/2019-12-31,-0.0025144782502095173,0.05186721991701245
ppo_with_uncertainty_guard,0.2676502678263636,0.21940060009755663,16,1.0,cpu,1574007.8332127135,wf_2020_2021,0.26553087096927785,True,42,1.0809671087983583,2020-01-01/2021-12-31,SPY,50000,2009-01-01/2019-12-31,-0.022371363168130643,0.05186721991701245
ppo_standalone,0.008699219692016516,0.006657893945666883,16,0.9999158140181312,cpu,1016705.0218160482,wf_2020_2021,0.0015987094480331976,True,53,1.3009208401935033,2020-01-01/2021-12-31,SPY,50000,2009-01-01/2019-12-31,0.0,0.004149377593360996
ppo_with_uncertainty_guard,0.289376339192269,0.18718525736280678,16,1.0,cpu,1626009.4679514032,wf_2020_2021,0.19501841253081365,True,53,1.35779084057014,2020-01-01/2021-12-31,SPY,50000,2009-01-01/2019-12-31,-0.018863025231440744,0.05186721991701245
ppo_standalone,0.008291934439631866,0.0060454062052300115,16,0.9997875966689612,cpu,1015919.9697985625,wf_2020_2021,0.0015461039927253672,True,67,1.3659178729587167,2020-01-01/2021-12-31,SPY,50000,2009-01-01/2019-12-31,0.0,0.008298755186721992
ppo_with_uncertainty_guard,0.24091004587290504,0.1410842818752484,16,1.0,cpu,1511112.937557694,wf_2020_2021,0.11622448117188178,True,67,1.529899522946491,2020-01-01/2021-12-31,SPY,50000,2009-01-01/2019-12-31,-0.014432476551112839,0.05186721991701245
ppo_standalone,-0.008001303272861984,0.01655659116352213,16,0.9634041016773709,cpu,984751.8141107709,wf_2020_2021,0.036595898322629106,True,89,-0.4852090854546937,2020-01-01/2021-12-31,SPY,50000,2009-01-01/2019-12-31,0.0,0.03112033195020747
ppo_with_uncertainty_guard,0.26361968899936206,0.21579222507513104,16,1.0,cpu,1564449.3126401594,wf_2020_2021,0.26148334200099843,True,89,1.0842846598805551,2020-01-01/2021-12-31,SPY,50000,2009-01-01/2019-12-31,-0.021799375355477223,0.05186721991701245
ppo_standalone,-0.001085117097019617,0.007833015470499723,16,0.9936445274506642,cpu,997938.4244011247,wf_2022_2023,0.009401606276981722,True,7,-0.13860361495156587,2022-01-01/2023-12-31,SPY,50000,2009-01-01/2021-12-31,0.0,0.008350730688935281
ppo_with_uncertainty_guard,0.020650033519235243,0.10645509521754377,16,1.0,cpu,1039616.2710708824,wf_2022_2023,0.12144566560302406,True,7,0.19200284925062766,2022-01-01/2023-12-31,SPY,50000,2009-01-01/2021-12-31,-0.010540463230456255,0.05010438413361169
ppo_standalone,-0.009431848302288815,0.016597132174984486,16,0.9774008833162785,cpu,982148.18591674,wf_2022_2023,0.02909489570812618,True,13,-0.5709732936315037,2022-01-01/2023-12-31,SPY,50000,2009-01-01/2021-12-31,0.0,0.033402922755741124
ppo_with_uncertainty_guard,0.03403148398041611,0.11636333484484258,16,1.0,cpu,1065677.2216683608,wf_2022_2023,0.13593430875422097,True,13,0.2875921245921553,2022-01-01/2023-12-31,SPY,50000,2009-01-01/2021-12-31,-0.011481709566365694,0.05010438413361169
ppo_standalone,-0.007237269607403759,0.015273330383646045,16,0.9815209819001048,cpu,986288.2960997525,wf_2022_2023,0.025140391898193615,True,19,-0.4755681972735179,2022-01-01/2023-12-31,SPY,50000,2009-01-01/2021-12-31,0.0,0.029227557411273485
ppo_with_uncertainty_guard,0.05320285682149972,0.18721216869446333,16,1.0,cpu,1103546.711091421,wf_2022_2023,0.21270141329215575,True,19,0.27688273449164014,2022-01-01/2023-12-31,SPY,50000,2009-01-01/2021-12-31,-0.01764175393927747,0.05010438413361169
ppo_standalone,-0.006247426255880659,0.010800959699135708,16,0.9839065374916662,cpu,988158.353069731,wf_2022_2023,0.016296818468979457,True,23,-0.5802198279861401,2022-01-01/2023-12-31,SPY,50000,2009-01-01/2021-12-31,0.0,0.020876826722338204
ppo_with_uncertainty_guard,0.031952257771644725,0.11335004474402084,16,1.0,cpu,1061607.777369319,wf_2022_2023,0.13967016019284306,True,23,0.27747990891875063,2022-01-01/2023-12-31,SPY,50000,2009-01-01/2021-12-31,-0.011417233215323997,0.05010438413361169
ppo_standalone,-0.008753151564132065,0.014331467741033303,16,0.9787478572885107,cpu,983427.6773708041,wf_2022_2023,0.023532468654594907,True,29,-0.6134464521799333,2022-01-01/2023-12-31,SPY,50000,2009-01-01/2021-12-31,0.0,0.022964509394572025
ppo_with_uncertainty_guard,0.05736220341318685,0.0704219324483928,16,1.0,cpu,1111845.4189981034,wf_2022_2023,0.07018903591898162,True,29,0.7920429285994365,2022-01-01/2023-12-31,SPY,50000,2009-01-01/2021-12-31,-0.008299088241467878,0.05010438413361169
ppo_standalone,-0.006075940750947068,0.013837036647102124,16,0.983704581779469,cpu,988482.5018723203,wf_2022_2023,0.021519179815562728,True,37,-0.440441449095408,2022-01-01/2023-12-31,SPY,50000,2009-01-01/2021-12-31,0.0,0.033402922755741124
ppo_with_uncertainty_guard,0.0265992809772633,0.07691033455539108,16,1.0,cpu,1051164.9329092768,wf_2022_2023,0.08776446376835978,True,37,0.341327556552789,2022-01-01/2023-12-31,SPY,50000,2009-01-01/2021-12-31,-0.007218242347821045,0.05010438413361169
ppo_standalone,-0.007387274323253466,0.013630034272022057,16,0.9812391017775469,cpu,986005.0468662579,wf_2022_2023,0.01940042460972946,True,42,-0.543990488826447,2022-01-01/2023-12-31,SPY,50000,2009-01-01/2021-12-31,0.0,0.020876826722338204
ppo_with_uncertainty_guard,0.0606388314566154,0.17583592595688008,16,1.0,cpu,1118403.675749299,wf_2022_2023,0.19460958650342652,True,42,0.3348083976955172,2022-01-01/2023-12-31,SPY,50000,2009-01-01/2021-12-31,-0.01719495622230802,0.05010438413361169
ppo_standalone,-0.017077002510617827,0.03262107245850841,16,0.963064833259765,cpu,967789.9463591982,wf_2022_2023,0.044474902538108485,True,53,-0.5280148988747947,2022-01-01/2023-12-31,SPY,50000,2009-01-01/2021-12-31,-0.0032852362234608635,0.05010438413361169
ppo_with_uncertainty_guard,0.06016500252275678,0.17987619677048533,16,1.0,cpu,1117454.1642741733,wf_2022_2023,0.19909798954515412,True,53,0.3248039943862904,2022-01-01/2023-12-31,SPY,50000,2009-01-01/2021-12-31,-0.01737846968802721,0.05010438413361169
ppo_standalone,-0.008082385310256074,0.014333782551214138,16,0.9804560887950379,cpu,984692.9937378333,wf_2022_2023,0.025016346416936286,True,67,-0.5661544641668428,2022-01-01/2023-12-31,SPY,50000,2009-01-01/2021-12-31,-8.036139902198848e-05,0.05010438413361169
ppo_with_uncertainty_guard,0.058885726635823414,0.17929299729106957,16,1.0,cpu,1114892.5169605517,wf_2022_2023,0.19851304403955194,True,67,0.31912625781377607,2022-01-01/2023-12-31,SPY,50000,2009-01-01/2021-12-31,-0.017199544536840604,0.05010438413361169
ppo_standalone,-0.008059999010278608,0.015183468159565373,16,0.9800976429962625,cpu,984735.2359789753,wf_2022_2023,0.024101393219138956,True,89,-0.5329857253813656,2022-01-01/2023-12-31,SPY,50000,2009-01-01/2021-12-31,0.0,0.031315240083507306
ppo_with_uncertainty_guard,-0.018051736372991883,0.04929727439114282,16,0.9595474606372117,cpu,965966.518392987,wf_2022_2023,0.06970931741900621,True,89,-0.3695254611486369,2022-01-01/2023-12-31,SPY,50000,2009-01-01/2021-12-31,-0.004853261879345893,0.05010438413361169
ppo_standalone,0.008488541267427792,0.008475816890092532,16,0.9994907029088941,cpu,1016196.6354636296,wf_2024_2025,0.0058981878041822755,True,7,0.9972558389908506,2024-01-01/2025-12-31,SPY,50000,2009-01-01/2023-12-31,0.0,0.014613778705636743
ppo_with_uncertainty_guard,0.16451271650457258,0.13302382445833688,16,0.9966152254746592,cpu,1335754.1824169895,wf_2024_2025,0.1548235404185756,True,7,1.144926852709433,2024-01-01/2025-12-31,SPY,50000,2009-01-01/2023-12-31,-0.012336263749820551,0.05010438413361169
ppo_standalone,0.007700663546959481,0.007682582555258602,16,0.9981189189579852,cpu,1014688.1270712874,wf_2024_2025,0.004387846171027943,True,13,0.9984931785162575,2024-01-01/2025-12-31,SPY,50000,2009-01-01/2023-12-31,0.0,0.012526096033402923
ppo_with_uncertainty_guard,0.17159119996836167,0.13729279433776775,16,0.9964116773173743,cpu,1351229.6800132303,wf_2024_2025,0.1585015104627614,True,13,1.1534665200531493,2024-01-01/2025-12-31,SPY,50000,2009-01-01/2023-12-31,-0.012875636720981907,0.05010438413361169
ppo_standalone,0.010067331721050074,0.008384622849917993,16,0.9999496066736051,cpu,1019222.6593020546,wf_2024_2025,0.0038933102093445804,True,19,1.1946636400732198,2024-01-01/2025-12-31,SPY,50000,2009-01-01/2023-12-31,0.0,0.018789144050104383
ppo_with_uncertainty_guard,0.2018397801877785,0.16231467607073236,16,0.996335318196767,cpu,1418312.2777762986,wf_2024_2025,0.18754956962489178,True,19,1.132697039578882,2024-01-01/2025-12-31,SPY,50000,2009-01-01/2023-12-31,-0.015362057125292062,0.05010438413361169
ppo_standalone,0.009505205856918919,0.008480657737687329,16,0.9998602673655572,cpu,1018144.7594513581,wf_2024_2025,0.004389108673362396,True,23,1.115495853891947,2024-01-01/2025-12-31,SPY,50000,2009-01-01/2023-12-31,0.0,0.020876826722338204
ppo_with_uncertainty_guard,0.19393984514517681,0.15974324135088058,16,0.9963355081150561,cpu,1400643.9339280576,wf_2024_2025,0.18668864455413792,True,23,1.109646048877942,2024-01-01/2025-12-31,SPY,50000,2009-01-01/2023-12-31,-0.015276262707505772,0.05010438413361169
ppo_standalone,0.013732942677992814,0.011061644750007057,16,0.9991704777356389,cpu,1026264.8744352649,wf_2024_2025,0.006210218373736809,True,29,1.2330268158350792,2024-01-01/2025-12-31,SPY,50000,2009-01-01/2023-12-31,0.0,0.04384133611691023
ppo_with_uncertainty_guard,0.1919373391051855,0.1606229597004273,16,0.996335318448822,cpu,1396181.9716913316,wf_2024_2025,0.18752749920944922,True,29,1.0931178593460726,2024-01-01/2025-12-31,SPY,50000,2009-01-01/2023-12-31,-0.015361062458145724,0.05010438413361169
ppo_standalone,0.00882039474814985,0.008129349298559704,16,0.9994761214339205,cpu,1016832.3358784292,wf_2024_2025,0.004720590077581521,True,37,1.0802280109736069,2024-01-01/2025-12-31,SPY,50000,2009-01-01/2023-12-31,0.0,0.016701461377870562
ppo_with_uncertainty_guard,0.20171402093149066,0.16238294640605822,16,0.9963353182089417,cpu,1418030.1929326784,wf_2024_2025,0.18754374598777646,True,37,1.1315763932247238,2024-01-01/2025-12-31,SPY,50000,2009-01-01/2023-12-31,-0.015361732532406868,0.05010438413361169
ppo_standalone,0.010577687652658695,0.009042010603744996,16,0.9988424600698439,cpu,1020201.7562680612,wf_2024_2025,0.004779632062165917,True,42,1.1636737721718506,2024-01-01/2025-12-31,SPY,50000,2009-01-01/2023-12-31,0.0,0.020876826722338204
ppo_with_uncertainty_guard,0.20698866231010607,0.16339717194954967,16,0.9963353181663585,cpu,1429884.3274057666,wf_2024_2025,0.18755229495727954,True,42,1.1513563164755438,2024-01-01/2025-12-31,SPY,50000,2009-01-01/2023-12-31,-0.015401869416432313,0.05010438413361169
ppo_standalone,0.014374581178353617,0.01254455327637438,16,0.995437993107824,cpu,1027499.9259705445,wf_2024_2025,0.008525258840868188,True,53,1.1377101663092548,2024-01-01/2025-12-31,SPY,50000,2009-01-01/2023-12-31,-0.0002937259993512241,0.05010438413361169
ppo_with_uncertainty_guard,0.19937753701808378,0.16205061767887505,16,0.996335319414457,cpu,1412794.1691151508,wf_2024_2025,0.1875422756060876,True,53,1.1218872693667845,2024-01-01/2025-12-31,SPY,50000,2009-01-01/2023-12-31,-0.015361646944058727,0.05010438413361169
ppo_standalone,0.005876758483923359,0.006094989553632279,16,0.9976467350023547,cpu,1011200.0663895137,wf_2024_2025,0.0029547655177433185,True,67,0.9613478472774727,2024-01-01/2025-12-31,SPY,50000,2009-01-01/2023-12-31,0.0,0.012526096033402923
ppo_with_uncertainty_guard,0.17830982773744253,0.15750386017765808,16,0.9963353695425708,cpu,1365996.5581008096,wf_2024_2025,0.1873019920181126,True,67,1.0417579400945123,2024-01-01/2025-12-31,SPY,50000,2009-01-01/2023-12-31,-0.015323470907774351,0.05010438413361169
ppo_standalone,0.012924471729583097,0.011727040641160074,16,0.9987874492555362,cpu,1024709.69943757,wf_2024_2025,0.006613113613026855,True,89,1.0950324165701186,2024-01-01/2025-12-31,SPY,50000,2009-01-01/2023-12-31,0.0,0.025052192066805846
ppo_with_uncertainty_guard,0.20232216847891998,0.16207713171003463,16,0.9963353186554315,cpu,1419394.5475285423,wf_2024_2025,0.18753909145093517,True,89,1.136833091814005,2024-01-01/2025-12-31,SPY,50000,2009-01-01/2023-12-31,-0.015361732958489327,0.05010438413361169
ppo_standalone,0.0022124755689418496,0.05680648598107519,16,0.9628962213416884,cpu,1004218.4568381737,wf_2018_2019,0.05300251602757933,True,7,0.03890445668112338,2018-01-01/2019-12-31,QQQ,50000,2009-01-01/2017-12-31,-0.005557150221053763,0.05
ppo_with_uncertainty_guard,0.020527512736577765,0.07138000165544496,16,0.9996877894100167,cpu,1039462.8817886892,wf_2018_2019,0.08361910941506767,True,7,0.284668216571265,2018-01-01/2019-12-31,QQQ,50000,2009-01-01/2017-12-31,-0.008217563985173903,0.05
ppo_standalone,-0.013515649458237067,0.04084097706068394,16,0.963864817733076,cpu,974413.3786995251,wf_2018_2019,0.048673377132536944,True,13,-0.33318900157627257,2018-01-01/2019-12-31,QQQ,50000,2009-01-01/2017-12-31,-0.0013373800328375651,0.05
ppo_with_uncertainty_guard,0.07420285727365272,0.12770711010861144,16,0.9992904852167758,cpu,1146072.2740388606,wf_2018_2019,0.14733672247576313,True,13,0.5604916543641372,2018-01-01/2019-12-31,QQQ,50000,2009-01-01/2017-12-31,-0.014162242781809197,0.05
ppo_standalone,-0.01349526254753287,0.019265256799579307,16,0.9744517361043064,cpu,974451.7361043063,wf_2018_2019,0.03696259942918512,True,19,-0.7052612603247949,2018-01-01/2019-12-31,QQQ,50000,2009-01-01/2017-12-31,0.0,0.01875
ppo_with_uncertainty_guard,0.1333096146124568,0.1815180620301224,16,0.999158018184182,cpu,1269173.7811861823,wf_2018_2019,0.22631182813920314,True,19,0.689419574065024,2018-01-01/2019-12-31,QQQ,50000,2009-01-01/2017-12-31,-0.020140912742300808,0.05
ppo_standalone,-0.0049601971555065846,0.020771550808689636,16,0.9905732091038566,cpu,990573.2091038566,wf_2018_2019,0.03608716032509107,True,23,-0.2393900103397053,2018-01-01/2019-12-31,QQQ,50000,2009-01-01/2017-12-31,0.0,0.025
ppo_with_uncertainty_guard,0.14433878065079075,0.19236382464262844,16,0.9991580149474768,cpu,1292803.7465109301,wf_2018_2019,0.22795947094536084,True,23,0.7008951659026889,2018-01-01/2019-12-31,QQQ,50000,2009-01-01/2017-12-31,-0.02273786755489855,0.05
ppo_standalone,-0.008515890654881626,0.022651647126822758,16,0.9838417620567771,cpu,983841.7620567771,wf_2018_2019,0.04199689049193256,True,29,-0.3775574487293981,2018-01-01/2019-12-31,QQQ,50000,2009-01-01/2017-12-31,0.0,0.020833333333333332
ppo_with_uncertainty_guard,0.07204208926149383,0.08325924940296572,16,0.9992560448845882,cpu,1141685.1577922394,wf_2018_2019,0.08317291976179575,True,29,0.8355250871464907,2018-01-01/2019-12-31,QQQ,50000,2009-01-01/2017-12-31,-0.0088199511816768,0.05
ppo_standalone,-0.007509297285802702,0.022712035180644255,16,0.985745177836902,cpu,985745.177836902,wf_2018_2019,0.04054300781029718,True,37,-0.3318760852293064,2018-01-01/2019-12-31,QQQ,50000,2009-01-01/2017-12-31,0.0,0.025
ppo_with_uncertainty_guard,0.12993016254668693,0.15412285731143152,16,0.9991602545017687,cpu,1261974.7640884307,wf_2018_2019,0.17472944745525054,True,37,0.7925865382334796,2018-01-01/2019-12-31,QQQ,50000,2009-01-01/2017-12-31,-0.017185635848638282,0.05
ppo_standalone,-0.006039012551019014,0.04103822043774754,16,0.9785495382994498,cpu,988528.5500997866,wf_2018_2019,0.04711641996591298,True,42,-0.1476013735351634,2018-01-01/2019-12-31,QQQ,50000,2009-01-01/2017-12-31,-0.0016228554250488961,0.05
ppo_with_uncertainty_guard,0.06362172449929762,0.12189960912615724,16,0.9995209979125654,cpu,1124665.1467720396,wf_2018_2019,0.1440099533906315,True,42,0.505987884115738,2018-01-01/2019-12-31,QQQ,50000,2009-01-01/2017-12-31,-0.01453975559670182,0.05
ppo_standalone,-0.015466277883585098,0.01960049391302651,16,0.9707466430475974,cpu,970746.6430475974,wf_2018_2019,0.03760950087985415,True,53,-0.7952351752236881,2018-01-01/2019-12-31,QQQ,50000,2009-01-01/2017-12-31,0.0,0.014583333333333334
ppo_with_uncertainty_guard,0.1395671419211674,0.19009895685285907,16,0.9991580153193088,cpu,1282555.1089874674,wf_2018_2019,0.22756524904607245,True,53,0.6872651133698708,2018-01-01/2019-12-31,QQQ,50000,2009-01-01/2017-12-31,-0.021762083575971133,0.05
ppo_standalone,-0.0007190830817048978,0.02156634321915109,16,0.9983075241114743,cpu,998630.7635066565,wf_2018_2019,0.03629179346077116,True,67,-0.03335458606803054,2018-01-01/2019-12-31,QQQ,50000,2009-01-01/2017-12-31,0.0,0.03125
ppo_with_uncertainty_guard,0.14224551641563588,0.18139891855990556,16,0.9991580149482073,cpu,1288303.0142056458,wf_2018_2019,0.22779327095523283,True,67,0.7331684273583308,2018-01-01/2019-12-31,QQQ,50000,2009-01-01/2017-12-31,-0.019377365578917425,0.05
ppo_standalone,0.0007751109885257496,0.02755803446043609,16,0.9981484526131458,cpu,1001476.9195637682,wf_2018_2019,0.04403805606876299,True,89,0.02811544063731944,2018-01-01/2019-12-31,QQQ,50000,2009-01-01/2017-12-31,0.0,0.029166666666666667
ppo_with_uncertainty_guard,0.14489393874219278,0.1884055397444866,16,0.9991580149496857,cpu,1293998.6440242296,wf_2018_2019,0.2278657796276905,True,89,0.7181948522846773,2018-01-01/2019-12-31,QQQ,50000,2009-01-01/2017-12-31,-0.021255611531174164,0.05
ppo_standalone,0.013191812733338661,0.00924365413054733,16,0.9998728761209945,cpu,1025383.7994152183,wf_2020_2021,0.0015763321152864052,True,7,1.4177654487777287,2020-01-01/2021-12-31,QQQ,50000,2009-01-01/2019-12-31,0.0,0.008298755186721992
ppo_with_uncertainty_guard,0.14260295039936527,0.10726185735879919,16,0.9952291496372522,cpu,1290435.5745604378,wf_2020_2021,0.11088934683676765,True,7,1.2428346429384984,2020-01-01/2021-12-31,QQQ,50000,2009-01-01/2019-12-31,-0.011129689161388168,0.05186721991701245
ppo_standalone,0.002745925615365477,0.015778829698134187,16,0.970599619951311,cpu,1005258.7084865547,wf_2020_2021,0.029400380048688946,True,13,0.17378569347675993,2020-01-01/2021-12-31,QQQ,50000,2009-01-01/2019-12-31,0.0,0.01867219917012448
ppo_with_uncertainty_guard,0.27428877429761833,0.1993406466579081,16,0.9962556645873426,cpu,1589811.6073529455,wf_2020_2021,0.18932609850206417,True,13,1.215948728602473,2020-01-01/2021-12-31,QQQ,50000,2009-01-01/2019-12-31,-0.020993812304333927,0.05186721991701245
ppo_standalone,-0.019670640792154644,0.039023810244282996,16,0.9279487739402345,cpu,962713.9296412719,wf_2020_2021,0.07676405001490327,False,19,-0.5090892461787593,2020-01-01/2021-12-31,QQQ,50000,2009-01-01/2019-12-31,0.0,0.03941908713692946
ppo_with_uncertainty_guard,0.3816919585913756,0.23237756455057976,16,0.9952166978326237,cpu,1855941.729958497,wf_2020_2021,0.18408431792726898,True,19,1.3913072240319244,2020-01-01/2021-12-31,QQQ,50000,2009-01-01/2019-12-31,-0.025573853851420747,0.05186721991701245
ppo_standalone,0.002423222903402013,0.013894513414180036,16,0.9741921312520759,cpu,1004640.0196723631,wf_2020_2021,0.025807868747924068,True,23,0.17418846630565862,2020-01-01/2021-12-31,QQQ,50000,2009-01-01/2019-12-31,0.0,0.016597510373443983
ppo_with_uncertainty_guard,0.2838241903566636,0.19622028856384613,16,0.9949713819756574,cpu,1612643.617316031,wf_2020_2021,0.18401598490343418,True,23,1.2732784779627009,2020-01-01/2021-12-31,QQQ,50000,2009-01-01/2019-12-31,-0.02049875648628987,0.05186721991701245
ppo_standalone,0.1807873467317109,0.14245953599065528,16,0.9972188120599239,cpu,1374177.008676726,wf_2020_2021,0.14840478759705078,True,29,1.1665156188294918,2020-01-01/2021-12-31,QQQ,50000,2009-01-01/2019-12-31,-0.014784630262716546,0.05186721991701245
ppo_with_uncertainty_guard,0.09403516835717467,0.11007720754867219,16,0.9961131200803773,cpu,1187558.6648175218,wf_2020_2021,0.11376719026339821,True,29,0.8164516747433452,2020-01-01/2021-12-31,QQQ,50000,2009-01-01/2019-12-31,-0.012029136729202338,0.05186721991701245
ppo_standalone,0.009714378206912191,0.011827537751320848,16,0.9869292223380073,cpu,1018663.0234524742,wf_2020_2021,0.013070777661992716,True,37,0.8173609297335579,2020-01-01/2021-12-31,QQQ,50000,2009-01-01/2019-12-31,0.0,0.016597510373443983
ppo_with_uncertainty_guard,0.21234008820315783,0.15641954129701843,16,0.9967614185009176,cpu,1445267.988850568,wf_2020_2021,0.14997061984482962,True,37,1.2309987109164635,2020-01-01/2021-12-31,QQQ,50000,2009-01-01/2019-12-31,-0.016730185934276866,0.05186721991701245
ppo_standalone,-0.02577650172496298,0.06450866929045707,16,0.9156920223348112,cpu,951277.715773175,wf_2020_2021,0.11472182272675324,False,42,-0.404821140139856,2020-01-01/2021-12-31,QQQ,50000,2009-01-01/2019-12-31,0.0,0.04771784232365145
ppo_with_uncertainty_guard,0.3798710518786556,0.25271760345853805,16,0.9952166978249558,cpu,1851266.251917413,wf_2020_2021,0.22288402539079288,True,42,1.274109312016586,2020-01-01/2021-12-31,QQQ,50000,2009-01-01/2019-12-31,-0.026215028538260653,0.05186721991701245
ppo_standalone,0.012308009178909726,0.010241574200267892,16,0.9950061482310428,cpu,1023673.6891973553,wf_2020_2021,0.005144451067487621,True,53,1.1944151951182616,2020-01-01/2021-12-31,QQQ,50000,2009-01-01/2019-12-31,0.0,0.014522821576763486
ppo_with_uncertainty_guard,0.3874739382347312,0.24902309353945684,16,0.9952166978245239,cpu,1870825.2151020053,wf_2020_2021,0.21259869946856969,True,53,1.315077127149601,2020-01-01/2021-12-31,QQQ,50000,2009-01-01/2019-12-31,-0.026215032290587283,0.05186721991701245
ppo_standalone,0.011475132824799531,0.009048231454002707,16,0.9969636730917366,cpu,1022063.366913986,wf_2020_2021,0.003036326908263387,True,67,1.2609748937042002,2020-01-01/2021-12-31,QQQ,50000,2009-01-01/2019-12-31,0.0,0.016597510373443983
ppo_with_uncertainty_guard,0.3704198744211572,0.2179640471948296,16,0.9952166978483454,cpu,1827089.2229157686,wf_2020_2021,0.15554583097919794,True,67,1.4457289865836789,2020-01-01/2021-12-31,QQQ,50000,2009-01-01/2019-12-31,-0.022863491626185884,0.05186721991701245
ppo_standalone,-0.009961875937437407,0.027883249248393093,16,0.9461381245350644,cpu,981032.5824572283,wf_2020_2021,0.05767978725400269,False,89,-0.3590603933063091,2020-01-01/2021-12-31,QQQ,50000,2009-01-01/2019-12-31,0.0,0.024896265560165973
ppo_with_uncertainty_guard,0.37054126711924446,0.25079528534437784,16,0.995216697839082,cpu,1827398.7956654413,wf_2020_2021,0.22325529714241588,True,89,1.2568240561434643,2020-01-01/2021-12-31,QQQ,50000,2009-01-01/2019-12-31,-0.026047481982849875,0.05186721991701245
ppo_standalone,-0.01761577426438209,0.026876779345769083,16,0.9630751842114049,cpu,966781.8682851595,wf_2022_2023,0.041587919952255525,True,7,-0.6612650043433974,2022-01-01/2023-12-31,QQQ,50000,2009-01-01/2021-12-31,0.0,0.031315240083507306
ppo_with_uncertainty_guard,0.04119398728796016,0.14719742892566245,16,0.9997068975958385,cpu,1079752.0861438503,wf_2022_2023,0.17897308468231743,True,7,0.2742444354538747,2022-01-01/2023-12-31,QQQ,50000,2009-01-01/2021-12-31,-0.015041912133977675,0.05010438413361169
ppo_standalone,-0.01130206448162225,0.01880219122758926,16,0.9748986339759725,cpu,978626.5054071138,wf_2022_2023,0.025255569565443836,True,13,-0.6045211462739369,2022-01-01/2023-12-31,QQQ,50000,2009-01-01/2021-12-31,0.0,0.020876826722338204
ppo_with_uncertainty_guard,0.06824925745433216,0.17050997574295793,16,0.9996412555071269,cpu,1133706.6531239375,wf_2022_2023,0.20491916728405746,True,13,0.3871975154744861,2022-01-01/2023-12-31,QQQ,50000,2009-01-01/2021-12-31,-0.017002235523433384,0.05010438413361169
ppo_standalone,-0.008864832041882124,0.017425505311744256,16,0.9792386583893967,cpu,983217.0810380625,wf_2022_2023,0.02076134161060328,True,19,-0.5109910535608905,2022-01-01/2023-12-31,QQQ,50000,2009-01-01/2021-12-31,0.0,0.020876826722338204
ppo_with_uncertainty_guard,0.08898574337443498,0.24685918038361682,16,0.9995138867356899,cpu,1175903.144161474,wf_2022_2023,0.28350453326475744,True,19,0.34532520698824615,2022-01-01/2023-12-31,QQQ,50000,2009-01-01/2021-12-31,-0.024028243343329335,0.05010438413361169
ppo_standalone,-0.010325155250793938,0.016923222254238673,16,0.976941975269123,cpu,980465.3107458636,wf_2022_2023,0.023058024730877036,True,23,-0.6132834478701656,2022-01-01/2023-12-31,QQQ,50000,2009-01-01/2021-12-31,0.0,0.020876826722338204
ppo_with_uncertainty_guard,0.07977193264240053,0.18261164155319193,16,0.9996087904188449,cpu,1157063.834077611,wf_2022_2023,0.21297844586562575,True,23,0.4202896265808169,2022-01-01/2023-12-31,QQQ,50000,2009-01-01/2021-12-31,-0.01865057045546585,0.05010438413361169
ppo_standalone,-0.0138531599064216,0.02315907186952322,16,0.9699139707142272,cpu,973832.3735374894,wf_2022_2023,0.035540200132247124,True,29,-0.6023520666849153,2022-01-01/2023-12-31,QQQ,50000,2009-01-01/2021-12-31,0.0,0.022964509394572025
ppo_with_uncertainty_guard,0.13276934240626811,0.11464129843112136,16,0.9995311965353401,cpu,1267394.4297149791,wf_2022_2023,0.09550610372764246,True,29,1.0874371550049167,2022-01-01/2023-12-31,QQQ,50000,2009-01-01/2021-12-31,-0.011693550084763693,0.05010438413361169
ppo_standalone,-0.0114137415366194,0.0263536866817337,16,0.9744574058979868,cpu,978416.4034115868,wf_2022_2023,0.038816529199818595,True,37,-0.43558645869514345,2022-01-01/2023-12-31,QQQ,50000,2009-01-01/2021-12-31,0.0,0.04801670146137787
ppo_with_uncertainty_guard,0.08726174160746854,0.17859258379796258,16,0.9995696479775141,cpu,1172367.1442714203,wf_2022_2023,0.21429175819704183,True,37,0.46845336831186324,2022-01-01/2023-12-31,QQQ,50000,2009-01-01/2021-12-31,-0.017445061539156547,0.05010438413361169
ppo_standalone,-0.011459585439216873,0.021247368500286322,16,0.9743715132930708,cpu,978330.1618446667,wf_2022_2023,0.02903427990877505,True,42,-0.5424514739473678,2022-01-01/2023-12-31,QQQ,50000,2009-01-01/2021-12-31,0.0,0.022964509394572025
ppo_with_uncertainty_guard,0.10791930205226823,0.19751988604184537,16,0.9995145347642955,cpu,1215068.5174108294,wf_2022_2023,0.2233114024786913,True,42,0.5188524217907693,2022-01-01/2023-12-31,QQQ,50000,2009-01-01/2021-12-31,-0.019931622794568327,0.05010438413361169
ppo_standalone,-0.010271502840676114,0.01907864216308536,16,0.9770207812904323,cpu,980566.3463664682,wf_2022_2023,0.027974531916368006,True,53,-0.5411565857271977,2022-01-01/2023-12-31,QQQ,50000,2009-01-01/2021-12-31,0.0,0.03966597077244259
ppo_with_uncertainty_guard,0.09306490452987248,0.24473426565435805,16,0.999513886736164,cpu,1184289.7684793787,wf_2022_2023,0.2801397457206172,True,53,0.36360062403672194,2022-01-01/2023-12-31,QQQ,50000,2009-01-01/2021-12-31,-0.023974143826414718,0.05010438413361169
ppo_standalone,-0.01511893495452276,0.021072581202632088,16,0.9679668477756819,cpu,971457.8145080074,wf_2022_2023,0.034033114902511596,True,67,-0.7229430669659843,2022-01-01/2023-12-31,QQQ,50000,2009-01-01/2021-12-31,0.0,0.037578288100208766
ppo_with_uncertainty_guard,0.09325105163446971,0.2434539478448997,16,0.9995138867358867,cpu,1184673.1547837192,wf_2022_2023,0.27812841577623504,True,67,0.36621223808189374,2022-01-01/2023-12-31,QQQ,50000,2009-01-01/2021-12-31,-0.02377911779305055,0.05010438413361169
ppo_standalone,-0.016813465485931482,0.027455977571040676,16,0.9643795561136123,cpu,968283.2231274183,wf_2022_2023,0.041102637101300465,True,89,-0.617582029765616,2022-01-01/2023-12-31,QQQ,50000,2009-01-01/2021-12-31,0.0,0.033402922755741124
ppo_with_uncertainty_guard,0.060341997345555905,0.11571506349415457,16,0.9995929444955717,cpu,1117808.8016016511,wf_2022_2023,0.14259752120084868,True,89,0.5063421558428319,2022-01-01/2023-12-31,QQQ,50000,2009-01-01/2021-12-31,-0.012167912839160522,0.05010438413361169
ppo_standalone,0.008561951127765283,0.01033556556414194,16,0.9953480912410392,cpu,1016337.2435809664,wf_2024_2025,0.008034231185761853,True,7,0.8248580604326193,2024-01-01/2025-12-31,QQQ,50000,2009-01-01/2023-12-31,0.0,0.020876826722338204
ppo_with_uncertainty_guard,0.1971518720174545,0.17861000139766914,16,0.9794367340426428,cpu,1407815.026137337,wf_2024_2025,0.19617034549357337,True,7,1.0074751379840512,2024-01-01/2025-12-31,QQQ,50000,2009-01-01/2023-12-31,-0.018405748956962852,0.05010438413361169
ppo_standalone,0.0073752087297940085,0.008625206562637872,16,0.9944672696289504,cpu,1014065.3056639469,wf_2024_2025,0.005532730371049621,True,13,0.8519227420576131,2024-01-01/2025-12-31,QQQ,50000,2009-01-01/2023-12-31,0.0,0.016701461377870562
ppo_with_uncertainty_guard,0.1643095821062956,0.14246544348863974,16,0.9788508610177834,cpu,1335311.3222396758,wf_2024_2025,0.14714420154663832,True,13,1.0678246227209554,2024-01-01/2025-12-31,QQQ,50000,2009-01-01/2023-12-31,-0.016620779454062883,0.05010438413361169
ppo_standalone,0.009979481377483317,0.009409622154326816,16,0.9993513429098229,cpu,1019054.166959217,wf_2024_2025,0.005137322079383333,True,19,1.0552865454704967,2024-01-01/2025-12-31,QQQ,50000,2009-01-01/2023-12-31,0.0,0.022964509394572025
ppo_with_uncertainty_guard,0.2237538167309861,0.20688818899418787,16,0.9778220342352395,cpu,1467872.4220864347,wf_2024_2025,0.22768219321389715,True,19,0.9760000306710912,2024-01-01/2025-12-31,QQQ,50000,2009-01-01/2023-12-31,-0.02108452881758378,0.05010438413361169
ppo_standalone,0.008307617685074136,0.008963740094810203,16,0.9973617961860911,cpu,1015850.1365778835,wf_2024_2025,0.00623488997874333,True,23,0.9229576900654748,2024-01-01/2025-12-31,QQQ,50000,2009-01-01/2023-12-31,0.0,0.020876826722338204
ppo_with_uncertainty_guard,0.20606976655272974,0.19740319864694333,16,0.9778360739287014,cpu,1427815.8537759464,wf_2024_2025,0.22363130521567987,True,23,0.9491578494579143,2024-01-01/2025-12-31,QQQ,50000,2009-01-01/2023-12-31,-0.02057543618730815,0.05010438413361169
ppo_standalone,0.007689698837336712,0.009179738851343596,16,0.9944207214235123,cpu,1014667.1410063086,wf_2024_2025,0.005728641657836042,True,29,0.8344628817162152,2024-01-01/2025-12-31,QQQ,50000,2009-01-01/2023-12-31,0.0,0.016701461377870562
ppo_with_uncertainty_guard,0.21970434516334647,0.20600995967928307,16,0.9778220344028525,cpu,1458653.508226878,wf_2024_2025,0.22767954116216138,True,29,0.9640715265107329,2024-01-01/2025-12-31,QQQ,50000,2009-01-01/2023-12-31,-0.021072401954534567,0.05010438413361169
ppo_standalone,0.009254134282339871,0.009795633281434069,16,0.9965107265390593,cpu,1017663.4938353001,wf_2024_2025,0.006484921832285329,True,37,0.940360627126126,2024-01-01/2025-12-31,QQQ,50000,2009-01-01/2023-12-31,0.0,0.022964509394572025
ppo_with_uncertainty_guard,0.22156756212146203,0.20630451457584698,16,0.9778220368292355,cpu,1462891.8371552352,wf_2024_2025,0.22765983772222476,True,37,0.9700939767746691,2024-01-01/2025-12-31,QQQ,50000,2009-01-01/2023-12-31,-0.021051505551641547,0.05010438413361169
ppo_standalone,0.010967297531058517,0.011111561635019508,16,0.9980957758866682,cpu,1020949.5067442176,wf_2024_2025,0.007523525585866553,True,42,0.9816295304710659,2024-01-01/2025-12-31,QQQ,50000,2009-01-01/2023-12-31,0.0,0.027139874739039668
ppo_with_uncertainty_guard,0.2209898005071278,0.20500143284071345,16,0.9778223209100009,cpu,1461576.9579534556,wf_2024_2025,0.2274225961257036,True,42,0.9739526418120743,2024-01-01/2025-12-31,QQQ,50000,2009-01-01/2023-12-31,-0.021004527100777003,0.05010438413361169
ppo_standalone,0.011614721306857952,0.011669480802682604,16,0.9997577401182005,cpu,1022192.6352288647,wf_2024_2025,0.007571505426243297,True,53,0.9895582599964994,2024-01-01/2025-12-31,QQQ,50000,2009-01-01/2023-12-31,0.0,0.037578288100208766
ppo_with_uncertainty_guard,0.22041506364070018,0.2057878237440196,16,0.9778220830562889,cpu,1460269.518473746,wf_2024_2025,0.2276498036498028,True,53,0.9679429020801933,2024-01-01/2025-12-31,QQQ,50000,2009-01-01/2023-12-31,-0.02105018463194419,0.05010438413361169
ppo_standalone,0.007263518270908555,0.008005958888742216,16,0.996464470056663,cpu,1013851.6059082577,wf_2024_2025,0.005611217571996119,True,67,0.903966978647726,2024-01-01/2025-12-31,QQQ,50000,2009-01-01/2023-12-31,0.0,0.018789144050104383
ppo_with_uncertainty_guard,0.21626275707198128,0.20500375416497668,16,0.9778220376914556,cpu,1450840.125461,wf_2024_2025,0.22766996044674526,True,67,0.955020031279527,2024-01-01/2025-12-31,QQQ,50000,2009-01-01/2023-12-31,-0.021060231921366676,0.05010438413361169
ppo_standalone,0.008025294118678366,0.006728097227385604,16,0.9992193983334717,cpu,1015309.5516581099,wf_2024_2025,0.0012901467691124324,True,89,1.1880140617064892,2024-01-01/2025-12-31,QQQ,50000,2009-01-01/2023-12-31,0.0,0.010438413361169102
ppo_with_uncertainty_guard,0.22317718230160974,0.2066466298542333,16,0.9778220345105584,cpu,1466557.991630187,wf_2024_2025,0.2276799651267265,True,89,0.9748601597998546,2024-01-01/2025-12-31,QQQ,50000,2009-01-01/2023-12-31,-0.021073393725137633,0.05010438413361169
ppo_standalone,0.013824175162766322,0.03503933376279943,16,0.9985692869501535,cpu,1026496.3636218223,wf_2018_2019,0.036429160862876175,True,7,0.3918291012770968,2018-01-01/2019-12-31,IWM,50000,2009-01-01/2017-12-31,-0.002148458241981377,0.05
ppo_with_uncertainty_guard,-0.008703506274058552,0.06678586819827251,16,0.9487301799931123,cpu,983487.183878512,wf_2018_2019,0.12054397582828436,False,7,-0.13088969947736626,2018-01-01/2019-12-31,IWM,50000,2009-01-01/2017-12-31,-0.007756988037348211,0.05
ppo_standalone,-0.0076360357276478085,0.01893302433883722,16,0.9839637360055166,cpu,985505.4258665117,wf_2018_2019,0.0335812407277174,True,13,-0.40486269457934454,2018-01-01/2019-12-31,IWM,50000,2009-01-01/2017-12-31,0.0,0.022916666666666665
ppo_with_uncertainty_guard,0.01715821421070212,0.11424102554702614,16,0.9658391642155087,cpu,1032935.8569676856,wf_2018_2019,0.18977784117486174,True,13,0.1489189262250004,2018-01-01/2019-12-31,IWM,50000,2009-01-01/2017-12-31,-0.013260701094315052,0.05
ppo_standalone,-0.011076315799930155,0.016133643217511193,16,0.9774764821445034,cpu,979008.0076740936,wf_2018_2019,0.029721115375130003,True,19,-0.6903589726240832,2018-01-01/2019-12-31,IWM,50000,2009-01-01/2017-12-31,0.0,0.0125
ppo_with_uncertainty_guard,0.03200179491396418,0.1495601940668213,16,0.9851048609740581,cpu,1061837.3683375388,wf_2018_2019,0.24729039263458996,True,19,0.2106200321364135,2018-01-01/2019-12-31,IWM,50000,2009-01-01/2017-12-31,-0.016276573552235437,0.05
ppo_standalone,-0.004016402555964663,0.017072258425291358,16,0.9910156970399913,cpu,992363.6113411742,wf_2018_2019,0.028632455391549905,True,23,-0.23573053087133927,2018-01-01/2019-12-31,IWM,50000,2009-01-01/2017-12-31,0.0,0.022916666666666665
ppo_with_uncertainty_guard,0.04715260354273123,0.16543914793353404,16,0.9773863050599564,cpu,1091727.4787523863,wf_2018_2019,0.2680359028726853,True,23,0.2784989573358658,2018-01-01/2019-12-31,IWM,50000,2009-01-01/2017-12-31,-0.018792113658803088,0.05
ppo_standalone,-0.006535356180556215,0.02474758196449202,16,0.9860435646195238,cpu,987588.5131887106,wf_2018_2019,0.03604777557675187,True,29,-0.2649456045206404,2018-01-01/2019-12-31,IWM,50000,2009-01-01/2017-12-31,0.0,0.04375
ppo_with_uncertainty_guard,0.013975591015972406,0.07504464137026257,16,0.9963220301274133,cpu,1026788.3994651324,wf_2018_2019,0.10294937332584797,True,29,0.18494063388225299,2018-01-01/2019-12-31,IWM,50000,2009-01-01/2017-12-31,-0.007940563130336286,0.05
ppo_standalone,-0.00589532577491281,0.018301625320659015,16,0.9872539161981202,cpu,988800.7611652012,wf_2018_2019,0.03155713716359754,True,37,-0.32307078846320275,2018-01-01/2019-12-31,IWM,50000,2009-01-01/2017-12-31,0.0,0.029166666666666667
ppo_with_uncertainty_guard,0.03805714071357744,0.11549855675296382,16,0.9961024859688358,cpu,1073736.3073604086,wf_2018_2019,0.17087647550990448,True,37,0.32338742404635856,2018-01-01/2019-12-31,IWM,50000,2009-01-01/2017-12-31,-0.011949433843349322,0.05
ppo_standalone,0.021861252646388007,0.08417734838863776,16,0.9866048234954952,cpu,1042052.0054265189,wf_2018_2019,0.14047459712436705,True,42,0.2569061817295255,2018-01-01/2019-12-31,IWM,50000,2009-01-01/2017-12-31,-0.009660717321723133,0.05
ppo_with_uncertainty_guard,0.03238554590694045,0.13502864932496328,16,0.9772569778811091,cpu,1062589.5812955364,wf_2018_2019,0.21682721695449514,True,42,0.23603991431366025,2018-01-01/2019-12-31,IWM,50000,2009-01-01/2017-12-31,-0.015340587510277092,0.05
ppo_standalone,-0.008683330503749958,0.018178463801516217,16,0.9821340755951581,cpu,983525.3115212022,wf_2018_2019,0.03254410482526815,True,53,-0.47975308737833444,2018-01-01/2019-12-31,IWM,50000,2009-01-01/2017-12-31,0.0,0.03333333333333333
ppo_with_uncertainty_guard,-0.00834823593241006,0.015820710842353567,16,0.9827347548908336,cpu,984158.6671383056,wf_2018_2019,0.028961242055386527,True,53,-0.5298872838884177,2018-01-01/2019-12-31,IWM,50000,2009-01-01/2017-12-31,0.0,0.0125
ppo_standalone,-0.009062038715139161,0.012815861667807803,16,0.9814748183253428,cpu,982809.7557514836,wf_2018_2019,0.024135693685995774,True,67,-0.7103101003911767,2018-01-01/2019-12-31,IWM,50000,2009-01-01/2017-12-31,0.0,0.010416666666666666
ppo_with_uncertainty_guard,0.04213718490566525,0.16055236590462796,16,0.9778407436627237,cpu,1081789.2269866858,wf_2018_2019,0.26750779925981927,True,67,0.25707219575110446,2018-01-01/2019-12-31,IWM,50000,2009-01-01/2017-12-31,-0.018050455539352493,0.05
ppo_standalone,-0.00125435323864925,0.021030314569270417,16,0.9960514824236044,cpu,997612.1115558482,wf_2018_2019,0.03323667892911253,True,89,-0.059681994760591606,2018-01-01/2019-12-31,IWM,50000,2009-01-01/2017-12-31,0.0,0.022916666666666665
ppo_with_uncertainty_guard,0.031185503580215664,0.143579115564046,16,0.9950968105918861,cpu,1060238.1491117692,wf_2018_2019,0.22682183299106162,True,89,0.2138826434098334,2018-01-01/2019-12-31,IWM,50000,2009-01-01/2017-12-31,-0.015349211957070263,0.05
ppo_standalone,0.008611855155688698,0.007843016958498053,16,0.9994045750045125,cpu,1016536.600214914,wf_2020_2021,0.005074711576398494,True,7,1.0933051848092252,2020-01-01/2021-12-31,IWM,50000,2009-01-01/2019-12-31,0.0,0.01037344398340249
ppo_with_uncertainty_guard,0.044302320902529814,0.08292709644758385,16,0.966621510908324,cpu,1086447.9517286308,wf_2020_2021,0.1107718570975369,True,7,0.5227355813027279,2020-01-01/2021-12-31,IWM,50000,2009-01-01/2019-12-31,-0.00914401240901519,0.05186721991701245
ppo_standalone,-0.0023782293486803983,0.014004304287403773,16,0.9724447647743621,cpu,995456.1017067961,wf_2020_2021,0.027555235225637853,True,13,-0.17002164398042383,2020-01-01/2021-12-31,IWM,50000,2009-01-01/2019-12-31,0.0,0.022821576763485476
ppo_with_uncertainty_guard,0.04601762671604049,0.11081950528494082,16,0.976667042580619,cpu,1089863.780845758,wf_2020_2021,0.17378130467855113,True,13,0.40597684029731446,2020-01-01/2021-12-31,IWM,50000,2009-01-01/2019-12-31,-0.010804483354236805,0.05186721991701245
ppo_standalone,-0.030730403540036626,0.029028213971846635,16,0.9203513347886179,cpu,942047.039859381,wf_2020_2021,0.07985753086981551,False,19,-1.075240585175305,2020-01-01/2021-12-31,IWM,50000,2009-01-01/2019-12-31,0.0,0.035269709543568464
ppo_with_uncertainty_guard,0.2662349855895505,0.26476871065372815,16,0.9221117289022461,cpu,1570648.3254014684,wf_2020_2021,0.25366872371735805,False,19,0.8915244441842677,2020-01-01/2021-12-31,IWM,50000,2009-01-01/2019-12-31,-0.0269457809252188,0.05186721991701245
ppo_standalone,-0.013541833307181526,0.017852851520433442,16,0.9535374427784007,cpu,974258.6861040688,wf_2020_2021,0.04657637577357154,True,23,-0.7637009110020527,2020-01-01/2021-12-31,IWM,50000,2009-01-01/2019-12-31,0.0,0.03112033195020747
ppo_with_uncertainty_guard,0.16988316450795166,0.22094001769603627,16,0.9292093302948788,cpu,1350007.0446453658,wf_2020_2021,0.2553878742933836,False,23,0.710164565611671,2020-01-01/2021-12-31,IWM,50000,2009-01-01/2019-12-31,-0.021091097491776532,0.05186721991701245
ppo_standalone,0.006922138650261035,0.010483068765499657,16,0.9910931094384245,cpu,1013281.7790859933,wf_2020_2021,0.008906890561575453,True,29,0.6580311865915842,2020-01-01/2021-12-31,IWM,50000,2009-01-01/2019-12-31,0.0,0.01867219917012448
ppo_with_uncertainty_guard,0.18184929171878125,0.20883935852598143,16,0.9225151235450144,cpu,1376541.8265855103,wf_2020_2021,0.2049577583736515,False,29,0.8000421101428244,2020-01-01/2021-12-31,IWM,50000,2009-01-01/2019-12-31,-0.020610770447812853,0.05186721991701245
ppo_standalone,0.003811839725700184,0.010755748248116198,16,0.9868843854491064,cpu,1007303.5811265713,wf_2020_2021,0.013115614550893606,True,37,0.35372126930857295,2020-01-01/2021-12-31,IWM,50000,2009-01-01/2019-12-31,0.0,0.02074688796680498
ppo_with_uncertainty_guard,0.07274861222506199,0.09946658254963822,16,0.972320184674229,cpu,1143756.0447100934,wf_2020_2021,0.12282024349105714,True,37,0.7060063526108168,2020-01-01/2021-12-31,IWM,50000,2009-01-01/2019-12-31,-0.009373454084200539,0.05186721991701245
ppo_standalone,0.009301574522852818,0.008810842409601765,16,0.9987892440593273,cpu,1017866.6055234243,wf_2020_2021,0.005481315163170186,True,42,1.050797873435497,2020-01-01/2021-12-31,IWM,50000,2009-01-01/2019-12-31,0.0,0.01037344398340249
ppo_with_uncertainty_guard,0.24415962323125878,0.28901891720007905,16,0.9221117288989269,cpu,1518690.8337662478,wf_2020_2021,0.3124164854504776,False,42,0.7558681027041331,2020-01-01/2021-12-31,IWM,50000,2009-01-01/2019-12-31,-0.02733954778907801,0.05186721991701245
ppo_standalone,0.009519310592796619,0.008599912473187482,16,0.999563611241191,cpu,1018286.6444555242,wf_2020_2021,0.005053787358213047,True,53,1.101652209137892,2020-01-01/2021-12-31,IWM,50000,2009-01-01/2019-12-31,0.0,0.01037344398340249
ppo_with_uncertainty_guard,0.2713889781268199,0.2583967041714039,16,0.9221117289003199,cpu,1582899.0220030053,wf_2020_2021,0.23238921444759042,False,53,0.9292294948502239,2020-01-01/2021-12-31,IWM,50000,2009-01-01/2019-12-31,-0.026756578542214002,0.05186721991701245
ppo_standalone,0.008371619381743096,0.007414347159469484,16,0.9996557322139942,cpu,1016073.5416519457,wf_2020_2021,0.004276437216374385,True,67,1.1243866868511658,2020-01-01/2021-12-31,IWM,50000,2009-01-01/2019-12-31,0.0,0.01037344398340249
ppo_with_uncertainty_guard,0.22680869428826464,0.20715568163729514,16,0.9221118443326017,cpu,1478438.7290437145,wf_2020_2021,0.13450974898193147,False,67,0.9867751728370591,2020-01-01/2021-12-31,IWM,50000,2009-01-01/2019-12-31,-0.02073903543642075,0.05186721991701245
ppo_standalone,-0.046352852556067484,0.03862226114216237,16,0.8913965216295845,cpu,913218.946892045,wf_2020_2021,0.10958983142017975,False,89,-1.2288598824423589,2020-01-01/2021-12-31,IWM,50000,2009-01-01/2019-12-31,0.0,0.03734439834024896
ppo_with_uncertainty_guard,0.2320020564979629,0.29021065893556725,16,0.9221117289000486,cpu,1490432.6081648432,wf_2020_2021,0.32057025991829713,False,89,0.718927488688195,2020-01-01/2021-12-31,IWM,50000,2009-01-01/2019-12-31,-0.027903414257306913,0.05186721991701245
ppo_standalone,-0.0023428863105181543,0.0074753210908152816,16,0.9955513562359065,cpu,995551.3562359065,wf_2022_2023,0.011965181119116486,True,7,-0.31377720420380095,2022-01-01/2023-12-31,IWM,50000,2009-01-01/2021-12-31,0.0,0.010438413361169102
ppo_with_uncertainty_guard,0.031016283303615694,0.2185161447139099,16,0.9962073398426224,cpu,1059778.304360051,wf_2022_2023,0.18571679870043045,True,7,0.13978361397086672,2022-01-01/2023-12-31,IWM,50000,2009-01-01/2021-12-31,-0.021430883453364833,0.05010438413361169
ppo_standalone,-0.0036895672619127766,0.017748486898847803,16,0.9873148675081946,cpu,992998.5495626074,wf_2022_2023,0.022684486609168664,True,13,-0.20826324316437173,2022-01-01/2023-12-31,IWM,50000,2009-01-01/2021-12-31,0.0,0.029227557411273485
ppo_with_uncertainty_guard,0.014757472490962282,0.1630314822945509,16,0.9950625810310503,cpu,1028237.2659010731,wf_2022_2023,0.1523792413075381,True,13,0.08985765272410676,2022-01-01/2023-12-31,IWM,50000,2009-01-01/2021-12-31,-0.016911656251810035,0.05010438413361169
ppo_standalone,-0.010513296711170834,0.034199546204154066,16,0.9724858876493262,cpu,980111.0508445196,wf_2022_2023,0.03222912324631111,True,19,-0.30903634559567683,2022-01-01/2023-12-31,IWM,50000,2009-01-01/2021-12-31,-0.001976678329127068,0.05010438413361169
ppo_with_uncertainty_guard,0.02829926192342784,0.2276425307662517,16,0.9961918673321192,cpu,1054476.0360197017,wf_2022_2023,0.19644382468495902,True,19,0.12258788344488548,2022-01-01/2023-12-31,IWM,50000,2009-01-01/2021-12-31,-0.022699962178536027,0.05010438413361169
ppo_standalone,-0.003207662872384312,0.009865941692974695,16,0.9928060014353853,cpu,993911.7043304878,wf_2022_2023,0.012774614337897172,True,23,-0.32564217959924685,2022-01-01/2023-12-31,IWM,50000,2009-01-01/2021-12-31,0.0,0.018789144050104383
ppo_with_uncertainty_guard,0.03169480595367069,0.22075970011683457,16,0.9961919929854587,cpu,1061104.408192221,wf_2022_2023,0.1851716130642752,True,23,0.14134314461989483,2022-01-01/2023-12-31,IWM,50000,2009-01-01/2021-12-31,-0.021427197430961796,0.05010438413361169
ppo_standalone,-0.0018941429707143363,0.02582965355356495,16,0.9897133275712309,cpu,996402.6967974541,wf_2022_2023,0.025960577112921213,True,29,-0.07340119649604039,2022-01-01/2023-12-31,IWM,50000,2009-01-01/2021-12-31,-0.0003961184088307588,0.05010438413361169
ppo_with_uncertainty_guard,0.05916473256085161,0.1397266272199144,16,0.9962856552719668,cpu,1115450.966377078,wf_2022_2023,0.16614254178115473,True,29,0.4113785982480419,2022-01-01/2023-12-31,IWM,50000,2009-01-01/2021-12-31,-0.013022033032145507,0.05010438413361169
ppo_standalone,-0.0011597344432561381,0.013890548003050252,16,0.9923065913330463,cpu,997796.7356339766,wf_2022_2023,0.013682883314863337,True,37,-0.08353840280991921,2022-01-01/2023-12-31,IWM,50000,2009-01-01/2021-12-31,0.0,0.020876826722338204
ppo_with_uncertainty_guard,0.018036998720589874,0.1374965964767374,16,0.9965185014041239,cpu,1034562.9689122591,wf_2022_2023,0.17666574346468666,True,37,0.13001224616747978,2022-01-01/2023-12-31,IWM,50000,2009-01-01/2021-12-31,-0.013910655057344278,0.05010438413361169
ppo_standalone,-0.005451349748092403,0.019472034397556216,16,0.983847840203942,cpu,989663.5548502587,wf_2022_2023,0.023077326175868773,True,42,-0.28072146452521624,2022-01-01/2023-12-31,IWM,50000,2009-01-01/2021-12-31,0.0,0.03549060542797495
ppo_with_uncertainty_guard,0.023315017105170893,0.16490718512218105,16,0.9966759769084155,cpu,1044782.0535850002,wf_2022_2023,0.1649315188753,True,42,0.1397595379079692,2022-01-01/2023-12-31,IWM,50000,2009-01-01/2021-12-31,-0.01656298232359017,0.05010438413361169
ppo_standalone,-0.019166931456835515,0.049666640707323954,16,0.9480872053534446,cpu,963882.3295201305,wf_2022_2023,0.07728862046507001,False,53,-0.389656645761647,2022-01-01/2023-12-31,IWM,50000,2009-01-01/2021-12-31,-0.005948277512846544,0.05010438413361169
ppo_with_uncertainty_guard,0.03200485672355325,0.22247900378779828,16,0.9961921584438561,cpu,1061710.6326323056,wf_2022_2023,0.18886863821824196,True,53,0.14160145524242462,2022-01-01/2023-12-31,IWM,50000,2009-01-01/2021-12-31,-0.02215923850039836,0.05010438413361169
ppo_standalone,-0.003487373934264551,0.009748822153436485,16,0.9925710021610855,cpu,993381.6348058993,wf_2022_2023,0.011965181119116486,True,67,-0.35834196761126585,2022-01-01/2023-12-31,IWM,50000,2009-01-01/2021-12-31,0.0,0.020876826722338204
ppo_with_uncertainty_guard,0.028908331458757104,0.2273263877547623,16,0.9961918679610721,cpu,1055663.5394719387,wf_2022_2023,0.19611902446738094,True,67,0.1253631317956411,2022-01-01/2023-12-31,IWM,50000,2009-01-01/2021-12-31,-0.022634014074609254,0.05010438413361169
ppo_standalone,-0.0038176815585635685,0.022371091667656686,16,0.9861664996974508,cpu,992755.8542703936,wf_2022_2023,0.024506723427491495,True,89,-0.17097781459161385,2022-01-01/2023-12-31,IWM,50000,2009-01-01/2021-12-31,0.0,0.033402922755741124
ppo_with_uncertainty_guard,0.039814272733856945,0.19276855186028138,16,0.9962038479926243,cpu,1077034.0368519146,wf_2022_2023,0.17838601520613595,True,89,0.20253345666377884,2022-01-01/2023-12-31,IWM,50000,2009-01-01/2021-12-31,-0.0189627817295543,0.05010438413361169
ppo_standalone,0.008341800779294375,0.019954612611965874,16,0.9931732823184345,cpu,1015915.5986232879,wf_2024_2025,0.017976684354594985,True,7,0.4163014498070266,2024-01-01/2025-12-31,IWM,50000,2009-01-01/2023-12-31,0.0,0.018789144050104383
ppo_with_uncertainty_guard,0.09232930764215351,0.13039929345408136,16,0.9807060117623186,cpu,1182775.3174875376,wf_2024_2025,0.1688858313598195,True,7,0.6772451428820673,2024-01-01/2025-12-31,IWM,50000,2009-01-01/2023-12-31,-0.012602742263626255,0.05010438413361169
ppo_standalone,0.008951353533229185,0.019174560546721106,16,0.9950927571916107,cpu,1017083.2531153384,wf_2024_2025,0.016310617285264506,True,13,0.4647540086406236,2024-01-01/2025-12-31,IWM,50000,2009-01-01/2023-12-31,0.0,0.018789144050104383
ppo_with_uncertainty_guard,0.11568974158788273,0.16317599842536462,16,0.9783488246625238,cpu,1231318.1146837617,wf_2024_2025,0.20903268629010308,True,13,0.6708873273879048,2024-01-01/2025-12-31,IWM,50000,2009-01-01/2023-12-31,-0.015129508226459976,0.05010438413361169
ppo_standalone,0.009818422366964527,0.01585005128576183,16,0.9989145534053799,cpu,1018745.2985269583,wf_2024_2025,0.011836194731779881,True,19,0.616429361953999,2024-01-01/2025-12-31,IWM,50000,2009-01-01/2023-12-31,0.0,0.020876826722338204
ppo_with_uncertainty_guard,0.144897653263493,0.21207983756719542,16,0.9725289927137797,cpu,1293311.9906572867,wf_2024_2025,0.27502314680825146,True,19,0.6380387097693822,2024-01-01/2025-12-31,IWM,50000,2009-01-01/2023-12-31,-0.019804080348687057,0.05010438413361169
ppo_standalone,0.0068176890723411635,0.014620808393982146,16,0.994563796286605,cpu,1012998.8039632845,wf_2024_2025,0.011197761027526676,True,23,0.46471301515996105,2024-01-01/2025-12-31,IWM,50000,2009-01-01/2023-12-31,0.0,0.018789144050104383
ppo_with_uncertainty_guard,0.12945199044157304,0.194316771431719,16,0.9727843937212822,cpu,1260348.7391965294,wf_2024_2025,0.25845240691289717,True,23,0.6264639461384971,2024-01-01/2025-12-31,IWM,50000,2009-01-01/2023-12-31,-0.018525820523893444,0.05010438413361169
ppo_standalone,0.00798209456712934,0.016965655363766912,16,0.9934837311650471,cpu,1015226.8464478203,wf_2024_2025,0.013424664799722041,True,29,0.4686133016747717,2024-01-01/2025-12-31,IWM,50000,2009-01-01/2023-12-31,0.0,0.016701461377870562
ppo_with_uncertainty_guard,0.022659082336291717,0.08614892308805162,16,0.9823235885538943,cpu,1043509.4692301946,wf_2024_2025,0.14024159930905122,True,29,0.2600860984638234,2024-01-01/2025-12-31,IWM,50000,2009-01-01/2023-12-31,-0.00820178003072165,0.05010438413361169
ppo_standalone,0.010307992025355924,0.019091578981498405,16,0.9975472866134852,cpu,1019684.3007362945,wf_2024_2025,0.015894063741295206,True,37,0.5371552403378118,2024-01-01/2025-12-31,IWM,50000,2009-01-01/2023-12-31,0.0,0.033402922755741124
ppo_with_uncertainty_guard,0.13509833391707846,0.20570801084931425,16,0.972529255491954,cpu,1272352.071445822,wf_2024_2025,0.27385004429593807,True,37,0.6160148390936121,2024-01-01/2025-12-31,IWM,50000,2009-01-01/2023-12-31,-0.019095318876346922,0.05010438413361169
ppo_standalone,0.013466250696984492,0.022220129591088794,16,0.9983336425096235,cpu,1025751.7421128068,wf_2024_2025,0.016969701006426363,True,42,0.6019897850466078,2024-01-01/2025-12-31,IWM,50000,2009-01-01/2023-12-31,0.0,0.04175365344467641
ppo_with_uncertainty_guard,0.14765694860577946,0.2145745999100823,16,0.9725289925328396,cpu,1299243.1682721304,wf_2024_2025,0.2750302016348338,True,42,0.6418389042918722,2024-01-01/2025-12-31,IWM,50000,2009-01-01/2023-12-31,-0.019963883029018702,0.05010438413361169
ppo_standalone,0.010829232372671398,0.017043214554184716,16,0.9982305324528785,cpu,1020684.4984234663,wf_2024_2025,0.012394956750634845,True,53,0.6319767783570772,2024-01-01/2025-12-31,IWM,50000,2009-01-01/2023-12-31,0.0,0.04592901878914405
ppo_with_uncertainty_guard,0.14036473018623133,0.2104680357990477,16,0.9725291474782187,cpu,1283596.2766717293,wf_2024_2025,0.27489326180977236,True,53,0.6240760048389482,2024-01-01/2025-12-31,IWM,50000,2009-01-01/2023-12-31,-0.019794447487731934,0.05010438413361169
ppo_standalone,0.004168910107352957,0.011093820517156917,16,0.9937743489010165,cpu,1007939.1148690871,wf_2024_2025,0.009296579738183652,True,67,0.3750001852025686,2024-01-01/2025-12-31,IWM,50000,2009-01-01/2023-12-31,0.0,0.018789144050104383
ppo_with_uncertainty_guard,0.1354673778244505,0.20744311475967472,16,0.9725292274039405,cpu,1273138.483962707,wf_2024_2025,0.2747430915603687,True,67,0.6124293675836191,2024-01-01/2025-12-31,IWM,50000,2009-01-01/2023-12-31,-0.019776945616071018,0.05010438413361169
ppo_standalone,0.004791608195006462,0.00761127150982154,16,0.998490348407172,cpu,1009127.5112217946,wf_2024_2025,0.0071737667171623,True,89,0.6280245394209355,2024-01-01/2025-12-31,IWM,50000,2009-01-01/2023-12-31,0.0,0.010438413361169102
ppo_with_uncertainty_guard,0.13312088751542797,0.19399791702123734,16,0.9725912844751544,cpu,1268142.1635615607,wf_2024_2025,0.26453926638929237,True,89,0.6442108907354333,2024-01-01/2025-12-31,IWM,50000,2009-01-01/2023-12-31,-0.01804639674022077,0.05010438413361169
ppo_standalone,0.015181183958266413,0.04973386570396207,16,0.9962178639478401,cpu,1029115.0350643353,wf_2018_2019,0.047459250131678954,True,7,0.30295362366357403,2018-01-01/2019-12-31,XLK,50000,2009-01-01/2017-12-31,-0.0032813510980070674,0.05
ppo_with_uncertainty_guard,0.018783647371338814,0.06448729582077839,16,0.9999489269601483,cpu,1036082.2174743847,wf_2018_2019,0.06925714651763126,True,7,0.2885741613988031,2018-01-01/2019-12-31,XLK,50000,2009-01-01/2017-12-31,-0.007223645002842271,0.05
ppo_standalone,-0.0023597030678195264,0.04394332439809671,16,0.9809384976917175,cpu,995510.1258437543,wf_2018_2019,0.047459250131678954,True,13,-0.053762045829121356,2018-01-01/2019-12-31,XLK,50000,2009-01-01/2017-12-31,-0.0010011827183599381,0.05
ppo_with_uncertainty_guard,0.11497653762695276,0.14690329795519066,16,0.9998975516725263,cpu,1230353.642506138,wf_2018_2019,0.17003279076609834,True,13,0.7408495664312604,2018-01-01/2019-12-31,XLK,50000,2009-01-01/2017-12-31,-0.015191161370291527,0.05
ppo_standalone,-0.012020132281099188,0.022022115845792518,16,0.9768006909727056,cpu,977229.0559283652,wf_2018_2019,0.03868355840123883,True,19,-0.5491239424298128,2018-01-01/2019-12-31,XLK,50000,2009-01-01/2017-12-31,0.0,0.014583333333333334
ppo_with_uncertainty_guard,0.18112433603469189,0.19681011611996888,16,0.9998911510914642,cpu,1373111.9247519423,wf_2018_2019,0.23768251221366532,True,19,0.8458237868328837,2018-01-01/2019-12-31,XLK,50000,2009-01-01/2017-12-31,-0.019778615516028084,0.05
ppo_standalone,-0.004478881780290715,0.02231803086139196,16,0.9911444521566074,cpu,991486.0846597048,wf_2018_2019,0.03613982472888566,True,23,-0.20113378821356293,2018-01-01/2019-12-31,XLK,50000,2009-01-01/2017-12-31,0.0,0.020833333333333332
ppo_with_uncertainty_guard,0.18671170856520794,0.20241173186850342,16,0.9998911510912113,cpu,1385510.93187062,wf_2018_2019,0.23783563852164225,True,23,0.8457319953518634,2018-01-01/2019-12-31,XLK,50000,2009-01-01/2017-12-31,-0.021147205210600272,0.05
ppo_standalone,-0.007915976963181384,0.024375550185782646,16,0.9845575926815215,cpu,984975.9573028544,wf_2018_2019,0.0420839268268598,True,29,-0.3260407590502854,2018-01-01/2019-12-31,XLK,50000,2009-01-01/2017-12-31,0.0,0.014583333333333334
ppo_with_uncertainty_guard,0.10104170165639656,0.08116044634745337,16,0.9998970545893946,cpu,1201230.1520895283,wf_2018_2019,0.07657882992379839,True,29,1.1860031486626275,2018-01-01/2019-12-31,XLK,50000,2009-01-01/2017-12-31,-0.00764619581879078,0.05
ppo_standalone,-0.003991404542166591,0.025602208575248742,16,0.9919760341508266,cpu,992411.0540825399,wf_2018_2019,0.04066508751224285,True,37,-0.15621178334774907,2018-01-01/2019-12-31,XLK,50000,2009-01-01/2017-12-31,0.0,0.03125
ppo_with_uncertainty_guard,0.18008681780581665,0.19466533242014902,16,0.9998911520520285,cpu,1370815.3841130969,wf_2018_2019,0.23333053871659293,True,37,0.8506284765298784,2018-01-01/2019-12-31,XLK,50000,2009-01-01/2017-12-31,-0.019199055544562516,0.05
ppo_standalone,-0.007486659382014271,0.025267543719639927,16,0.9853558882878158,cpu,985788.0050290264,wf_2018_2019,0.04213617546416892,True,42,-0.2974083256251242,2018-01-01/2019-12-31,XLK,50000,2009-01-01/2017-12-31,0.0,0.027083333333333334
ppo_with_uncertainty_guard,0.17742795633890923,0.19353979645741073,16,0.9998912987542362,cpu,1364938.3460999236,wf_2018_2019,0.22782007296092954,True,42,0.8439206327678519,2018-01-01/2019-12-31,XLK,50000,2009-01-01/2017-12-31,-0.019309166514279674,0.05
ppo_standalone,-0.015464176288355136,0.02095966089198334,16,0.9704161022783567,cpu,970750.5900327361,wf_2018_2019,0.037340511192313075,True,53,-0.7435652650412348,2018-01-01/2019-12-31,XLK,50000,2009-01-01/2017-12-31,0.0,0.010416666666666666
ppo_with_uncertainty_guard,0.17789216964515633,0.19791419754921274,16,0.9998911521375449,cpu,1365963.5598546017,wf_2018_2019,0.23510064414763,True,53,0.8272595646998869,2018-01-01/2019-12-31,XLK,50000,2009-01-01/2017-12-31,-0.019928599535758363,0.05
ppo_standalone,-0.003278472705203966,0.02103006032364125,16,0.993397911548214,cpu,993764.552695586,wf_2018_2019,0.034624848073597336,True,67,-0.15614952279690467,2018-01-01/2019-12-31,XLK,50000,2009-01-01/2017-12-31,0.0,0.022916666666666665
ppo_with_uncertainty_guard,0.17296774732293047,0.18921582202061935,16,0.999891151194791,cpu,1355106.6230300358,wf_2018_2019,0.23588957085616136,True,67,0.8431479876030714,2018-01-01/2019-12-31,XLK,50000,2009-01-01/2017-12-31,-0.018497954850811203,0.05
ppo_standalone,-0.0060006192674164245,0.03635121083057776,16,0.9739834001204459,cpu,988601.281746462,wf_2018_2019,0.0472087766996967,True,89,-0.1655699744319061,2018-01-01/2019-12-31,XLK,50000,2009-01-01/2017-12-31,0.0,0.04583333333333333
ppo_with_uncertainty_guard,0.18756444857546067,0.20004083102379847,16,0.9998911510912126,cpu,1387407.9138969905,wf_2018_2019,0.2378107488282022,True,89,0.859346517617086,2018-01-01/2019-12-31,XLK,50000,2009-01-01/2017-12-31,-0.020228148160022916,0.05
ppo_standalone,0.01388735423118807,0.011111472102268654,16,0.9988777334794396,cpu,1026730.5908755852,wf_2020_2021,0.0037614410736312998,True,7,1.2412047057422002,2020-01-01/2021-12-31,XLK,50000,2009-01-01/2019-12-31,0.0,0.014522821576763486
ppo_with_uncertainty_guard,0.1553126794554441,0.1313846541391763,16,0.997756194241536,cpu,1318030.0444079633,wf_2020_2021,0.13923336332148184,True,7,1.0988410479880926,2020-01-01/2021-12-31,XLK,50000,2009-01-01/2019-12-31,-0.012242906458170121,0.05186721991701245
ppo_standalone,0.0010521913376675572,0.017140703931998832,16,0.9689300486111709,cpu,1002013.4910191381,wf_2020_2021,0.03132834475067736,True,13,0.061352698062170176,2020-01-01/2021-12-31,XLK,50000,2009-01-01/2019-12-31,0.0,0.02074688796680498
ppo_with_uncertainty_guard,0.32422012792409605,0.22755429441224287,16,0.9956525041339022,cpu,1711090.7828317299,wf_2020_2021,0.1953938307983597,True,13,1.23409451918063,2020-01-01/2021-12-31,XLK,50000,2009-01-01/2019-12-31,-0.02297857299475794,0.05186721991701245
ppo_standalone,-0.015488717791795422,0.034332816779552765,16,0.93769646968462,cpu,970584.2479087324,wf_2020_2021,0.06356644854505256,False,19,-0.4546626353944762,2020-01-01/2021-12-31,XLK,50000,2009-01-01/2019-12-31,0.0,0.03319502074688797
ppo_with_uncertainty_guard,0.4047058497377734,0.2542325104330333,16,0.9956410471985904,cpu,1915518.4662872811,wf_2020_2021,0.20545575299397278,True,19,1.3366807749306333,2020-01-01/2021-12-31,XLK,50000,2009-01-01/2019-12-31,-0.02527434328332303,0.05186721991701245
ppo_standalone,0.0025869713171067154,0.014613225136058712,16,0.9753275457577172,cpu,1004953.937028022,wf_2020_2021,0.024795013326870285,True,23,0.17679894593087475,2020-01-01/2021-12-31,XLK,50000,2009-01-01/2019-12-31,0.0,0.02074688796680498
ppo_with_uncertainty_guard,0.36222287257462593,0.24139905360078648,16,0.9956834860536922,cpu,1806243.336812678,wf_2020_2021,0.20929343926400812,True,23,1.2805254316614811,2020-01-01/2021-12-31,XLK,50000,2009-01-01/2019-12-31,-0.02400261602942848,0.05186721991701245
ppo_standalone,0.18569390899198573,0.1549672873455933,16,0.9974208458424189,cpu,1385119.5315894592,wf_2020_2021,0.16142646413805628,True,29,1.0991223299403825,2020-01-01/2021-12-31,XLK,50000,2009-01-01/2019-12-31,-0.014375696312697884,0.05186721991701245
ppo_with_uncertainty_guard,0.1253949194560989,0.12791500729569777,16,0.9961716690459353,cpu,1253518.9300367476,wf_2020_2021,0.12771312097657495,True,29,0.9235340673779205,2020-01-01/2021-12-31,XLK,50000,2009-01-01/2019-12-31,-0.013652114895994582,0.05186721991701245
ppo_standalone,0.007363030973613478,0.013410966816753772,16,0.983846822949384,cpu,1014130.568878593,wf_2020_2021,0.01615317705061603,True,37,0.5470127139647641,2020-01-01/2021-12-31,XLK,50000,2009-01-01/2019-12-31,0.0,0.02074688796680498
ppo_with_uncertainty_guard,0.29121609360759326,0.20132092712796837,16,0.9964706388594817,cpu,1630449.9734256072,wf_2020_2021,0.17392074471395058,True,37,1.269536578435504,2020-01-01/2021-12-31,XLK,50000,2009-01-01/2019-12-31,-0.01990059291162769,0.05186721991701245
ppo_standalone,0.010775299270525394,0.1136705583103592,16,0.9822774401241873,cpu,1020711.2111607632,wf_2020_2021,0.16000410601412451,True,42,0.0942868990277001,2020-01-01/2021-12-31,XLK,50000,2009-01-01/2019-12-31,-0.005681481970466784,0.05186721991701245
ppo_with_uncertainty_guard,0.39681752139046433,0.27940845316699264,16,0.9956410471983099,cpu,1894996.5527382204,wf_2020_2021,0.2482916860769896,True,42,1.19608500141895,2020-01-01/2021-12-31,XLK,50000,2009-01-01/2019-12-31,-0.025672689160697714,0.05186721991701245
ppo_standalone,0.013705118028053048,0.010975197013525569,16,0.9994553954055453,cpu,1026377.6415739172,wf_2020_2021,0.003190091274035023,True,53,1.240237906774837,2020-01-01/2021-12-31,XLK,50000,2009-01-01/2019-12-31,0.0,0.012448132780082987
ppo_with_uncertainty_guard,0.40584406485988034,0.27159627083729787,16,0.9956410471982503,cpu,1918488.3015399037,wf_2020_2021,0.23194022379221146,True,53,1.2542060322151218,2020-01-01/2021-12-31,XLK,50000,2009-01-01/2019-12-31,-0.025674419014297723,0.05186721991701245
ppo_standalone,0.00987618032554356,0.010058497373360833,16,0.9941094088211107,cpu,1018975.2677103241,wf_2020_2021,0.005890591178889348,True,67,0.9770420108944703,2020-01-01/2021-12-31,XLK,50000,2009-01-01/2019-12-31,0.0,0.01867219917012448
ppo_with_uncertainty_guard,0.3593387313524359,0.21296275755681132,16,0.9956410586964939,cpu,1798935.7957157013,wf_2020_2021,0.1357585293085366,True,67,1.4415578068032147,2020-01-01/2021-12-31,XLK,50000,2009-01-01/2019-12-31,-0.02227755481724314,0.05186721991701245
ppo_standalone,-0.0025472439454280005,0.01981951306180641,16,0.9631955223613075,cpu,995133.5544685302,wf_2020_2021,0.03974238460598689,True,89,-0.1286849608766159,2020-01-01/2021-12-31,XLK,50000,2009-01-01/2019-12-31,0.0,0.024896265560165973
ppo_with_uncertainty_guard,0.3907695639376753,0.2792394769841577,16,0.9956410471986609,cpu,1879333.9153945826,wf_2020_2021,0.250167660352115,True,89,1.1812694003771966,2020-01-01/2021-12-31,XLK,50000,2009-01-01/2019-12-31,-0.02588874064710165,0.05186721991701245
ppo_standalone,-0.016397845003334095,0.025015288829203074,16,0.9643721090992667,cpu,969061.4049442876,wf_2022_2023,0.03997402094594937,True,7,-0.6609427101202356,2022-01-01/2023-12-31,XLK,50000,2009-01-01/2021-12-31,0.0,0.033402922755741124
ppo_with_uncertainty_guard,0.05977590941528979,0.15372977741009025,16,1.0,cpu,1116674.7417197737,wf_2022_2023,0.16685641167741894,True,7,0.3776589063560199,2022-01-01/2023-12-31,XLK,50000,2009-01-01/2021-12-31,-0.015439581667395251,0.05010438413361169
ppo_standalone,-0.011976151277050784,0.020711043218611315,16,0.9734258070783659,cpu,977358.6470023822,wf_2022_2023,0.03388854166167998,True,13,-0.581735582665184,2022-01-01/2023-12-31,XLK,50000,2009-01-01/2021-12-31,0.0,0.027139874739039668
ppo_with_uncertainty_guard,0.12241357368405217,0.21690261917085094,16,1.0,cpu,1245461.57465105,wf_2022_2023,0.2315636516735342,True,13,0.5324106232700357,2022-01-01/2023-12-31,XLK,50000,2009-01-01/2021-12-31,-0.021211372920932448,0.05010438413361169
ppo_standalone,-0.007679558707503082,0.014336622569372875,16,0.9814643727877664,cpu,985453.246120876,wf_2022_2023,0.018535627212233563,True,19,-0.5377216959100628,2022-01-01/2023-12-31,XLK,50000,2009-01-01/2021-12-31,0.0,0.022964509394572025
ppo_with_uncertainty_guard,0.1265015008823201,0.2507633021464792,16,1.0,cpu,1254097.866079585,wf_2022_2023,0.26667915420051136,True,19,0.4750166264532029,2022-01-01/2023-12-31,XLK,50000,2009-01-01/2021-12-31,-0.024961162551541884,0.05010438413361169
ppo_standalone,-0.010016856562308801,0.01524224771670533,16,0.9775192714833667,cpu,981045.9511858538,wf_2022_2023,0.024291113087188898,True,23,-0.6604838188979917,2022-01-01/2023-12-31,XLK,50000,2009-01-01/2021-12-31,0.0,0.022964509394572025
ppo_with_uncertainty_guard,0.13267709153682278,0.21226359353655386,16,1.0,cpu,1267198.2474167198,wf_2022_2023,0.21201431820918937,True,23,0.5869298786485112,2022-01-01/2023-12-31,XLK,50000,2009-01-01/2021-12-31,-0.02034625266364305,0.05010438413361169
ppo_standalone,-0.011995783297390858,0.01920545152450004,16,0.9734457547047282,cpu,977321.7337243923,wf_2022_2023,0.029557979628363706,True,29,-0.6283743737564096,2022-01-01/2023-12-31,XLK,50000,2009-01-01/2021-12-31,0.0,0.025052192066805846
ppo_with_uncertainty_guard,0.16708629868715297,0.16663040328283446,16,1.0,cpu,1341370.9617602145,wf_2022_2023,0.12990624675921758,True,29,0.9272626693737551,2022-01-01/2023-12-31,XLK,50000,2009-01-01/2021-12-31,-0.016242206971993054,0.05010438413361169
ppo_standalone,-0.010495430747926837,0.0194854573568255,16,0.9761773032583645,cpu,980144.6888520911,wf_2022_2023,0.02968192663300473,True,37,-0.5414710090086259,2022-01-01/2023-12-31,XLK,50000,2009-01-01/2021-12-31,0.0,0.03549060542797495
ppo_with_uncertainty_guard,0.11480765512127795,0.1878536497058851,16,1.0,cpu,1229468.3423494566,wf_2022_2023,0.2031840077518433,True,37,0.5785450095987054,2022-01-01/2023-12-31,XLK,50000,2009-01-01/2021-12-31,-0.017705945567038306,0.05010438413361169
ppo_standalone,-0.00793853230358948,0.01656581978731934,16,0.9809775599643675,cpu,984964.454789909,wf_2022_2023,0.019429054817110103,True,42,-0.4811191924274028,2022-01-01/2023-12-31,XLK,50000,2009-01-01/2021-12-31,0.0,0.022964509394572025
ppo_with_uncertainty_guard,0.1299925260628705,0.24732641727520777,16,1.0,cpu,1261495.507945892,wf_2022_2023,0.2615588153359235,True,42,0.49412813036597175,2022-01-01/2023-12-31,XLK,50000,2009-01-01/2021-12-31,-0.024109879727653546,0.05010438413361169
ppo_standalone,-0.007995111363762563,0.01426214124018667,16,0.9813172995983074,cpu,984857.681770969,wf_2022_2023,0.01868270040169262,True,53,-0.56282953359395,2022-01-01/2023-12-31,XLK,50000,2009-01-01/2021-12-31,0.0,0.018789144050104383
ppo_with_uncertainty_guard,0.13239179859900135,0.2461966669735212,16,1.0,cpu,1266591.629589289,wf_2022_2023,0.2591993859236701,True,53,0.5050107017902428,2022-01-01/2023-12-31,XLK,50000,2009-01-01/2021-12-31,-0.023559793171824415,0.05010438413361169
ppo_standalone,-0.012509536084343395,0.017711849626548416,16,0.9728461603151884,cpu,976355.9804356857,wf_2022_2023,0.028940686774694524,True,67,-0.7107290592705742,2022-01-01/2023-12-31,XLK,50000,2009-01-01/2021-12-31,0.0,0.03966597077244259
ppo_with_uncertainty_guard,0.12918919480232263,0.2486788415174046,16,1.0,cpu,1259791.3859078684,wf_2022_2023,0.26405672125872104,True,67,0.4885810556053886,2022-01-01/2023-12-31,XLK,50000,2009-01-01/2021-12-31,-0.024079435505947797,0.05010438413361169
ppo_standalone,-0.009766894511741538,0.019513114005632746,16,0.9776912280646568,cpu,981516.841748438,wf_2022_2023,0.028518949912546887,True,89,-0.502986024236749,2022-01-01/2023-12-31,XLK,50000,2009-01-01/2021-12-31,0.0,0.027139874739039668
ppo_with_uncertainty_guard,0.12634576606821266,0.17029676708715,16,1.0,cpu,1253768.3373432183,wf_2022_2023,0.1658573352713606,True,89,0.6986535820257466,2022-01-01/2023-12-31,XLK,50000,2009-01-01/2021-12-31,-0.01706321241229993,0.05010438413361169
ppo_standalone,0.006929566787885355,0.010684035823059922,16,0.9910601497410384,cpu,1013212.7766761235,wf_2024_2025,0.012175401926376894,True,7,0.6463442461057356,2024-01-01/2025-12-31,XLK,50000,2009-01-01/2023-12-31,0.0,0.018789144050104383
ppo_with_uncertainty_guard,0.14718751040077646,0.14723909239839122,16,0.9754772065095234,cpu,1298233.19068379,wf_2024_2025,0.15501198691049012,True,7,0.9325862683283063,2024-01-01/2025-12-31,XLK,50000,2009-01-01/2023-12-31,-0.015631622534088584,0.05010438413361169
ppo_standalone,0.007087428202513054,0.00743427788882454,16,0.9948805559924921,cpu,1013514.732348123,wf_2024_2025,0.005119444007507856,True,13,0.9499617489291008,2024-01-01/2025-12-31,XLK,50000,2009-01-01/2023-12-31,0.0,0.014613778705636743
ppo_with_uncertainty_guard,0.21117684551495877,0.24138450376054715,16,0.9607173996492119,cpu,1439330.0783265247,wf_2024_2025,0.25527675961215746,True,13,0.7937227019748493,2024-01-01/2025-12-31,XLK,50000,2009-01-01/2023-12-31,-0.025150489266085253,0.05010438413361169
ppo_standalone,0.010869623026449648,0.012098078933524254,16,0.9987187734908439,cpu,1020762.022642073,wf_2024_2025,0.012529138025619169,True,19,0.8935990165567643,2024-01-01/2025-12-31,XLK,50000,2009-01-01/2023-12-31,0.0,0.025052192066805846
ppo_with_uncertainty_guard,0.22200828303082554,0.24757831684386186,16,0.9607158460793173,cpu,1463895.213636714,wf_2024_2025,0.25656222909252946,True,19,0.8098266156099514,2024-01-01/2025-12-31,XLK,50000,2009-01-01/2023-12-31,-0.0254583757804987,0.05010438413361169
ppo_standalone,0.006691378972569329,0.008329040597704907,16,0.9941269297628932,cpu,1012757.2542057618,wf_2024_2025,0.0088067303165964,True,23,0.8006881323330594,2024-01-01/2025-12-31,XLK,50000,2009-01-01/2023-12-31,0.0,0.018789144050104383
ppo_with_uncertainty_guard,0.2154130931988586,0.24406300099611392,16,0.9607163904101554,cpu,1448914.208296425,wf_2024_2025,0.2561247897845348,True,23,0.7993177406075315,2024-01-01/2025-12-31,XLK,50000,2009-01-01/2023-12-31,-0.025280984225316414,0.05010438413361169
ppo_standalone,0.006790221534205031,0.008216592616636964,16,0.9933523716192987,cpu,1012946.273955185,wf_2024_2025,0.00664762838070132,True,29,0.8235945707276427,2024-01-01/2025-12-31,XLK,50000,2009-01-01/2023-12-31,0.0,0.014613778705636743
ppo_with_uncertainty_guard,0.15432448826000766,0.18915428826239708,16,0.9609243622041338,cpu,1313628.2930943614,wf_2024_2025,0.21996615112913354,True,29,0.7587202759351793,2024-01-01/2025-12-31,XLK,50000,2009-01-01/2023-12-31,-0.01903063479754312,0.05010438413361169
ppo_standalone,0.008415718661973597,0.01058141878359079,16,0.9937755030864107,cpu,1016057.161274378,wf_2024_2025,0.01100708125282679,True,37,0.7919900329149753,2024-01-01/2025-12-31,XLK,50000,2009-01-01/2023-12-31,0.0,0.020876826722338204
ppo_with_uncertainty_guard,0.21375028305403074,0.2427548457968517,16,0.9607160928062425,cpu,1445148.6558863192,wf_2024_2025,0.25613215987154725,True,37,0.7979855006289486,2024-01-01/2025-12-31,XLK,50000,2009-01-01/2023-12-31,-0.0252609093437151,0.05010438413361169
ppo_standalone,0.01003023270802135,0.011453174383834731,16,0.9962728509840393,cpu,1019151.5037341318,wf_2024_2025,0.011453902106398961,True,42,0.8713850952485995,2024-01-01/2025-12-31,XLK,50000,2009-01-01/2023-12-31,0.0,0.025052192066805846
ppo_with_uncertainty_guard,0.21627099957421367,0.24207159019142155,16,0.9607205944531693,cpu,1450858.8145237144,wf_2024_2025,0.25519218024515433,True,42,0.8088082193240699,2024-01-01/2025-12-31,XLK,50000,2009-01-01/2023-12-31,-0.024934570021764912,0.05010438413361169
ppo_standalone,0.009488434701745445,0.016865412414973677,16,0.9923810065327892,cpu,1018112.6083638448,wf_2024_2025,0.01405210432742554,True,53,0.5599396636878111,2024-01-01/2025-12-31,XLK,50000,2009-01-01/2023-12-31,-0.0002108525926972856,0.05010438413361169
ppo_with_uncertainty_guard,0.22031099223834857,0.247246800258981,16,0.9607158479394127,cpu,1460032.8310628228,wf_2024_2025,0.2565583114218647,True,53,0.8052909476966061,2024-01-01/2025-12-31,XLK,50000,2009-01-01/2023-12-31,-0.025364896445993778,0.05010438413361169
ppo_standalone,0.005703642110312216,0.007131836359906866,16,0.9939741149723514,cpu,1010869.2920823039,wf_2024_2025,0.0062703184920659405,True,67,0.7974539867125499,2024-01-01/2025-12-31,XLK,50000,2009-01-01/2023-12-31,0.0,0.016701461377870562
ppo_with_uncertainty_guard,0.2102736646743202,0.2424096326422949,16,0.96071640041548,cpu,1437290.6115324441,wf_2024_2025,0.25631871767754655,True,67,0.7872887563506815,2024-01-01/2025-12-31,XLK,50000,2009-01-01/2023-12-31,-0.02528880632239421,0.05010438413361169
ppo_standalone,0.00822079026467549,0.007773267595644098,16,0.996336630336218,cpu,1015683.8674488149,wf_2024_2025,0.004951470533933411,True,89,1.0532271441182077,2024-01-01/2025-12-31,XLK,50000,2009-01-01/2023-12-31,0.0,0.010438413361169102
ppo_with_uncertainty_guard,0.2096351370320286,0.24002611943596508,16,0.960718589786417,cpu,1435849.5833716812,wf_2024_2025,0.25579773901278535,True,89,0.7929080762979112,2024-01-01/2025-12-31,XLK,50000,2009-01-01/2023-12-31,-0.02523759662708258,0.05010438413361169
ppo_standalone,-0.008406226128965952,0.028267301470523816,16,0.9797141323934447,cpu,984049.0471577094,wf_2018_2019,0.04527021656314134,True,7,-0.2986387049955321,2018-01-01/2019-12-31,XLF,50000,2009-01-01/2017-12-31,0.0,0.03958333333333333
ppo_with_uncertainty_guard,-0.0024022384231039287,0.07897461174426706,16,0.9909956611111431,cpu,995429.280672841,wf_2018_2019,0.13270957157915964,True,7,-0.030454389574907113,2018-01-01/2019-12-31,XLF,50000,2009-01-01/2017-12-31,-0.009392539442858006,0.05
ppo_standalone,-0.011124055879466133,0.02301599133440693,16,0.9744648556221505,cpu,978917.9879212438,wf_2018_2019,0.041110715525733754,True,13,-0.48602354695991495,2018-01-01/2019-12-31,XLF,50000,2009-01-01/2017-12-31,0.0,0.0125
ppo_with_uncertainty_guard,-0.008232612322135572,0.024401601067261667,16,0.9800790455750058,cpu,984377.2499770464,wf_2018_2019,0.03953845837311287,True,13,-0.3387742312628599,2018-01-01/2019-12-31,XLF,50000,2009-01-01/2017-12-31,-0.0009148254548137834,0.05
ppo_standalone,-0.011305683714568712,0.02534218836717638,16,0.9739903151411806,cpu,978575.5423824388,wf_2018_2019,0.0431943904626626,True,19,-0.4486592626878958,2018-01-01/2019-12-31,XLF,50000,2009-01-01/2017-12-31,0.0,0.020833333333333332
ppo_with_uncertainty_guard,0.001920868102010608,0.06921257598268236,16,0.9987470415074534,cpu,1003661.9755538648,wf_2018_2019,0.11067811992759902,True,19,0.027726481283039624,2018-01-01/2019-12-31,XLF,50000,2009-01-01/2017-12-31,-0.0072928917896358135,0.05
ppo_standalone,-0.005312189219258896,0.02281465994475911,16,0.9857785034210164,cpu,989905.8644478213,wf_2018_2019,0.03720732996158693,True,23,-0.23346006547773612,2018-01-01/2019-12-31,XLF,50000,2009-01-01/2017-12-31,0.0,0.027083333333333334
ppo_with_uncertainty_guard,0.05946753956862205,0.1406796242251269,16,0.9974157822607582,cpu,1116313.0705919284,wf_2018_2019,0.18242888664651313,True,23,0.4106237551489006,2018-01-01/2019-12-31,XLF,50000,2009-01-01/2017-12-31,-0.015713958238518,0.05
ppo_standalone,-0.008056182914186543,0.02786426041903358,16,0.9800968538945755,cpu,984710.8287192609,wf_2018_2019,0.0461722311082553,True,29,-0.29029168904282365,2018-01-01/2019-12-31,XLF,50000,2009-01-01/2017-12-31,0.0,0.03333333333333333
ppo_with_uncertainty_guard,0.03967377561043273,0.09102683515055097,16,0.9976001223628725,cpu,1076923.6949086948,wf_2018_2019,0.10577963170161553,True,29,0.42742251483353183,2018-01-01/2019-12-31,XLF,50000,2009-01-01/2017-12-31,-0.008309218136283644,0.05
ppo_standalone,-0.01052537378692174,0.02364372706310694,16,0.9754550379894484,cpu,980047.1606659079,wf_2018_2019,0.04072979733924087,True,37,-0.44752192566719257,2018-01-01/2019-12-31,XLF,50000,2009-01-01/2017-12-31,0.0,0.014583333333333334
ppo_with_uncertainty_guard,0.05792900983747049,0.15049978330517041,16,0.997407504694749,cpu,1113227.3291432837,wf_2018_2019,0.1991845428973823,True,37,0.374174447946349,2018-01-01/2019-12-31,XLF,50000,2009-01-01/2017-12-31,-0.01764332324424025,0.05
ppo_standalone,-0.013458599867335407,0.019401954598998218,16,0.9699969343110538,cpu,974520.7177207756,wf_2018_2019,0.035266610282409294,True,42,-0.6983768972412825,2018-01-01/2019-12-31,XLF,50000,2009-01-01/2017-12-31,0.0,0.008333333333333333
ppo_with_uncertainty_guard,0.048642866384967814,0.1537689163058,16,0.9974364093507696,cpu,1094688.8123546771,wf_2018_2019,0.20705334864791858,True,42,0.3088840843957125,2018-01-01/2019-12-31,XLF,50000,2009-01-01/2017-12-31,-0.017778802098947465,0.05
ppo_standalone,-0.016233761879120782,0.027927114166890855,16,0.9650429030086337,cpu,969305.748688268,wf_2018_2019,0.04397731693863216,True,53,-0.5860569733855477,2018-01-01/2019-12-31,XLF,50000,2009-01-01/2017-12-31,0.0,0.04375
ppo_with_uncertainty_guard,-0.008359070590424367,0.02130124904096553,16,0.9798410251887123,cpu,984138.1857358958,wf_2018_2019,0.037029303618485665,True,53,-0.39406801786018064,2018-01-01/2019-12-31,XLF,50000,2009-01-01/2017-12-31,0.0,0.020833333333333332
ppo_standalone,-0.01151787729293271,0.01708316834369094,16,0.9740970874860538,cpu,978175.5395331025,wf_2018_2019,0.030674332606003274,True,67,-0.6781303049685519,2018-01-01/2019-12-31,XLF,50000,2009-01-01/2017-12-31,0.0,0.008333333333333333
ppo_with_uncertainty_guard,0.06049781876904082,0.15459525054436998,16,0.99740682514539,cpu,1118381.710931921,wf_2018_2019,0.2181539009310075,True,67,0.3799494337871279,2018-01-01/2019-12-31,XLF,50000,2009-01-01/2017-12-31,-0.018596500672780267,0.05
ppo_standalone,-0.01706401659628639,0.04104584760329412,16,0.9632136575068636,cpu,967748.151775333,wf_2018_2019,0.04837857816836344,True,89,-0.41931691255671477,2018-01-01/2019-12-31,XLF,50000,2009-01-01/2017-12-31,-0.001069923717858767,0.05
ppo_with_uncertainty_guard,0.054900622813463126,0.16200214439753413,16,0.997406786751635,cpu,1107165.3199142283,wf_2018_2019,0.22129163082728798,True,89,0.32991238438677606,2018-01-01/2019-12-31,XLF,50000,2009-01-01/2017-12-31,-0.019638898417334703,0.05
ppo_standalone,-0.04687597215258619,0.04072163080843443,16,0.8943767448881834,cpu,912261.0341406527,wf_2020_2021,0.1092721017464301,False,7,-1.1789815643332406,2020-01-01/2021-12-31,XLF,50000,2009-01-01/2019-12-31,0.0,0.04771784232365145
ppo_with_uncertainty_guard,0.0264083501929839,0.047684728294439614,16,0.9881287006052001,cpu,1051119.4772966679,wf_2020_2021,0.07149831942184937,True,7,0.5466232872177237,2020-01-01/2021-12-31,XLF,50000,2009-01-01/2019-12-31,-0.004603148224930376,0.05186721991701245
ppo_standalone,-0.0064487253160183606,0.01353102423885558,16,0.9692294984757495,cpu,987701.8388882979,wf_2020_2021,0.030770501524250538,True,13,-0.47812583568994516,2020-01-01/2021-12-31,XLF,50000,2009-01-01/2019-12-31,0.0,0.024896265560165973
ppo_with_uncertainty_guard,0.015974891289113252,0.06519705464800005,16,0.9885073487689582,cpu,1030777.7970846075,wf_2020_2021,0.10382269082499018,True,13,0.24308762181662766,2020-01-01/2021-12-31,XLF,50000,2009-01-01/2019-12-31,-0.006038410956234319,0.05186721991701245
ppo_standalone,-0.027144606207072614,0.02830791768427275,16,0.9310535510286482,cpu,948724.2145709911,wf_2020_2021,0.06894644897135183,False,19,-0.9721546014457654,2020-01-01/2021-12-31,XLF,50000,2009-01-01/2019-12-31,0.0,0.03734439834024896
ppo_with_uncertainty_guard,0.24199321526774886,0.27522641203656356,16,0.969417897145904,cpu,1513636.8393911638,wf_2020_2021,0.2848856370576076,True,19,0.7874149655445882,2020-01-01/2021-12-31,XLF,50000,2009-01-01/2019-12-31,-0.025321218254984946,0.05186721991701245
ppo_standalone,0.007488569299775042,0.006603838620090597,16,0.9996835831314157,cpu,1014372.3127061882,wf_2020_2021,0.001539589089453064,True,23,1.1297201912169674,2020-01-01/2021-12-31,XLF,50000,2009-01-01/2019-12-31,0.0,0.012448132780082987
ppo_with_uncertainty_guard,0.00950923147723626,0.14224852108452132,16,0.9813283392841168,cpu,1018267.1988102,wf_2020_2021,0.2296042987338327,True,23,0.06653350557477088,2020-01-01/2021-12-31,XLF,50000,2009-01-01/2019-12-31,-0.012672537143808959,0.05186721991701245
ppo_standalone,-0.029936448121258015,0.027012012981253622,16,0.9252737919242975,cpu,943523.5380607256,wf_2020_2021,0.07472620807570252,False,29,-1.125185066126545,2020-01-01/2021-12-31,XLF,50000,2009-01-01/2019-12-31,0.0,0.043568464730290454
ppo_with_uncertainty_guard,0.09876749995601469,0.13074792232609772,16,0.9747866666973002,cpu,1197403.3490049574,wf_2020_2021,0.15365998958373395,True,29,0.7203860757933114,2020-01-01/2021-12-31,XLF,50000,2009-01-01/2019-12-31,-0.013423866880698743,0.05186721991701245
ppo_standalone,0.004940277849670925,0.008506304808338198,16,0.9921850690115736,cpu,1009470.5618263109,wf_2020_2021,0.00781493098842645,True,37,0.579337663548765,2020-01-01/2021-12-31,XLF,50000,2009-01-01/2019-12-31,0.0,0.02074688796680498
ppo_with_uncertainty_guard,0.037616405591514024,0.07132798613201863,16,0.9882558241663084,cpu,1073182.5902540907,wf_2020_2021,0.09418980403550381,True,37,0.5176941732200511,2020-01-01/2021-12-31,XLF,50000,2009-01-01/2019-12-31,-0.0077258138616604025,0.05186721991701245
ppo_standalone,0.008492770896422789,0.007658294352133603,16,0.9994370825311307,cpu,1016307.0506848687,wf_2020_2021,0.0020009947656325355,True,42,1.1042582757892614,2020-01-01/2021-12-31,XLF,50000,2009-01-01/2019-12-31,0.0,0.01867219917012448
ppo_with_uncertainty_guard,0.23588658968027235,0.2619644975534861,16,0.9694178986177278,cpu,1499434.0200680622,wf_2020_2021,0.2780769917738215,True,42,0.8084624922156627,2020-01-01/2021-12-31,XLF,50000,2009-01-01/2019-12-31,-0.0234427386853846,0.05186721991701245
ppo_standalone,0.006987918802880545,0.006346706113226667,16,0.9991220864364493,cpu,1013408.395108047,wf_2020_2021,0.001342658080661363,True,53,1.0971742117279268,2020-01-01/2021-12-31,XLF,50000,2009-01-01/2019-12-31,0.0,0.006224066390041493
ppo_with_uncertainty_guard,0.1717311547393408,0.19718852150280541,16,0.9742566909495463,cpu,1354088.8534027357,wf_2020_2021,0.21756292887078454,True,53,0.8037087853496592,2020-01-01/2021-12-31,XLF,50000,2009-01-01/2019-12-31,-0.017987847340225915,0.05186721991701245
ppo_standalone,0.007040000105458888,0.006127659897699721,16,0.9996523606846685,cpu,1013508.64844169,wf_2020_2021,0.001517722263451482,True,67,1.1448339788734108,2020-01-01/2021-12-31,XLF,50000,2009-01-01/2019-12-31,0.0,0.012448132780082987
ppo_with_uncertainty_guard,0.23259445436999932,0.20598962691048106,16,0.9694636840922298,cpu,1491803.6672923204,wf_2020_2021,0.17800782005300142,True,67,1.0152020875134278,2020-01-01/2021-12-31,XLF,50000,2009-01-01/2019-12-31,-0.019232136139424493,0.05186721991701245
ppo_standalone,0.007662684878554525,0.007154746213592307,16,0.9989972861691588,cpu,1014707.6451989795,wf_2020_2021,0.0019043142740179375,True,89,1.0668870756729267,2020-01-01/2021-12-31,XLF,50000,2009-01-01/2019-12-31,0.0,0.01037344398340249
ppo_with_uncertainty_guard,0.21472368929404978,0.2932470220676009,16,0.9694178971750526,cpu,1450707.9206865774,wf_2020_2021,0.32964461574469994,True,89,0.6633197092349424,2020-01-01/2021-12-31,XLF,50000,2009-01-01/2019-12-31,-0.02588983029008283,0.05186721991701245
ppo_standalone,0.0028314738930267877,0.007517282722818043,16,0.9935069963392226,cpu,1005388.9106106267,wf_2022_2023,0.007260072989756727,True,7,0.3761216942942745,2022-01-01/2023-12-31,XLF,50000,2009-01-01/2021-12-31,0.0,0.010438413361169102
ppo_with_uncertainty_guard,0.0034577731513670625,0.1400473204900996,16,0.9869347550621824,cpu,1006582.7479179981,wf_2022_2023,0.16411759869349773,True,7,0.024647418272711913,2022-01-01/2023-12-31,XLF,50000,2009-01-01/2021-12-31,-0.014627827370588696,0.05010438413361169
ppo_standalone,-0.0031980882290057293,0.013901515838945049,16,0.9781816469956829,cpu,993929.851235783,wf_2022_2023,0.025064997518285725,True,13,-0.23041922202437032,2022-01-01/2023-12-31,XLF,50000,2009-01-01/2021-12-31,0.0,0.025052192066805846
ppo_with_uncertainty_guard,-0.0014384363444246977,0.07577364420622208,16,0.9804030829535243,cpu,997267.6007931348,wf_2022_2023,0.09959342368838053,True,13,-0.01899695978132397,2022-01-01/2023-12-31,XLF,50000,2009-01-01/2021-12-31,-0.007621453546714285,0.05010438413361169
ppo_standalone,-0.006564559492409997,0.01717452688111081,16,0.9714635154692236,cpu,987559.0278073265,wf_2022_2023,0.030180241690706433,True,19,-0.3834830587076739,2022-01-01/2023-12-31,XLF,50000,2009-01-01/2021-12-31,0.0,0.03549060542797495
ppo_with_uncertainty_guard,0.0386431510886945,0.14808520933914796,16,1.0,cpu,1074729.4649394255,wf_2022_2023,0.14175178922916598,True,19,0.25603609199272837,2022-01-01/2023-12-31,XLF,50000,2009-01-01/2021-12-31,-0.015659166555798975,0.05010438413361169
ppo_standalone,-0.0011682270261166472,0.009451327044740311,16,0.9852946219029602,cpu,997780.6099130444,wf_2022_2023,0.014705378097039756,True,23,-0.12367472810272684,2022-01-01/2023-12-31,XLF,50000,2009-01-01/2021-12-31,0.0,0.020876826722338204
ppo_with_uncertainty_guard,0.015170441301186152,0.16047553418667526,16,1.0,cpu,1029032.8075155827,wf_2022_2023,0.17919428573925245,True,23,0.09382430812732351,2022-01-01/2023-12-31,XLF,50000,2009-01-01/2021-12-31,-0.016894953569299532,0.05010438413361169
ppo_standalone,-0.00451175028273537,0.013102757125248245,16,0.9764213427514976,cpu,991441.5232224425,wf_2022_2023,0.023580220198752277,True,29,-0.34511088908185067,2022-01-01/2023-12-31,XLF,50000,2009-01-01/2021-12-31,0.0,0.03966597077244259
ppo_with_uncertainty_guard,0.044470464861052154,0.1666314662418016,16,1.0,cpu,1086219.7823327957,wf_2022_2023,0.1573800923073555,True,29,0.26111504822493337,2022-01-01/2023-12-31,XLF,50000,2009-01-01/2021-12-31,-0.01722434651306699,0.05010438413361169
ppo_standalone,-0.004717591926289263,0.015728187430042496,16,0.9748434863299577,cpu,991051.8875321993,wf_2022_2023,0.02950246840098114,True,37,-0.3006517552740053,2022-01-01/2023-12-31,XLF,50000,2009-01-01/2021-12-31,0.0,0.037578288100208766
ppo_with_uncertainty_guard,-0.011076119148732005,0.02255264786847767,16,0.9617803361886417,cpu,979051.6497387084,wf_2022_2023,0.04977532153942765,True,37,-0.49385942443959696,2022-01-01/2023-12-31,XLF,50000,2009-01-01/2021-12-31,-0.0014748516350415741,0.05010438413361169
ppo_standalone,0.0037312066103771186,0.008964353022095929,16,0.9929939101148424,cpu,1007104.1710657366,wf_2022_2023,0.0077218793693970555,True,42,0.41544514889078193,2022-01-01/2023-12-31,XLF,50000,2009-01-01/2021-12-31,0.0,0.014613778705636743
ppo_with_uncertainty_guard,0.010158643152263154,0.16760333015928147,16,1.0,cpu,1019397.8038207911,wf_2022_2023,0.1878658520181138,True,42,0.0603053731914661,2022-01-01/2023-12-31,XLF,50000,2009-01-01/2021-12-31,-0.018051544432020884,0.05010438413361169
ppo_standalone,-0.005166213415964476,0.025365889808905945,16,0.9738361379482735,cpu,990202.9476588465,wf_2022_2023,0.045896906649120606,True,53,-0.20419437524780532,2022-01-01/2023-12-31,XLF,50000,2009-01-01/2021-12-31,-0.0005940411813270423,0.05010438413361169
ppo_with_uncertainty_guard,-0.003237623267408644,0.012907012114403565,16,0.9786628599374642,cpu,993854.9211462672,wf_2022_2023,0.02292585635376665,True,53,-0.25124605112466664,2022-01-01/2023-12-31,XLF,50000,2009-01-01/2021-12-31,-2.0471954800704847e-05,0.05010438413361169
ppo_standalone,-0.004613213828011863,0.010466192218586577,16,0.9803737575242519,cpu,991249.4547712845,wf_2022_2023,0.0219804481011614,True,67,-0.4417860202056133,2022-01-01/2023-12-31,XLF,50000,2009-01-01/2021-12-31,0.0,0.037578288100208766
ppo_with_uncertainty_guard,0.028361720718991987,0.18517503359538082,16,1.0,cpu,1054597.782846044,wf_2022_2023,0.18606362844229074,True,67,0.15102980691967488,2022-01-01/2023-12-31,XLF,50000,2009-01-01/2021-12-31,-0.019372949352159986,0.05010438413361169
ppo_standalone,0.004149982743969021,0.007798041372478703,16,0.9947866720355406,cpu,1007903.0030859348,wf_2022_2023,0.005711151178694918,True,89,0.5310706641794539,2022-01-01/2023-12-31,XLF,50000,2009-01-01/2021-12-31,0.0,0.010438413361169102
ppo_with_uncertainty_guard,-0.011951139142113806,0.07312247531225836,16,0.9593504114180121,cpu,977405.6772450248,wf_2022_2023,0.10897626122097082,True,89,-0.16442416636775267,2022-01-01/2023-12-31,XLF,50000,2009-01-01/2021-12-31,-0.007233915786596512,0.05010438413361169
ppo_standalone,0.002601394385168337,0.005429179921379866,16,0.9992668731002912,cpu,1004950.506954906,wf_2024_2025,0.00429906743644537,True,7,0.47851437809865033,2024-01-01/2025-12-31,XLF,50000,2009-01-01/2023-12-31,0.0,0.014613778705636743
ppo_with_uncertainty_guard,0.13861670536676218,0.11149549480864797,16,0.9952548439621759,cpu,1279858.8964350033,wf_2024_2025,0.09961414248751321,True,7,1.164297487284676,2024-01-01/2025-12-31,XLF,50000,2009-01-01/2023-12-31,-0.009922569236906043,0.05010438413361169
ppo_standalone,0.015617883701816713,0.01692997159614177,16,0.987934899091582,cpu,1029895.0880265912,wf_2024_2025,0.022059119501656732,True,13,0.9153609205838809,2024-01-01/2025-12-31,XLF,50000,2009-01-01/2023-12-31,-0.00024421936377141403,0.05010438413361169
ppo_with_uncertainty_guard,0.15303101791673318,0.1218713593031408,16,0.9946166906782641,cpu,1310831.7804592554,wf_2024_2025,0.110864112321301,True,13,1.168395578623309,2024-01-01/2025-12-31,XLF,50000,2009-01-01/2023-12-31,-0.01083338743764468,0.05010438413361169
ppo_standalone,0.003468212560390669,0.0045176388730677666,16,0.9999802916602221,cpu,1006602.6529693613,wf_2024_2025,0.0026638848522777536,True,19,0.7663495520532795,2024-01-01/2025-12-31,XLF,50000,2009-01-01/2023-12-31,0.0,0.012526096033402923
ppo_with_uncertainty_guard,0.20898547178967786,0.16793270652325198,16,0.9926431270553261,cpu,1434384.1229670576,wf_2024_2025,0.1554016335307392,True,19,1.1301037146043567,2024-01-01/2025-12-31,XLF,50000,2009-01-01/2023-12-31,-0.014837470899278137,0.05010438413361169
ppo_standalone,0.0012712462684977258,0.002808528257844953,16,0.999663543027167,cpu,1002417.7603111018,wf_2024_2025,0.0022568339078935518,True,23,0.45232484708758036,2024-01-01/2025-12-31,XLF,50000,2009-01-01/2023-12-31,0.0,0.008350730688935281
ppo_with_uncertainty_guard,0.037991037466736884,0.05148665696769912,16,0.9787472203687566,cpu,1073447.2282241462,wf_2024_2025,0.04115496699100396,True,23,0.7242077367790545,2024-01-01/2025-12-31,XLF,50000,2009-01-01/2023-12-31,-0.005784873441357696,0.05010438413361169
ppo_standalone,0.005452211225181074,0.007175634134516453,16,0.9997446533528377,cpu,1010388.9731861327,wf_2024_2025,0.004593923806508582,True,29,0.7577422896791512,2024-01-01/2025-12-31,XLF,50000,2009-01-01/2023-12-31,0.0,0.016701461377870562
ppo_with_uncertainty_guard,0.17014041411368955,0.15646195540327582,16,0.992645806215544,cpu,1348050.9835077412,wf_2024_2025,0.15338788876660991,True,29,1.004228752289477,2024-01-01/2025-12-31,XLF,50000,2009-01-01/2023-12-31,-0.013357527254032138,0.05010438413361169
ppo_standalone,0.0024826815700243706,0.004799736309839787,16,0.9996081210622204,cpu,1004724.3417529713,wf_2024_2025,0.0031018514148697385,True,37,0.5165956295141676,2024-01-01/2025-12-31,XLF,50000,2009-01-01/2023-12-31,0.0,0.010438413361169102
ppo_with_uncertainty_guard,0.20052713311615927,0.16517565271287266,16,0.9926433129640658,cpu,1415369.2488224532,wf_2024_2025,0.1550184085437566,True,37,1.1064618743109458,2024-01-01/2025-12-31,XLF,50000,2009-01-01/2023-12-31,-0.014455560709482992,0.05010438413361169
ppo_standalone,0.012660895499104187,0.0097221784091917,16,0.9985418984862429,cpu,1024202.9257047292,wf_2024_2025,0.0053403653481729485,True,42,1.294073257193057,2024-01-01/2025-12-31,XLF,50000,2009-01-01/2023-12-31,0.0,0.037578288100208766
ppo_with_uncertainty_guard,0.21453493760452885,0.16888925492082651,16,0.9926431270280661,cpu,1446924.9835577423,wf_2024_2025,0.1554023544781199,True,42,1.1508195327101642,2024-01-01/2025-12-31,XLF,50000,2009-01-01/2023-12-31,-0.014848155050091981,0.05010438413361169
ppo_standalone,0.059089638674566784,0.044874353809516654,16,0.9913323857208575,cpu,1115300.6477995208,wf_2024_2025,0.034813020031501885,True,53,1.2793388587347858,2024-01-01/2025-12-31,XLF,50000,2009-01-01/2023-12-31,-0.004521297246648892,0.05010438413361169
ppo_with_uncertainty_guard,0.025682913350015935,0.04066226903819593,16,0.9847454313020548,cpu,1049382.1437786603,wf_2024_2025,0.04070038090085937,True,53,0.6236383081148645,2024-01-01/2025-12-31,XLF,50000,2009-01-01/2023-12-31,-0.003806992558315514,0.05010438413361169
ppo_standalone,0.0009780452233665434,0.003231359606973461,16,0.9987511533713855,cpu,1001859.8810568961,wf_2024_2025,0.0023209669633115215,True,67,0.3025101956003878,2024-01-01/2025-12-31,XLF,50000,2009-01-01/2023-12-31,0.0,0.012526096033402923
ppo_with_uncertainty_guard,0.20376842626939384,0.16732450813465324,16,0.9926431270693031,cpu,1422641.6663375623,wf_2024_2025,0.15540167211843658,True,67,1.1083661175626127,2024-01-01/2025-12-31,XLF,50000,2009-01-01/2023-12-31,-0.01482648751793416,0.05010438413361169
ppo_standalone,0.007441883356215803,0.008438716914752412,16,0.99979232128136,cpu,1014192.8858336397,wf_2024_2025,0.005639780057284938,True,89,0.8785920613245682,2024-01-01/2025-12-31,XLF,50000,2009-01-01/2023-12-31,0.0,0.020876826722338204
ppo_with_uncertainty_guard,0.19303196260541752,0.16147822653641988,16,0.9926434735037162,cpu,1398620.1638695237,wf_2024_2025,0.1549066887212075,True,89,1.0930127536212353,2024-01-01/2025-12-31,XLF,50000,2009-01-01/2023-12-31,-0.013779888554308247,0.05010438413361169
ppo_standalone,-0.024933354032915057,0.02967779433632559,16,0.9481668612295097,cpu,953044.00522791,wf_2018_2019,0.059480394748404164,False,7,-0.8507815688326714,2018-01-01/2019-12-31,XLE,50000,2009-01-01/2017-12-31,-0.0001340419687622323,0.05
ppo_with_uncertainty_guard,-0.022014596875847715,0.02117005073816841,16,0.9538039744647914,cpu,958485.3339138291,wf_2018_2019,0.048102130948181054,True,7,-1.0515027877851644,2018-01-01/2019-12-31,XLE,50000,2009-01-01/2017-12-31,0.0,0.03125
ppo_standalone,-0.0012616898691810133,0.044355454286232145,16,0.9834278188701295,cpu,997598.1529284097,wf_2018_2019,0.06066544096725257,True,13,-0.028462834434627198,2018-01-01/2019-12-31,XLE,50000,2009-01-01/2017-12-31,-0.0034034720324258136,0.05
ppo_with_uncertainty_guard,-0.02190058955782189,0.02116791673753333,16,0.9540157730637435,cpu,958698.1720401883,wf_2018_2019,0.048102130948181054,True,13,-1.0461020635668166,2018-01-01/2019-12-31,XLE,50000,2009-01-01/2017-12-31,0.0,0.022916666666666665
ppo_standalone,-0.02460675943191735,0.027171632407053444,16,0.9487718759887356,cpu,953652.1320386351,wf_2018_2019,0.05691092193707281,False,19,-0.9169276143169235,2018-01-01/2019-12-31,XLE,50000,2009-01-01/2017-12-31,0.0,0.03958333333333333
ppo_with_uncertainty_guard,-0.05238564074542018,0.1947705079333739,16,0.8309393552880191,cpu,902586.4818332492,wf_2018_2019,0.29994923808558827,False,19,-0.27626158724577954,2018-01-01/2019-12-31,XLE,50000,2009-01-01/2017-12-31,-0.021830584782239093,0.05
ppo_standalone,-0.020415039095048458,0.02344571476040193,16,0.9570198951897178,cpu,961473.570141975,wf_2018_2019,0.04862844867792848,True,23,-0.8797414307785679,2018-01-01/2019-12-31,XLE,50000,2009-01-01/2017-12-31,-1.3048671232329541e-05,0.05
ppo_with_uncertainty_guard,-0.04703874766385092,0.19439407389168487,16,0.835876794758036,cpu,912311.8563845995,wf_2018_2019,0.29482643048955237,False,23,-0.24785218223777808,2018-01-01/2019-12-31,XLE,50000,2009-01-01/2017-12-31,-0.021765036800072225,0.05
ppo_standalone,-0.024663541635703973,0.025413984604835283,16,0.9486666740934055,cpu,953546.3890098681,wf_2018_2019,0.05642796622317192,False,29,-0.9826332395673545,2018-01-01/2019-12-31,XLE,50000,2009-01-01/2017-12-31,0.0,0.03125
ppo_with_uncertainty_guard,-0.03330016466152879,0.03842428243828467,16,0.9328222286644409,cpu,937527.6499648677,wf_2018_2019,0.08321410276434305,False,29,-0.8813983704698437,2018-01-01/2019-12-31,XLE,50000,2009-01-01/2017-12-31,-0.0036853057014003985,0.05
ppo_standalone,-0.02159311113228149,0.022620439513511538,16,0.9543632926968102,cpu,959272.3096595358,wf_2018_2019,0.05201021789924032,True,37,-0.9650343210257082,2018-01-01/2019-12-31,XLE,50000,2009-01-01/2017-12-31,0.0,0.025
ppo_with_uncertainty_guard,-0.052607555822238916,0.1941900961930592,16,0.8325797935555989,cpu,902183.9143565238,wf_2018_2019,0.29834743736353264,False,37,-0.278293387409175,2018-01-01/2019-12-31,XLE,50000,2009-01-01/2017-12-31,-0.021673129076631437,0.05
ppo_standalone,-0.030060502701507848,0.08142415976338685,16,0.9175342236061537,cpu,943521.2902583671,wf_2018_2019,0.1382931115768412,False,42,-0.3748460399573295,2018-01-01/2019-12-31,XLE,50000,2009-01-01/2017-12-31,-0.009393611795634093,0.05
ppo_with_uncertainty_guard,-0.045948940058359554,0.20064147361141002,16,0.8296382229609225,cpu,914300.1623735599,wf_2018_2019,0.3012046404460049,False,42,-0.23443831901805595,2018-01-01/2019-12-31,XLE,50000,2009-01-01/2017-12-31,-0.02237670290193785,0.05
ppo_standalone,-0.01896224950243652,0.018348664494294356,16,0.9597961715537099,cpu,964191.4479003528,wf_2018_2019,0.04020382844629011,True,53,-1.0433551110351944,2018-01-01/2019-12-31,XLE,50000,2009-01-01/2017-12-31,0.0,0.014583333333333334
ppo_with_uncertainty_guard,-0.021784969072736995,0.021167726515556616,16,0.9542305913586768,cpu,958914.0446834802,wf_2018_2019,0.048102130948181054,True,53,-1.040527422544427,2018-01-01/2019-12-31,XLE,50000,2009-01-01/2017-12-31,0.0,0.01875
ppo_standalone,-0.01802482961139645,0.021564603416029792,16,0.9613628781541068,cpu,965947.1066370477,wf_2018_2019,0.04576984371210535,True,67,-0.8434711937976144,2018-01-01/2019-12-31,XLE,50000,2009-01-01/2017-12-31,0.0,0.0375
ppo_with_uncertainty_guard,-0.04287844015176128,0.20033222195610176,16,0.8295264495390681,cpu,919913.2102114193,wf_2018_2019,0.30130951320164046,False,67,-0.21876080969727618,2018-01-01/2019-12-31,XLE,50000,2009-01-01/2017-12-31,-0.021908748878777473,0.05
ppo_standalone,-0.021503121630866064,0.023991360370506566,16,0.9546464502935861,cpu,959440.3730104221,wf_2018_2019,0.05174008186231083,True,89,-0.9060569389948699,2018-01-01/2019-12-31,XLE,50000,2009-01-01/2017-12-31,0.0,0.03333333333333333
ppo_with_uncertainty_guard,-0.054025924220851174,0.1878366042882944,16,0.8405228786888224,cpu,899612.9227631985,wf_2018_2019,0.28893387154632555,False,89,-0.29568287617287786,2018-01-01/2019-12-31,XLE,50000,2009-01-01/2017-12-31,-0.021095697472766337,0.05
ppo_standalone,0.001575764820879866,0.010328471981117427,16,0.9953027506770922,cpu,1003016.1301101033,wf_2020_2021,0.005944409721688637,True,7,0.15244272429916159,2020-01-01/2021-12-31,XLE,50000,2009-01-01/2019-12-31,0.0,0.01037344398340249
ppo_with_uncertainty_guard,0.04511286985152509,0.0685791162082307,16,0.9821995150775685,cpu,1088061.4266659755,wf_2020_2021,0.09802173296776961,True,7,0.6434143411623159,2020-01-01/2021-12-31,XLE,50000,2009-01-01/2019-12-31,-0.00632225510515827,0.05186721991701245
ppo_standalone,-0.004852534364212629,0.016896766017809633,16,0.9789125931978175,cpu,990739.1214053481,wf_2020_2021,0.021087406802182462,True,13,-0.2878835175154755,2020-01-01/2021-12-31,XLE,50000,2009-01-01/2019-12-31,0.0,0.026970954356846474
ppo_with_uncertainty_guard,0.0034817590969112226,0.012539251482346397,16,0.9963564847691924,cpu,1006670.1353807403,wf_2020_2021,0.007693533735201763,True,13,0.2771830367943092,2020-01-01/2021-12-31,XLE,50000,2009-01-01/2019-12-31,0.0,0.016597510373443983
ppo_standalone,0.0016300861481821274,0.014075214098399595,16,0.9914893344336475,cpu,1003120.1824208492,wf_2020_2021,0.008510665566352493,True,19,0.11571693467146303,2020-01-01/2021-12-31,XLE,50000,2009-01-01/2019-12-31,0.0,0.022821576763485476
ppo_with_uncertainty_guard,0.21122902067527843,0.35319661387686196,16,0.9540293200313348,cpu,1442735.606995963,wf_2020_2021,0.37131032704717293,True,19,0.5425745038900386,2020-01-01/2021-12-31,XLE,50000,2009-01-01/2019-12-31,-0.0342770213968346,0.05186721991701245
ppo_standalone,-0.07734840194081304,0.08461883793399202,16,0.8464448858450093,cpu,857289.9598634236,wf_2020_2021,0.2152508211237283,False,23,-0.951365364619253,2020-01-01/2021-12-31,XLE,50000,2009-01-01/2019-12-31,-0.0023839064171466084,0.05186721991701245
ppo_with_uncertainty_guard,0.008935978510383386,0.01345169952078764,16,0.9992578917358806,cpu,1017161.5130695982,wf_2020_2021,0.007899652362955756,True,23,0.6613427488517756,2020-01-01/2021-12-31,XLE,50000,2009-01-01/2019-12-31,-0.00011428372456245839,0.05186721991701245
ppo_standalone,-0.0017751581163556085,0.016090560688051477,16,0.984030154388158,cpu,996607.4085701872,wf_2020_2021,0.015969845611842004,True,29,-0.11041989663746417,2020-01-01/2021-12-31,XLE,50000,2009-01-01/2019-12-31,0.0,0.029045643153526972
ppo_with_uncertainty_guard,0.13774950685822637,0.22817702437189183,16,0.9541519331383296,cpu,1279971.6478056507,wf_2020_2021,0.2229365590547725,True,29,0.5655788747834414,2020-01-01/2021-12-31,XLE,50000,2009-01-01/2019-12-31,-0.025148630076211997,0.05186721991701245
ppo_standalone,-0.00892025527153403,0.017159271608596087,16,0.9716100636055943,cpu,983007.7141502541,wf_2020_2021,0.02838993639440568,True,37,-0.5221781117387361,2020-01-01/2021-12-31,XLE,50000,2009-01-01/2019-12-31,0.0,0.029045643153526972
ppo_with_uncertainty_guard,0.0052758567833700995,0.016180444052312868,16,0.9935440819991939,cpu,1010115.4148914401,wf_2020_2021,0.01089866673533213,True,37,0.32520347199359134,2020-01-01/2021-12-31,XLE,50000,2009-01-01/2019-12-31,-0.0004868006307546579,0.05186721991701245
ppo_standalone,-0.008740181328693265,0.017597015373282614,16,0.9717682364089458,cpu,983349.3643707547,wf_2020_2021,0.028947060923995127,True,42,-0.498864231269873,2020-01-01/2021-12-31,XLE,50000,2009-01-01/2019-12-31,0.0,0.035269709543568464
ppo_with_uncertainty_guard,0.1682787395215877,0.3804953376786102,16,0.9540281293669757,cpu,1346467.9876555717,wf_2020_2021,0.3816364099964632,True,42,0.40876043014157654,2020-01-01/2021-12-31,XLE,50000,2009-01-01/2019-12-31,-0.034576837491109645,0.05186721991701245
ppo_standalone,0.0007168515949886721,0.014353292796016682,16,0.9890942491098222,cpu,1001371.569439686,wf_2020_2021,0.010905750890177757,True,53,0.049924910225069265,2020-01-01/2021-12-31,XLE,50000,2009-01-01/2019-12-31,0.0,0.026970954356846474
ppo_with_uncertainty_guard,0.0036072624151667516,0.012593155019516394,16,0.9965948438827664,cpu,1006910.9618367314,wf_2020_2021,0.007693533735201763,True,53,0.2859272718453569,2020-01-01/2021-12-31,XLE,50000,2009-01-01/2019-12-31,-6.285824501706116e-06,0.05186721991701245
ppo_standalone,0.001686865950035161,0.010254062936949974,16,0.9955139333834238,cpu,1003228.9494363904,wf_2020_2021,0.005944409721688637,True,67,0.16436594038166702,2020-01-01/2021-12-31,XLE,50000,2009-01-01/2019-12-31,0.0,0.01037344398340249
ppo_with_uncertainty_guard,0.18704981557220912,0.32217119226758434,16,0.9540281610645295,cpu,1388150.7519176977,wf_2020_2021,0.35111219189002896,True,67,0.5322356622774289,2020-01-01/2021-12-31,XLE,50000,2009-01-01/2019-12-31,-0.03109742668806037,0.05186721991701245
ppo_standalone,-0.09864704896538377,0.07162349193534266,16,0.8082663614827323,cpu,819837.006632131,wf_2020_2021,0.1944755365729679,False,89,-1.4500568532387488,2020-01-01/2021-12-31,XLE,50000,2009-01-01/2019-12-31,0.0,0.04979253112033195
ppo_with_uncertainty_guard,0.14860134824922977,0.40695154245381987,16,0.9540281278160706,cpu,1303424.1583075218,wf_2020_2021,0.41693933224090196,True,89,0.34044576508426583,2020-01-01/2021-12-31,XLE,50000,2009-01-01/2019-12-31,-0.03699914894676217,0.05186721991701245
ppo_standalone,0.0016261334511664162,0.008347756878819642,16,0.9960984845480995,cpu,1003093.2078416452,wf_2022_2023,0.006633358537904033,True,7,0.19463693704596732,2022-01-01/2023-12-31,XLE,50000,2009-01-01/2021-12-31,0.0,0.010438413361169102
ppo_with_uncertainty_guard,-0.0007467182558774761,0.07422763911576355,16,0.8905519264964021,cpu,998581.1200496749,wf_2022_2023,0.1159438822047828,False,7,-0.010063577397507989,2022-01-01/2023-12-31,XLE,50000,2009-01-01/2021-12-31,-0.007892534835723808,0.05010438413361169
ppo_standalone,0.029828336466126117,0.03830405590347542,16,0.9932330160063706,cpu,1057458.475037669,wf_2022_2023,0.03199725487792604,True,13,0.7673339604055385,2022-01-01/2023-12-31,XLE,50000,2009-01-01/2021-12-31,-0.00038021394718672474,0.05010438413361169
ppo_with_uncertainty_guard,0.0020327258808449647,0.008284717354178671,16,0.9962798789064421,cpu,1003867.329641049,wf_2022_2023,0.006348660984359711,True,13,0.24510477461891467,2022-01-01/2023-12-31,XLE,50000,2009-01-01/2021-12-31,0.0,0.010438413361169102
ppo_standalone,0.04097584140650115,0.07211118321049667,16,0.9509027644033983,cpu,1079322.1208448524,wf_2022_2023,0.08828445519627937,True,19,0.5568968926688185,2022-01-01/2023-12-31,XLE,50000,2009-01-01/2021-12-31,-0.007124668713683135,0.05010438413361169
ppo_with_uncertainty_guard,0.13480599363666385,0.2866707296264417,16,0.9154150655997331,cpu,1271729.2736509987,wf_2022_2023,0.256281327345693,False,19,0.44113898807387203,2022-01-01/2023-12-31,XLE,50000,2009-01-01/2021-12-31,-0.02678672124225052,0.05010438413361169
ppo_standalone,0.0024011779645494026,0.007684972448453277,16,0.9975389826083862,cpu,1004569.0794814103,wf_2022_2023,0.00564712740246287,True,23,0.31207011082033503,2022-01-01/2023-12-31,XLE,50000,2009-01-01/2021-12-31,0.0,0.012526096033402923
ppo_with_uncertainty_guard,0.0817767926443766,0.16198409428646426,16,0.9479606232033786,cpu,1161150.8593492676,wf_2022_2023,0.15372026790940185,False,23,0.48526240184445635,2022-01-01/2023-12-31,XLE,50000,2009-01-01/2021-12-31,-0.01731466152549608,0.05010438413361169
ppo_standalone,-2.454811469960835e-05,0.01603363555488758,16,0.9868316982711126,cpu,999953.3396153408,wf_2022_2023,0.015590542352953207,True,29,-0.001531042219342851,2022-01-01/2023-12-31,XLE,50000,2009-01-01/2021-12-31,0.0,0.020876826722338204
ppo_with_uncertainty_guard,0.012407682269234268,0.13916580973269074,16,0.9101531640688973,cpu,1023716.1886338544,wf_2022_2023,0.15348609048472084,False,29,0.08860886013138611,2022-01-01/2023-12-31,XLE,50000,2009-01-01/2021-12-31,-0.014367357854663254,0.05010438413361169
ppo_standalone,0.004720927365866765,0.015261773900207628,16,0.9982077056553925,cpu,1008992.5860762438,wf_2022_2023,0.013369637052993433,True,37,0.30859910379869027,2022-01-01/2023-12-31,XLE,50000,2009-01-01/2021-12-31,0.0,0.022964509394572025
ppo_with_uncertainty_guard,0.0021833430118519156,0.008678187875770736,16,0.996291875672283,cpu,1004154.165311741,wf_2022_2023,0.006590526440888866,True,37,0.251310886443481,2022-01-01/2023-12-31,XLE,50000,2009-01-01/2021-12-31,-1.8159602347189715e-05,0.05010438413361169
ppo_standalone,0.022171225100501367,0.030975924634066558,16,0.9930925031583895,cpu,1042563.4501109488,wf_2022_2023,0.02640240070815847,True,42,0.7079338183996187,2022-01-01/2023-12-31,XLE,50000,2009-01-01/2021-12-31,0.0,0.04592901878914405
ppo_with_uncertainty_guard,0.14376406822792198,0.2916909285230407,16,0.9154150646046679,cpu,1290879.0473222318,wf_2022_2023,0.25829365204582955,False,42,0.46050305780671724,2022-01-01/2023-12-31,XLE,50000,2009-01-01/2021-12-31,-0.027909162502114348,0.05010438413361169
ppo_standalone,0.013072439399549083,0.019158126086876646,16,0.999482687814138,cpu,1024994.2465376916,wf_2022_2023,0.014102101686542245,True,53,0.6779172872870057,2022-01-01/2023-12-31,XLE,50000,2009-01-01/2021-12-31,0.0,0.03549060542797495
ppo_with_uncertainty_guard,-0.0009436026342549483,0.0093740822485847,16,0.9903326191402392,cpu,998207.1683972962,wf_2022_2023,0.010320286788563227,True,53,-0.10070661807328822,2022-01-01/2023-12-31,XLE,50000,2009-01-01/2021-12-31,-4.649062327821696e-05,0.05010438413361169
ppo_standalone,0.006134087372263153,0.012276653226461884,16,0.9998848468543381,cpu,1011691.8407358127,wf_2022_2023,0.012016188839381936,True,67,0.49812202517229076,2022-01-01/2023-12-31,XLE,50000,2009-01-01/2021-12-31,0.0,0.022964509394572025
ppo_with_uncertainty_guard,0.1253140636943168,0.28435179875029665,16,0.9154150646746665,cpu,1251586.3322580073,wf_2022_2023,0.2556823993590853,False,67,0.41519729797015986,2022-01-01/2023-12-31,XLE,50000,2009-01-01/2021-12-31,-0.026714371911019618,0.05010438413361169
ppo_standalone,0.022817658720908896,0.030292208126845143,16,0.9884277476808768,cpu,1043817.0571884364,wf_2022_2023,0.02344880076558209,True,89,0.7447826529499522,2022-01-01/2023-12-31,XLE,50000,2009-01-01/2021-12-31,0.0,0.03549060542797495
ppo_with_uncertainty_guard,0.056796272953342074,0.14713614470479983,16,0.9457961314402856,cpu,1110714.5456646816,wf_2022_2023,0.1363051177588126,False,89,0.3754474334071967,2022-01-01/2023-12-31,XLE,50000,2009-01-01/2021-12-31,-0.01435331255154626,0.05010438413361169
ppo_standalone,0.0036423769812127674,0.009438160807927334,16,0.9994222591413962,cpu,1006934.7636263005,wf_2024_2025,0.006667714420637849,True,7,0.3852125973886151,2024-01-01/2025-12-31,XLE,50000,2009-01-01/2023-12-31,0.0,0.018789144050104383
ppo_with_uncertainty_guard,-0.0002553742114020755,0.002921889428647876,16,0.9964882845044216,cpu,999514.6421530144,wf_2024_2025,0.003880333079098852,True,7,-0.08740678105345287,2024-01-01/2025-12-31,XLE,50000,2009-01-01/2023-12-31,-9.207100552366397e-06,0.05010438413361169
ppo_standalone,0.004283777898901556,0.009233852900148862,16,0.9993213103764701,cpu,1008158.2858981433,wf_2024_2025,0.006296326016715259,True,13,0.46292216278328696,2024-01-01/2025-12-31,XLE,50000,2009-01-01/2023-12-31,0.0,0.020876826722338204
ppo_with_uncertainty_guard,0.0006686748543071584,0.002645300755659832,16,0.9982397189039659,cpu,1001271.395698778,wf_2024_2025,0.0023808117424325426,True,13,0.25267874662260464,2024-01-01/2025-12-31,XLE,50000,2009-01-01/2023-12-31,0.0,0.022964509394572025
ppo_standalone,0.005954820299313483,0.009722456900235805,16,0.9994501680596142,cpu,1011349.2362608701,wf_2024_2025,0.005227774460355494,True,19,0.6106546475137793,2024-01-01/2025-12-31,XLE,50000,2009-01-01/2023-12-31,0.0,0.025052192066805846
ppo_with_uncertainty_guard,0.0468601563666964,0.20850168212425219,16,0.9564243843069102,cpu,1090948.5244001492,wf_2024_2025,0.19872566672275171,True,19,0.21964006047536574,2024-01-01/2025-12-31,XLE,50000,2009-01-01/2023-12-31,-0.021199622373419658,0.05010438413361169
ppo_standalone,0.0005304448592296409,0.002322059821217135,16,0.9982732512554775,cpu,1001008.5071018632,wf_2024_2025,0.0019864003010606757,True,23,0.22836102974240832,2024-01-01/2025-12-31,XLE,50000,2009-01-01/2023-12-31,0.0,0.008350730688935281
ppo_with_uncertainty_guard,-0.004699595245698521,0.08572451784870494,16,0.8959895160288862,cpu,991085.9503823092,wf_2024_2025,0.13680634392898583,False,23,-0.054951190855977335,2024-01-01/2025-12-31,XLE,50000,2009-01-01/2023-12-31,-0.009807445908082002,0.05010438413361169
ppo_standalone,0.011121331361491724,0.01300869885496289,16,0.9997912559779751,cpu,1021245.2045119561,wf_2024_2025,0.006992667377270778,True,29,0.8501856516133772,2024-01-01/2025-12-31,XLE,50000,2009-01-01/2023-12-31,0.0,0.029227557411273485
ppo_with_uncertainty_guard,0.017276115487173095,0.14055241127918613,16,0.9553004483121674,cpu,1033093.7039217065,wf_2024_2025,0.1658516678500851,True,29,0.12186600502147615,2024-01-01/2025-12-31,XLE,50000,2009-01-01/2023-12-31,-0.012147808107793522,0.05010438413361169
ppo_standalone,0.0026859933462637015,0.006893884983596915,16,0.999474059891054,cpu,1005111.6950179163,wf_2024_2025,0.005288256369585409,True,37,0.3890884099580033,2024-01-01/2025-12-31,XLE,50000,2009-01-01/2023-12-31,0.0,0.016701461377870562
ppo_with_uncertainty_guard,0.04971071167505614,0.21206989462354478,16,0.9564730042640631,cpu,1096601.9578260982,wf_2024_2025,0.20099294723930838,True,37,0.22876692275871013,2024-01-01/2025-12-31,XLE,50000,2009-01-01/2023-12-31,-0.0216941098017152,0.05010438413361169
ppo_standalone,0.0024005790377258094,0.0068709680312246755,16,0.9988975143851428,cpu,1004567.9385833074,wf_2024_2025,0.005534678791639602,True,42,0.3489532836428255,2024-01-01/2025-12-31,XLE,50000,2009-01-01/2023-12-31,0.0,0.025052192066805846
ppo_with_uncertainty_guard,0.061851712659681514,0.21544046066125036,16,0.9560465225477021,cpu,1120835.9240930765,wf_2024_2025,0.20137135141210127,True,42,0.27856530942009455,2024-01-01/2025-12-31,XLE,50000,2009-01-01/2023-12-31,-0.02221910527041082,0.05010438413361169
ppo_standalone,0.021519154806497142,0.013692380599174362,16,0.9956736183979138,cpu,1041299.635329033,wf_2024_2025,0.006880615871746265,True,53,1.554926095923308,2024-01-01/2025-12-31,XLE,50000,2009-01-01/2023-12-31,-5.184403085021216e-05,0.05010438413361169
ppo_with_uncertainty_guard,0.015245732212128734,0.12228481207272138,16,0.9252162073715173,cpu,1029177.8790779999,wf_2024_2025,0.14748034505380692,False,53,0.12373298036971206,2024-01-01/2025-12-31,XLE,50000,2009-01-01/2023-12-31,-0.011140993364275785,0.05010438413361169
ppo_standalone,0.001189234220209907,0.004719445389769155,16,0.9983278311856862,cpu,1002261.699587062,wf_2024_2025,0.0037542471028995106,True,67,0.251827824404884,2024-01-01/2025-12-31,XLE,50000,2009-01-01/2023-12-31,0.0,0.018789144050104383
ppo_with_uncertainty_guard,0.015469922286909842,0.1434939166101913,16,0.9538938560446015,cpu,1029609.9089899918,wf_2024_2025,0.1519313869533362,True,67,0.10698339243095888,2024-01-01/2025-12-31,XLE,50000,2009-01-01/2023-12-31,-0.01404863671148231,0.05010438413361169
ppo_standalone,0.005888623282264793,0.01095903795711847,16,0.9995221912130853,cpu,1011222.7383959894,wf_2024_2025,0.006477862172132864,True,89,0.5357466669266647,2024-01-01/2025-12-31,XLE,50000,2009-01-01/2023-12-31,0.0,0.025052192066805846
ppo_with_uncertainty_guard,0.034385768587282595,0.13312318612315643,16,0.961746522758978,cpu,1066371.360259212,wf_2024_2025,0.14810373675517752,True,89,0.253958389352261,2024-01-01/2025-12-31,XLE,50000,2009-01-01/2023-12-31,-0.01179192524143282,0.05010438413361169
ppo_standalone,-0.009924898553598823,0.020187975951056845,16,0.9810789301660773,cpu,981180.3365378386,wf_2018_2019,0.036321294434346174,True,7,-0.4940762895627383,2018-01-01/2019-12-31,XLV,50000,2009-01-01/2017-12-31,0.0,0.016666666666666666
ppo_with_uncertainty_guard,0.08468476834910317,0.12006768940931277,16,0.9986397886540841,cpu,1167467.6121098585,wf_2018_2019,0.13104669291077653,True,7,0.6770289460866736,2018-01-01/2019-12-31,XLV,50000,2009-01-01/2017-12-31,-0.01268763046701142,0.05
ppo_standalone,-0.010589714279480763,0.0200557456832916,16,0.9797633651934042,cpu,979925.7785746623,wf_2018_2019,0.03660023182061822,True,13,-0.5308254416222858,2018-01-01/2019-12-31,XLV,50000,2009-01-01/2017-12-31,0.0,0.020833333333333332
ppo_with_uncertainty_guard,0.05226217953006346,0.09366022649526333,16,0.9987380898485971,cpu,1101896.6901752085,wf_2018_2019,0.09908675866870575,True,13,0.5439044823512089,2018-01-01/2019-12-31,XLV,50000,2009-01-01/2017-12-31,-0.010369854016468859,0.05
ppo_standalone,-0.013257088132080317,0.018274394061555572,16,0.9747338108590786,cpu,974899.9077674025,wf_2018_2019,0.03396566814310287,True,19,-0.7302913465048594,2018-01-01/2019-12-31,XLV,50000,2009-01-01/2017-12-31,0.0,0.016666666666666666
ppo_with_uncertainty_guard,-0.0005531281644558618,0.04813775125795053,16,0.962394499819365,cpu,998946.6861795688,wf_2018_2019,0.05502264110329935,True,19,-0.011493668840994748,2018-01-01/2019-12-31,XLV,50000,2009-01-01/2017-12-31,-0.004641882509124606,0.05
ppo_standalone,-0.010684869320731349,0.02187014801287972,16,0.9796177488356103,cpu,979746.276131147,wf_2018_2019,0.03401792183785313,True,23,-0.4911848087098127,2018-01-01/2019-12-31,XLV,50000,2009-01-01/2017-12-31,-2.4226308369534824e-05,0.05
ppo_with_uncertainty_guard,0.10920162786655976,0.13597585675041696,16,0.9983514322606049,cpu,1218244.0037263352,wf_2018_2019,0.15114490264079616,True,23,0.7621969358708353,2018-01-01/2019-12-31,XLV,50000,2009-01-01/2017-12-31,-0.014088786865792445,0.05
ppo_standalone,-0.01095954467846703,0.021915040739961995,16,0.979061376125706,cpu,979228.2104612159,wf_2018_2019,0.03873095223326806,True,29,-0.5028493089436263,2018-01-01/2019-12-31,XLV,50000,2009-01-01/2017-12-31,0.0,0.035416666666666666
ppo_with_uncertainty_guard,0.05464887219290755,0.08934207021144655,16,0.9984045223066476,cpu,1106662.091352911,wf_2018_2019,0.07903867795634045,True,29,0.5955513936218738,2018-01-01/2019-12-31,XLV,50000,2009-01-01/2017-12-31,-0.009127744296961548,0.05
ppo_standalone,-0.010873932283917925,0.019055669316844392,16,0.9792228083418147,cpu,979389.6701857498,wf_2018_2019,0.03486642209848212,True,37,-0.5737607183837047,2018-01-01/2019-12-31,XLV,50000,2009-01-01/2017-12-31,0.0,0.01875
ppo_with_uncertainty_guard,0.0963967076977302,0.12510030894956609,16,0.9984166629017084,cpu,1191595.8875970317,wf_2018_2019,0.12986900428173087,True,37,0.735641395339238,2018-01-01/2019-12-31,XLV,50000,2009-01-01/2017-12-31,-0.013081027082643802,0.05
ppo_standalone,0.03546536386943583,0.06631163911774542,16,0.9994238464789119,cpu,1068635.677197005,wf_2018_2019,0.069582222429876,True,42,0.525561871577069,2018-01-01/2019-12-31,XLV,50000,2009-01-01/2017-12-31,-0.007075320439512822,0.05
ppo_with_uncertainty_guard,0.08246304138930431,0.11662197895921635,16,0.9986187867580595,cpu,1162916.997550539,wf_2018_2019,0.12049566357226515,True,42,0.679451088514017,2018-01-01/2019-12-31,XLV,50000,2009-01-01/2017-12-31,-0.012466056076736714,0.05
ppo_standalone,-0.01485955752872284,0.01759598084589207,16,0.9717859892460299,cpu,971886.4350799662,wf_2018_2019,0.03311453837100742,True,53,-0.8508154136460815,2018-01-01/2019-12-31,XLV,50000,2009-01-01/2017-12-31,0.0,0.016666666666666666
ppo_with_uncertainty_guard,0.11431670001098336,0.14766481034769124,16,0.9983513260832838,cpu,1228967.123868581,wf_2018_2019,0.15441400047005882,True,53,0.7330201104621374,2018-01-01/2019-12-31,XLV,50000,2009-01-01/2017-12-31,-0.01541404403417789,0.05
ppo_standalone,-0.010327359122786761,0.013929751379652392,16,0.9803194438166729,cpu,980420.7716863354,wf_2018_2019,0.026367975004405353,True,67,-0.7452349816419525,2018-01-01/2019-12-31,XLV,50000,2009-01-01/2017-12-31,0.0,0.016666666666666666
ppo_with_uncertainty_guard,0.12049870909947397,0.14105656981397807,16,0.9983513260834482,cpu,1241986.505658897,wf_2018_2019,0.15440763339125307,True,67,0.8065823115634707,2018-01-01/2019-12-31,XLV,50000,2009-01-01/2017-12-31,-0.014409012668027542,0.05
ppo_standalone,-0.008326450068423613,0.02198646085335399,16,0.9840334378621105,cpu,984199.8508735626,wf_2018_2019,0.03675495071230639,True,89,-0.3802907741092698,2018-01-01/2019-12-31,XLV,50000,2009-01-01/2017-12-31,0.0,0.027083333333333334
ppo_with_uncertainty_guard,0.0801614794302254,0.11305708701402496,16,0.9986410014283191,cpu,1158211.7654973755,wf_2018_2019,0.12048990863659215,True,89,0.68204870402274,2018-01-01/2019-12-31,XLV,50000,2009-01-01/2017-12-31,-0.011433940806288678,0.05
ppo_standalone,0.0008455249942988056,0.014586388360766053,16,0.9779778824241105,cpu,1001617.858316537,wf_2020_2021,0.02613035184939483,True,7,0.05794159051298758,2020-01-01/2021-12-31,XLV,50000,2009-01-01/2019-12-31,0.0,0.022821576763485476
ppo_with_uncertainty_guard,0.13013644978979844,0.12806789821303585,16,1.0,cpu,1263639.9688502194,wf_2020_2021,0.1543218253307289,True,7,0.9552606666055061,2020-01-01/2021-12-31,XLV,50000,2009-01-01/2019-12-31,-0.01045889971713434,0.05186721991701245
ppo_standalone,0.004215864758707451,0.08802766778989447,16,0.9823210691243813,cpu,1008079.1896935093,wf_2020_2021,0.1417207824428176,True,13,0.04779173887029805,2020-01-01/2021-12-31,XLV,50000,2009-01-01/2019-12-31,-0.003553420541452823,0.05186721991701245
ppo_with_uncertainty_guard,0.1396947325500619,0.15568255251105384,16,1.0,cpu,1284160.6335978932,wf_2020_2021,0.19437796430400434,True,13,0.8399163081593656,2020-01-01/2021-12-31,XLV,50000,2009-01-01/2019-12-31,-0.012375855004990388,0.05186721991701245
ppo_standalone,0.004136300048391009,0.08160112338605266,16,0.9821685529530885,cpu,1007926.4264567562,wf_2020_2021,0.13316745233334792,True,19,0.05058461053422701,2020-01-01/2021-12-31,XLV,50000,2009-01-01/2019-12-31,-0.0034741430605272684,0.05186721991701245
ppo_with_uncertainty_guard,0.22741541581906138,0.1922978563974659,16,1.0,cpu,1479837.5444054406,wf_2020_2021,0.20305769276441077,True,19,1.0655891090573946,2020-01-01/2021-12-31,XLV,50000,2009-01-01/2019-12-31,-0.016593689174972504,0.05186721991701245
ppo_standalone,0.009455464866884965,0.007727624694944509,16,0.9999180927806094,cpu,1018163.4698417663,wf_2020_2021,0.0018524877779517723,True,23,1.2178190343755264,2020-01-01/2021-12-31,XLV,50000,2009-01-01/2019-12-31,0.0,0.004149377593360996
ppo_with_uncertainty_guard,0.21599710948707035,0.17418812614977086,16,1.0,cpu,1453618.158113134,wf_2020_2021,0.17983101912063038,True,23,1.1227184801357362,2020-01-01/2021-12-31,XLV,50000,2009-01-01/2019-12-31,-0.015595432974233958,0.05186721991701245
ppo_standalone,0.007018324750111886,0.010778588434201914,16,0.9896599091193292,cpu,1013466.9241286233,wf_2020_2021,0.010340090880670783,True,29,0.6488519327024516,2020-01-01/2021-12-31,XLV,50000,2009-01-01/2019-12-31,0.0,0.01867219917012448
ppo_with_uncertainty_guard,0.21719838925244825,0.17999698937860428,16,1.0,cpu,1456366.0788252307,wf_2020_2021,0.1880299250903924,True,29,1.0919718327022279,2020-01-01/2021-12-31,XLV,50000,2009-01-01/2019-12-31,-0.015801223743133797,0.05186721991701245
ppo_standalone,0.009267661303361268,0.009939665874368831,16,0.9950451820164333,cpu,1017801.1903082682,wf_2020_2021,0.004954817983566673,True,37,0.9280827765664419,2020-01-01/2021-12-31,XLV,50000,2009-01-01/2019-12-31,0.0,0.016597510373443983
ppo_with_uncertainty_guard,0.13170448112397296,0.10518015433158379,16,1.0,cpu,1266995.5565285557,wf_2020_2021,0.09921922841134656,True,37,1.1763122109286466,2020-01-01/2021-12-31,XLV,50000,2009-01-01/2019-12-31,-0.010784680459202712,0.05186721991701245
ppo_standalone,0.010728088191246217,0.009341913824715673,16,0.9990621630768343,cpu,1020620.024894411,wf_2020_2021,0.0029903851950233706,True,42,1.1422465905687924,2020-01-01/2021-12-31,XLV,50000,2009-01-01/2019-12-31,0.0,0.01037344398340249
ppo_with_uncertainty_guard,0.20984707182026296,0.16644289644632587,16,1.0,cpu,1439588.7807794434,wf_2020_2021,0.16711444922298302,True,42,1.1444993272725281,2020-01-01/2021-12-31,XLV,50000,2009-01-01/2019-12-31,-0.015350155680495536,0.05186721991701245
ppo_standalone,0.010891704911905236,0.009243176802154161,16,0.9993909860386879,cpu,1020936.0604991241,wf_2020_2021,0.0026778372286132557,True,53,1.1719597803526645,2020-01-01/2021-12-31,XLV,50000,2009-01-01/2019-12-31,0.0,0.008298755186721992
ppo_with_uncertainty_guard,0.21626906698041007,0.15999298952014007,16,1.0,cpu,1454240.042489912,wf_2020_2021,0.147931091207247,True,53,1.2237275994480534,2020-01-01/2021-12-31,XLV,50000,2009-01-01/2019-12-31,-0.015351367552315764,0.05186721991701245
ppo_standalone,0.00879121955107213,0.007813090395604311,16,0.9982131809411783,cpu,1016882.3937980792,wf_2020_2021,0.0022827228530838406,True,67,1.1202512063918448,2020-01-01/2021-12-31,XLV,50000,2009-01-01/2019-12-31,0.0,0.014522821576763486
ppo_with_uncertainty_guard,0.21987518632841474,0.1641522990456553,16,1.0,cpu,1462498.1436152877,wf_2020_2021,0.15121666571634573,True,67,1.2107558418449353,2020-01-01/2021-12-31,XLV,50000,2009-01-01/2019-12-31,-0.015351788760635365,0.05186721991701245
ppo_standalone,0.010159901752972593,0.008922694496299581,16,0.9985412407911668,cpu,1019522.900980407,wf_2020_2021,0.0030575455995573986,True,89,1.132892878090695,2020-01-01/2021-12-31,XLV,50000,2009-01-01/2019-12-31,0.0,0.01037344398340249
ppo_with_uncertainty_guard,0.1731070504844628,0.14813153021196845,16,1.0,cpu,1357131.7266604598,wf_2020_2021,0.15834263283218675,True,89,1.0777965792895907,2020-01-01/2021-12-31,XLV,50000,2009-01-01/2019-12-31,-0.013824935809179806,0.05186721991701245
ppo_standalone,0.000659452685653617,0.005701062154859433,16,0.9948384473185387,cpu,1001253.8557736637,wf_2022_2023,0.0051615526814613455,True,7,0.11563055595425178,2022-01-01/2023-12-31,XLV,50000,2009-01-01/2021-12-31,0.0,0.014613778705636743
ppo_with_uncertainty_guard,0.030183308421956916,0.13379094062560373,16,0.9946445443285603,cpu,1058151.4138986329,wf_2022_2023,0.12058081220169836,True,7,0.2222625861395811,2022-01-01/2023-12-31,XLV,50000,2009-01-01/2021-12-31,-0.01317175275573028,0.05010438413361169
ppo_standalone,-0.0034737742173228245,0.012328472059025939,16,0.9843026200777432,cpu,993407.4039997392,wf_2022_2023,0.021971999809720977,True,13,-0.2822553319650114,2022-01-01/2023-12-31,XLV,50000,2009-01-01/2021-12-31,0.0,0.031315240083507306
ppo_with_uncertainty_guard,0.026046952207519816,0.10360332297722835,16,0.9935091908867991,cpu,1050090.2080538587,wf_2022_2023,0.09984562920407014,True,13,0.24819154394762255,2022-01-01/2023-12-31,XLV,50000,2009-01-01/2021-12-31,-0.010422206800584099,0.05010438413361169
ppo_standalone,-0.0008605522275974293,0.007253666289361553,16,0.9907866520824882,cpu,998364.9018010849,wf_2022_2023,0.009213347917511827,True,19,-0.11868534340746385,2022-01-01/2023-12-31,XLV,50000,2009-01-01/2021-12-31,0.0,0.022964509394572025
ppo_with_uncertainty_guard,0.03305252843125695,0.15146126817776204,16,0.9866517570598634,cpu,1063760.2988181266,wf_2022_2023,0.15538849173088132,True,19,0.21469518592551248,2022-01-01/2023-12-31,XLV,50000,2009-01-01/2021-12-31,-0.01501495689382093,0.05010438413361169
ppo_standalone,-0.002635249212227722,0.007612241753927516,16,0.9879756191147453,cpu,994996.8808462953,wf_2022_2023,0.013155167983506022,True,23,-0.3466354133700762,2022-01-01/2023-12-31,XLV,50000,2009-01-01/2021-12-31,0.0,0.022964509394572025
ppo_with_uncertainty_guard,0.031825451715069626,0.1416236225406212,16,0.9931722120967772,cpu,1061359.8323326956,wf_2022_2023,0.1370099681559228,True,23,0.22121649722135392,2022-01-01/2023-12-31,XLV,50000,2009-01-01/2021-12-31,-0.014306796373415942,0.05010438413361169
ppo_standalone,-0.005115670963643271,0.011995259502930643,16,0.9811795658997106,cpu,990298.5734208099,wf_2022_2023,0.022689584979392996,True,29,-0.42756331626670574,2022-01-01/2023-12-31,XLV,50000,2009-01-01/2021-12-31,0.0,0.027139874739039668
ppo_with_uncertainty_guard,0.03345068512585868,0.12386556889941697,16,0.9935495110483421,cpu,1064539.7443104633,wf_2022_2023,0.12115255573456651,True,29,0.26563750321718266,2022-01-01/2023-12-31,XLV,50000,2009-01-01/2021-12-31,-0.012577632516888393,0.05010438413361169
ppo_standalone,-0.001892697931760856,0.009066203224310204,16,0.9874804052599327,cpu,996405.4388331267,wf_2022_2023,0.014379792949759551,True,37,-0.2089582739112877,2022-01-01/2023-12-31,XLV,50000,2009-01-01/2021-12-31,0.0,0.022964509394572025
ppo_with_uncertainty_guard,0.01125157117488608,0.10491079288045957,16,0.96835095010247,cpu,1021495.2567177513,wf_2022_2023,0.10928601803381821,True,37,0.10664990557994326,2022-01-01/2023-12-31,XLV,50000,2009-01-01/2021-12-31,-0.010568078508374334,0.05010438413361169
ppo_standalone,-0.004020032701798755,0.011347450957334297,16,0.9831644482908792,cpu,992372.5845338893,wf_2022_2023,0.02097973227674832,True,42,-0.35497649812285115,2022-01-01/2023-12-31,XLV,50000,2009-01-01/2021-12-31,0.0,0.029227557411273485
ppo_with_uncertainty_guard,-0.005196765828296418,0.03633994465140648,16,0.9517275271261226,cpu,990145.1449541452,wf_2022_2023,0.05399537303269031,True,42,-0.14337647650640886,2022-01-01/2023-12-31,XLV,50000,2009-01-01/2021-12-31,-0.0032538382244089443,0.05010438413361169
ppo_standalone,0.003596918343100763,0.027120479090476088,16,0.9779482662309682,cpu,1006848.0744496924,wf_2022_2023,0.03428369837195533,True,53,0.13238866004764105,2022-01-01/2023-12-31,XLV,50000,2009-01-01/2021-12-31,-0.002603283968754333,0.05010438413361169
ppo_with_uncertainty_guard,0.03213899428685743,0.14239178554251114,16,0.9931135779858675,cpu,1061972.9549461477,wf_2022_2023,0.1366090900067778,True,53,0.22215682590050903,2022-01-01/2023-12-31,XLV,50000,2009-01-01/2021-12-31,-0.014334344234292473,0.05010438413361169
ppo_standalone,-0.002203419569961637,0.007865719633147701,16,0.9889293304720436,cpu,995815.9108448814,wf_2022_2023,0.01327098897518908,True,67,-0.2804328473704118,2022-01-01/2023-12-31,XLV,50000,2009-01-01/2021-12-31,0.0,0.033402922755741124
ppo_with_uncertainty_guard,0.030331675048707932,0.14427540112473358,16,0.9928128403788118,cpu,1058441.1033444153,wf_2022_2023,0.14067012785236377,True,67,0.20710898674263634,2022-01-01/2023-12-31,XLV,50000,2009-01-01/2021-12-31,-0.014589204800799038,0.05010438413361169
ppo_standalone,-0.0029663579000346516,0.015616483650982583,16,0.9851597289535027,cpu,994369.0996406489,wf_2022_2023,0.02289454835492455,True,89,-0.19023079252849717,2022-01-01/2023-12-31,XLV,50000,2009-01-01/2021-12-31,0.0,0.03549060542797495
ppo_with_uncertainty_guard,0.02947929523704711,0.1031644007682732,16,0.9995635014078506,cpu,1056777.323276127,wf_2022_2023,0.09066553509321473,True,89,0.28161934627610274,2022-01-01/2023-12-31,XLV,50000,2009-01-01/2021-12-31,-0.01098973531727232,0.05010438413361169
ppo_standalone,-0.0074292922291797365,0.01437555814388147,16,0.9858965382082328,cpu,985896.5382082327,wf_2018_2019,0.03070045591809456,True,7,-0.5187238264024493,2018-01-01/2019-12-31,XLU,50000,2009-01-01/2017-12-31,0.0,0.029166666666666667
ppo_with_uncertainty_guard,0.07701967874219603,0.06973271222486631,16,0.9974227195776878,cpu,1151803.4079562998,wf_2018_2019,0.048481270664717746,True,7,1.064027176680096,2018-01-01/2019-12-31,XLU,50000,2009-01-01/2017-12-31,-0.006944406032584815,0.05
ppo_standalone,-0.00854848256649218,0.014247607971143631,16,0.9837801616517633,cpu,983780.1616517633,wf_2018_2019,0.031134569856734684,True,13,-0.6025667453741914,2018-01-01/2019-12-31,XLU,50000,2009-01-01/2017-12-31,0.0,0.027083333333333334
ppo_with_uncertainty_guard,0.1595707552611819,0.11912285176523232,16,0.9967491137805482,cpu,1325778.4625816026,wf_2018_2019,0.08482952849327008,True,13,1.2428320727870343,2018-01-01/2019-12-31,XLU,50000,2009-01-01/2017-12-31,-0.01242648617632609,0.05
ppo_standalone,-0.012088040222353,0.009739272837577796,16,0.9771011189665557,cpu,977101.1189665557,wf_2018_2019,0.028022212160038418,True,19,-1.2487068304079898,2018-01-01/2019-12-31,XLU,50000,2009-01-01/2017-12-31,0.0,0.016666666666666666
ppo_with_uncertainty_guard,0.11031420474065966,0.09281446787064511,16,0.9980873272419323,cpu,1220572.5856547323,wf_2018_2019,0.06935325117596625,True,19,1.1274412925822606,2018-01-01/2019-12-31,XLU,50000,2009-01-01/2017-12-31,-0.009159357633098253,0.05
ppo_standalone,-0.008414002354176497,0.013097567968704557,16,0.9840343480511013,cpu,984034.3480511013,wf_2018_2019,0.027334749167732153,True,23,-0.6451195750052467,2018-01-01/2019-12-31,XLU,50000,2009-01-01/2017-12-31,0.0,0.035416666666666666
ppo_with_uncertainty_guard,0.10329036422485217,0.08723603373640275,16,0.9974585168516544,cpu,1205907.3794054093,wf_2018_2019,0.06118160441130438,True,23,1.126790983822997,2018-01-01/2019-12-31,XLU,50000,2009-01-01/2017-12-31,-0.008872410737750691,0.05
ppo_standalone,-0.008966899025726095,0.014629924883228156,16,0.9829894955626451,cpu,982989.4955626451,wf_2018_2019,0.031237017699011216,True,29,-0.6156727364135445,2018-01-01/2019-12-31,XLU,50000,2009-01-01/2017-12-31,0.0,0.027083333333333334
ppo_with_uncertainty_guard,0.16945482182711696,0.12499899456204526,16,0.9967489809611059,cpu,1347386.7851593995,wf_2018_2019,0.08658626527666591,True,29,1.2523098902889862,2018-01-01/2019-12-31,XLU,50000,2009-01-01/2017-12-31,-0.012900192505847218,0.05
ppo_standalone,-0.01140322844667072,0.010683438661261235,16,0.9783916526619533,cpu,978391.6526619532,wf_2018_2019,0.02977036040541836,True,37,-1.0734908246518697,2018-01-01/2019-12-31,XLU,50000,2009-01-01/2017-12-31,0.0,0.016666666666666666
ppo_with_uncertainty_guard,0.14000625863835348,0.1065691237211774,16,0.9971506084313551,cpu,1283496.6353451503,wf_2018_2019,0.0726115810428608,True,37,1.2295639924803627,2018-01-01/2019-12-31,XLU,50000,2009-01-01/2017-12-31,-0.010755122957827013,0.05
ppo_standalone,-0.00985510242749495,0.014300931294595667,16,0.981312091373059,cpu,981312.091373059,wf_2018_2019,0.03155350102137677,True,42,-0.6925336006857001,2018-01-01/2019-12-31,XLU,50000,2009-01-01/2017-12-31,0.0,0.03333333333333333
ppo_with_uncertainty_guard,0.13909734048217942,0.10556921355846277,16,0.9969860843598698,cpu,1281548.1537819013,wf_2018_2019,0.06860288650280988,True,42,1.2336546038461138,2018-01-01/2019-12-31,XLU,50000,2009-01-01/2017-12-31,-0.010859254358566961,0.05
ppo_standalone,-0.0112584579355445,0.01004253621396891,16,0.9786645775399189,cpu,978664.5775399188,wf_2018_2019,0.02814945689808046,True,53,-1.1274179045552568,2018-01-01/2019-12-31,XLU,50000,2009-01-01/2017-12-31,0.0,0.01875
ppo_with_uncertainty_guard,-0.00887551868426126,0.011560251499207547,16,0.9831621478374676,cpu,983162.1478374676,wf_2018_2019,0.027499632288795595,True,53,-0.7711785767223769,2018-01-01/2019-12-31,XLU,50000,2009-01-01/2017-12-31,0.0,0.020833333333333332
ppo_standalone,0.007339352970509979,0.026677721295647078,16,0.9989007127020496,cpu,1014026.1243862669,wf_2018_2019,0.030624094551863434,True,67,0.2741053999776816,2018-01-01/2019-12-31,XLU,50000,2009-01-01/2017-12-31,-0.002146380882011556,0.05
ppo_with_uncertainty_guard,0.08652473935948761,0.07615214801349249,16,0.9953048381918354,cpu,1171242.6916004822,wf_2018_2019,0.054254809487768285,True,67,1.0897147277789256,2018-01-01/2019-12-31,XLU,50000,2009-01-01/2017-12-31,-0.007380910440139842,0.05
ppo_standalone,-0.007522574069259894,0.02079411218743251,16,0.9857200607565741,cpu,985720.0607565742,wf_2018_2019,0.03295567068552152,True,89,-0.36312940992874726,2018-01-01/2019-12-31,XLU,50000,2009-01-01/2017-12-31,0.0,0.035416666666666666
ppo_with_uncertainty_guard,0.145635380239733,0.11125032811055768,16,0.9967720083829418,cpu,1295595.3073974017,wf_2018_2019,0.0790187049553327,True,89,1.2221016211186146,2018-01-01/2019-12-31,XLU,50000,2009-01-01/2017-12-31,-0.011491991980012892,0.05
ppo_standalone,0.008402783316542747,0.01952121022564306,16,0.9997107141649507,cpu,1016032.3876796413,wf_2024_2025,0.021368549060854947,True,7,0.42864188837407413,2024-01-01/2025-12-31,XLU,50000,2009-01-01/2023-12-31,0.0,0.037578288100208766
ppo_with_uncertainty_guard,0.10076367931015481,0.07772915158213091,16,0.9630408379344801,cpu,1200195.1399515662,wf_2024_2025,0.056251547621959275,True,7,1.2351092842035913,2024-01-01/2025-12-31,XLU,50000,2009-01-01/2023-12-31,-0.008174967743521399,0.05010438413361169
ppo_standalone,0.0018586458031517148,0.016493485088518896,16,0.9940723618001833,cpu,1003535.8594519222,wf_2024_2025,0.020545035609485507,True,13,0.11258401582249136,2024-01-01/2025-12-31,XLU,50000,2009-01-01/2023-12-31,0.0,0.029227557411273485
ppo_with_uncertainty_guard,-0.0026068820084033514,0.011671044695343538,16,0.9862051342028226,cpu,995050.673722936,wf_2024_2025,0.017321048324135613,True,13,-0.223651815814296,2024-01-01/2025-12-31,XLU,50000,2009-01-01/2023-12-31,0.0,0.014613778705636743
ppo_standalone,-0.0020853926461798173,0.012338074110900626,16,0.9866470133994497,cpu,996039.8222664945,wf_2024_2025,0.018450111053088136,True,19,-0.1691952267035705,2024-01-01/2025-12-31,XLU,50000,2009-01-01/2023-12-31,0.0,0.016701461377870562
ppo_with_uncertainty_guard,0.18932786790659428,0.13422052840958187,16,0.938668507319493,cpu,1390377.7016784367,wf_2024_2025,0.09410424435813236,False,19,1.2918152510222636,2024-01-01/2025-12-31,XLU,50000,2009-01-01/2023-12-31,-0.012961887292859764,0.05010438413361169
ppo_standalone,0.00339097276237405,0.015842022683193863,16,0.9976108966338458,cpu,1006455.3825591478,wf_2024_2025,0.01855984402021671,True,23,0.21368498990200677,2024-01-01/2025-12-31,XLU,50000,2009-01-01/2023-12-31,0.0,0.027139874739039668
ppo_with_uncertainty_guard,0.1799190724956892,0.13167344537370396,16,0.9383157691996379,cpu,1369544.8082425317,wf_2024_2025,0.09236260268906238,False,23,1.2564845824806075,2024-01-01/2025-12-31,XLU,50000,2009-01-01/2023-12-31,-0.012535761384853926,0.05010438413361169
ppo_standalone,-0.0008531049247172593,0.013343030467765088,16,0.9892117909520485,cpu,998379.0466608519,wf_2024_2025,0.01910421031757037,True,29,-0.0639628961413797,2024-01-01/2025-12-31,XLU,50000,2009-01-01/2023-12-31,0.0,0.016701461377870562
ppo_with_uncertainty_guard,0.13553434759271663,0.12335388744047582,16,0.9325810007645444,cpu,1273281.217585847,wf_2024_2025,0.09220200796520772,False,29,1.0303945019000538,2024-01-01/2025-12-31,XLU,50000,2009-01-01/2023-12-31,-0.012948348428999345,0.05010438413361169
ppo_standalone,-0.0040693798675354356,0.01163673338420818,16,0.9829217826368785,cpu,992279.1275740038,wf_2024_2025,0.018080710624690077,True,37,-0.35040991014122336,2024-01-01/2025-12-31,XLU,50000,2009-01-01/2023-12-31,0.0,0.010438413361169102
ppo_with_uncertainty_guard,-0.0026068820084033514,0.011671044695343538,16,0.9862051342028226,cpu,995050.673722936,wf_2024_2025,0.017321048324135613,True,37,-0.223651815814296,2024-01-01/2025-12-31,XLU,50000,2009-01-01/2023-12-31,0.0,0.014613778705636743
ppo_standalone,0.008312499415191323,0.018272190634208863,16,0.9988863796894767,cpu,1015859.4851714873,wf_2024_2025,0.020568345579457303,True,42,0.4530419538508686,2024-01-01/2025-12-31,XLU,50000,2009-01-01/2023-12-31,0.0,0.03549060542797495
ppo_with_uncertainty_guard,0.21829740831067773,0.1529035836347272,16,0.9296253309814779,cpu,1455456.9586146623,wf_2024_2025,0.10504305910519263,False,42,1.2913635337041938,2024-01-01/2025-12-31,XLU,50000,2009-01-01/2023-12-31,-0.014434113030283057,0.05010438413361169
ppo_standalone,-0.004287253784607528,0.011416271915807685,16,0.9834892552060164,cpu,991866.553255044,wf_2024_2025,0.018307258925559067,True,53,-0.37634095426515124,2024-01-01/2025-12-31,XLU,50000,2009-01-01/2023-12-31,0.0,0.014613778705636743
ppo_with_uncertainty_guard,-0.0026068820084033514,0.011671044695343538,16,0.9862051342028226,cpu,995050.673722936,wf_2024_2025,0.017321048324135613,True,53,-0.223651815814296,2024-01-01/2025-12-31,XLU,50000,2009-01-01/2023-12-31,0.0,0.014613778705636743
ppo_standalone,0.009066453338355065,0.017949232283452823,16,0.998096965384252,cpu,1017303.8087466401,wf_2024_2025,0.018558505788815904,True,67,0.5028359893340958,2024-01-01/2025-12-31,XLU,50000,2009-01-01/2023-12-31,0.0,0.04801670146137787
ppo_with_uncertainty_guard,-0.003071354315496599,0.01169067404491594,16,0.9853323545991043,cpu,994170.0659238358,wf_2024_2025,0.017321048324135613,True,67,-0.2631190317494166,2024-01-01/2025-12-31,XLU,50000,2009-01-01/2023-12-31,0.0,0.029227557411273485
ppo_standalone,0.0012813887459059911,0.015128178378769043,16,0.9931579138946933,cpu,1002437.0612311226,wf_2024_2025,0.018575981132297192,True,89,0.0846470076333392,2024-01-01/2025-12-31,XLU,50000,2009-01-01/2023-12-31,0.0,0.025052192066805846
ppo_with_uncertainty_guard,0.19924132679405737,0.14876098006143562,16,0.929625402819335,cpu,1412489.2073112135,wf_2024_2025,0.10496609363100007,False,89,1.221348066032612,2024-01-01/2025-12-31,XLU,50000,2009-01-01/2023-12-31,-0.014088511581510409,0.05010438413361169
