agent,annualized_return,annualized_volatility,bootstrap_paths,capital_preservation_rate_95pct_hwm,device,final_portfolio_value,fold_id,max_drawdown,meets_95pct_preservation_goal,seed,sharpe_ratio,test_window,ticker,timesteps,train_window,var_95,var_95_violation_rate
ppo_standalone,-0.012082214632044445,0.0313300488657628,16,0.9771120939294785,cpu,977112.0939294785,wf_2018_2019,0.043047110863807414,True,7,-0.3879897011215735,2018-01-01/2019-12-31,SPY,50000,2009-01-01/2017-12-31,-0.0005717430596488879,0.05
ppo_with_uncertainty_guard,0.025927625280953548,0.06772663380779251,16,0.9998688385370728,cpu,1049964.7354115543,wf_2018_2019,0.09392293712065836,True,7,0.37794796761779464,2018-01-01/2019-12-31,SPY,50000,2009-01-01/2017-12-31,-0.00808243007136573,0.05
ppo_standalone,-0.010288160773874584,0.021784625220386343,16,0.9804947385478753,cpu,980494.7385478753,wf_2018_2019,0.03943007591035608,True,13,-0.4747097666052341,2018-01-01/2019-12-31,SPY,50000,2009-01-01/2017-12-31,0.0,0.020833333333333332
ppo_with_uncertainty_guard,0.06100534225160763,0.10192908511765895,16,0.9998098247619988,cpu,1119401.407896137,wf_2018_2019,0.1433344964060509,True,13,0.5809607967740598,2018-01-01/2019-12-31,SPY,50000,2009-01-01/2017-12-31,-0.012480492414274291,0.05
ppo_standalone,-0.01332349214865543,0.0184405239629982,16,0.9747749458045994,cpu,974774.9458045994,wf_2018_2019,0.03404191646519139,True,19,-0.7273616937374879,2018-01-01/2019-12-31,SPY,50000,2009-01-01/2017-12-31,0.0,0.01875
ppo_with_uncertainty_guard,0.02090003662633779,0.07544948671514733,16,0.9998757708920737,cpu,1040185.7361462915,wf_2018_2019,0.12916666197329085,True,19,0.27415141506867247,2018-01-01/2019-12-31,SPY,50000,2009-01-01/2017-12-31,-0.007704646420631444,0.05
ppo_standalone,-0.007080019765964296,0.019365939055655507,16,0.9865574508493843,cpu,986557.4508493843,wf_2018_2019,0.03319843041011672,True,23,-0.36688867886864956,2018-01-01/2019-12-31,SPY,50000,2009-01-01/2017-12-31,0.0,0.029166666666666667
ppo_with_uncertainty_guard,0.10739060502090443,0.14023743176659678,16,0.9997522396924544,cpu,1214458.1180235622,wf_2018_2019,0.19341265418026088,True,23,0.7273830160759518,2018-01-01/2019-12-31,SPY,50000,2009-01-01/2017-12-31,-0.01684596058561123,0.05
ppo_standalone,-0.010091938161037336,0.022950036583320264,16,0.9808650483456859,cpu,980865.0483456859,wf_2018_2019,0.04073947034110037,True,29,-0.44196604212216456,2018-01-01/2019-12-31,SPY,50000,2009-01-01/2017-12-31,0.0,0.03125
ppo_with_uncertainty_guard,0.041252973172367695,0.05869617315019503,16,0.9997881290484709,cpu,1080041.6029896215,wf_2018_2019,0.05628185589070389,True,29,0.6887103261340575,2018-01-01/2019-12-31,SPY,50000,2009-01-01/2017-12-31,-0.005101577358475495,0.05
ppo_standalone,-0.012376321799112227,0.020220235466135057,16,0.9765580918489039,cpu,976558.0918489038,wf_2018_2019,0.03673358992410691,True,37,-0.6158903813340405,2018-01-01/2019-12-31,SPY,50000,2009-01-01/2017-12-31,0.0,0.01875
ppo_with_uncertainty_guard,0.10483898871610393,0.1372044141682865,16,0.9997522397139139,cpu,1209133.544710015,wf_2018_2019,0.1930032921634134,True,37,0.7266493431423058,2018-01-01/2019-12-31,SPY,50000,2009-01-01/2017-12-31,-0.015780573852233633,0.05
ppo_standalone,-0.010275542587568388,0.04542494411656071,16,0.9650052214508151,cpu,980518.5494932606,wf_2018_2019,0.04539990415076034,True,42,-0.2273786912671838,2018-01-01/2019-12-31,SPY,50000,2009-01-01/2017-12-31,-0.004321689174321186,0.05
ppo_with_uncertainty_guard,0.09547926245950543,0.12764604323525916,16,0.9997558579063307,cpu,1189697.3566302815,wf_2018_2019,0.1728923847776137,True,42,0.7144117781023877,2018-01-01/2019-12-31,SPY,50000,2009-01-01/2017-12-31,-0.015332831701001215,0.05
ppo_standalone,-0.015116990835057314,0.017582433077859585,16,0.971402740233674,cpu,971402.7402336741,wf_2018_2019,0.03308043706641761,True,53,-0.8663351477884242,2018-01-01/2019-12-31,SPY,50000,2009-01-01/2017-12-31,0.0,0.0125
ppo_with_uncertainty_guard,0.05882631975080382,0.10465769917715204,16,0.9998195058983554,cpu,1115026.519428297,wf_2018_2019,0.14547274332166138,True,53,0.5461706391808161,2018-01-01/2019-12-31,SPY,50000,2009-01-01/2017-12-31,-0.012513029721421808,0.05
ppo_standalone,-0.009216015877285762,0.015469447055010011,16,0.982518892086913,cpu,982518.892086913,wf_2018_2019,0.02857374651246869,True,67,-0.5985120893678959,2018-01-01/2019-12-31,SPY,50000,2009-01-01/2017-12-31,0.0,0.016666666666666666
ppo_with_uncertainty_guard,0.10857141637019789,0.13840105298528282,16,0.9997522396922258,cpu,1216925.9316485864,wf_2018_2019,0.1934654138533427,True,67,0.7447346222254064,2018-01-01/2019-12-31,SPY,50000,2009-01-01/2017-12-31,-0.01641627919321751,0.05
ppo_standalone,-0.0041275700810485235,0.03706494289062972,16,0.9921526439419655,cpu,992152.6439419654,wf_2018_2019,0.043047110863807414,True,89,-0.1115904672846715,2018-01-01/2019-12-31,SPY,50000,2009-01-01/2017-12-31,-0.0022546899958877376,0.05
ppo_with_uncertainty_guard,0.10308357051359573,0.13513644436622463,16,0.9997522396947179,cpu,1205476.8871673467,wf_2018_2019,0.19309210613937589,True,89,0.7260024427173788,2018-01-01/2019-12-31,SPY,50000,2009-01-01/2017-12-31,-0.015683490313772804,0.05
ppo_standalone,0.0016180437743934166,0.010978560328428696,16,0.9810988807566532,cpu,1003097.114852011,wf_2020_2021,0.020193848991532648,True,7,0.14726090913499615,2020-01-01/2021-12-31,SPY,50000,2009-01-01/2019-12-31,0.0,0.024896265560165973
ppo_with_uncertainty_guard,0.09400218120011589,0.08922791888921613,16,1.0,cpu,1187490.1776508433,wf_2020_2021,0.1234533108301652,True,7,1.0068881921945012,2020-01-01/2021-12-31,SPY,50000,2009-01-01/2019-12-31,-0.008923123522846322,0.05186721991701245
ppo_standalone,-0.0032766140772500117,0.013149663281529297,16,0.9709521734283207,cpu,993742.1975319855,wf_2020_2021,0.02904782657167926,True,13,-0.24958466552130829,2020-01-01/2021-12-31,SPY,50000,2009-01-01/2019-12-31,0.0,0.022821576763485476
ppo_with_uncertainty_guard,0.057260503101458075,0.07611783895921319,16,1.0,cpu,1112379.2748516023,wf_2020_2021,0.12200706928327831,True,13,0.7315107249249062,2020-01-01/2021-12-31,SPY,50000,2009-01-01/2019-12-31,-0.0066143910107101965,0.05186721991701245
ppo_standalone,-0.022306102645341937,0.08109534413157202,16,0.9336685016915547,cpu,957769.7378760318,wf_2020_2021,0.15707929263888787,False,19,-0.2781738262680393,2020-01-01/2021-12-31,SPY,50000,2009-01-01/2019-12-31,-0.0029989688668377035,0.05186721991701245
ppo_with_uncertainty_guard,0.28430446118969155,0.18572023405620197,16,1.0,cpu,1613797.7073534632,wf_2020_2021,0.19707424072645774,True,19,1.3472795996817317,2020-01-01/2021-12-31,SPY,50000,2009-01-01/2019-12-31,-0.01963080757179423,0.05186721991701245
ppo_standalone,0.0025924386650800317,0.00918721333012361,16,0.9854107377102864,cpu,1004964.4191303069,wf_2020_2021,0.014589262289713578,True,23,0.28180899512973806,2020-01-01/2021-12-31,SPY,50000,2009-01-01/2019-12-31,0.0,0.01867219917012448
ppo_with_uncertainty_guard,0.11149731332123902,0.1373697089811956,16,1.0,cpu,1224077.6174950828,wf_2020_2021,0.200541605002442,True,23,0.7695140062662905,2020-01-01/2021-12-31,SPY,50000,2009-01-01/2019-12-31,-0.012037239772680054,0.05186721991701245
ppo_standalone,-0.02544338167064243,0.03027886001451205,16,0.928922022626149,cpu,951899.964133283,wf_2020_2021,0.07482763784989788,False,29,-0.8511722936163495,2020-01-01/2021-12-31,SPY,50000,2009-01-01/2019-12-31,0.0,0.04771784232365145
ppo_with_uncertainty_guard,0.24141555740215745,0.161637690537143,16,1.0,cpu,1512290.583972891,wf_2020_2021,0.17635611141055074,True,29,1.3378816163544613,2020-01-01/2021-12-31,SPY,50000,2009-01-01/2019-12-31,-0.016808483124558026,0.05186721991701245
ppo_standalone,0.003951511222191762,0.008993048632528075,16,0.9868557415272562,cpu,1007571.6768728661,wf_2020_2021,0.013144258472743808,True,37,0.4385225806825107,2020-01-01/2021-12-31,SPY,50000,2009-01-01/2019-12-31,0.0,0.02074688796680498
ppo_with_uncertainty_guard,0.11696323656676232,0.10393920568733948,16,1.0,cpu,1235617.0368964376,wf_2020_2021,0.1371008267268501,True,37,1.0642128465630374,2020-01-01/2021-12-31,SPY,50000,2009-01-01/2019-12-31,-0.010317068280608677,0.05186721991701245
ppo_standalone,-0.02985745922437861,0.08549216553414347,16,0.9200879746046998,cpu,943670.492001086,wf_2020_2021,0.1619937114212684,False,42,-0.3545612928766931,2020-01-01/2021-12-31,SPY,50000,2009-01-01/2019-12-31,-0.002518821937832083,0.05186721991701245
ppo_with_uncertainty_guard,0.26793164091231586,0.21899683489987634,16,1.0,cpu,1574676.147085992,wf_2020_2021,0.2647548272753879,True,42,1.083973527025735,2020-01-01/2021-12-31,SPY,50000,2009-01-01/2019-12-31,-0.022304739889664835,0.05186721991701245
ppo_standalone,0.008721020012042181,0.006668158230708012,16,0.9999138232556809,cpu,1016747.0506105658,wf_2020_2021,0.0016040463207066535,True,53,1.3021593916844423,2020-01-01/2021-12-31,SPY,50000,2009-01-01/2019-12-31,0.0,0.004149377593360996
ppo_with_uncertainty_guard,0.28963465586602455,0.18591798662444284,16,1.0,cpu,1626632.602764185,wf_2020_2021,0.19220208274823547,True,53,1.3681234031720588,2020-01-01/2021-12-31,SPY,50000,2009-01-01/2019-12-31,-0.018779403643380377,0.05186721991701245
ppo_standalone,0.00829189379198549,0.006045387672532634,16,0.9997877314045788,cpu,1015919.891463699,wf_2020_2021,0.0015460814500408704,True,67,1.3659153919209834,2020-01-01/2021-12-31,SPY,50000,2009-01-01/2019-12-31,0.0,0.008298755186721992
ppo_with_uncertainty_guard,0.23610678944344324,0.13837160296830592,16,1.0,cpu,1499945.0512440223,wf_2020_2021,0.1127101440336119,True,67,1.5318642467560943,2020-01-01/2021-12-31,SPY,50000,2009-01-01/2019-12-31,-0.01417260193435368,0.05186721991701245
ppo_standalone,-0.008001245377821058,0.016556588726947645,16,0.9634043002877716,cpu,984751.9240375643,wf_2020_2021,0.036595699712228424,True,89,-0.48520563189212607,2020-01-01/2021-12-31,SPY,50000,2009-01-01/2019-12-31,0.0,0.03112033195020747
ppo_with_uncertainty_guard,0.26361047738710985,0.21533857291810166,16,1.0,cpu,1564427.4991170634,wf_2020_2021,0.26076853784199316,True,89,1.086535059440299,2020-01-01/2021-12-31,SPY,50000,2009-01-01/2019-12-31,-0.02171246121276189,0.05186721991701245
ppo_standalone,-0.0010852025372102834,0.007832983937776171,16,0.9936444943312301,cpu,997938.262155711,wf_2022_2023,0.009401716966790374,True,7,-0.1386150922807507,2022-01-01/2023-12-31,SPY,50000,2009-01-01/2021-12-31,0.0,0.008350730688935281
ppo_with_uncertainty_guard,0.020570606063685833,0.10626565212638965,16,1.0,cpu,1039462.4957597742,wf_2022_2023,0.12124891626781986,True,7,0.19161279082083016,2022-01-01/2023-12-31,SPY,50000,2009-01-01/2021-12-31,-0.01052161655779038,0.05010438413361169
ppo_standalone,-0.009431973430025588,0.01659712779538526,16,0.9774007889258772,cpu,982147.9500964356,wf_2022_2023,0.02909493363395399,True,13,-0.5709810551292512,2022-01-01/2023-12-31,SPY,50000,2009-01-01/2021-12-31,0.0,0.033402922755741124
ppo_with_uncertainty_guard,0.034029877125864326,0.11636467202893508,16,1.0,cpu,1065674.0738971657,wf_2022_2023,0.13593970855825732,True,13,0.2875754654741555,2022-01-01/2023-12-31,SPY,50000,2009-01-01/2021-12-31,-0.011481407604688697,0.05010438413361169
ppo_standalone,-0.007238519280081756,0.015275255509284163,16,0.9815187743106378,cpu,986285.9362224898,wf_2022_2023,0.025144023281064243,True,19,-0.47559066835587366,2022-01-01/2023-12-31,SPY,50000,2009-01-01/2021-12-31,0.0,0.029227557411273485
ppo_with_uncertainty_guard,0.05322511114896332,0.1871844858414865,16,1.0,cpu,1103591.0344102902,wf_2022_2023,0.21264929240219432,True,19,0.27703656561556683,2022-01-01/2023-12-31,SPY,50000,2009-01-01/2021-12-31,-0.017641973864811075,0.05010438413361169
ppo_standalone,-0.006259464606175364,0.010810199881001759,16,0.9838840090793469,cpu,988135.5995881329,wf_2022_2023,0.016330439780788186,True,23,-0.5808444851960717,2022-01-01/2023-12-31,SPY,50000,2009-01-01/2021-12-31,0.0,0.020876826722338204
ppo_with_uncertainty_guard,0.030336350448868527,0.11224922670060776,16,1.0,cpu,1058450.2327876603,wf_2022_2023,0.1393694701979904,True,23,0.26624023507691613,2022-01-01/2023-12-31,SPY,50000,2009-01-01/2021-12-31,-0.011259122406077005,0.05010438413361169
ppo_standalone,-0.0087531427481102,0.01433163254873539,16,0.9787480103856591,cpu,983427.6939960556,wf_2022_2023,0.02353321605277514,True,29,-0.6134387773143767,2022-01-01/2023-12-31,SPY,50000,2009-01-01/2021-12-31,0.0,0.022964509394572025
ppo_with_uncertainty_guard,0.06127420418373761,0.07335526590365758,16,1.0,cpu,1119677.5065999057,wf_2022_2023,0.07455990767890919,True,29,0.8107139439023673,2022-01-01/2023-12-31,SPY,50000,2009-01-01/2021-12-31,-0.00855706295627474,0.05010438413361169
ppo_standalone,-0.006076169656786834,0.01383705790611982,16,0.983704292345263,cpu,988482.06915171,wf_2022_2023,0.021519309026775124,True,37,-0.4404574163119231,2022-01-01/2023-12-31,SPY,50000,2009-01-01/2021-12-31,0.0,0.033402922755741124
ppo_with_uncertainty_guard,0.026593447420370835,0.07695234116579322,16,1.0,cpu,1051153.5792146947,wf_2022_2023,0.08789935043678954,True,37,0.3410673903625128,2022-01-01/2023-12-31,SPY,50000,2009-01-01/2021-12-31,-0.007217507899252416,0.05010438413361169
ppo_standalone,-0.007389523206502144,0.013632072417466804,16,0.9812350169394832,cpu,986000.800663401,wf_2022_2023,0.019408245413729652,True,42,-0.5440753532056603,2022-01-01/2023-12-31,SPY,50000,2009-01-01/2021-12-31,0.0,0.020876826722338204
ppo_with_uncertainty_guard,0.06074425595319047,0.1755625870256339,16,1.0,cpu,1118614.9891372812,wf_2022_2023,0.19424044706091004,True,42,0.335895806061229,2022-01-01/2023-12-31,SPY,50000,2009-01-01/2021-12-31,-0.01718591155996556,0.05010438413361169
ppo_standalone,-0.017078725703600812,0.03262311152539097,16,0.9630611182594568,cpu,967786.7213559443,wf_2022_2023,0.044480591334609465,True,53,-0.528035634841679,2022-01-01/2023-12-31,SPY,50000,2009-01-01/2021-12-31,-0.0032855357064915935,0.05010438413361169
ppo_with_uncertainty_guard,0.06012072883841443,0.17993390126052716,16,1.0,cpu,1117365.4632318963,wf_2022_2023,0.19919839780072957,True,53,0.3244677342754262,2022-01-01/2023-12-31,SPY,50000,2009-01-01/2021-12-31,-0.01738293069431105,0.05010438413361169
ppo_standalone,-0.00808096304058744,0.014336661142610724,16,0.9804588877235259,cpu,984695.6774902391,wf_2022_2023,0.025020417223337477,True,67,-0.565940777656684,2022-01-01/2023-12-31,SPY,50000,2009-01-01/2021-12-31,-8.073461954509733e-05,0.05010438413361169
ppo_with_uncertainty_guard,0.06204687358960333,0.17487662654157612,16,1.0,cpu,1121227.5234508028,wf_2022_2023,0.189208181517724,True,67,0.3442312759642786,2022-01-01/2023-12-31,SPY,50000,2009-01-01/2021-12-31,-0.017148528703940256,0.05010438413361169
ppo_standalone,-0.008068368965691715,0.015188781255666304,16,0.980081853448821,cpu,984719.4420369009,wf_2022_2023,0.02411154881003963,True,89,-0.5333548226736129,2022-01-01/2023-12-31,SPY,50000,2009-01-01/2021-12-31,0.0,0.031315240083507306
ppo_with_uncertainty_guard,-0.01824497882267065,0.04883646862075359,16,0.9591884154118601,cpu,965605.2146357365,wf_2022_2023,0.06881343909996207,True,89,-0.37704223270565806,2022-01-01/2023-12-31,SPY,50000,2009-01-01/2021-12-31,-0.004810560151211974,0.05010438413361169
ppo_standalone,0.00848821341145537,0.00847548643970342,16,0.9994902859696324,cpu,1016196.0075140235,wf_2024_2025,0.005897938154782234,True,7,0.9972563636882272,2024-01-01/2025-12-31,SPY,50000,2009-01-01/2023-12-31,0.0,0.014613778705636743
ppo_with_uncertainty_guard,0.1489652562217491,0.11274625784093051,16,0.9974383095579205,cpu,1302059.9040736018,wf_2024_2025,0.12840572653221505,True,7,1.2316290338882858,2024-01-01/2025-12-31,SPY,50000,2009-01-01/2023-12-31,-0.010512301693320757,0.05010438413361169
ppo_standalone,0.007681392432044163,0.007671842557281054,16,0.9980934948240298,cpu,1014651.2429783873,wf_2024_2025,0.00437537061037252,True,13,0.9973982599408042,2024-01-01/2025-12-31,SPY,50000,2009-01-01/2023-12-31,0.0,0.012526096033402923
ppo_with_uncertainty_guard,0.1710840601532943,0.13662728777304972,16,0.9964165778089279,cpu,1350118.1247079254,wf_2024_2025,0.1575635609859528,True,13,1.1559161134467686,2024-01-01/2025-12-31,SPY,50000,2009-01-01/2023-12-31,-0.012785603503875542,0.05010438413361169
ppo_standalone,0.010067186450501824,0.00838451937316756,16,0.9999496218013122,cpu,1019222.3806698802,wf_2024_2025,0.003893200397849794,True,19,1.194661230590498,2024-01-01/2025-12-31,SPY,50000,2009-01-01/2023-12-31,0.0,0.018789144050104383
ppo_with_uncertainty_guard,0.20080439218729484,0.1620747872941832,16,0.9963353184379302,cpu,1415990.63799849,wf_2024_2025,0.18754288452755197,True,19,1.1290558073281576,2024-01-01/2025-12-31,SPY,50000,2009-01-01/2023-12-31,-0.015361894707537616,0.05010438413361169
ppo_standalone,0.0095056625439329,0.008481503250195657,16,0.9998597339771762,cpu,1018145.634948415,wf_2024_2025,0.00438965923291923,True,23,1.1154379903721006,2024-01-01/2025-12-31,SPY,50000,2009-01-01/2023-12-31,0.0,0.020876826722338204
ppo_with_uncertainty_guard,0.19418341812953474,0.15984646901994107,16,0.9963354864887338,cpu,1401187.1208328735,wf_2024_2025,0.18674719915771187,True,23,1.1102055900570842,2024-01-01/2025-12-31,SPY,50000,2009-01-01/2023-12-31,-0.015282480972973111,0.05010438413361169
ppo_standalone,0.013735248584736732,0.011063084270863697,16,0.9991688906602004,cpu,1026269.3116767233,wf_2024_2025,0.006210562688773513,True,29,1.233071983282008,2024-01-01/2025-12-31,SPY,50000,2009-01-01/2023-12-31,0.0,0.04384133611691023
ppo_with_uncertainty_guard,0.19129328954076677,0.16049001749680256,16,0.9963353185376436,cpu,1394748.3414389275,wf_2024_2025,0.1875224370784342,True,29,1.090655633997853,2024-01-01/2025-12-31,SPY,50000,2009-01-01/2023-12-31,-0.015360879508223135,0.05010438413361169
ppo_standalone,0.00881970799783112,0.008128897821504813,16,0.9994763254601792,cpu,1016831.020141077,wf_2024_2025,0.004720296549622027,True,37,1.0802042630834865,2024-01-01/2025-12-31,SPY,50000,2009-01-01/2023-12-31,0.0,0.016701461377870562
ppo_with_uncertainty_guard,0.20199944847752138,0.1624219413374955,16,0.9963353182154989,cpu,1418670.4607350084,wf_2024_2025,0.18754274503471846,True,37,1.132766890601936,2024-01-01/2025-12-31,SPY,50000,2009-01-01/2023-12-31,-0.015361704678480947,0.05010438413361169
ppo_standalone,0.010574107452597147,0.009040260217017426,16,0.9988405651217567,cpu,1020194.8862490817,wf_2024_2025,0.004778862014650054,True,42,1.1635072031924694,2024-01-01/2025-12-31,SPY,50000,2009-01-01/2023-12-31,0.0,0.020876826722338204
ppo_with_uncertainty_guard,0.2069889207856493,0.1633972219720287,16,0.996335318166358,cpu,1429884.909444902,wf_2024_2025,0.1875521624243186,True,42,1.1513572746022003,2024-01-01/2025-12-31,SPY,50000,2009-01-01/2023-12-31,-0.015401963377749439,0.05010438413361169
ppo_standalone,0.013878852129237755,0.012255593374740805,16,0.9949523625350517,cpu,1026545.6649640095,wf_2024_2025,0.007796901756232044,True,53,1.1246492813162297,2024-01-01/2025-12-31,SPY,50000,2009-01-01/2023-12-31,-0.0002780129099624772,0.05010438413361169
ppo_with_uncertainty_guard,0.19933586259227148,0.16203901028657874,16,0.9963353194956156,cpu,1412700.8607062493,wf_2024_2025,0.1875417681893402,True,53,1.1217531960428784,2024-01-01/2025-12-31,SPY,50000,2009-01-01/2023-12-31,-0.015361641091483236,0.05010438413361169
ppo_standalone,0.005876712519210241,0.006095089896799991,16,0.9976465801565931,cpu,1011199.9785577027,wf_2024_2025,0.002954979593790208,True,67,0.961324524052213,2024-01-01/2025-12-31,SPY,50000,2009-01-01/2023-12-31,0.0,0.012526096033402923
ppo_with_uncertainty_guard,0.18668011655721986,0.1593229187307619,16,0.9963354070565161,cpu,1384499.9984811589,wf_2024_2025,0.18738879330857705,True,67,1.074292519456165,2024-01-01/2025-12-31,SPY,50000,2009-01-01/2023-12-31,-0.015351337006421596,0.05010438413361169
ppo_standalone,0.012924778463860193,0.01172722516245107,16,0.9987875952566143,cpu,1024710.2892597857,wf_2024_2025,0.006613136003665865,True,89,1.0950410087371434,2024-01-01/2025-12-31,SPY,50000,2009-01-01/2023-12-31,0.0,0.025052192066805846
ppo_with_uncertainty_guard,0.20293615073940083,0.16226565111217345,16,0.9963353183652526,cpu,1420772.622829741,wf_2024_2025,0.18754456890494897,True,89,1.1386586041567335,2024-01-01/2025-12-31,SPY,50000,2009-01-01/2023-12-31,-0.015361901788580745,0.05010438413361169
ppo_standalone,0.002619462245901705,0.05618570743726675,16,0.9639551963924836,cpu,1004995.3638803199,wf_2018_2019,0.05295497089766443,True,7,0.046560418338231,2018-01-01/2019-12-31,QQQ,50000,2009-01-01/2017-12-31,-0.005464160037946719,0.05
ppo_with_uncertainty_guard,0.02053653152357512,0.07138952840122202,16,0.9996876999046542,cpu,1039480.3792415061,wf_2018_2019,0.08363412957409289,True,7,0.28475401855585364,2018-01-01/2019-12-31,QQQ,50000,2009-01-01/2017-12-31,-0.008219227270602135,0.05
ppo_standalone,-0.013467283019629269,0.04086515075623914,16,0.9639381659698886,cpu,974504.3799745134,wf_2018_2019,0.048707248998934416,True,13,-0.3317921613953126,2018-01-01/2019-12-31,QQQ,50000,2009-01-01/2017-12-31,-0.0013379588835860544,0.05
ppo_with_uncertainty_guard,0.0995924475295085,0.15024281019915778,16,0.9992053139989038,cpu,1198220.273270398,wf_2018_2019,0.1781193131699954,True,13,0.6319071672548343,2018-01-01/2019-12-31,QQQ,50000,2009-01-01/2017-12-31,-0.016689469870617122,0.05
ppo_standalone,-0.01349280138958328,0.019267764125699745,16,0.9744563667529718,cpu,974456.3667529718,wf_2018_2019,0.03696782022369649,True,19,-0.7050400043450205,2018-01-01/2019-12-31,QQQ,50000,2009-01-01/2017-12-31,0.0,0.01875
ppo_with_uncertainty_guard,0.1333471734305572,0.18154135063268437,16,0.9991579440546584,cpu,1269253.8994710664,wf_2018_2019,0.22632853268494835,True,19,0.6895136828980574,2018-01-01/2019-12-31,QQQ,50000,2009-01-01/2017-12-31,-0.02014267647893675,0.05
ppo_standalone,-0.004960006554270014,0.020771689875530217,16,0.9905735705241809,cpu,990573.5705241809,wf_2018_2019,0.03608719449961473,True,23,-0.23937918595101979,2018-01-01/2019-12-31,QQQ,50000,2009-01-01/2017-12-31,0.0,0.025
ppo_with_uncertainty_guard,0.14434487665137863,0.19232874933341268,16,0.9991579408877483,cpu,1292816.8644234184,wf_2018_2019,0.22795912502390114,True,23,0.7010506869581294,2018-01-01/2019-12-31,QQQ,50000,2009-01-01/2017-12-31,-0.022722307357620063,0.05
ppo_standalone,-0.0085154766829882,0.022651993882962223,16,0.9838425444969303,cpu,983842.5444969303,wf_2018_2019,0.04199715191294018,True,29,-0.3775332370000647,2018-01-01/2019-12-31,QQQ,50000,2009-01-01/2017-12-31,0.0,0.020833333333333332
ppo_with_uncertainty_guard,0.06535931178829794,0.07819203768523281,16,0.999284770420944,cpu,1128167.3729315982,wf_2018_2019,0.07793908221179746,True,29,0.8096987565525458,2018-01-01/2019-12-31,QQQ,50000,2009-01-01/2017-12-31,-0.008733436794281601,0.05
ppo_standalone,-0.007510253547674596,0.022711765803063673,16,0.9857433687661129,cpu,985743.368766113,wf_2018_2019,0.04054284329262703,True,37,-0.33192244402627047,2018-01-01/2019-12-31,QQQ,50000,2009-01-01/2017-12-31,0.0,0.025
ppo_with_uncertainty_guard,0.13151274032373228,0.16316917490529717,16,0.999158653662218,cpu,1265343.6003199946,wf_2018_2019,0.19211901344511095,True,37,0.7572222239327611,2018-01-01/2019-12-31,QQQ,50000,2009-01-01/2017-12-31,-0.0182636944333197,0.05
ppo_standalone,-0.005977003025311015,0.04106866306936919,16,0.9786456639733777,cpu,988646.0212553161,wf_2018_2019,0.04714917402078689,True,42,-0.14597294343751374,2018-01-01/2019-12-31,QQQ,50000,2009-01-01/2017-12-31,-0.0016259394593379098,0.05
ppo_with_uncertainty_guard,0.07417894296977816,0.12789003133692148,16,0.999446562193284,cpu,1146023.6758852855,wf_2018_2019,0.15068525713302727,True,42,0.5595159075781762,2018-01-01/2019-12-31,QQQ,50000,2009-01-01/2017-12-31,-0.015260791785200832,0.05
ppo_standalone,-0.015477797979930145,0.019599404869013848,16,0.9707250074044247,cpu,970725.0074044247,wf_2018_2019,0.03760940901504006,True,53,-0.7958763722998538,2018-01-01/2019-12-31,QQQ,50000,2009-01-01/2017-12-31,0.0,0.014583333333333334
ppo_with_uncertainty_guard,0.13943986090132643,0.18999448904522984,16,0.9991579414027578,cpu,1282282.2624070134,wf_2018_2019,0.22751906156958412,True,53,0.6870550991094667,2018-01-01/2019-12-31,QQQ,50000,2009-01-01/2017-12-31,-0.021731773954548037,0.05
ppo_standalone,-0.0007551103946756427,0.021523280670508346,16,0.9983417171939606,cpu,998562.185819765,wf_2018_2019,0.03625309628580253,True,67,-0.035096418353250065,2018-01-01/2019-12-31,QQQ,50000,2009-01-01/2017-12-31,0.0,0.03125
ppo_with_uncertainty_guard,0.14199294776125465,0.18126130563311957,16,0.9991579408885017,cpu,1287760.469832648,wf_2018_2019,0.22778359076684895,True,67,0.7325050381216792,2018-01-01/2019-12-31,QQQ,50000,2009-01-01/2017-12-31,-0.019375590713833813,0.05
ppo_standalone,0.0007747311753867832,0.027557173509847453,16,0.9981501741864959,cpu,1001476.1956029609,wf_2018_2019,0.044037074189689274,True,89,0.028102547043948118,2018-01-01/2019-12-31,QQQ,50000,2009-01-01/2017-12-31,0.0,0.029166666666666667
ppo_with_uncertainty_guard,0.14491971980853607,0.18847758699891107,16,0.9991579408897419,cpu,1294054.1467819626,wf_2018_2019,0.22786993657196886,True,89,0.7180397893107899,2018-01-01/2019-12-31,QQQ,50000,2009-01-01/2017-12-31,-0.021268085562762183,0.05
ppo_standalone,0.013195047685702866,0.009245121156693792,16,0.9998732033325529,cpu,1025390.0613681644,wf_2020_2021,0.0015767096540613146,True,7,1.4178858268560122,2020-01-01/2021-12-31,QQQ,50000,2009-01-01/2019-12-31,0.0,0.008298755186721992
ppo_with_uncertainty_guard,0.14344176112165763,0.1078743418570852,16,0.995231178086203,cpu,1292248.1534807305,wf_2020_2021,0.11150585413908054,True,7,1.2425809812814872,2020-01-01/2021-12-31,QQQ,50000,2009-01-01/2019-12-31,-0.011178624481103494,0.05186721991701245
ppo_standalone,0.002746352630079421,0.015778692602717248,16,0.9706002917662754,cpu,1005259.5272837763,wf_2020_2021,0.02939970823372462,True,13,0.1738141917809612,2020-01-01/2021-12-31,QQQ,50000,2009-01-01/2019-12-31,0.0,0.01867219917012448
ppo_with_uncertainty_guard,0.2789065500243634,0.20212416813556314,16,0.9962291391304268,cpu,1600849.207916551,wf_2020_2021,0.19158166224410922,True,13,1.2170996873484132,2020-01-01/2021-12-31,QQQ,50000,2009-01-01/2019-12-31,-0.02133105734939438,0.05186721991701245
ppo_standalone,-0.019846644309687175,0.039277378756023176,16,0.927593128088567,cpu,962383.3641549401,wf_2020_2021,0.07728554199072502,False,19,-0.5103740060394945,2020-01-01/2021-12-31,QQQ,50000,2009-01-01/2019-12-31,0.0,0.03941908713692946
ppo_with_uncertainty_guard,0.38184197696252614,0.23266276613632533,16,0.9952166970885472,cpu,1856327.1777556292,wf_2020_2021,0.18461026333150932,True,19,1.3900683799995228,2020-01-01/2021-12-31,QQQ,50000,2009-01-01/2019-12-31,-0.025618533174698754,0.05186721991701245
ppo_standalone,0.0024221370522054726,0.013895127769586312,16,0.974189742816246,cpu,1004637.9381745831,wf_2020_2021,0.02581025718375396,True,23,0.1741028084454061,2020-01-01/2021-12-31,QQQ,50000,2009-01-01/2019-12-31,0.0,0.016597510373443983
ppo_with_uncertainty_guard,0.28384623722104785,0.19622972561908905,16,0.9949713034465613,cpu,1612696.5872679853,wf_2020_2021,0.18401815963980117,True,23,1.2733047566292586,2020-01-01/2021-12-31,QQQ,50000,2009-01-01/2019-12-31,-0.02049885677849437,0.05186721991701245
ppo_standalone,0.1810576278050445,0.14255202006337672,16,0.9972143693758709,cpu,1374778.7065585847,wf_2020_2021,0.1484048377722862,True,29,1.1673643516801233,2020-01-01/2021-12-31,QQQ,50000,2009-01-01/2019-12-31,-0.014799128534164385,0.05186721991701245
ppo_with_uncertainty_guard,0.09355177658246956,0.10986104471721116,16,0.9961203875939917,cpu,1186555.2466386778,wf_2020_2021,0.11366799535864358,True,29,0.8140354065650134,2020-01-01/2021-12-31,QQQ,50000,2009-01-01/2019-12-31,-0.012022079120406204,0.05186721991701245
ppo_standalone,0.009710809181945711,0.011828581620286605,16,0.9869220813601356,cpu,1018656.1364952687,wf_2020_2021,0.013077918639864405,True,37,0.8169899763189562,2020-01-01/2021-12-31,QQQ,50000,2009-01-01/2019-12-31,0.0,0.016597510373443983
ppo_with_uncertainty_guard,0.24130923683539193,0.17223377309614607,16,0.9965495525246686,cpu,1512042.8618057524,wf_2020_2021,0.15908061560781717,True,37,1.2550759101919222,2020-01-01/2021-12-31,QQQ,50000,2009-01-01/2019-12-31,-0.018308487809753072,0.05186721991701245
ppo_standalone,-0.025775131651042987,0.06451308305246614,16,0.915694023952826,cpu,951280.2745917712,wf_2020_2021,0.11472686272440735,False,42,-0.40477164476301775,2020-01-01/2021-12-31,QQQ,50000,2009-01-01/2019-12-31,0.0,0.04771784232365145
ppo_with_uncertainty_guard,0.37991272636385154,0.2518604527826616,16,0.9952166970821259,cpu,1851373.1951006877,wf_2020_2021,0.22136564847702,True,42,1.2785653677668283,2020-01-01/2021-12-31,QQQ,50000,2009-01-01/2019-12-31,-0.026215403890381593,0.05186721991701245
ppo_standalone,0.012303580129264996,0.010242534169501166,16,0.9949960773533038,cpu,1023665.1226652523,wf_2020_2021,0.005155000691341893,True,53,1.1938760975290201,2020-01-01/2021-12-31,QQQ,50000,2009-01-01/2019-12-31,0.0,0.014522821576763486
ppo_with_uncertainty_guard,0.38819010016980277,0.24785770802467794,16,0.9952166970815349,cpu,1872672.64682386,wf_2020_2021,0.21015373754422562,True,53,1.3233423524446155,2020-01-01/2021-12-31,QQQ,50000,2009-01-01/2019-12-31,-0.026215408557820653,0.05186721991701245
ppo_standalone,0.011476580159936633,0.009048155874787385,16,0.9969664146614036,cpu,1022066.1642104668,wf_2020_2021,0.003033585338596434,True,67,1.2611435679522283,2020-01-01/2021-12-31,QQQ,50000,2009-01-01/2019-12-31,0.0,0.016597510373443983
ppo_with_uncertainty_guard,0.3724860748448141,0.21945533086133037,16,0.9952166970905642,cpu,1832361.8098500047,wf_2020_2021,0.15821265809067464,True,67,1.4427697802656132,2020-01-01/2021-12-31,QQQ,50000,2009-01-01/2019-12-31,-0.02288756839196404,0.05186721991701245
ppo_standalone,-0.009960496994630938,0.027881023561296736,16,0.9461409063525937,cpu,981035.1959694786,wf_2020_2021,0.05767535848677219,False,89,-0.3590391007791573,2020-01-01/2021-12-31,QQQ,50000,2009-01-01/2019-12-31,0.0,0.024896265560165973
ppo_with_uncertainty_guard,0.3712726982753472,0.2519973782057704,16,0.9952166970898448,cpu,1829264.603560026,wf_2020_2021,0.2250204716765698,True,89,1.2529459187253782,2020-01-01/2021-12-31,QQQ,50000,2009-01-01/2019-12-31,-0.026194826166044738,0.05186721991701245
ppo_standalone,-0.017615601681671395,0.026876592954771517,16,0.9630756709764555,cpu,966782.1911192652,wf_2022_2023,0.04158754104125417,True,7,-0.6612630538269983,2022-01-01/2023-12-31,QQQ,50000,2009-01-01/2021-12-31,0.0,0.031315240083507306
ppo_with_uncertainty_guard,0.04151790757329574,0.14798096295201935,16,0.9997057308697809,cpu,1080390.6823998136,wf_2022_2023,0.17979220460553835,True,7,0.27489435899632875,2022-01-01/2023-12-31,QQQ,50000,2009-01-01/2021-12-31,-0.015078764812531807,0.05010438413361169
ppo_standalone,-0.011402467408482154,0.01890967258115391,16,0.9747061849629048,cpu,978437.6128576334,wf_2022_2023,0.025600802852105642,True,13,-0.6064556460524793,2022-01-01/2023-12-31,QQQ,50000,2009-01-01/2021-12-31,0.0,0.020876826722338204
ppo_with_uncertainty_guard,0.06835942297377345,0.17082952508845245,16,0.9996408876689212,cpu,1133928.8965515539,wf_2022_2023,0.20524128864433666,True,13,0.38707688735795037,2022-01-01/2023-12-31,QQQ,50000,2009-01-01/2021-12-31,-0.017028620250436253,0.05010438413361169
ppo_standalone,-0.008862524862956734,0.017424421829419976,16,0.9792431591286639,cpu,983221.431478556,wf_2022_2023,0.020756840871336113,True,19,-0.5108892340582862,2022-01-01/2023-12-31,QQQ,50000,2009-01-01/2021-12-31,0.0,0.020876826722338204
ppo_with_uncertainty_guard,0.08898468742314637,0.24685981538260843,16,0.9995141118889564,cpu,1175900.9768165902,wf_2022_2023,0.2835064302082132,True,19,0.34532039070903287,2022-01-01/2023-12-31,QQQ,50000,2009-01-01/2021-12-31,-0.024028113398874493,0.05010438413361169
ppo_standalone,-0.010339703377792676,0.016929892475046428,16,0.9769148290588692,cpu,980437.9152678956,wf_2022_2023,0.023085170941130828,True,23,-0.6139101014874571,2022-01-01/2023-12-31,QQQ,50000,2009-01-01/2021-12-31,0.0,0.020876826722338204
ppo_with_uncertainty_guard,0.07912767327066869,0.18185297769428937,16,0.9996117133250816,cpu,1155751.9233776173,wf_2022_2023,0.21215784351154066,True,23,0.41876101957432116,2022-01-01/2023-12-31,QQQ,50000,2009-01-01/2021-12-31,-0.018653668176527916,0.05010438413361169
ppo_standalone,-0.01385156902954981,0.02315604332711832,16,0.9699172036119452,cpu,973835.3597071366,wf_2022_2023,0.03553294062617607,True,29,-0.6023611797916173,2022-01-01/2023-12-31,QQQ,50000,2009-01-01/2021-12-31,0.0,0.022964509394572025
ppo_with_uncertainty_guard,0.13237429474993015,0.1143671111136785,16,0.9995318778588053,cpu,1266554.4156703495,wf_2022_2023,0.09527232660202833,True,29,1.0869943328588687,2022-01-01/2023-12-31,QQQ,50000,2009-01-01/2021-12-31,-0.011663878968780138,0.05010438413361169
ppo_standalone,-0.011418759132015871,0.02634931374694835,16,0.9744481718944507,cpu,978406.9641336531,wf_2022_2023,0.03881198334194391,True,37,-0.4358513721654183,2022-01-01/2023-12-31,QQQ,50000,2009-01-01/2021-12-31,0.0,0.04801670146137787
ppo_with_uncertainty_guard,0.09923602514744392,0.17415467920464223,16,0.9995369536256636,cpu,1197031.0688605972,wf_2022_2023,0.2068081751530535,True,37,0.5432833048592257,2022-01-01/2023-12-31,QQQ,50000,2009-01-01/2021-12-31,-0.017510038744455336,0.05010438413361169
ppo_standalone,-0.011458490220210667,0.0212452753817785,16,0.9743737323080629,cpu,978332.2221290707,wf_2022_2023,0.029026082899427874,True,42,-0.5424527683703272,2022-01-01/2023-12-31,QQQ,50000,2009-01-01/2021-12-31,0.0,0.022964509394572025
ppo_with_uncertainty_guard,0.10704042467917985,0.19541812209414283,16,0.9995149355851326,cpu,1213237.0436668547,wf_2022_2023,0.22117419741546807,True,42,0.5203718400776889,2022-01-01/2023-12-31,QQQ,50000,2009-01-01/2021-12-31,-0.019495393286113227,0.05010438413361169
ppo_standalone,-0.010271767504938616,0.0190778585519802,16,0.9770204602164066,cpu,980565.8479514364,wf_2022_2023,0.02797268203661918,True,53,-0.5411928299191535,2022-01-01/2023-12-31,QQQ,50000,2009-01-01/2021-12-31,0.0,0.03966597077244259
ppo_with_uncertainty_guard,0.09294464520111627,0.24484917179424234,16,0.9995141118893205,cpu,1184042.11510274,wf_2022_2023,0.28036296004586414,True,53,0.3629806252131707,2022-01-01/2023-12-31,QQQ,50000,2009-01-01/2021-12-31,-0.023977822963586526,0.05010438413361169
ppo_standalone,-0.015118906275825255,0.021072409653948136,16,0.9679670507915084,cpu,971457.8682773283,wf_2022_2023,0.03403270766184907,True,67,-0.7229475704980359,2022-01-01/2023-12-31,QQQ,50000,2009-01-01/2021-12-31,0.0,0.037578288100208766
ppo_with_uncertainty_guard,0.09361208421028283,0.24295122050064386,16,0.9995141118893538,cpu,1185416.9007041361,wf_2022_2023,0.2772439342845534,True,67,0.3683290730047504,2022-01-01/2023-12-31,QQQ,50000,2009-01-01/2021-12-31,-0.023649084763901308,0.05010438413361169
ppo_standalone,-0.016811523836578933,0.027453495459884104,16,0.9643833725805578,cpu,968286.8578615258,wf_2022_2023,0.041099218707729035,True,89,-0.6175659319345611,2022-01-01/2023-12-31,QQQ,50000,2009-01-01/2021-12-31,0.0,0.033402922755741124
ppo_with_uncertainty_guard,0.0417109856971378,0.10451130960165456,16,0.9996509997528085,cpu,1080771.413532671,wf_2022_2023,0.13953777435113124,True,89,0.3910053177022262,2022-01-01/2023-12-31,QQQ,50000,2009-01-01/2021-12-31,-0.010760181016527426,0.05010438413361169
ppo_standalone,0.008560323508706506,0.010332780883746187,16,0.995346613513367,cpu,1016334.1259645184,wf_2024_2025,0.00803223394458874,True,7,0.8249241755001225,2024-01-01/2025-12-31,QQQ,50000,2009-01-01/2023-12-31,0.0,0.020876826722338204
ppo_with_uncertainty_guard,0.15496672187030716,0.13292247513274055,16,0.983900750540603,cpu,1315017.866202238,wf_2024_2025,0.1471368189827288,True,7,1.0838750867486189,2024-01-01/2025-12-31,QQQ,50000,2009-01-01/2023-12-31,-0.013694988785218954,0.05010438413361169
ppo_standalone,0.007375799963394512,0.008623677079963084,16,0.9944708087032892,cpu,1014066.4369406949,wf_2024_2025,0.0055291912967108114,True,13,0.8521418911687024,2024-01-01/2025-12-31,QQQ,50000,2009-01-01/2023-12-31,0.0,0.016701461377870562
ppo_with_uncertainty_guard,0.1524454385747271,0.1292416902175882,16,0.9792934801671407,cpu,1309566.6732270012,wf_2024_2025,0.12702300283427004,True,13,1.097834440671946,2024-01-01/2025-12-31,QQQ,50000,2009-01-01/2023-12-31,-0.014878385672838055,0.05010438413361169
ppo_standalone,0.009978353302945098,0.009408098817071338,16,0.9993503027998911,cpu,1019052.003457374,wf_2024_2025,0.005135000174088078,True,19,1.0553386941822651,2024-01-01/2025-12-31,QQQ,50000,2009-01-01/2023-12-31,0.0,0.022964509394572025
ppo_with_uncertainty_guard,0.22342650613680146,0.2067343917501642,16,0.9778220342376194,cpu,1467126.2534919756,wf_2024_2025,0.22768220445166998,True,19,0.9754321813632085,2024-01-01/2025-12-31,QQQ,50000,2009-01-01/2023-12-31,-0.021083697342137594,0.05010438413361169
ppo_standalone,0.00830789564213899,0.00896561786945049,16,0.9973619464265603,cpu,1015850.6688691475,wf_2024_2025,0.006237773132210966,True,23,0.9227951341915418,2024-01-01/2025-12-31,QQQ,50000,2009-01-01/2023-12-31,0.0,0.020876826722338204
ppo_with_uncertainty_guard,0.20607052582388738,0.19740383839829226,16,0.9778360712080318,cpu,1427817.5623419767,wf_2024_2025,0.2236318987835293,True,23,0.9491579625075142,2024-01-01/2025-12-31,QQQ,50000,2009-01-01/2023-12-31,-0.020575478881391086,0.05010438413361169
ppo_standalone,0.007691048316331007,0.009177753623104455,16,0.9944259922634603,cpu,1014669.7238500989,wf_2024_2025,0.005725829504738211,True,29,0.8347892935793274,2024-01-01/2025-12-31,QQQ,50000,2009-01-01/2023-12-31,0.0,0.016701461377870562
ppo_with_uncertainty_guard,0.21973959830661124,0.20602144397244432,16,0.9778220343978481,cpu,1458733.6457733912,wf_2024_2025,0.22767968844016828,True,29,0.9641580753263458,2024-01-01/2025-12-31,QQQ,50000,2009-01-01/2023-12-31,-0.02107260131112234,0.05010438413361169
ppo_standalone,0.009253944467373047,0.009795455646209029,16,0.9965104166728229,cpu,1017663.1300299788,wf_2024_2025,0.0064847805715458895,True,37,0.9403584799054033,2024-01-01/2025-12-31,QQQ,50000,2009-01-01/2023-12-31,0.0,0.022964509394572025
ppo_with_uncertainty_guard,0.21875254801254773,0.20504467001783436,16,0.9778220592672372,cpu,1456490.6688301498,wf_2024_2025,0.22757456033645684,True,37,0.9648028443255152,2024-01-01/2025-12-31,QQQ,50000,2009-01-01/2023-12-31,-0.021003254969436114,0.05010438413361169
ppo_standalone,0.010967145087077303,0.01111325340090183,16,0.9980918296242365,cpu,1020949.2141185751,wf_2024_2025,0.007524930883829217,True,42,0.9814665312448777,2024-01-01/2025-12-31,QQQ,50000,2009-01-01/2023-12-31,0.0,0.027139874739039668
ppo_with_uncertainty_guard,0.22099955047251024,0.20500749584171207,16,0.9778223185852293,cpu,1461599.1424337872,wf_2024_2025,0.22742399219223086,True,42,0.9739627886947346,2024-01-01/2025-12-31,QQQ,50000,2009-01-01/2023-12-31,-0.021004788691262988,0.05010438413361169
ppo_standalone,0.011616861067760999,0.0116720573720126,16,0.9997583021840045,cpu,1022196.7450057126,wf_2024_2025,0.007572883894907179,True,53,0.9895210370582151,2024-01-01/2025-12-31,QQQ,50000,2009-01-01/2023-12-31,0.0,0.037578288100208766
ppo_with_uncertainty_guard,0.22110747309789455,0.2061520900436636,16,0.9778220542792136,cpu,1461844.713693847,wf_2024_2025,0.22766408337049227,True,53,0.9689839086591163,2024-01-01/2025-12-31,QQQ,50000,2009-01-01/2023-12-31,-0.021060962597709752,0.05010438413361169
ppo_standalone,0.007263523559383354,0.008005981023746837,16,0.9964644548935314,cpu,1013851.6160263051,wf_2024_2025,0.005611227615290537,True,67,0.9039651351907265,2024-01-01/2025-12-31,QQQ,50000,2009-01-01/2023-12-31,0.0,0.018789144050104383
ppo_with_uncertainty_guard,0.21514401412158776,0.20460245936930774,16,0.9778220429711836,cpu,1448304.5445706737,wf_2024_2025,0.22766036758950803,True,67,0.9523954370938355,2024-01-01/2025-12-31,QQQ,50000,2009-01-01/2023-12-31,-0.021051769376114568,0.05010438413361169
ppo_standalone,0.008027792170923606,0.0067246736616604005,16,0.9992391234437541,cpu,1015314.3342576368,wf_2024_2025,0.0012887947395838761,True,89,1.188987380445821,2024-01-01/2025-12-31,QQQ,50000,2009-01-01/2023-12-31,0.0,0.010438413361169102
ppo_with_uncertainty_guard,0.22308696002741762,0.20660623489042615,16,0.9778220345568049,cpu,1466352.3816533007,wf_2024_2025,0.22767978396355215,True,89,0.9746937376873912,2024-01-01/2025-12-31,QQQ,50000,2009-01-01/2023-12-31,-0.021072618706347686,0.05010438413361169
ppo_standalone,0.013823885838382897,0.03503932408630919,16,0.9985692347822099,cpu,1026495.8056394886,wf_2018_2019,0.03642936893463333,True,7,0.3918210649780944,2018-01-01/2019-12-31,IWM,50000,2009-01-01/2017-12-31,-0.002148237636878125,0.05
ppo_with_uncertainty_guard,-0.008853525484466771,0.06675347474837048,16,0.9484565556170974,cpu,983203.7035201953,wf_2018_2019,0.12054479018240272,False,7,-0.1332204758069148,2018-01-01/2019-12-31,IWM,50000,2009-01-01/2017-12-31,-0.007757054632534643,0.05
ppo_standalone,-0.0076361108612913835,0.01893312030628847,16,0.9839634880340294,cpu,985505.2837439041,wf_2018_2019,0.033581460160402865,True,13,-0.4048646413178521,2018-01-01/2019-12-31,IWM,50000,2009-01-01/2017-12-31,0.0,0.022916666666666665
ppo_with_uncertainty_guard,0.02096323194004192,0.12285759124772405,16,0.9674220421309907,cpu,1040308.3855402868,wf_2018_2019,0.20364357638910435,True,13,0.16886624346770965,2018-01-01/2019-12-31,IWM,50000,2009-01-01/2017-12-31,-0.014253066182747442,0.05
ppo_standalone,-0.011075212327051106,0.016130216618074615,16,0.9774784542967088,cpu,979010.0884535215,wf_2018_2019,0.029714721356101426,True,19,-0.6904364508025062,2018-01-01/2019-12-31,IWM,50000,2009-01-01/2017-12-31,0.0,0.0125
ppo_with_uncertainty_guard,0.030301276549152895,0.1450986364588799,16,0.9847743368226646,cpu,1058507.1270338125,wf_2018_2019,0.24118592921666704,True,19,0.2057305915834169,2018-01-01/2019-12-31,IWM,50000,2009-01-01/2017-12-31,-0.015784750377116106,0.05
ppo_standalone,-0.004053343941671916,0.01705893669019772,16,0.9909455884829064,cpu,992293.5037191751,wf_2018_2019,0.028628367328726645,True,23,-0.23808888470132664,2018-01-01/2019-12-31,IWM,50000,2009-01-01/2017-12-31,0.0,0.022916666666666665
ppo_with_uncertainty_guard,0.04715637316466067,0.16544387881694597,16,0.9773858761793123,cpu,1091734.964642777,wf_2018_2019,0.2680363651892973,True,23,0.2785127524883051,2018-01-01/2019-12-31,IWM,50000,2009-01-01/2017-12-31,-0.018792666217766207,0.05
ppo_standalone,-0.006533347894240572,0.02475136086244708,16,0.9860472550597695,cpu,987592.3158735832,wf_2018_2019,0.036048722198275596,True,29,-0.2648234828113556,2018-01-01/2019-12-31,IWM,50000,2009-01-01/2017-12-31,0.0,0.04375
ppo_with_uncertainty_guard,0.013678714201871176,0.07446841072538582,16,0.9963336210430377,cpu,1026215.8501448045,wf_2018_2019,0.1022384316305851,True,29,0.18243945275878215,2018-01-01/2019-12-31,IWM,50000,2009-01-01/2017-12-31,-0.007906840266646587,0.05
ppo_standalone,-0.005889768778843442,0.01830494160877518,16,0.9872643216084623,cpu,988811.2894726964,wf_2018_2019,0.03155902949872358,True,37,-0.3227068827367392,2018-01-01/2019-12-31,IWM,50000,2009-01-01/2017-12-31,0.0,0.029166666666666667
ppo_with_uncertainty_guard,0.04122767333610685,0.13939739010805835,16,0.9900409303626768,cpu,1079991.6182005678,wf_2018_2019,0.21890161805804098,True,37,0.2898219690891818,2018-01-01/2019-12-31,IWM,50000,2009-01-01/2017-12-31,-0.014817322618110128,0.05
ppo_standalone,0.022158885541770527,0.08461293864699665,16,0.9869203461427459,cpu,1042630.2030568565,wf_2018_2019,0.14098602595317777,True,42,0.25902544261600846,2018-01-01/2019-12-31,IWM,50000,2009-01-01/2017-12-31,-0.009690898376759894,0.05
ppo_with_uncertainty_guard,0.02976199669730284,0.1306097378862936,16,0.9739672336115254,cpu,1057452.0562630633,wf_2018_2019,0.21056914934158633,True,42,0.22454427366706317,2018-01-01/2019-12-31,IWM,50000,2009-01-01/2017-12-31,-0.014873330387013349,0.05
ppo_standalone,-0.008685009337569464,0.018175201602494587,16,0.982130869227217,cpu,983522.1388782095,wf_2018_2019,0.032542400911001135,True,53,-0.4799323735550963,2018-01-01/2019-12-31,IWM,50000,2009-01-01/2017-12-31,0.0,0.03333333333333333
ppo_with_uncertainty_guard,-0.008344953412270654,0.015820148052323766,16,0.9827408511886082,cpu,984164.8723225198,wf_2018_2019,0.028961410377620567,True,53,-0.5296968998859815,2018-01-01/2019-12-31,IWM,50000,2009-01-01/2017-12-31,0.0,0.0125
ppo_standalone,-0.00906210878053716,0.012815878801787431,16,0.9814745908996544,cpu,982809.6233882793,wf_2018_2019,0.024135858146923983,True,67,-0.7103146677703897,2018-01-01/2019-12-31,IWM,50000,2009-01-01/2017-12-31,0.0,0.010416666666666666
ppo_with_uncertainty_guard,0.04332898873651131,0.16106324713370057,16,0.9777026320136559,cpu,1084146.9232181082,wf_2018_2019,0.2676744021426283,True,67,0.26335312787870185,2018-01-01/2019-12-31,IWM,50000,2009-01-01/2017-12-31,-0.018063623262001813,0.05
ppo_standalone,-0.0012538617993806402,0.02103078654483835,16,0.9960523085991173,cpu,997613.046568447,wf_2018_2019,0.03323712922541189,True,89,-0.05965725860173655,2018-01-01/2019-12-31,IWM,50000,2009-01-01/2017-12-31,0.0,0.022916666666666665
ppo_with_uncertainty_guard,0.031240463196601995,0.14333350370334885,16,0.9950976423663039,cpu,1060345.786087788,wf_2018_2019,0.226211932401852,True,89,0.2146209779974424,2018-01-01/2019-12-31,IWM,50000,2009-01-01/2017-12-31,-0.015303936021277486,0.05
ppo_standalone,0.008608034953199619,0.007838821072427947,16,0.9994118505725221,cpu,1016529.2359215391,wf_2020_2021,0.005070079799099236,True,7,1.0934072124301464,2020-01-01/2021-12-31,IWM,50000,2009-01-01/2019-12-31,0.0,0.01037344398340249
ppo_with_uncertainty_guard,0.053376184316001794,0.0949655036717977,16,0.9673386656864609,cpu,1104575.5236513258,wf_2020_2021,0.12916399534087364,True,7,0.5475707544442698,2020-01-01/2021-12-31,IWM,50000,2009-01-01/2019-12-31,-0.010039010452372921,0.05186721991701245
ppo_standalone,-0.002379394596734151,0.014004686065745939,16,0.9724427715846246,cpu,995453.8777781579,wf_2020_2021,0.027557228415375445,True,13,-0.17010041072171014,2020-01-01/2021-12-31,IWM,50000,2009-01-01/2019-12-31,0.0,0.022821576763485476
ppo_with_uncertainty_guard,0.04758691362816034,0.10747845749860824,16,0.97906855998903,cpu,1092993.3120540795,wf_2020_2021,0.1670709063765594,True,13,0.43254503485709633,2020-01-01/2021-12-31,IWM,50000,2009-01-01/2019-12-31,-0.010594216384353672,0.05186721991701245
ppo_standalone,-0.030722415424800704,0.029022467777806683,16,0.9203664212687347,cpu,942061.8896541373,wf_2020_2021,0.07983899745984835,False,19,-1.075169509559735,2020-01-01/2021-12-31,IWM,50000,2009-01-01/2019-12-31,0.0,0.035269709543568464
ppo_with_uncertainty_guard,0.2668788637220905,0.2634544671174665,16,0.9221114729314133,cpu,1572176.2980708352,wf_2020_2021,0.25073200832059517,False,19,0.8979014403345438,2020-01-01/2021-12-31,IWM,50000,2009-01-01/2019-12-31,-0.02690525299477864,0.05186721991701245
ppo_standalone,-0.01354927551993552,0.01785743267317029,16,0.9535231862306579,cpu,974244.627483904,wf_2020_2021,0.04659359071984348,True,23,-0.763927468733246,2020-01-01/2021-12-31,IWM,50000,2009-01-01/2019-12-31,0.0,0.03112033195020747
ppo_with_uncertainty_guard,0.055127594885189875,0.1552477412040409,16,0.9461615529610136,cpu,1108090.931890659,wf_2020_2021,0.23253270940860493,False,23,0.34565171349652235,2020-01-01/2021-12-31,IWM,50000,2009-01-01/2019-12-31,-0.0135002301775474,0.05186721991701245
ppo_standalone,0.006919912099971055,0.010484013682775318,16,0.9910884349317384,cpu,1013277.4934733794,wf_2020_2021,0.008911565068261629,True,29,0.6577609667669336,2020-01-01/2021-12-31,IWM,50000,2009-01-01/2019-12-31,0.0,0.01867219917012448
ppo_with_uncertainty_guard,0.17558148444693789,0.20610919704410663,16,0.922450970586101,cpu,1362612.28164268,wf_2020_2021,0.2023742566865957,False,29,0.7848401880846216,2020-01-01/2021-12-31,IWM,50000,2009-01-01/2019-12-31,-0.02062942440105866,0.05186721991701245
ppo_standalone,0.0038044303709647617,0.010757936780811026,16,0.9868702400031376,cpu,1007289.3600168693,wf_2020_2021,0.013129759996862389,True,37,0.3529632005131111,2020-01-01/2021-12-31,IWM,50000,2009-01-01/2019-12-31,0.0,0.02074688796680498
ppo_with_uncertainty_guard,0.07591235389154022,0.1043274323286846,16,0.9711108695331953,cpu,1150216.5577852195,wf_2020_2021,0.12957901081413015,True,37,0.7013389476140336,2020-01-01/2021-12-31,IWM,50000,2009-01-01/2019-12-31,-0.00977578089758122,0.05186721991701245
ppo_standalone,0.009305665756252291,0.008814260337439619,16,0.9987924878516125,cpu,1017874.4972398697,wf_2020_2021,0.005485548489735592,True,42,1.0508502841130647,2020-01-01/2021-12-31,IWM,50000,2009-01-01/2019-12-31,0.0,0.01037344398340249
ppo_with_uncertainty_guard,0.24352911850995848,0.2897801015260382,16,0.9221114729262991,cpu,1517219.1054055088,wf_2020_2021,0.3139998984777518,False,42,0.7521333591093988,2020-01-01/2021-12-31,IWM,50000,2009-01-01/2019-12-31,-0.027454752238330028,0.05186721991701245
ppo_standalone,0.00952233264324271,0.008601371701150448,16,0.99956778479005,cpu,1018292.4749342807,wf_2020_2021,0.005055571887630506,True,53,1.101813341821885,2020-01-01/2021-12-31,IWM,50000,2009-01-01/2019-12-31,0.0,0.01037344398340249
ppo_with_uncertainty_guard,0.2714789917783986,0.25886092581031106,16,0.9221114729274605,cpu,1583113.3819680847,wf_2020_2021,0.2332517786766466,False,53,0.9278365798549071,2020-01-01/2021-12-31,IWM,50000,2009-01-01/2019-12-31,-0.026797999849990362,0.05186721991701245
ppo_standalone,0.008371865314210221,0.007414384470572625,16,0.9996559812203513,cpu,1016074.0156395021,wf_2020_2021,0.004276605828106739,True,67,1.1244139223212009,2020-01-01/2021-12-31,IWM,50000,2009-01-01/2019-12-31,0.0,0.01037344398340249
ppo_with_uncertainty_guard,0.22859654538566648,0.20836245693267386,16,0.9221115662776657,cpu,1482562.485857466,wf_2020_2021,0.13707852252259978,False,67,0.9880491144924807,2020-01-01/2021-12-31,IWM,50000,2009-01-01/2019-12-31,-0.02073888518421123,0.05186721991701245
ppo_standalone,-0.04636896099587106,0.03862312741118013,16,0.8913682862521557,cpu,913189.4426931165,wf_2020_2021,0.1095963674099345,False,89,-1.2292696617641916,2020-01-01/2021-12-31,IWM,50000,2009-01-01/2019-12-31,0.0,0.03734439834024896
ppo_with_uncertainty_guard,0.23204188618601113,0.2895609557957565,16,0.9221114729277378,cpu,1490524.7720386405,wf_2020_2021,0.3194961930104294,False,89,0.7206522305037255,2020-01-01/2021-12-31,IWM,50000,2009-01-01/2019-12-31,-0.027821346786845426,0.05186721991701245
ppo_standalone,-0.002342769857232283,0.00747506890255901,16,0.9955515771223724,cpu,995551.5771223725,wf_2022_2023,0.011965018199482813,True,7,-0.3137721748144123,2022-01-01/2023-12-31,IWM,50000,2009-01-01/2021-12-31,0.0,0.010438413361169102
ppo_with_uncertainty_guard,0.03127813273813475,0.21903736128495283,16,0.9961969721389805,cpu,1060289.9694514368,wf_2022_2023,0.18590209460080842,True,7,0.1406103325190623,2022-01-01/2023-12-31,IWM,50000,2009-01-01/2021-12-31,-0.0214660198805765,0.05010438413361169
ppo_standalone,-0.0036879138987932817,0.017765270022632715,16,0.9873110966614105,cpu,993001.6818202616,wf_2022_2023,0.022710659008493672,True,13,-0.2079730845431141,2022-01-01/2023-12-31,IWM,50000,2009-01-01/2021-12-31,0.0,0.029227557411273485
ppo_with_uncertainty_guard,0.014022266396716719,0.15971888672957588,16,0.9941298736952994,cpu,1026821.6891946222,wf_2022_2023,0.1498442095796486,True,13,0.08718349059522446,2022-01-01/2023-12-31,IWM,50000,2009-01-01/2021-12-31,-0.01655257671239596,0.05010438413361169
ppo_standalone,-0.010519973539357071,0.03420444227086633,16,0.9724728538652099,cpu,980098.4798633211,wf_2022_2023,0.032230538887946136,True,19,-0.3091893872782365,2022-01-01/2023-12-31,IWM,50000,2009-01-01/2021-12-31,-0.0019781625586775316,0.05010438413361169
ppo_with_uncertainty_guard,0.0282023247257425,0.22776757779974016,16,0.9961917148952595,cpu,1054287.095901067,wf_2022_2023,0.19678789755631965,True,19,0.12210667772837146,2022-01-01/2023-12-31,IWM,50000,2009-01-01/2021-12-31,-0.02270307958064528,0.05010438413361169
ppo_standalone,-0.0032090153446636743,0.009867098606367673,16,0.9928022121206532,cpu,993909.1409906101,wf_2022_2023,0.012774666950880365,True,23,-0.3257415066565704,2022-01-01/2023-12-31,IWM,50000,2009-01-01/2021-12-31,0.0,0.018789144050104383
ppo_with_uncertainty_guard,0.03202670390700421,0.2200431332956232,16,0.9961918581922352,cpu,1061753.355362111,wf_2022_2023,0.1841199148342869,True,23,0.1432651834605579,2022-01-01/2023-12-31,IWM,50000,2009-01-01/2021-12-31,-0.021386381273508802,0.05010438413361169
ppo_standalone,-0.0018952980171986166,0.025833023775838914,16,0.9897105304701953,cpu,996400.5050399662,wf_2022_2023,0.025962055908362203,True,29,-0.07343641711900743,2022-01-01/2023-12-31,IWM,50000,2009-01-01/2021-12-31,-0.00039638473843019975,0.05010438413361169
ppo_with_uncertainty_guard,0.059245588587975705,0.14019338309650745,16,0.9962824745288352,cpu,1115612.8300070516,wf_2022_2023,0.16649006416637768,True,29,0.41055347559981886,2022-01-01/2023-12-31,IWM,50000,2009-01-01/2021-12-31,-0.013069039566421912,0.05010438413361169
ppo_standalone,-0.0011594830817594224,0.013891186119242269,16,0.9923069205866666,cpu,997797.2129212052,wf_2022_2023,0.013685094283749422,True,37,-0.08351644953422321,2022-01-01/2023-12-31,IWM,50000,2009-01-01/2021-12-31,0.0,0.020876826722338204
ppo_with_uncertainty_guard,0.017983407818848537,0.13725757419642345,16,0.9965225427663015,cpu,1034459.4525247713,wf_2022_2023,0.17644035894694265,True,37,0.1298551186212402,2022-01-01/2023-12-31,IWM,50000,2009-01-01/2021-12-31,-0.013883432517562966,0.05010438413361169
ppo_standalone,-0.00544723769846792,0.01947499187725922,16,0.983855170697342,cpu,989671.3326305953,wf_2022_2023,0.02308049590249328,True,42,-0.28046653411178596,2022-01-01/2023-12-31,IWM,50000,2009-01-01/2021-12-31,0.0,0.03549060542797495
ppo_with_uncertainty_guard,0.022759996878895163,0.16397481738793065,16,0.9967005004186603,cpu,1043705.2065083579,wf_2022_2023,0.164319466782764,True,42,0.13724565064223743,2022-01-01/2023-12-31,IWM,50000,2009-01-01/2021-12-31,-0.016434945456458294,0.05010438413361169
ppo_standalone,-0.01912501754530557,0.04951764272182139,16,0.9481933963109381,cpu,963960.6238736967,wf_2022_2023,0.07709277718535867,False,53,-0.3899661505531485,2022-01-01/2023-12-31,IWM,50000,2009-01-01/2021-12-31,-0.005942103813334398,0.05010438413361169
ppo_with_uncertainty_guard,0.031989441817963454,0.22252181402639074,16,0.9961919972153475,cpu,1061680.4888776995,wf_2022_2023,0.1889210793251468,True,53,0.14150708722516897,2022-01-01/2023-12-31,IWM,50000,2009-01-01/2021-12-31,-0.02216437951866492,0.05010438413361169
ppo_standalone,-0.003487474406371613,0.009748129542624735,16,0.9925713266058842,cpu,993381.4444292032,wf_2022_2023,0.011965018199482813,True,67,-0.35837777033200185,2022-01-01/2023-12-31,IWM,50000,2009-01-01/2021-12-31,0.0,0.020876826722338204
ppo_with_uncertainty_guard,0.047770053961035654,0.20349401915458765,16,0.9961919226989936,cpu,1092751.5963335517,wf_2022_2023,0.17982127696556183,True,67,0.2293144115785611,2022-01-01/2023-12-31,IWM,50000,2009-01-01/2021-12-31,-0.020018691552341927,0.05010438413361169
ppo_standalone,-0.003815855101177226,0.02236727273399874,16,0.9861705011764044,cpu,992759.3140505466,wf_2022_2023,0.024502838391539772,True,89,-0.1709250368584837,2022-01-01/2023-12-31,IWM,50000,2009-01-01/2021-12-31,0.0,0.033402922755741124
ppo_with_uncertainty_guard,0.039754237534575486,0.19252844735041305,16,0.9962042452814419,cpu,1076915.8407131038,wf_2022_2023,0.1783226571251253,True,89,0.20248614455461728,2022-01-01/2023-12-31,IWM,50000,2009-01-01/2021-12-31,-0.018953518420416593,0.05010438413361169
ppo_standalone,0.008341793622411237,0.019954473105699495,16,0.9931732303362842,cpu,1015915.5849173495,wf_2024_2025,0.01797652727192467,True,7,0.41630400455148714,2024-01-01/2025-12-31,IWM,50000,2009-01-01/2023-12-31,0.0,0.018789144050104383
ppo_with_uncertainty_guard,0.08447260426240044,0.11942733587692653,16,0.9826232804796223,cpu,1166657.1944654945,wf_2024_2025,0.15173762743659136,True,7,0.6790211086111839,2024-01-01/2025-12-31,IWM,50000,2009-01-01/2023-12-31,-0.011227611150832394,0.05010438413361169
ppo_standalone,0.008950832220318517,0.019173537604943863,16,0.9950924385909878,cpu,1017082.2542208247,wf_2024_2025,0.016309723152767353,True,13,0.4647518561241677,2024-01-01/2025-12-31,IWM,50000,2009-01-01/2023-12-31,0.0,0.018789144050104383
ppo_with_uncertainty_guard,0.11525749490419178,0.1623819606052215,16,0.9784799642963848,cpu,1230411.51057812,wf_2024_2025,0.20791616733425078,True,13,0.6717815718902278,2024-01-01/2025-12-31,IWM,50000,2009-01-01/2023-12-31,-0.015074778967515457,0.05010438413361169
ppo_standalone,0.009829439900910526,0.01586257002517203,16,0.9989227125076434,cpu,1018766.4258188326,wf_2024_2025,0.011847294892622595,True,19,0.616630678694921,2024-01-01/2025-12-31,IWM,50000,2009-01-01/2023-12-31,0.0,0.020876826722338204
ppo_with_uncertainty_guard,0.14499697340992157,0.21215526576176175,16,0.9725288769429412,cpu,1293525.2587726167,wf_2024_2025,0.27502439176492477,True,19,0.6382207478660608,2024-01-01/2025-12-31,IWM,50000,2009-01-01/2023-12-31,-0.019804015222065097,0.05010438413361169
ppo_standalone,0.006817859624992793,0.014621009529448652,16,0.9945638420058385,cpu,1012999.1301389651,wf_2024_2025,0.011197960470199608,True,23,0.46471820814218845,2024-01-01/2025-12-31,IWM,50000,2009-01-01/2023-12-31,0.0,0.018789144050104383
ppo_with_uncertainty_guard,0.13708186452846197,0.20412081755192613,16,0.9725533559644358,cpu,1276581.5745778163,wf_2024_2025,0.26979946364116547,True,23,0.6293582118397955,2024-01-01/2025-12-31,IWM,50000,2009-01-01/2023-12-31,-0.019655754970789197,0.05010438413361169
ppo_standalone,0.007981778867039392,0.016965149230601915,16,0.9934835274369052,cpu,1015226.2420541701,wf_2024_2025,0.013424179815983983,True,29,0.46860882080046196,2024-01-01/2025-12-31,IWM,50000,2009-01-01/2023-12-31,0.0,0.016701461377870562
ppo_with_uncertainty_guard,0.02256766937454814,0.08607587451077099,16,0.9823412307038236,cpu,1043332.1765594068,wf_2024_2025,0.14018115518261098,True,29,0.2592683028976482,2024-01-01/2025-12-31,IWM,50000,2009-01-01/2023-12-31,-0.008198015386747847,0.05010438413361169
ppo_standalone,0.010307609938081927,0.019055795678982898,16,0.997611745449248,cpu,1019683.56772711,wf_2024_2025,0.015870549774202214,True,37,0.5381440650939059,2024-01-01/2025-12-31,IWM,50000,2009-01-01/2023-12-31,0.0,0.033402922755741124
ppo_with_uncertainty_guard,0.13535292794241444,0.205895982203081,16,0.972529112660142,cpu,1272894.5728485067,wf_2024_2025,0.2739284388194503,True,37,0.6165416784546721,2024-01-01/2025-12-31,IWM,50000,2009-01-01/2023-12-31,-0.019166285797058966,0.05010438413361169
ppo_standalone,0.013455965229072622,0.02219972718828809,16,0.9983688162756984,cpu,1025731.954654469,wf_2024_2025,0.016961398221541635,True,42,0.6020858749534758,2024-01-01/2025-12-31,IWM,50000,2009-01-01/2023-12-31,0.0,0.04175365344467641
ppo_with_uncertainty_guard,0.14772115093813015,0.21459976822126667,16,0.9725288768160318,cpu,1299381.3259648804,wf_2024_2025,0.2750302900934457,True,42,0.6420243028989965,2024-01-01/2025-12-31,IWM,50000,2009-01-01/2023-12-31,-0.01997212993459758,0.05010438413361169
ppo_standalone,0.010821813116562272,0.01703241056688934,16,0.9982362610664811,cpu,1020670.2585009555,wf_2024_2025,0.012388275962486484,True,53,0.6319467224180713,2024-01-01/2025-12-31,IWM,50000,2009-01-01/2023-12-31,0.0,0.04592901878914405
ppo_with_uncertainty_guard,0.14036332422438258,0.21046738027319561,16,0.9725290314054531,cpu,1283593.2685670888,wf_2024_2025,0.27489341315875904,True,53,0.6240720906571123,2024-01-01/2025-12-31,IWM,50000,2009-01-01/2023-12-31,-0.019794241791597323,0.05010438413361169
ppo_standalone,0.004169153624997063,0.011094235723780913,16,0.9937743581203163,cpu,1007939.5794838237,wf_2024_2025,0.009296957930734595,True,67,0.3750080093398481,2024-01-01/2025-12-31,IWM,50000,2009-01-01/2023-12-31,0.0,0.018789144050104383
ppo_with_uncertainty_guard,0.1313993711915289,0.20463863358628953,16,0.972529544129762,cpu,1264482.505394737,wf_2024_2025,0.2744561925859357,True,67,0.6032837016930649,2024-01-01/2025-12-31,IWM,50000,2009-01-01/2023-12-31,-0.01878823144642627,0.05010438413361169
ppo_standalone,0.004791712112085358,0.007610971666678565,16,0.9984910742812465,cpu,1009127.7095990927,wf_2024_2025,0.0071735837737928465,True,89,0.6280628688613883,2024-01-01/2025-12-31,IWM,50000,2009-01-01/2023-12-31,0.0,0.010438413361169102
ppo_with_uncertainty_guard,0.13174873212888696,0.1924178243711129,16,0.972598379829176,cpu,1265224.7834208393,wf_2024_2025,0.26347757954118856,True,89,0.6432038474474239,2024-01-01/2025-12-31,IWM,50000,2009-01-01/2023-12-31,-0.018012519409205827,0.05010438413361169
ppo_standalone,0.015274495766612588,0.049757734680670025,16,0.9963223610923124,cpu,1029295.2188570192,wf_2018_2019,0.04745909636276824,True,7,0.30465548412368715,2018-01-01/2019-12-31,XLK,50000,2009-01-01/2017-12-31,-0.0032866265718713974,0.05
ppo_with_uncertainty_guard,0.018725702473014624,0.0644016002798427,16,0.9999489998410379,cpu,1035969.975064734,wf_2018_2019,0.06904870182637124,True,7,0.28807497242575775,2018-01-01/2019-12-31,XLK,50000,2009-01-01/2017-12-31,-0.007222365671845309,0.05
ppo_standalone,-0.0023518100506968345,0.04394523713926611,16,0.9809526153435897,cpu,995525.1281143567,wf_2018_2019,0.04745909636276824,True,13,-0.05357967204972643,2018-01-01/2019-12-31,XLK,50000,2009-01-01/2017-12-31,-0.0010014567825351146,0.05
ppo_with_uncertainty_guard,0.16083423699610572,0.18280572774967857,16,0.9998913817836713,cpu,1328531.4066160477,wf_2018_2019,0.21857963814386416,True,13,0.815832133874315,2018-01-01/2019-12-31,XLK,50000,2009-01-01/2017-12-31,-0.01814500470928051,0.05
ppo_standalone,-0.012019726417678222,0.02202205560029324,16,0.9768017502605703,cpu,977229.820589409,wf_2018_2019,0.038683397923336305,True,19,-0.5491067907042579,2018-01-01/2019-12-31,XLK,50000,2009-01-01/2017-12-31,0.0,0.014583333333333334
ppo_with_uncertainty_guard,0.18140662049170025,0.19699641878593602,16,0.9998911510723333,cpu,1373737.0757593145,wf_2018_2019,0.23770622380762263,True,19,0.8462369341746425,2018-01-01/2019-12-31,XLK,50000,2009-01-01/2017-12-31,-0.01978159240295412,0.05
ppo_standalone,-0.0044789270976182205,0.022317983327491814,16,0.9911446356064284,cpu,991485.9986908534,wf_2018_2019,0.036139678044866175,True,23,-0.20113625624543996,2018-01-01/2019-12-31,XLK,50000,2009-01-01/2017-12-31,0.0,0.020833333333333332
ppo_with_uncertainty_guard,0.18671096192733946,0.2024086494790196,16,0.9998911510721629,cpu,1385509.271460715,wf_2018_2019,0.2378356992237901,True,23,0.8457417662205031,2018-01-01/2019-12-31,XLK,50000,2009-01-01/2017-12-31,-0.021145481399274055,0.05
ppo_standalone,-0.007916164902795848,0.024375368967365734,16,0.9845575316376928,cpu,984975.6018875169,wf_2018_2019,0.04208363667623194,True,29,-0.32605095467853906,2018-01-01/2019-12-31,XLK,50000,2009-01-01/2017-12-31,0.0,0.014583333333333334
ppo_with_uncertainty_guard,0.10139203395124734,0.08141610838449283,16,0.9998970084113943,cpu,1201958.276908055,wf_2018_2019,0.0767217083502516,True,29,1.1861863552291108,2018-01-01/2019-12-31,XLK,50000,2009-01-01/2017-12-31,-0.007669440224437362,0.05
ppo_standalone,-0.003990749619544229,0.02560295905007071,16,0.9919775761167994,cpu,992412.2970487548,wf_2018_2019,0.040665292098331474,True,37,-0.15618152219129966,2018-01-01/2019-12-31,XLK,50000,2009-01-01/2017-12-31,0.0,0.03125
ppo_with_uncertainty_guard,0.18169726302864345,0.19728937526629264,16,0.9998911511868949,cpu,1374380.8779083667,wf_2018_2019,0.23601967141267854,True,37,0.8462271674283276,2018-01-01/2019-12-31,XLK,50000,2009-01-01/2017-12-31,-0.019516582058298936,0.05
ppo_standalone,-0.007473597823588627,0.0252721695377359,16,0.9853808857317833,cpu,985812.7157522292,wf_2018_2019,0.04213879852238911,True,42,-0.29683316082246247,2018-01-01/2019-12-31,XLK,50000,2009-01-01/2017-12-31,0.0,0.027083333333333334
ppo_with_uncertainty_guard,0.17976873299223314,0.1967779843267556,16,0.9998911785802561,cpu,1370111.6709378338,wf_2018_2019,0.23220357972766414,True,42,0.8401259799430002,2018-01-01/2019-12-31,XLK,50000,2009-01-01/2017-12-31,-0.019679316107114174,0.05
ppo_standalone,-0.015464292999723725,0.0209608829677734,16,0.9704161469143527,cpu,970750.3708380727,wf_2018_2019,0.03734250767294811,True,53,-0.743527568988246,2018-01-01/2019-12-31,XLK,50000,2009-01-01/2017-12-31,0.0,0.010416666666666666
ppo_with_uncertainty_guard,0.17707100275294385,0.19708829626156568,16,0.9998911531893546,cpu,1364150.2638041973,wf_2018_2019,0.23418947344846752,True,53,0.8271877297268243,2018-01-01/2019-12-31,XLK,50000,2009-01-01/2017-12-31,-0.019703268261195284,0.05
ppo_standalone,-0.003282318990931212,0.02102806822153731,16,0.9933909009611143,cpu,993757.2481846256,wf_2018_2019,0.03462284095288082,True,67,-0.15634782816961085,2018-01-01/2019-12-31,XLK,50000,2009-01-01/2017-12-31,0.0,0.022916666666666665
ppo_with_uncertainty_guard,0.17393699502345547,0.1894916063438956,16,0.9998911512153454,cpu,1357240.2828702866,wf_2018_2019,0.23591335616974585,True,67,0.8462797998629081,2018-01-01/2019-12-31,XLK,50000,2009-01-01/2017-12-31,-0.018497768682952477,0.05
ppo_standalone,-0.005994032609624956,0.036340168827394416,16,0.9739998846870448,cpu,988613.7596652339,wf_2018_2019,0.047205503805565874,True,89,-0.1654379400062791,2018-01-01/2019-12-31,XLK,50000,2009-01-01/2017-12-31,0.0,0.04583333333333333
ppo_with_uncertainty_guard,0.18750000304062403,0.19989415008845493,16,0.9998911510721646,cpu,1387264.507063445,wf_2018_2019,0.2378072307019149,True,89,0.859705613881668,2018-01-01/2019-12-31,XLK,50000,2009-01-01/2017-12-31,-0.020220737930520816,0.05
ppo_standalone,0.013890886817086336,0.011107484888931953,16,0.9988984740107093,cpu,1026737.4332480994,wf_2020_2021,0.0037600762520773046,True,7,1.2419639254064958,2020-01-01/2021-12-31,XLK,50000,2009-01-01/2019-12-31,0.0,0.014522821576763486
ppo_with_uncertainty_guard,0.162733809001511,0.13942741434730005,16,0.9976691777940627,cpu,1334271.0625311704,wf_2020_2021,0.14856355218587303,True,7,1.0813783883275097,2020-01-01/2021-12-31,XLK,50000,2009-01-01/2019-12-31,-0.013062156920388012,0.05186721991701245
ppo_standalone,0.0010508056852403863,0.017141692356294414,16,0.9689269327364392,cpu,1002010.838140528,wf_2020_2021,0.031331675075189525,True,13,0.06126841081483836,2020-01-01/2021-12-31,XLK,50000,2009-01-01/2019-12-31,0.0,0.02074688796680498
ppo_with_uncertainty_guard,0.2964546820754942,0.21501168204886623,16,0.9959283194449227,cpu,1643125.691323989,wf_2020_2021,0.19269430302387214,True,13,1.207530573097648,2020-01-01/2021-12-31,XLK,50000,2009-01-01/2019-12-31,-0.021306222382817274,0.05186721991701245
ppo_standalone,-0.015488048280383667,0.03433178592359556,16,0.937697640757706,cpu,970585.5103673676,wf_2020_2021,0.06356381988200477,False,19,-0.45465647924711605,2020-01-01/2021-12-31,XLK,50000,2009-01-01/2019-12-31,0.0,0.03319502074688797
ppo_with_uncertainty_guard,0.40478553214389223,0.25687669970507204,16,0.995641314169473,cpu,1915726.3024576993,wf_2020_2021,0.2098945867267611,True,19,1.3231423298456646,2020-01-01/2021-12-31,XLK,50000,2009-01-01/2019-12-31,-0.025469922834008063,0.05186721991701245
ppo_standalone,0.0025734546378466602,0.014618622065270585,16,0.9753006788672186,cpu,1004928.0228204416,wf_2020_2021,0.024823737480007768,True,23,0.17581144466877133,2020-01-01/2021-12-31,XLK,50000,2009-01-01/2019-12-31,0.0,0.02074688796680498
ppo_with_uncertainty_guard,0.3621219615888905,0.24135441563439483,16,0.9956848162271792,cpu,1805987.4202734744,wf_2020_2021,0.20927596301270535,True,23,1.280455323734972,2020-01-01/2021-12-31,XLK,50000,2009-01-01/2019-12-31,-0.02399918506694254,0.05186721991701245
ppo_standalone,0.18567655127689747,0.15496167953455425,16,0.9974212091949108,cpu,1385080.7477486057,wf_2020_2021,0.1614266582851066,True,29,1.0990676343758825,2020-01-01/2021-12-31,XLK,50000,2009-01-01/2019-12-31,-0.014374923153469332,0.05186721991701245
ppo_with_uncertainty_guard,0.12538752146497126,0.12791102760485404,16,0.9961720270419604,cpu,1253503.168993983,wf_2020_2021,0.12771113204712525,True,29,0.9235114084838233,2020-01-01/2021-12-31,XLK,50000,2009-01-01/2019-12-31,-0.013651684332437065,0.05186721991701245
ppo_standalone,0.0073645604419506966,0.013410524822962998,16,0.9838498418839644,cpu,1014133.5139454231,wf_2020_2021,0.016150158116035596,True,37,0.5471439574013023,2020-01-01/2021-12-31,XLK,50000,2009-01-01/2019-12-31,0.0,0.02074688796680498
ppo_with_uncertainty_guard,0.29068095169580227,0.20091330007333244,16,0.99647393050808,cpu,1629157.737345392,wf_2020_2021,0.17345949791952398,True,37,1.2700490556072017,2020-01-01/2021-12-31,XLK,50000,2009-01-01/2019-12-31,-0.0198581161680929,0.05186721991701245
ppo_standalone,0.01108004569012942,0.11379094055144097,16,0.9828439352976799,cpu,1021299.9099235928,wf_2020_2021,0.1600536698365379,True,42,0.0968363232272578,2020-01-01/2021-12-31,XLK,50000,2009-01-01/2019-12-31,-0.005769581831590642,0.05186721991701245
ppo_with_uncertainty_guard,0.3968270555721415,0.2789225426126573,16,0.9956413141692654,cpu,1895021.29275693,wf_2020_2021,0.2475793673257194,True,42,1.1981931695448693,2020-01-01/2021-12-31,XLK,50000,2009-01-01/2019-12-31,-0.025672019135758985,0.05186721991701245
ppo_standalone,0.013705347932007296,0.010975331213026913,16,0.999454953538677,cpu,1026378.0868081284,wf_2020_2021,0.003190245580839579,True,53,1.2402434059697145,2020-01-01/2021-12-31,XLK,50000,2009-01-01/2019-12-31,0.0,0.012448132780082987
ppo_with_uncertainty_guard,0.40573559917074686,0.2717514295501785,16,0.9956413141691716,cpu,1918205.1978110932,wf_2020_2021,0.2322329684186587,True,53,1.2532060108351555,2020-01-01/2021-12-31,XLK,50000,2009-01-01/2019-12-31,-0.025674595494995334,0.05186721991701245
ppo_standalone,0.009863578292348444,0.010061628766690702,16,0.9940812131016171,cpu,1018950.9467814387,wf_2020_2021,0.005918786898382877,True,67,0.9754977156000935,2020-01-01/2021-12-31,XLK,50000,2009-01-01/2019-12-31,0.0,0.01867219917012448
ppo_with_uncertainty_guard,0.3624696950974345,0.2144738106239185,16,0.9956413233462447,cpu,1806869.3670107033,wf_2020_2021,0.1380455239763987,True,67,1.4421284134739805,2020-01-01/2021-12-31,XLK,50000,2009-01-01/2019-12-31,-0.02228232861950623,0.05186721991701245
ppo_standalone,-0.002553032321835015,0.01982849754712755,16,0.9631826005482006,cpu,995122.5088218385,wf_2020_2021,0.03976119266141376,True,89,-0.12891931902449774,2020-01-01/2021-12-31,XLK,50000,2009-01-01/2019-12-31,0.0,0.024896265560165973
ppo_with_uncertainty_guard,0.39088272264438895,0.27976898230655745,16,0.9956413141694918,cpu,1879626.3975478753,wf_2020_2021,0.2508812944716319,True,89,1.1793244837660524,2020-01-01/2021-12-31,XLK,50000,2009-01-01/2019-12-31,-0.025947590684569023,0.05186721991701245
ppo_standalone,-0.01638497080999586,0.025009548967132943,16,0.9643963034872604,cpu,969085.5145098793,wf_2022_2023,0.03996723517696743,True,7,-0.6605710537911704,2022-01-01/2023-12-31,XLK,50000,2009-01-01/2021-12-31,0.0,0.033402922755741124
ppo_with_uncertainty_guard,0.059773652518144045,0.153731547920402,16,1.0,cpu,1116670.2215060124,wf_2022_2023,0.16685934304466632,True,7,0.3776407041921504,2022-01-01/2023-12-31,XLK,50000,2009-01-01/2021-12-31,-0.0154398814075817,0.05010438413361169
ppo_standalone,-0.011970468319201798,0.020704352367473814,16,0.9734367025239776,cpu,977369.3325569049,wf_2022_2023,0.033874755819289115,True,13,-0.5816457703507831,2022-01-01/2023-12-31,XLK,50000,2009-01-01/2021-12-31,0.0,0.027139874739039668
ppo_with_uncertainty_guard,0.11808758836816255,0.21040064564802988,16,1.0,cpu,1236353.1600976752,wf_2022_2023,0.22591915081483793,True,13,0.5305099274023299,2022-01-01/2023-12-31,XLK,50000,2009-01-01/2021-12-31,-0.020475205043325315,0.05010438413361169
ppo_standalone,-0.007683712584510009,0.014338820706823074,16,0.9814564211672705,cpu,985445.4051132931,wf_2022_2023,0.0185435788327295,True,19,-0.5379311980156037,2022-01-01/2023-12-31,XLK,50000,2009-01-01/2021-12-31,0.0,0.022964509394572025
ppo_with_uncertainty_guard,0.1289087121981553,0.2481111911334968,16,1.0,cpu,1259196.649898587,wf_2022_2023,0.2622145386621856,True,19,0.48869761394362643,2022-01-01/2023-12-31,XLK,50000,2009-01-01/2021-12-31,-0.0240512792050815,0.05010438413361169
ppo_standalone,-0.010018762856039396,0.015246138500989286,16,0.9775155659750355,cpu,981042.3604292689,wf_2022_2023,0.024304294255841574,True,23,-0.6604415649534003,2022-01-01/2023-12-31,XLK,50000,2009-01-01/2021-12-31,0.0,0.022964509394572025
ppo_with_uncertainty_guard,0.1140372285660288,0.20242465464534304,16,1.0,cpu,1227853.8037921274,wf_2022_2023,0.20511160442818466,True,23,0.5334847934818373,2022-01-01/2023-12-31,XLK,50000,2009-01-01/2021-12-31,-0.019633214971369384,0.05010438413361169
ppo_standalone,-0.011995881725351064,0.019205963892366323,16,0.9734454113112683,cpu,977321.5486560238,wf_2022_2023,0.0295591956832163,True,29,-0.6283627974575373,2022-01-01/2023-12-31,XLK,50000,2009-01-01/2021-12-31,0.0,0.025052192066805846
ppo_with_uncertainty_guard,0.16709519629800473,0.16668470248371836,16,1.0,cpu,1341390.3999492414,wf_2022_2023,0.12997108954227643,True,29,0.927006342138805,2022-01-01/2023-12-31,XLK,50000,2009-01-01/2021-12-31,-0.01624572262847419,0.05010438413361169
ppo_standalone,-0.010491480183433408,0.019481837256599906,16,0.9761845697541295,cpu,980152.1270425855,wf_2022_2023,0.0296738852055054,True,37,-0.5413666932155182,2022-01-01/2023-12-31,XLK,50000,2009-01-01/2021-12-31,0.0,0.03549060542797495
ppo_with_uncertainty_guard,0.11957879460596493,0.19732570843061983,16,1.0,cpu,1239489.3343983137,wf_2022_2023,0.2123579128796136,True,37,0.5724162774227188,2022-01-01/2023-12-31,XLK,50000,2009-01-01/2021-12-31,-0.018841091667180263,0.05010438413361169
ppo_standalone,-0.007926106163831555,0.016561841505540416,16,0.9810007734468051,cpu,984987.9054802998,wf_2022_2023,0.01942342374518502,True,42,-0.48047848067075827,2022-01-01/2023-12-31,XLK,50000,2009-01-01/2021-12-31,0.0,0.022964509394572025
ppo_with_uncertainty_guard,0.12998372764400698,0.2473386274533401,16,1.0,cpu,1261476.8377781264,wf_2022_2023,0.2615766757687703,True,42,0.4940722568578161,2022-01-01/2023-12-31,XLK,50000,2009-01-01/2021-12-31,-0.024110162834218404,0.05010438413361169
ppo_standalone,-0.008070942370988864,0.014317751222998984,16,0.9811745901878466,cpu,984714.5860955921,wf_2022_2023,0.018825409812153415,True,53,-0.5659826580484535,2022-01-01/2023-12-31,XLK,50000,2009-01-01/2021-12-31,0.0,0.018789144050104383
ppo_with_uncertainty_guard,0.13155147057565197,0.24716576120844128,16,1.0,cpu,1264805.6415961573,wf_2022_2023,0.2607629886485435,True,53,0.5000271634485214,2022-01-01/2023-12-31,XLK,50000,2009-01-01/2021-12-31,-0.023844763371193168,0.05010438413361169
ppo_standalone,-0.012565263579494244,0.01776622686002627,16,0.972741680332513,cpu,976251.2510063839,wf_2022_2023,0.029045787786774913,True,67,-0.711730251312397,2022-01-01/2023-12-31,XLK,50000,2009-01-01/2021-12-31,0.0,0.03966597077244259
ppo_with_uncertainty_guard,0.12919086775271496,0.24867632679410107,16,1.0,cpu,1259794.9336353021,wf_2022_2023,0.2640529335546671,True,67,0.4885919540833348,2022-01-01/2023-12-31,XLK,50000,2009-01-01/2021-12-31,-0.02407933343444366,0.05010438413361169
ppo_standalone,-0.009778113085410165,0.019527497794309734,16,0.9776696519749128,cpu,981495.705363238,wf_2022_2023,0.02855224156662528,True,89,-0.5031956983726105,2022-01-01/2023-12-31,XLK,50000,2009-01-01/2021-12-31,0.0,0.027139874739039668
ppo_with_uncertainty_guard,0.12711178589109587,0.1674205626954964,16,1.0,cpu,1255389.600652072,wf_2022_2023,0.1613744012579884,True,89,0.7147169000936583,2022-01-01/2023-12-31,XLK,50000,2009-01-01/2021-12-31,-0.016840599137137424,0.05010438413361169
ppo_standalone,0.0069292750280824785,0.010683274794687407,16,0.9910600459640175,cpu,1013212.2186404843,wf_2024_2025,0.012173948098232468,True,7,0.646363166457471,2024-01-01/2025-12-31,XLK,50000,2009-01-01/2023-12-31,0.0,0.018789144050104383
ppo_with_uncertainty_guard,0.14718927497830273,0.1472411587580404,16,0.9754765497673475,cpu,1298236.9864050741,wf_2024_2025,0.1550134828658214,True,7,0.9325836272031693,2024-01-01/2025-12-31,XLK,50000,2009-01-01/2023-12-31,-0.015631977231882387,0.05010438413361169
ppo_standalone,0.007087552356364991,0.007433869669336701,16,0.9948816525120161,cpu,1013514.9698451008,wf_2024_2025,0.005118347487983899,True,13,0.9500304967163723,2024-01-01/2025-12-31,XLK,50000,2009-01-01/2023-12-31,0.0,0.014613778705636743
ppo_with_uncertainty_guard,0.21078587557333342,0.2410298709547483,16,0.9607177560185601,cpu,1438447.0634168386,wf_2024_2025,0.2551045668676437,True,13,0.7935510482587502,2024-01-01/2025-12-31,XLK,50000,2009-01-01/2023-12-31,-0.025082643873409437,0.05010438413361169
ppo_standalone,0.010868379184456382,0.012094213215476905,16,0.9987182896007408,cpu,1020759.6352194508,wf_2024_2025,0.012524523607693183,True,19,0.8937828982678455,2024-01-01/2025-12-31,XLK,50000,2009-01-01/2023-12-31,0.0,0.025052192066805846
ppo_with_uncertainty_guard,0.22201234006652773,0.24758223867846715,16,0.9607158460794362,cpu,1463904.4516863804,wf_2024_2025,0.2565621807149657,True,19,0.8098271970827231,2024-01-01/2025-12-31,XLK,50000,2009-01-01/2023-12-31,-0.02545848160589088,0.05010438413361169
ppo_standalone,0.00668562003984688,0.008298007470348921,16,0.9941220477368107,cpu,1012746.2417323757,wf_2024_2025,0.008743175451476404,True,23,0.8029931219250637,2024-01-01/2025-12-31,XLK,50000,2009-01-01/2023-12-31,0.0,0.018789144050104383
ppo_with_uncertainty_guard,0.2155245635717266,0.24413512991450884,16,0.9607163712344132,cpu,1449166.8070053258,wf_2024_2025,0.2561356825699297,True,23,0.7994572364225259,2024-01-01/2025-12-31,XLK,50000,2009-01-01/2023-12-31,-0.025282504438740538,0.05010438413361169
ppo_standalone,0.006789376773300461,0.008217799995149625,16,0.9933489833525241,cpu,1012944.6584214268,wf_2024_2025,0.006651016647475916,True,29,0.823371467366396,2024-01-01/2025-12-31,XLK,50000,2009-01-01/2023-12-31,0.0,0.014613778705636743
ppo_with_uncertainty_guard,0.15458300793066573,0.18954982591172229,16,0.9609212361067417,cpu,1314187.5572121064,wf_2024_2025,0.22041904156185632,True,29,0.7583184295771496,2024-01-01/2025-12-31,XLK,50000,2009-01-01/2023-12-31,-0.019076974730722538,0.05010438413361169
ppo_standalone,0.008415325369758028,0.010580747298516146,16,0.9937748183416748,cpu,1016056.4080423441,wf_2024_2025,0.011005975008546165,True,37,0.7920034343579714,2024-01-01/2025-12-31,XLK,50000,2009-01-01/2023-12-31,0.0,0.020876826722338204
ppo_with_uncertainty_guard,0.2138125863899989,0.2428059019387721,16,0.9607160838447205,cpu,1445289.6625033717,wf_2024_2025,0.25614235030718957,True,37,0.7980291069763211,2024-01-01/2025-12-31,XLK,50000,2009-01-01/2023-12-31,-0.025262101332265807,0.05010438413361169
ppo_standalone,0.0100301555557756,0.011454233387746713,16,0.9962725043729974,cpu,1019151.3557592818,wf_2024_2025,0.011455077257738311,True,42,0.8712978635306979,2024-01-01/2025-12-31,XLK,50000,2009-01-01/2023-12-31,0.0,0.025052192066805846
ppo_with_uncertainty_guard,0.21570812702112985,0.2414187753458229,16,0.9607226838173171,cpu,1449582.818527568,wf_2024_2025,0.25486639194924,True,42,0.8090779140733333,2024-01-01/2025-12-31,XLK,50000,2009-01-01/2023-12-31,-0.024795359083584677,0.05010438413361169
ppo_standalone,0.009485638319451215,0.01686768927968553,16,0.992374171169788,cpu,1018107.2476152243,wf_2024_2025,0.014053070142383883,True,53,0.5596998578104825,2024-01-01/2025-12-31,XLK,50000,2009-01-01/2023-12-31,-0.0002109594961069657,0.05010438413361169
ppo_with_uncertainty_guard,0.22015683443330858,0.24714817382984988,16,0.960715848686849,cpu,1459682.266608775,wf_2024_2025,0.2565572126628436,True,53,0.8051011359213706,2024-01-01/2025-12-31,XLK,50000,2009-01-01/2023-12-31,-0.025346401447678878,0.05010438413361169
ppo_standalone,0.005703672072304965,0.0071318937675157726,16,0.9939741134563242,cpu,1010869.3493263932,wf_2024_2025,0.006270392874218378,True,67,0.7974517450215979,2024-01-01/2025-12-31,XLK,50000,2009-01-01/2023-12-31,0.0,0.016701461377870562
ppo_with_uncertainty_guard,0.21087108669135152,0.2427450919579818,16,0.96071623136482,cpu,1438639.4928674109,wf_2024_2025,0.2563672935394159,True,67,0.7882337817225339,2024-01-01/2025-12-31,XLK,50000,2009-01-01/2023-12-31,-0.025295722781958928,0.05010438413361169
ppo_standalone,0.008222240078205253,0.007793582810869684,16,0.9963088145002421,cpu,1015686.6436459889,wf_2024_2025,0.004997742906745151,True,89,1.0506663015618432,2024-01-01/2025-12-31,XLK,50000,2009-01-01/2023-12-31,0.0,0.010438413361169102
ppo_with_uncertainty_guard,0.2073718942067117,0.23816137668280618,16,0.9607234964572777,cpu,1430747.418107808,wf_2024_2025,0.25526488066912834,True,89,0.7912529150587703,2024-01-01/2025-12-31,XLK,50000,2009-01-01/2023-12-31,-0.024890331418803768,0.05010438413361169
ppo_standalone,-0.008406687442383015,0.028267517523110502,16,0.9797133937771092,cpu,984048.175151363,wf_2018_2019,0.04527030475657767,True,7,-0.29865288029018944,2018-01-01/2019-12-31,XLF,50000,2009-01-01/2017-12-31,0.0,0.03958333333333333
ppo_with_uncertainty_guard,-0.002485679803157561,0.07885364498155936,16,0.9908385782902261,cpu,995270.6961911488,wf_2018_2019,0.13258348370576423,True,7,-0.03156187928148515,2018-01-01/2019-12-31,XLF,50000,2009-01-01/2017-12-31,-0.009381762060186104,0.05
ppo_standalone,-0.0111235556869821,0.02301660145971717,16,0.9744659041709836,cpu,978918.9310749043,wf_2018_2019,0.041111380972978506,True,13,-0.4859886873889808,2018-01-01/2019-12-31,XLF,50000,2009-01-01/2017-12-31,0.0,0.0125
ppo_with_uncertainty_guard,-0.008230101124357493,0.024402910163185326,16,0.9800839100300439,cpu,984381.9975741617,wf_2018_2019,0.039539558675380726,True,13,-0.3386522987355159,2018-01-01/2019-12-31,XLF,50000,2009-01-01/2017-12-31,-0.0009152331634814103,0.05
ppo_standalone,-0.011306344908484619,0.025339630136818624,16,0.9739892201550995,cpu,978574.2958553131,wf_2018_2019,0.043192308538117063,True,19,-0.4487309494972287,2018-01-01/2019-12-31,XLF,50000,2009-01-01/2017-12-31,0.0,0.020833333333333332
ppo_with_uncertainty_guard,0.001960458911165682,0.06934864851927736,16,0.9987448569661156,cpu,1003737.5190163384,wf_2018_2019,0.11087734702400476,True,19,0.02824186596389673,2018-01-01/2019-12-31,XLF,50000,2009-01-01/2017-12-31,-0.007312474453811468,0.05
ppo_standalone,-0.00531217338522042,0.022814741906548933,16,0.9857786660972849,cpu,989905.8944629013,wf_2018_2019,0.03720731035830527,True,23,-0.2334585290517694,2018-01-01/2019-12-31,XLF,50000,2009-01-01/2017-12-31,0.0,0.027083333333333334
ppo_with_uncertainty_guard,0.05759061539455393,0.1290204925428005,16,0.9974354852937942,cpu,1112549.1750235884,wf_2018_2019,0.1611387720304499,True,23,0.4339872417686769,2018-01-01/2019-12-31,XLF,50000,2009-01-01/2017-12-31,-0.013959749582822754,0.05
ppo_standalone,-0.008056184768781864,0.027864336036274317,16,0.9800969970181733,cpu,984710.8252124575,wf_2018_2019,0.04617223492760436,True,29,-0.2902909683622923,2018-01-01/2019-12-31,XLF,50000,2009-01-01/2017-12-31,0.0,0.03333333333333333
ppo_with_uncertainty_guard,0.0398439971849409,0.09113153699992282,16,0.9975964509016189,cpu,1077259.5680748313,wf_2018_2019,0.10552835679196271,True,29,0.42872788523860533,2018-01-01/2019-12-31,XLF,50000,2009-01-01/2017-12-31,-0.008305639574601195,0.05
ppo_standalone,-0.010525230481912262,0.023643857273950773,16,0.9754554530035028,cpu,980047.4310271353,wf_2018_2019,0.040729815224968546,True,37,-0.4475133356886586,2018-01-01/2019-12-31,XLF,50000,2009-01-01/2017-12-31,0.0,0.014583333333333334
ppo_with_uncertainty_guard,0.058624213555297,0.14841746467486228,16,0.9974080198307294,cpu,1114621.1571903394,wf_2018_2019,0.19416404995861358,True,37,0.38385032756879983,2018-01-01/2019-12-31,XLF,50000,2009-01-01/2017-12-31,-0.017093351553262345,0.05
ppo_standalone,-0.01345871815117511,0.019401524812782445,16,0.9699968875385471,cpu,974520.495163473,wf_2018_2019,0.035265750500497295,True,42,-0.6983985474378677,2018-01-01/2019-12-31,XLF,50000,2009-01-01/2017-12-31,0.0,0.008333333333333333
ppo_with_uncertainty_guard,0.04867357944708123,0.15395185166594438,16,0.9974352053712588,cpu,1094749.8830186317,wf_2018_2019,0.20730939839782092,True,42,0.3087072899568864,2018-01-01/2019-12-31,XLF,50000,2009-01-01/2017-12-31,-0.017810028189570556,0.05
ppo_standalone,-0.016233405930738683,0.027926662943735664,16,0.9650437207060989,cpu,969306.4167193433,wf_2018_2019,0.04397704602738939,True,53,-0.5860534864304209,2018-01-01/2019-12-31,XLF,50000,2009-01-01/2017-12-31,0.0,0.04375
ppo_with_uncertainty_guard,-0.00835676389823586,0.021301817609496548,16,0.9798455041648806,cpu,984142.5461972121,wf_2018_2019,0.03702976050249385,True,53,-0.3939483018087645,2018-01-01/2019-12-31,XLF,50000,2009-01-01/2017-12-31,0.0,0.025
ppo_standalone,-0.011517895938235009,0.017083217212138516,16,0.974097183700844,cpu,978175.5043885432,wf_2018_2019,0.03067429156252688,True,67,-0.6781294692662772,2018-01-01/2019-12-31,XLF,50000,2009-01-01/2017-12-31,0.0,0.008333333333333333
ppo_with_uncertainty_guard,0.06057569084666029,0.15440262752450437,16,0.9974066225021668,cpu,1118538.139893152,wf_2018_2019,0.21795922847673455,True,67,0.38089898951500417,2018-01-01/2019-12-31,XLF,50000,2009-01-01/2017-12-31,-0.01857462507360621,0.05
ppo_standalone,-0.017067591928528032,0.04105183384360238,16,0.9632071280924074,cpu,967741.4468568243,wf_2018_2019,0.04838375432664066,True,89,-0.4193443722645523,2018-01-01/2019-12-31,XLF,50000,2009-01-01/2017-12-31,-0.0010736772389188683,0.05
ppo_with_uncertainty_guard,0.05490002442849828,0.1620029599797293,16,0.99740657857085,cpu,1107164.1236635894,wf_2018_2019,0.2212914493177489,True,89,0.3299072220552943,2018-01-01/2019-12-31,XLF,50000,2009-01-01/2017-12-31,-0.019639711953113002,0.05
ppo_standalone,-0.046376780135569215,0.04014202302675748,16,0.895283940679549,cpu,913175.121330253,wf_2020_2021,0.1081151679708735,False,7,-1.1829609448574694,2020-01-01/2021-12-31,XLF,50000,2009-01-01/2019-12-31,0.0,0.03941908713692946
ppo_with_uncertainty_guard,0.02645531978805785,0.04905909531627521,16,0.988023697099615,cpu,1051211.4807841508,wf_2020_2021,0.07449577490721981,True,7,0.5322426986739645,2020-01-01/2021-12-31,XLF,50000,2009-01-01/2019-12-31,-0.004807420869611345,0.05186721991701245
ppo_standalone,-0.006447494674033773,0.013530510605773231,16,0.9692318521523579,cpu,987704.1788785476,wf_2020_2021,0.030768147847642147,True,13,-0.4780524433449811,2020-01-01/2021-12-31,XLF,50000,2009-01-01/2019-12-31,0.0,0.024896265560165973
ppo_with_uncertainty_guard,0.01598296204341633,0.06520966120742346,16,0.9885099234039497,cpu,1030793.4589785412,wf_2020_2021,0.10383531490238973,True,13,0.24316244677444393,2020-01-01/2021-12-31,XLF,50000,2009-01-01/2019-12-31,-0.006039211425672963,0.05186721991701245
ppo_standalone,-0.027143065000732793,0.028306953754898223,16,0.9310564508680438,cpu,948727.089315761,wf_2020_2021,0.06894354913195622,False,19,-0.9721317407799367,2020-01-01/2021-12-31,XLF,50000,2009-01-01/2019-12-31,0.0,0.03734439834024896
ppo_with_uncertainty_guard,0.2379652977896452,0.2805248655936777,16,0.9694176970181411,cpu,1504261.5163825173,wf_2020_2021,0.29518077644804785,True,19,0.7609629248161741,2020-01-01/2021-12-31,XLF,50000,2009-01-01/2019-12-31,-0.025602844624666065,0.05186721991701245
ppo_standalone,0.007488346627886042,0.006603618248144985,16,0.999683580639925,cpu,1014371.8838920398,wf_2020_2021,0.0015395195588093769,True,23,1.1297244224050715,2020-01-01/2021-12-31,XLF,50000,2009-01-01/2019-12-31,0.0,0.012448132780082987
ppo_with_uncertainty_guard,-0.0014387200203259188,0.12428205772512618,16,0.9793524171465094,cpu,997249.9693194374,wf_2020_2021,0.2118076772738795,True,23,-0.011584569479158672,2020-01-01/2021-12-31,XLF,50000,2009-01-01/2019-12-31,-0.010276207663456827,0.05186721991701245
ppo_standalone,-0.029935186612139734,0.0270110150182252,16,0.9252761126317272,cpu,943525.8849343328,wf_2020_2021,0.07472388736827285,False,29,-1.1251784930793076,2020-01-01/2021-12-31,XLF,50000,2009-01-01/2019-12-31,0.0,0.043568464730290454
ppo_with_uncertainty_guard,0.10329341258983983,0.13215764232504004,16,0.9757682668567911,cpu,1206854.8943817937,wf_2020_2021,0.15792434201947014,True,29,0.7438056424030658,2020-01-01/2021-12-31,XLF,50000,2009-01-01/2019-12-31,-0.013372615168420943,0.05186721991701245
ppo_standalone,0.004940331873696364,0.00850633686575089,16,0.9921852140852198,cpu,1009470.6656238025,wf_2020_2021,0.007814785914780242,True,37,0.5793417999613827,2020-01-01/2021-12-31,XLF,50000,2009-01-01/2019-12-31,0.0,0.02074688796680498
ppo_with_uncertainty_guard,0.048410644655864074,0.08762695257601114,16,0.9867816758169232,cpu,1094637.7412170945,wf_2020_2021,0.11726290278562468,True,37,0.5395059239306955,2020-01-01/2021-12-31,XLF,50000,2009-01-01/2019-12-31,-0.009019585228419747,0.05186721991701245
ppo_standalone,0.008493052253652577,0.007658317812245511,16,0.9994377178629236,cpu,1016307.5930063186,wf_2020_2021,0.002001069960598345,True,42,1.1042913217594823,2020-01-01/2021-12-31,XLF,50000,2009-01-01/2019-12-31,0.0,0.01867219917012448
ppo_with_uncertainty_guard,0.23511152782430994,0.2594095941105903,16,0.9694177020223866,cpu,1497635.9471877231,wf_2020_2021,0.2755990971738105,True,42,0.8140066809697291,2020-01-01/2021-12-31,XLF,50000,2009-01-01/2019-12-31,-0.023428955829096498,0.05186721991701245
ppo_standalone,0.006988200673843211,0.0063470172923216495,16,0.9991221149968641,cpu,1013408.9376797375,wf_2020_2021,0.0013428056463637983,True,53,1.0971645219419084,2020-01-01/2021-12-31,XLF,50000,2009-01-01/2019-12-31,0.0,0.006224066390041493
ppo_with_uncertainty_guard,0.11607279355151905,0.1643553566336755,16,0.979087878818381,cpu,1233733.6497232495,wf_2020_2021,0.20384125606318715,True,53,0.6681618732146023,2020-01-01/2021-12-31,XLF,50000,2009-01-01/2019-12-31,-0.014870322168870498,0.05186721991701245
ppo_standalone,0.007039973100982665,0.006127693268779998,16,0.9996523530368336,cpu,1013508.5964584923,wf_2020_2021,0.0015177819219800437,True,67,1.1448233682972149,2020-01-01/2021-12-31,XLF,50000,2009-01-01/2019-12-31,0.0,0.012448132780082987
ppo_with_uncertainty_guard,0.2363794131522996,0.20974976261918163,16,0.9694449956192508,cpu,1500577.8610279898,wf_2020_2021,0.1822317099327425,True,67,1.0116203101292982,2020-01-01/2021-12-31,XLF,50000,2009-01-01/2019-12-31,-0.01958592677636233,0.05186721991701245
ppo_standalone,0.007662690861233735,0.007154823965670529,16,0.9989972609918243,cpu,1014707.6567220436,wf_2020_2021,0.0019043976905394056,True,89,1.0668763117750872,2020-01-01/2021-12-31,XLF,50000,2009-01-01/2019-12-31,0.0,0.01037344398340249
ppo_with_uncertainty_guard,0.21473820557915776,0.2931312223330751,16,0.9694176970458626,cpu,1450741.0800997703,wf_2020_2021,0.3294960045782426,True,89,0.6636225169792079,2020-01-01/2021-12-31,XLF,50000,2009-01-01/2019-12-31,-0.02588955951026506,0.05186721991701245
ppo_standalone,0.002831445953725535,0.00751709170808058,16,0.9935072984155425,cpu,1005388.8573683483,wf_2022_2023,0.007259536157613655,True,7,0.37612754541914545,2022-01-01/2023-12-31,XLF,50000,2009-01-01/2021-12-31,0.0,0.010438413361169102
ppo_with_uncertainty_guard,0.008718902439676017,0.14916294521668175,16,0.9968268428907807,cpu,1016637.8966365253,wf_2022_2023,0.1691427180125875,True,7,0.05819879098342044,2022-01-01/2023-12-31,XLF,50000,2009-01-01/2021-12-31,-0.015478335320536017,0.05010438413361169
ppo_standalone,-0.003200092516917745,0.013902239745021201,16,0.9781779448779577,cpu,993926.052478389,wf_2022_2023,0.02506600839734141,True,13,-0.2305518551462507,2022-01-01/2023-12-31,XLF,50000,2009-01-01/2021-12-31,0.0,0.025052192066805846
ppo_with_uncertainty_guard,-0.0014015570730942781,0.07619646918112898,16,0.9804538916762536,cpu,997337.6110051594,wf_2022_2023,0.09995395639382121,True,13,-0.018406853571720023,2022-01-01/2023-12-31,XLF,50000,2009-01-01/2021-12-31,-0.007647981353230548,0.05010438413361169
ppo_standalone,-0.006565923422332248,0.01717579223022826,16,0.9714609702845203,cpu,987556.4505951448,wf_2022_2023,0.030183777482290286,True,19,-0.38353474164971674,2022-01-01/2023-12-31,XLF,50000,2009-01-01/2021-12-31,0.0,0.03549060542797495
ppo_with_uncertainty_guard,0.03900380375961983,0.1489299258349969,16,1.0,cpu,1075438.919907339,wf_2022_2023,0.14231186832560105,True,19,0.25691500276536566,2022-01-01/2023-12-31,XLF,50000,2009-01-01/2021-12-31,-0.01574891578787163,0.05010438413361169
ppo_standalone,-0.0011679319732585663,0.009451152803049907,16,0.9852953168949409,cpu,997781.1701575012,wf_2022_2023,0.014704683105059124,True,23,-0.12364575343490003,2022-01-01/2023-12-31,XLF,50000,2009-01-01/2021-12-31,0.0,0.020876826722338204
ppo_with_uncertainty_guard,0.015137690091836752,0.1602996147705082,16,1.0,cpu,1028969.7050599266,wf_2022_2023,0.17906237627589794,True,23,0.09372601237543221,2022-01-01/2023-12-31,XLF,50000,2009-01-01/2021-12-31,-0.016877280304148635,0.05010438413361169
ppo_standalone,-0.004509604305432655,0.013101085743291234,16,0.9764260209111781,cpu,991445.5857047669,wf_2022_2023,0.02357397908882186,True,29,-0.34499037466336363,2022-01-01/2023-12-31,XLF,50000,2009-01-01/2021-12-31,0.0,0.025052192066805846
ppo_with_uncertainty_guard,0.043935298948440595,0.16811818737862802,16,1.0,cpu,1085162.1256377762,wf_2022_2023,0.15804192582989607,True,29,0.255757413417637,2022-01-01/2023-12-31,XLF,50000,2009-01-01/2021-12-31,-0.017326766380777948,0.05010438413361169
ppo_standalone,-0.004717555530193627,0.015728707877618056,16,0.9748436568656238,cpu,991051.9564196082,wf_2022_2023,0.02950394687663016,True,37,-0.30063948216542696,2022-01-01/2023-12-31,XLF,50000,2009-01-01/2021-12-31,0.0,0.037578288100208766
ppo_with_uncertainty_guard,-0.012233336024506178,0.020428865304970786,16,0.9598428418869572,cpu,976875.1254981925,wf_2022_2023,0.04911104806379274,True,37,-0.6025143032748372,2022-01-01/2023-12-31,XLF,50000,2009-01-01/2021-12-31,-0.0011542418228994932,0.05010438413361169
ppo_standalone,0.003744105474170066,0.008956821935363605,16,0.9930271384413594,cpu,1007128.771677712,wf_2022_2023,0.007704660251273365,True,42,0.41722918592545993,2022-01-01/2023-12-31,XLF,50000,2009-01-01/2021-12-31,0.0,0.014613778705636743
ppo_with_uncertainty_guard,0.012485375456888076,0.17336940117617503,16,1.0,cpu,1023865.5220715337,wf_2022_2023,0.19141350940627078,True,42,0.07157009515788469,2022-01-01/2023-12-31,XLF,50000,2009-01-01/2021-12-31,-0.018711498364895364,0.05010438413361169
ppo_standalone,-0.005165200722068134,0.02536307353818683,16,0.9738385794006805,cpu,990204.8636215589,wf_2022_2023,0.045892447263095715,True,53,-0.20417691352624806,2022-01-01/2023-12-31,XLF,50000,2009-01-01/2021-12-31,-0.0005938485029529866,0.05010438413361169
ppo_with_uncertainty_guard,-0.003237909760581654,0.012913973912104831,16,0.978663510796805,cpu,993854.3781703722,wf_2022_2023,0.022939732990193362,True,53,-0.2511328650179523,2022-01-01/2023-12-31,XLF,50000,2009-01-01/2021-12-31,-2.141741127807961e-05,0.05010438413361169
ppo_standalone,-0.004613451144888475,0.010466309976629362,16,0.9803734000891505,cpu,991249.0055558811,wf_2022_2023,0.02198089822671645,True,67,-0.44180382878273144,2022-01-01/2023-12-31,XLF,50000,2009-01-01/2021-12-31,0.0,0.037578288100208766
ppo_with_uncertainty_guard,0.028330702153132985,0.18519289387310942,16,1.0,cpu,1054537.3195610922,wf_2022_2023,0.18611725587201167,True,67,0.1508523651770879,2022-01-01/2023-12-31,XLF,50000,2009-01-01/2021-12-31,-0.01938492688125919,0.05010438413361169
ppo_standalone,0.004150004234675113,0.007798997095950955,16,0.9947855118807123,cpu,1007903.044088008,wf_2022_2023,0.005714116858407836,True,89,0.5310083298934497,2022-01-01/2023-12-31,XLF,50000,2009-01-01/2021-12-31,0.0,0.010438413361169102
ppo_with_uncertainty_guard,-0.017032046282343016,0.07029739027346477,16,0.9500014682699518,cpu,967874.0849815068,wf_2022_2023,0.10806039154458769,True,89,-0.24437210253989378,2022-01-01/2023-12-31,XLF,50000,2009-01-01/2021-12-31,-0.006669493673036441,0.05010438413361169
ppo_standalone,0.0026015904600103124,0.005429583657794769,16,0.9992667854104081,cpu,1004950.8805259907,wf_2024_2025,0.004299452015273264,True,7,0.4785148150252363,2024-01-01/2025-12-31,XLF,50000,2009-01-01/2023-12-31,0.0,0.014613778705636743
ppo_with_uncertainty_guard,0.13836117812767498,0.11124967491647016,16,0.9952750575702136,cpu,1279312.9967855085,wf_2024_2025,0.09933636971626603,True,7,1.1648526636870582,2024-01-01/2025-12-31,XLF,50000,2009-01-01/2023-12-31,-0.009915250940212594,0.05010438413361169
ppo_standalone,0.015621444919264883,0.016931339394863288,16,0.9879399926791704,cpu,1029901.9523351658,wf_2024_2025,0.02206267675466389,True,13,0.9154940699598768,2024-01-01/2025-12-31,XLF,50000,2009-01-01/2023-12-31,-0.0002442019716189847,0.05010438413361169
ppo_with_uncertainty_guard,0.15303057589513833,0.12187130558030258,16,0.994616658207495,cpu,1310830.825281157,wf_2024_2025,0.1108642416449378,True,13,1.1683929480915989,2024-01-01/2025-12-31,XLF,50000,2009-01-01/2023-12-31,-0.01083332453708028,0.05010438413361169
ppo_standalone,0.0034680583939482963,0.004517551933082583,16,0.99998030434142,cpu,1006602.3590154501,wf_2024_2025,0.0026638849635354234,True,19,0.7663302929179207,2024-01-01/2025-12-31,XLF,50000,2009-01-01/2023-12-31,0.0,0.012526096033402923
ppo_with_uncertainty_guard,0.2113246007335104,0.16841355239023162,16,0.9926431270219248,cpu,1439663.8538643785,wf_2024_2025,0.1554027981210483,True,19,1.138354299698893,2024-01-01/2025-12-31,XLF,50000,2009-01-01/2023-12-31,-0.014852037126546412,0.05010438413361169
ppo_standalone,0.00127129771118892,0.0028087245466745306,16,0.9996635167810217,cpu,1002417.8582050109,wf_2024_2025,0.0022568875910090602,True,23,0.4523115290054945,2024-01-01/2025-12-31,XLF,50000,2009-01-01/2023-12-31,0.0,0.008350730688935281
ppo_with_uncertainty_guard,0.03719262808109741,0.05112016514666093,16,0.9784016522083677,cpu,1071878.3211727415,wf_2024_2025,0.04119725139277186,True,23,0.7143473350298113,2024-01-01/2025-12-31,XLF,50000,2009-01-01/2023-12-31,-0.005757061746820291,0.05010438413361169
ppo_standalone,0.0054520746025854844,0.007175588473011282,16,0.9997446362444908,cpu,1010388.7122197041,wf_2024_2025,0.004593986927727389,True,29,0.7577281751775782,2024-01-01/2025-12-31,XLF,50000,2009-01-01/2023-12-31,0.0,0.016701461377870562
ppo_with_uncertainty_guard,0.17018054955684822,0.15647592612814606,16,0.9926457968890943,cpu,1348138.8732281248,wf_2024_2025,0.15339313098157048,True,29,1.004358288310185,2024-01-01/2025-12-31,XLF,50000,2009-01-01/2023-12-31,-0.013359042712652421,0.05010438413361169
ppo_standalone,0.0024824001404137297,0.004799406770561302,16,0.9996082754772238,cpu,1004723.8056172394,wf_2024_2025,0.003101590914741381,True,37,0.5165726078200343,2024-01-01/2025-12-31,XLF,50000,2009-01-01/2023-12-31,0.0,0.010438413361169102
ppo_with_uncertainty_guard,0.21052955293721098,0.16829097524925035,16,0.9926431270241413,cpu,1437868.2920202713,wf_2024_2025,0.15540248478992946,True,37,1.1352820935361572,2024-01-01/2025-12-31,XLF,50000,2009-01-01/2023-12-31,-0.014843074424684842,0.05010438413361169
ppo_standalone,0.012660250199474867,0.009721415644666805,16,0.9985437354837546,cpu,1024201.6851434094,wf_2024_2025,0.00534033835039327,True,42,1.294109243263919,2024-01-01/2025-12-31,XLF,50000,2009-01-01/2023-12-31,0.0,0.037578288100208766
ppo_with_uncertainty_guard,0.21460583240544065,0.16890568356264363,16,0.9926431270267899,cpu,1447085.528556359,wf_2024_2025,0.1554025539390238,True,42,1.151053176894718,2024-01-01/2025-12-31,XLF,50000,2009-01-01/2023-12-31,-0.014848858740626091,0.05010438413361169
ppo_standalone,0.05901700871674197,0.04481846839861574,16,0.9912717430097757,cpu,1115155.270503969,wf_2024_2025,0.03473401465451964,True,53,1.2794039276935052,2024-01-01/2025-12-31,XLF,50000,2009-01-01/2023-12-31,-0.004509428148511496,0.05010438413361169
ppo_with_uncertainty_guard,0.02630052768116975,0.040928879688649264,16,0.985236279149147,cpu,1050583.55214443,wf_2024_2025,0.04098028526733033,True,53,0.6342835507906744,2024-01-01/2025-12-31,XLF,50000,2009-01-01/2023-12-31,-0.0038334105806237416,0.05010438413361169
ppo_standalone,0.0009781201256009095,0.003231463218633635,16,0.998751263070771,cpu,1001860.0235560193,wf_2024_2025,0.002321142722853997,True,67,0.30252365183452523,2024-01-01/2025-12-31,XLF,50000,2009-01-01/2023-12-31,0.0,0.012526096033402923
ppo_with_uncertainty_guard,0.20326447036743,0.1672087047889356,16,0.9926431270906518,cpu,1421509.7920717134,wf_2024_2025,0.15540154013539587,True,67,1.106629465010685,2024-01-01/2025-12-31,XLF,50000,2009-01-01/2023-12-31,-0.014821503008706747,0.05010438413361169
ppo_standalone,0.007441921447314821,0.00843879673360486,16,0.999792317560568,cpu,1014192.958722144,wf_2024_2025,0.005639923788310908,True,89,0.8785882316459503,2024-01-01/2025-12-31,XLF,50000,2009-01-01/2023-12-31,0.0,0.020876826722338204
ppo_with_uncertainty_guard,0.1927527760266188,0.1613842023899666,16,0.9926434901079949,cpu,1397998.1050691952,wf_2024_2025,0.15488947559501143,True,89,1.0921993406837478,2024-01-01/2025-12-31,XLF,50000,2009-01-01/2023-12-31,-0.01377479147539837,0.05010438413361169
ppo_standalone,-0.024939513681001748,0.029674273371560877,16,0.9481554858563943,cpu,953032.5375890052,wf_2018_2019,0.05948033318067347,False,7,-0.8510953995343369,2018-01-01/2019-12-31,XLE,50000,2009-01-01/2017-12-31,-0.00013371635092367318,0.05
ppo_with_uncertainty_guard,-0.022009228969176963,0.021169884064766175,16,0.953813978641354,cpu,958495.3546546712,wf_2018_2019,0.048102044989979165,True,7,-1.0512517979082987,2018-01-01/2019-12-31,XLE,50000,2009-01-01/2017-12-31,0.0,0.03125
ppo_standalone,-0.0012770659176089738,0.04435684194855944,16,0.9833716442534981,cpu,997568.898855643,wf_2018_2019,0.06066534293023629,True,13,-0.02880902768954184,2018-01-01/2019-12-31,XLE,50000,2009-01-01/2017-12-31,-0.0034034054083481808,0.05
ppo_with_uncertainty_guard,-0.02189021834958985,0.021167637150019132,16,0.9540350738068282,cpu,958717.5349684316,wf_2018_2019,0.048102044989979165,True,13,-1.045614960594405,2018-01-01/2019-12-31,XLE,50000,2009-01-01/2017-12-31,0.0,0.020833333333333332
ppo_standalone,-0.024604787620569068,0.027167375829578646,16,0.9487755629182986,cpu,953655.8041572238,wf_2018_2019,0.056906892012620225,False,19,-0.9169968668357611,2018-01-01/2019-12-31,XLE,50000,2009-01-01/2017-12-31,0.0,0.03958333333333333
ppo_with_uncertainty_guard,-0.05198046734243654,0.19508560689685642,16,0.8307898282110419,cpu,903321.711142847,wf_2018_2019,0.300096717540108,False,19,-0.2736241298516448,2018-01-01/2019-12-31,XLE,50000,2009-01-01/2017-12-31,-0.02183942282835689,0.05
ppo_standalone,-0.02041770907743648,0.023447563355136456,16,0.9570148722664478,cpu,961468.5784957347,wf_2018_2019,0.048629955200995445,True,23,-0.8797883156949631,2018-01-01/2019-12-31,XLE,50000,2009-01-01/2017-12-31,-1.3271918491763887e-05,0.05
ppo_with_uncertainty_guard,-0.046691811082165316,0.19675081792802385,16,0.8324463957577443,cpu,912944.6038110609,wf_2018_2019,0.2984327069903794,False,23,-0.2430333015558105,2018-01-01/2019-12-31,XLE,50000,2009-01-01/2017-12-31,-0.02181631612307253,0.05
ppo_standalone,-0.024662873694029287,0.02541261531488311,16,0.9486679451734616,cpu,953547.6328562278,wf_2018_2019,0.056426374156256176,False,29,-0.9826592374373969,2018-01-01/2019-12-31,XLE,50000,2009-01-01/2017-12-31,0.0,0.03125
ppo_with_uncertainty_guard,-0.03495057914620486,0.036606221515938675,16,0.9297960031681988,cpu,934481.2242340404,wf_2018_2019,0.08544849432362078,False,29,-0.9718515018650676,2018-01-01/2019-12-31,XLE,50000,2009-01-01/2017-12-31,-0.0034719268555029716,0.05
ppo_standalone,-0.021593253272633825,0.022620243122953288,16,0.9543630624073204,cpu,959272.0442109213,wf_2018_2019,0.052010160847378195,True,37,-0.9650491218671642,2018-01-01/2019-12-31,XLE,50000,2009-01-01/2017-12-31,0.0,0.025
ppo_with_uncertainty_guard,-0.052624203800188,0.19417129265500357,16,0.8325968453842972,cpu,902153.7173495744,wf_2018_2019,0.2983299609883695,False,37,-0.27841083760357344,2018-01-01/2019-12-31,XLE,50000,2009-01-01/2017-12-31,-0.02167191066083518,0.05
ppo_standalone,-0.02979389285045125,0.08319420657294538,16,0.9179188072892874,cpu,944015.3482719063,wf_2018_2019,0.13946133894552604,False,42,-0.363567272165968,2018-01-01/2019-12-31,XLE,50000,2009-01-01/2017-12-31,-0.009574171449213952,0.05
ppo_with_uncertainty_guard,-0.046213630924423786,0.20035955062167873,16,0.8297065929811134,cpu,913817.0564988037,wf_2018_2019,0.3011393877629348,False,42,-0.23615308959304585,2018-01-01/2019-12-31,XLE,50000,2009-01-01/2017-12-31,-0.022372506222399124,0.05
ppo_standalone,-0.018935873960934716,0.018327118026826204,16,0.9598453541055241,cpu,964240.8249252528,wf_2018_2019,0.04015464589447593,True,53,-1.0431147932905203,2018-01-01/2019-12-31,XLE,50000,2009-01-01/2017-12-31,0.0,0.014583333333333334
ppo_with_uncertainty_guard,-0.02178934104020034,0.02116758419279858,16,0.954222500389979,cpu,958905.8814524544,wf_2018_2019,0.048102044989979165,True,53,-1.0407455578671299,2018-01-01/2019-12-31,XLE,50000,2009-01-01/2017-12-31,0.0,0.01875
ppo_standalone,-0.01812736459695412,0.021683456329802817,16,0.9611671176198804,cpu,965754.9987941595,wf_2018_2019,0.045900407369779406,True,67,-0.8436636676309273,2018-01-01/2019-12-31,XLE,50000,2009-01-01/2017-12-31,0.0,0.041666666666666664
ppo_with_uncertainty_guard,-0.042897087171590846,0.20021142990753332,16,0.8295332669588599,cpu,919879.0731559397,wf_2018_2019,0.3013031727483816,False,67,-0.21899010287136236,2018-01-01/2019-12-31,XLE,50000,2009-01-01/2017-12-31,-0.021908699746638227,0.05
ppo_standalone,-0.02150321360945351,0.023991377266070122,16,0.9546463049489995,cpu,959440.2012251359,wf_2018_2019,0.051740170555657605,True,89,-0.9060602189657747,2018-01-01/2019-12-31,XLE,50000,2009-01-01/2017-12-31,0.0,0.03333333333333333
ppo_with_uncertainty_guard,-0.05341178508850683,0.1843040104421713,16,0.8454225261150737,cpu,900725.7082314289,wf_2018_2019,0.28195347399596404,False,89,-0.29782891913655746,2018-01-01/2019-12-31,XLE,50000,2009-01-01/2017-12-31,-0.02103320543043283,0.05
ppo_standalone,0.001574900568230872,0.010328246096974473,16,0.9953012169841139,cpu,1003014.4746788291,wf_2020_2021,0.005944450834677539,True,7,0.15236251259914596,2020-01-01/2021-12-31,XLE,50000,2009-01-01/2019-12-31,0.0,0.01037344398340249
ppo_with_uncertainty_guard,0.04510455162440184,0.06985092764085625,16,0.9820460211151316,cpu,1088044.8626396256,wf_2020_2021,0.09979824092263945,True,7,0.6315854497918241,2020-01-01/2021-12-31,XLE,50000,2009-01-01/2019-12-31,-0.006402071539639387,0.05186721991701245
ppo_standalone,-0.0037148910318713195,0.016309622672726034,16,0.9812775145217694,cpu,992906.5809320477,wf_2020_2021,0.018722485478230633,True,13,-0.22819486546065137,2020-01-01/2021-12-31,XLE,50000,2009-01-01/2019-12-31,0.0,0.026970954356846474
ppo_with_uncertainty_guard,0.0034817335994111282,0.0125392087190763,16,0.9963565573586972,cpu,1006670.0864567579,wf_2020_2021,0.007693383953540245,True,13,0.27718195573665155,2020-01-01/2021-12-31,XLE,50000,2009-01-01/2019-12-31,0.0,0.016597510373443983
ppo_standalone,0.0016307513706114564,0.014074979793205307,16,0.9914907220699392,cpu,1003121.4566839878,wf_2020_2021,0.008509277930060843,True,19,0.11576604627918477,2020-01-01/2021-12-31,XLE,50000,2009-01-01/2019-12-31,0.0,0.022821576763485476
ppo_with_uncertainty_guard,0.21128072962507818,0.35317958766841373,16,0.9540292102334174,cpu,1442853.416725327,wf_2020_2021,0.3714323948817636,True,19,0.5427215349209561,2020-01-01/2021-12-31,XLE,50000,2009-01-01/2019-12-31,-0.03428136914710844,0.05186721991701245
ppo_standalone,-0.07727936214318157,0.08437258770269171,16,0.84657434682827,cpu,857412.6616358609,wf_2020_2021,0.21479556966825797,False,23,-0.9532551827765127,2020-01-01/2021-12-31,XLE,50000,2009-01-01/2019-12-31,-0.00238251029237686,0.05186721991701245
ppo_with_uncertainty_guard,0.008947761403133253,0.013468059150735219,16,0.9992582458839321,cpu,1017184.2340489326,wf_2020_2021,0.007911379359921145,True,23,0.6614065392357551,2020-01-01/2021-12-31,XLE,50000,2009-01-01/2019-12-31,-0.00011341352110392221,0.05186721991701245
ppo_standalone,-0.0017745252182753415,0.016090295432349095,16,0.9840315575047449,cpu,996608.6171522349,wf_2020_2021,0.015968442495255086,True,29,-0.11038231324438796,2020-01-01/2021-12-31,XLE,50000,2009-01-01/2019-12-31,0.0,0.029045643153526972
ppo_with_uncertainty_guard,0.14099644066105732,0.23336864072400665,16,0.9540615495516629,cpu,1286967.4707533228,wf_2020_2021,0.23206828084192854,True,29,0.5652081670060565,2020-01-01/2021-12-31,XLE,50000,2009-01-01/2019-12-31,-0.025720109837263562,0.05186721991701245
ppo_standalone,-0.008921636188267116,0.0171596916650761,16,0.971607599795641,cpu,983005.0943870415,wf_2020_2021,0.02839240020435896,True,37,-0.5222465273936393,2020-01-01/2021-12-31,XLE,50000,2009-01-01/2019-12-31,0.0,0.029045643153526972
ppo_with_uncertainty_guard,0.005856372975577159,0.01761476544939962,16,0.9926050787475157,cpu,1011231.4067165564,wf_2020_2021,0.013351517736991947,True,37,0.3314968045507186,2020-01-01/2021-12-31,XLE,50000,2009-01-01/2019-12-31,-0.0006976130738160613,0.05186721991701245
ppo_standalone,-0.008770360452541604,0.017609745543207274,16,0.9717117789338903,cpu,983292.1022497942,wf_2020_2021,0.028998709287656244,True,42,-0.5002324986513551,2020-01-01/2021-12-31,XLE,50000,2009-01-01/2019-12-31,0.0,0.035269709543568464
ppo_with_uncertainty_guard,0.16723215742411843,0.37413026182175046,16,0.9540281339105505,cpu,1344161.8152454519,wf_2020_2021,0.3771715639261023,True,42,0.4133191535837231,2020-01-01/2021-12-31,XLE,50000,2009-01-01/2019-12-31,-0.03457609240547832,0.05186721991701245
ppo_standalone,0.0007166000953910493,0.014353298932062943,16,0.9890938968785489,cpu,1001371.0880821394,wf_2020_2021,0.010906103121451127,True,53,0.04990737954934767,2020-01-01/2021-12-31,XLE,50000,2009-01-01/2019-12-31,0.0,0.026970954356846474
ppo_with_uncertainty_guard,0.003594831065531176,0.012590415902952753,16,0.9965713537697867,cpu,1006887.1062777496,wf_2020_2021,0.007693383953540245,True,53,0.28500566527946986,2020-01-01/2021-12-31,XLE,50000,2009-01-01/2019-12-31,-6.294906630799346e-06,0.05186721991701245
ppo_standalone,0.00168684205814086,0.010254069672688493,16,0.9955139969980782,cpu,1003228.9036680503,wf_2020_2021,0.005944450834677539,True,67,0.16436350638224628,2020-01-01/2021-12-31,XLE,50000,2009-01-01/2019-12-31,0.0,0.01037344398340249
ppo_with_uncertainty_guard,0.18536890106370285,0.3275388519806434,16,0.9540281376490742,cpu,1384393.424314546,wf_2020_2021,0.35474871204328695,True,67,0.5191871181336851,2020-01-01/2021-12-31,XLE,50000,2009-01-01/2019-12-31,-0.03184786535012849,0.05186721991701245
ppo_standalone,-0.0986465627166421,0.07162339091116329,16,0.8082673050440594,cpu,819837.8525685618,wf_2020_2021,0.19447444567192895,False,89,-1.4500513665731847,2020-01-01/2021-12-31,XLE,50000,2009-01-01/2019-12-31,0.0,0.04979253112033195
ppo_with_uncertainty_guard,0.14858512835457932,0.40660979693810856,16,0.9540281278189942,cpu,1303388.9529975695,wf_2020_2021,0.4163724598893117,True,89,0.340697171331098,2020-01-01/2021-12-31,XLE,50000,2009-01-01/2019-12-31,-0.03699681352683619,0.05186721991701245
ppo_standalone,0.0016261208965598593,0.008347570638732552,16,0.9960986411059995,cpu,1003093.1839429748,wf_2022_2023,0.006633237276125747,True,7,0.19463977793535192,2022-01-01/2023-12-31,XLE,50000,2009-01-01/2021-12-31,0.0,0.010438413361169102
ppo_with_uncertainty_guard,-0.001167987855489432,0.07293548271736504,16,0.8918496497645579,cpu,997781.064048671,wf_2022_2023,0.11451360691475743,False,7,-0.01602331125713751,2022-01-01/2023-12-31,XLE,50000,2009-01-01/2021-12-31,-0.007819217447378967,0.05010438413361169
ppo_standalone,0.029859052037279867,0.03816224353462885,16,0.9935014513002882,cpu,1057518.426238532,wf_2022_2023,0.03187583355729484,True,13,0.7709669317940865,2022-01-01/2023-12-31,XLE,50000,2009-01-01/2021-12-31,-0.00037492188171110984,0.05010438413361169
ppo_with_uncertainty_guard,0.002032762246276269,0.008283696783050236,16,0.9962805620771021,cpu,1003867.3988907859,wf_2022_2023,0.006348010047484753,True,13,0.24513935254160943,2022-01-01/2023-12-31,XLE,50000,2009-01-01/2021-12-31,0.0,0.010438413361169102
ppo_standalone,0.040975736046905874,0.07211120568927122,16,0.9509023653984806,cpu,1079321.9132008108,wf_2022_2023,0.08828489410922813,True,19,0.5568953155151977,2022-01-01/2023-12-31,XLE,50000,2009-01-01/2021-12-31,-0.007124545923396041,0.05010438413361169
ppo_with_uncertainty_guard,0.13451889633641065,0.28648033706362075,16,0.9154150680963988,cpu,1271117.7860732484,wf_2022_2023,0.2561063234707144,False,19,0.4405489484888276,2022-01-01/2023-12-31,XLE,50000,2009-01-01/2021-12-31,-0.026776347832049473,0.05010438413361169
ppo_standalone,0.002382957596906976,0.007736821890138002,16,0.9974725346164539,cpu,1004534.3717049995,wf_2022_2023,0.005691746060287217,True,23,0.3076294187818142,2022-01-01/2023-12-31,XLE,50000,2009-01-01/2021-12-31,0.0,0.012526096033402923
ppo_with_uncertainty_guard,0.0798646149281837,0.15714708170295766,16,0.9493887332764819,cpu,1157252.6218156386,wf_2022_2023,0.14878249196325333,False,23,0.48894066807217446,2022-01-01/2023-12-31,XLE,50000,2009-01-01/2021-12-31,-0.016529009185197372,0.05010438413361169
ppo_standalone,-2.436747537829004e-05,0.016033363286220764,16,0.9868322637795036,cpu,999953.6829658512,wf_2022_2023,0.015590445197341873,True,29,-0.0015198015895991092,2022-01-01/2023-12-31,XLE,50000,2009-01-01/2021-12-31,0.0,0.020876826722338204
ppo_with_uncertainty_guard,0.011992317061419813,0.1385355583871848,16,0.9099470512207581,cpu,1022917.9936990541,wf_2022_2023,0.1532012683245716,False,29,0.08604985953573784,2022-01-01/2023-12-31,XLE,50000,2009-01-01/2021-12-31,-0.014344577662846268,0.05010438413361169
ppo_standalone,0.004665502530288067,0.015243428257797254,16,0.9981096908934494,cpu,1008886.7896196375,wf_2022_2023,0.013345907428666037,True,37,0.30535154263021064,2022-01-01/2023-12-31,XLE,50000,2009-01-01/2021-12-31,0.0,0.022964509394572025
ppo_with_uncertainty_guard,0.002165091248983085,0.0087380702556132,16,0.9962135348277876,cpu,1004119.4045374423,wf_2022_2023,0.006630775738165395,True,37,0.2475044790324734,2022-01-01/2023-12-31,XLE,50000,2009-01-01/2021-12-31,-2.0384774329329504e-05,0.05010438413361169
ppo_standalone,0.022168200990557035,0.030972162542708785,16,0.9930942071604121,cpu,1042557.5872335214,wf_2022_2023,0.026399099890223043,True,42,0.7079242870282597,2022-01-01/2023-12-31,XLE,50000,2009-01-01/2021-12-31,0.0,0.04592901878914405
ppo_with_uncertainty_guard,0.1438880308984023,0.2917726872007674,16,0.9154150635673589,cpu,1291144.9949974231,wf_2022_2023,0.25836496015855615,False,42,0.4607454564283515,2022-01-01/2023-12-31,XLE,50000,2009-01-01/2021-12-31,-0.027912582350650614,0.05010438413361169
ppo_standalone,0.013070944231112023,0.019156679804348004,16,0.9994825480553233,cpu,1024991.3710882781,wf_2022_2023,0.014100337130591223,True,53,0.6778914262187518,2022-01-01/2023-12-31,XLE,50000,2009-01-01/2021-12-31,0.0,0.03549060542797495
ppo_with_uncertainty_guard,-0.007882620478298876,0.012938136637892629,16,0.9764263382939988,cpu,985069.9740271961,wf_2022_2023,0.023861627307562583,True,53,-0.6116611448612763,2022-01-01/2023-12-31,XLE,50000,2009-01-01/2021-12-31,-0.0004329020820295071,0.05010438413361169
ppo_standalone,0.006315624501397715,0.012358034493979176,16,0.9998786761741891,cpu,1012038.8396466835,wf_2022_2023,0.012086524601816029,True,67,0.5094405305144531,2022-01-01/2023-12-31,XLE,50000,2009-01-01/2021-12-31,0.0,0.022964509394572025
ppo_with_uncertainty_guard,0.12468471633623678,0.28402349445384856,16,0.9154150662900572,cpu,1250256.1748396473,wf_2022_2023,0.2554295704375049,False,67,0.41370760114315985,2022-01-01/2023-12-31,XLE,50000,2009-01-01/2021-12-31,-0.026713713644229385,0.05010438413361169
ppo_standalone,0.022816688467593053,0.030291402975494045,16,0.9884269961760518,cpu,1043815.1750737,wf_2022_2023,0.02344863643591788,True,89,0.7447711333726735,2022-01-01/2023-12-31,XLE,50000,2009-01-01/2021-12-31,0.0,0.03549060542797495
ppo_with_uncertainty_guard,0.06320492826722911,0.15803713115841533,16,0.9429773112536116,cpu,1123552.5468622607,wf_2022_2023,0.14483563922625264,False,89,0.38780634468537867,2022-01-01/2023-12-31,XLE,50000,2009-01-01/2021-12-31,-0.015329417093729347,0.05010438413361169
ppo_standalone,0.0036418090471381495,0.009437343855025952,16,0.99942273494145,cpu,1006933.6805597779,wf_2024_2025,0.0066675411331895695,True,7,0.38518598308463375,2024-01-01/2025-12-31,XLE,50000,2009-01-01/2023-12-31,0.0,0.018789144050104383
ppo_with_uncertainty_guard,-0.00025325994143623754,0.002922200138447648,16,0.9964922095906343,cpu,999518.6600232759,wf_2024_2025,0.0038764094448408004,True,7,-0.08667382318401069,2024-01-01/2025-12-31,XLE,50000,2009-01-01/2023-12-31,-9.443859921276497e-06,0.05010438413361169
ppo_standalone,0.004279068991798603,0.009223114056222797,16,0.9993269500654228,cpu,1008149.3007249129,wf_2024_2025,0.006291562392032213,True,13,0.4629527827850363,2024-01-01/2025-12-31,XLE,50000,2009-01-01/2023-12-31,0.0,0.020876826722338204
ppo_with_uncertainty_guard,0.0006667226689089964,0.002645793422199431,16,0.9982359364530139,cpu,1001267.6827654088,wf_2024_2025,0.002380827205839653,True,13,0.2518943903573895,2024-01-01/2025-12-31,XLE,50000,2009-01-01/2023-12-31,0.0,0.022964509394572025
ppo_standalone,0.0059555847464702666,0.009722934735093242,16,0.9994507589201718,cpu,1011350.697109663,wf_2024_2025,0.0052279497999888624,True,19,0.6107027936715693,2024-01-01/2025-12-31,XLE,50000,2009-01-01/2023-12-31,0.0,0.025052192066805846
ppo_with_uncertainty_guard,0.044588586039830014,0.18732300603521493,16,0.9524266443830306,cpu,1086453.2928307129,wf_2024_2025,0.18029648251348573,True,19,0.23287621890844723,2024-01-01/2025-12-31,XLE,50000,2009-01-01/2023-12-31,-0.019210774562041878,0.05010438413361169
ppo_standalone,0.0005304645191324044,0.002322038794014821,16,0.9982732599092794,cpu,1001008.5444891376,wf_2024_2025,0.00198635090534538,True,23,0.22837155911071844,2024-01-01/2025-12-31,XLE,50000,2009-01-01/2023-12-31,0.0,0.008350730688935281
ppo_with_uncertainty_guard,0.0033556602030980847,0.10218903061307025,16,0.9076372477181958,cpu,1006388.0567440342,wf_2024_2025,0.14151614412292957,False,23,0.03278274894092497,2024-01-01/2025-12-31,XLE,50000,2009-01-01/2023-12-31,-0.011022370052496377,0.05010438413361169
ppo_standalone,0.011094328413682821,0.01300277121615762,16,0.9997932589833495,cpu,1021193.3641908026,wf_2024_2025,0.006991765586276011,True,29,0.8485193575249631,2024-01-01/2025-12-31,XLE,50000,2009-01-01/2023-12-31,0.0,0.029227557411273485
ppo_with_uncertainty_guard,0.016975808714393557,0.13974493429648818,16,0.9550121535974804,cpu,1032514.0841143839,wf_2024_2025,0.16531268304928348,True,29,0.12045739502520697,2024-01-01/2025-12-31,XLE,50000,2009-01-01/2023-12-31,-0.012101008879623974,0.05010438413361169
ppo_standalone,0.0026858765169668623,0.006893293359994129,16,0.9994738850356422,cpu,1005111.4724123139,wf_2024_2025,0.005287916500335665,True,37,0.3891049006137215,2024-01-01/2025-12-31,XLE,50000,2009-01-01/2023-12-31,0.0,0.016701461377870562
ppo_with_uncertainty_guard,0.05128625207343082,0.21304764839193857,16,0.956200184559304,cpu,1099732.6284568144,wf_2024_2025,0.2012368611887676,True,37,0.2347567764883825,2024-01-01/2025-12-31,XLE,50000,2009-01-01/2023-12-31,-0.021956000080318637,0.05010438413361169
ppo_standalone,0.0023986705983855485,0.006867303853785172,16,0.9988945354660392,cpu,1004564.3031936696,wf_2024_2025,0.005533330933281899,True,42,0.3488622392423125,2024-01-01/2025-12-31,XLE,50000,2009-01-01/2023-12-31,0.0,0.025052192066805846
ppo_with_uncertainty_guard,0.06137838718929138,0.21536129647091137,16,0.956047510269702,cpu,1119886.4441037278,wf_2024_2025,0.20137044581059171,True,42,0.27659744681082843,2024-01-01/2025-12-31,XLE,50000,2009-01-01/2023-12-31,-0.02221791069854646,0.05010438413361169
ppo_standalone,0.021509418005243648,0.013685403605210254,16,0.9956907733204224,cpu,1041280.7693818096,wf_2024_2025,0.006879674656383172,True,53,1.5550223270556884,2024-01-01/2025-12-31,XLE,50000,2009-01-01/2023-12-31,-5.154940254321616e-05,0.05010438413361169
ppo_with_uncertainty_guard,0.015390575846439122,0.12274714020523617,16,0.9254252820741278,cpu,1029456.9930403027,wf_2024_2025,0.14775828061532237,False,53,0.12442915156558802,2024-01-01/2025-12-31,XLE,50000,2009-01-01/2023-12-31,-0.01115564828456339,0.05010438413361169
ppo_standalone,0.0011898667903813978,0.0047200486753576675,16,0.9983288785535982,cpu,1002262.9032607547,wf_2024_2025,0.0037544273287999363,True,67,0.25192949249939167,2024-01-01/2025-12-31,XLE,50000,2009-01-01/2023-12-31,0.0,0.018789144050104383
ppo_with_uncertainty_guard,0.02696341575204329,0.18332714887381674,16,0.9585762061699545,cpu,1051873.753641668,wf_2024_2025,0.18404364091643755,True,67,0.14513008572195124,2024-01-01/2025-12-31,XLE,50000,2009-01-01/2023-12-31,-0.01755895717432665,0.05010438413361169
ppo_standalone,0.005889002480829944,0.010959269284748135,16,0.9995226093304315,cpu,1011223.4629965429,wf_2024_2025,0.006477942932183067,True,89,0.5357697562340095,2024-01-01/2025-12-31,XLE,50000,2009-01-01/2023-12-31,0.0,0.025052192066805846
ppo_with_uncertainty_guard,0.03770569617331739,0.14077241900132575,16,0.9659914651276919,cpu,1072886.3960528339,wf_2024_2025,0.15270722439000695,True,89,0.2629220508420036,2024-01-01/2025-12-31,XLE,50000,2009-01-01/2023-12-31,-0.012623824898136782,0.05010438413361169
ppo_standalone,-0.00992472785868099,0.020187943488142217,16,0.981079516066982,cpu,981180.6587500668,wf_2018_2019,0.03632108001514944,True,7,-0.49406854406704404,2018-01-01/2019-12-31,XLV,50000,2009-01-01/2017-12-31,0.0,0.016666666666666666
ppo_with_uncertainty_guard,0.08214942172118683,0.11790197921580992,16,0.9986658726090416,cpu,1162275.311345961,wf_2018_2019,0.12894847597133485,True,7,0.6696169379465686,2018-01-01/2019-12-31,XLV,50000,2009-01-01/2017-12-31,-0.01245668545624072,0.05
ppo_standalone,-0.010589710827074455,0.02005569725726961,16,0.9797636602982588,cpu,979925.7850876361,wf_2018_2019,0.036600011666288346,True,13,-0.530826549348972,2018-01-01/2019-12-31,XLV,50000,2009-01-01/2017-12-31,0.0,0.020833333333333332
ppo_with_uncertainty_guard,0.04900891403174829,0.09092086867775326,16,0.9987881347237755,cpu,1095416.7764552345,wf_2018_2019,0.09580000602407002,True,13,0.5262350017514601,2018-01-01/2019-12-31,XLV,50000,2009-01-01/2017-12-31,-0.010098642377094435,0.05
ppo_standalone,-0.013257977332440822,0.01827331523605125,16,0.9747324288672397,cpu,974898.2343812771,wf_2018_2019,0.03396357664700966,True,19,-0.7303837757978853,2018-01-01/2019-12-31,XLV,50000,2009-01-01/2017-12-31,0.0,0.016666666666666666
ppo_with_uncertainty_guard,-0.00012066096263048012,0.04798933854178084,16,0.9629389139659337,cpu,999770.1821402663,wf_2018_2019,0.05425565802008647,True,19,-0.002514471906816502,2018-01-01/2019-12-31,XLV,50000,2009-01-01/2017-12-31,-0.004639319623908733,0.05
ppo_standalone,-0.010685006741123172,0.02187106839226193,16,0.9796177599634392,cpu,979746.0169097659,wf_2018_2019,0.034018083905387964,True,23,-0.49117048981539546,2018-01-01/2019-12-31,XLV,50000,2009-01-01/2017-12-31,-2.4242630875637107e-05,0.05
ppo_with_uncertainty_guard,0.10931446782979054,0.13603751665390496,16,0.9983515911091437,cpu,1218480.0773154893,wf_2018_2019,0.1511855593827851,True,23,0.7625992408274549,2018-01-01/2019-12-31,XLV,50000,2009-01-01/2017-12-31,-0.01411405541432078,0.05
ppo_standalone,-0.010959333490915803,0.021914815645676745,16,0.9790620667313177,cpu,979228.6087324263,wf_2018_2019,0.03873054868371284,True,29,-0.50284473037614,2018-01-01/2019-12-31,XLV,50000,2009-01-01/2017-12-31,0.0,0.0375
ppo_with_uncertainty_guard,0.04967567382732807,0.08427630270172402,16,0.9984393850983211,cpu,1096743.3617111924,wf_2018_2019,0.07468066852267019,True,29,0.575264238128119,2018-01-01/2019-12-31,XLV,50000,2009-01-01/2017-12-31,-0.00850064835322204,0.05
ppo_standalone,-0.010874130705969367,0.01905550037258336,16,0.9792227266293755,cpu,979389.2959593142,wf_2018_2019,0.03486609085415093,True,37,-0.5737763324854306,2018-01-01/2019-12-31,XLV,50000,2009-01-01/2017-12-31,0.0,0.01875
ppo_with_uncertainty_guard,0.09661496375896839,0.12581975746710702,16,0.9984270210439146,cpu,1192047.7512312718,wf_2018_2019,0.131118795175175,True,37,0.7330169361558886,2018-01-01/2019-12-31,XLV,50000,2009-01-01/2017-12-31,-0.01335719658674952,0.05
ppo_standalone,0.02379010303293026,0.062036969961234166,16,0.9997024834350631,cpu,1045801.7990652069,wf_2018_2019,0.0669715860911062,True,42,0.37899123621527503,2018-01-01/2019-12-31,XLV,50000,2009-01-01/2017-12-31,-0.006063327664766315,0.05
ppo_with_uncertainty_guard,0.09654870765460308,0.12928564469399131,16,0.9984511853755137,cpu,1191910.5701541712,wf_2018_2019,0.13438621186861488,True,42,0.7128989143675629,2018-01-01/2019-12-31,XLV,50000,2009-01-01/2017-12-31,-0.013589223201479145,0.05
ppo_standalone,-0.01485951479476865,0.01759600731467179,16,0.9717863307645123,cpu,971886.5153828525,wf_2018_2019,0.033114434837812734,True,53,-0.8508116685924885,2018-01-01/2019-12-31,XLV,50000,2009-01-01/2017-12-31,0.0,0.016666666666666666
ppo_with_uncertainty_guard,0.11438701772430976,0.1468962307127872,16,0.9983514904777676,cpu,1229114.8473246237,wf_2018_2019,0.15440971241069812,True,53,0.7372849274914236,2018-01-01/2019-12-31,XLV,50000,2009-01-01/2017-12-31,-0.01539064839927348,0.05
ppo_standalone,-0.01032729054106559,0.013929673770091766,16,0.9803198367317212,cpu,980420.9010969887,wf_2018_2019,0.026367735245744872,True,67,-0.7452341589459005,2018-01-01/2019-12-31,XLV,50000,2009-01-01/2017-12-31,0.0,0.016666666666666666
ppo_with_uncertainty_guard,0.12050189949072714,0.1410457177385382,16,0.9983514904774053,cpu,1241993.2414827056,wf_2018_2019,0.15440725047490533,True,67,0.8066645570293837,2018-01-01/2019-12-31,XLV,50000,2009-01-01/2017-12-31,-0.014409018881490975,0.05
ppo_standalone,-0.008326447571805971,0.02198656498569413,16,0.9840337342596568,cpu,984199.8555931847,wf_2018_2019,0.03675483954459391,True,89,-0.3802888584919682,2018-01-01/2019-12-31,XLV,50000,2009-01-01/2017-12-31,0.0,0.027083333333333334
ppo_with_uncertainty_guard,0.08021370384386327,0.11310286224571778,16,0.9986405875597175,cpu,1158318.4307717355,wf_2018_2019,0.12055422150531392,True,89,0.6822001288316266,2018-01-01/2019-12-31,XLV,50000,2009-01-01/2017-12-31,-0.011440743581204593,0.05
ppo_standalone,0.0008456245140779672,0.014584614472569033,16,0.9779782850917184,cpu,1001618.04881476,wf_2020_2021,0.026125822714966107,True,7,0.05795545549390671,2020-01-01/2021-12-31,XLV,50000,2009-01-01/2019-12-31,0.0,0.022821576763485476
ppo_with_uncertainty_guard,0.13063298974682308,0.12849409152453606,16,1.0,cpu,1264702.105119421,wf_2020_2021,0.1547630728702427,True,7,0.9555107995002952,2020-01-01/2021-12-31,XLV,50000,2009-01-01/2019-12-31,-0.010491798874134428,0.05186721991701245
ppo_standalone,0.004180260998191879,0.08799114722507352,16,0.982254462678795,cpu,1008010.8295582791,wf_2020_2021,0.14168945875394934,True,13,0.04740863809831919,2020-01-01/2021-12-31,XLV,50000,2009-01-01/2019-12-31,-0.003547159001045674,0.05186721991701245
ppo_with_uncertainty_guard,0.13969418904362732,0.15568239498301614,16,1.0,cpu,1284159.4622607788,wf_2020_2021,0.19437848376473998,True,13,0.8399140948254488,2020-01-01/2021-12-31,XLV,50000,2009-01-01/2019-12-31,-0.012375711229710262,0.05186721991701245
ppo_standalone,0.00451626556446691,0.08173742044891356,16,0.9828794498150543,cpu,1008656.0550309194,wf_2020_2021,0.13325125765410528,True,19,0.05512883894427689,2020-01-01/2021-12-31,XLV,50000,2009-01-01/2019-12-31,-0.0034966942272357747,0.05186721991701245
ppo_with_uncertainty_guard,0.2275468652899218,0.19111839440888095,16,1.0,cpu,1480140.688443983,wf_2020_2021,0.2008263921563982,True,19,1.0727255728794844,2020-01-01/2021-12-31,XLV,50000,2009-01-01/2019-12-31,-0.016593413543501523,0.05186721991701245
ppo_standalone,0.009444093112749746,0.007718913830199949,16,0.999919698792421,cpu,1018141.5315870882,wf_2020_2021,0.00184507810106449,True,23,1.2177339149980122,2020-01-01/2021-12-31,XLV,50000,2009-01-01/2019-12-31,0.0,0.004149377593360996
ppo_with_uncertainty_guard,0.2166231702518964,0.17501902452716678,16,1.0,cpu,1455049.9595932825,wf_2020_2021,0.18078738894490276,True,23,1.120329349865203,2020-01-01/2021-12-31,XLV,50000,2009-01-01/2019-12-31,-0.01565843816201502,0.05186721991701245
ppo_standalone,0.007017939218952781,0.010778812722117436,16,0.9896590101473213,cpu,1013466.1820018295,wf_2020_2021,0.010340989852678728,True,29,0.648802913743982,2020-01-01/2021-12-31,XLV,50000,2009-01-01/2019-12-31,0.0,0.01867219917012448
ppo_with_uncertainty_guard,0.21814713239683167,0.18164889442909923,16,1.0,cpu,1458538.0736292,wf_2020_2021,0.19006557773824717,True,29,1.0863307950100862,2020-01-01/2021-12-31,XLV,50000,2009-01-01/2019-12-31,-0.01587177154299404,0.05186721991701245
ppo_standalone,0.009267729124630034,0.009939780112701586,16,0.9950450779265888,cpu,1017801.3211267225,wf_2020_2021,0.004954922073411194,True,37,0.92807887069378,2020-01-01/2021-12-31,XLV,50000,2009-01-01/2019-12-31,0.0,0.016597510373443983
ppo_with_uncertainty_guard,0.1340714598747526,0.11099005153187212,16,1.0,cpu,1272068.9343671948,wf_2020_2021,0.11183207404718487,True,37,1.133561408423124,2020-01-01/2021-12-31,XLV,50000,2009-01-01/2019-12-31,-0.011186766961534023,0.05186721991701245
ppo_standalone,0.01074131638899188,0.009354178641022523,16,0.9990575767340801,cpu,1020645.574224655,wf_2020_2021,0.0029991147999399725,True,42,1.142148054515969,2020-01-01/2021-12-31,XLV,50000,2009-01-01/2019-12-31,0.0,0.01037344398340249
ppo_with_uncertainty_guard,0.20962609038634583,0.1662382344593086,16,1.0,cpu,1439085.8895529853,wf_2020_2021,0.16688954380556587,True,42,1.144809523090652,2020-01-01/2021-12-31,XLV,50000,2009-01-01/2019-12-31,-0.01535019448865178,0.05186721991701245
ppo_standalone,0.010893391769090256,0.009244756557896467,16,0.9993894674972015,cpu,1020939.319009097,wf_2020_2021,0.002678791340164244,True,53,1.1719400149800057,2020-01-01/2021-12-31,XLV,50000,2009-01-01/2019-12-31,0.0,0.008298755186721992
ppo_with_uncertainty_guard,0.2100472810981045,0.1551995605636557,16,1.0,cpu,1440044.472846244,wf_2020_2021,0.1442375199561795,True,53,1.2284779571904179,2020-01-01/2021-12-31,XLV,50000,2009-01-01/2019-12-31,-0.015216530849068733,0.05186721991701245
ppo_standalone,0.008791085036334363,0.007813142904862935,16,0.998212893454744,cpu,1016882.1344483631,wf_2020_2021,0.00228266777061914,True,67,1.1202266116593693,2020-01-01/2021-12-31,XLV,50000,2009-01-01/2019-12-31,0.0,0.014522821576763486
ppo_with_uncertainty_guard,0.22100776892606888,0.16590054743938817,16,1.0,cpu,1465096.3896414458,wf_2020_2021,0.15411764186534405,True,67,1.203590764967064,2020-01-01/2021-12-31,XLV,50000,2009-01-01/2019-12-31,-0.015353243036599639,0.05186721991701245
ppo_standalone,0.010160073889019672,0.008921915971382388,16,0.9985439586189254,cpu,1019523.2332764853,wf_2020_2021,0.0030570827623487284,True,89,1.1330108316053846,2020-01-01/2021-12-31,XLV,50000,2009-01-01/2019-12-31,0.0,0.01037344398340249
ppo_with_uncertainty_guard,0.17313443943826648,0.1481451295236442,16,1.0,cpu,1357192.3320052938,wf_2020_2021,0.15834947716394687,True,89,1.0778552365506826,2020-01-01/2021-12-31,XLV,50000,2009-01-01/2019-12-31,-0.013825975922453803,0.05186721991701245
ppo_standalone,0.0006581013094732722,0.005701711539452223,16,0.9948350955018727,cpu,1001251.2855621326,wf_2022_2023,0.005164904498127343,True,7,0.11538053707601528,2022-01-01/2023-12-31,XLV,50000,2009-01-01/2021-12-31,0.0,0.014613778705636743
ppo_with_uncertainty_guard,0.03051285857840593,0.13598915103642875,16,0.9941878475932621,cpu,1058794.9195572846,wf_2022_2023,0.12382933313868583,True,7,0.22102177971373058,2022-01-01/2023-12-31,XLV,50000,2009-01-01/2021-12-31,-0.013642044107677264,0.05010438413361169
ppo_standalone,-0.003473753565439178,0.012328466006946455,16,0.9843024570630466,cpu,993407.4431318535,wf_2022_2023,0.021972039166053725,True,13,-0.2822537895673662,2022-01-01/2023-12-31,XLV,50000,2009-01-01/2021-12-31,0.0,0.031315240083507306
ppo_with_uncertainty_guard,0.02550722110969122,0.10096550299845726,16,0.9936267696745115,cpu,1049040.4991513551,wf_2022_2023,0.09698544606509718,True,13,0.24946441810729078,2022-01-01/2023-12-31,XLV,50000,2009-01-01/2021-12-31,-0.010076062941077523,0.05010438413361169
ppo_standalone,-0.0008591624063380418,0.007252920810745834,16,0.9907896285707509,cpu,998367.541518236,wf_2022_2023,0.009210371429249076,True,19,-0.11850575900606755,2022-01-01/2023-12-31,XLV,50000,2009-01-01/2021-12-31,0.0,0.022964509394572025
ppo_with_uncertainty_guard,0.03305086878719539,0.1514574619678321,16,0.9866582086295743,cpu,1063757.0504070143,wf_2022_2023,0.15538152652906412,True,19,0.21468997410409685,2022-01-01/2023-12-31,XLV,50000,2009-01-01/2021-12-31,-0.015012052570662604,0.05010438413361169
ppo_standalone,-0.002634978718678908,0.007613268544341709,16,0.987975684401187,cpu,994997.3937781162,wf_2022_2023,0.013158014936771156,True,23,-0.3465530417772057,2022-01-01/2023-12-31,XLV,50000,2009-01-01/2021-12-31,0.0,0.022964509394572025
ppo_with_uncertainty_guard,0.031706184078678125,0.1406725501432286,16,0.9932730352436796,cpu,1061126.6522853898,wf_2022_2023,0.135675110438094,True,23,0.22189038243213283,2022-01-01/2023-12-31,XLV,50000,2009-01-01/2021-12-31,-0.014212220028849388,0.05010438413361169
ppo_standalone,-0.00511555389087443,0.011994915616650514,16,0.9811797062840707,cpu,990298.7949262756,wf_2022_2023,0.022688874363878897,True,29,-0.4275657638056058,2022-01-01/2023-12-31,XLV,50000,2009-01-01/2021-12-31,0.0,0.027139874739039668
ppo_with_uncertainty_guard,0.03218347992391327,0.11505994914197343,16,0.9939075163798473,cpu,1062059.9587995994,wf_2022_2023,0.11372465660042319,True,29,0.27530342585401507,2022-01-01/2023-12-31,XLV,50000,2009-01-01/2021-12-31,-0.011679498547138501,0.05010438413361169
ppo_standalone,-0.0018923044277475648,0.00906655548745524,16,0.9874809485651557,cpu,996406.185527833,wf_2022_2023,0.014380892037996529,True,37,-0.20890667214918499,2022-01-01/2023-12-31,XLV,50000,2009-01-01/2021-12-31,0.0,0.022964509394572025
ppo_with_uncertainty_guard,0.01064430766055422,0.1031621320876638,16,0.96770017992124,cpu,1020329.5968999384,wf_2022_2023,0.10869329199353195,True,37,0.10263494300749983,2022-01-01/2023-12-31,XLV,50000,2009-01-01/2021-12-31,-0.010534724088886093,0.05010438413361169
ppo_standalone,-0.004032607617800482,0.011338835409820735,16,0.9831406878947462,cpu,992348.7689216681,wf_2022_2023,0.02096855795034336,True,42,-0.3563596956084906,2022-01-01/2023-12-31,XLV,50000,2009-01-01/2021-12-31,0.0,0.027139874739039668
ppo_with_uncertainty_guard,-0.005172075475430089,0.036286214929152814,16,0.951813026318495,cpu,990191.856990251,wf_2022_2023,0.05390773716142849,True,42,-0.14290479953401922,2022-01-01/2023-12-31,XLV,50000,2009-01-01/2021-12-31,-0.00323637490753903,0.05010438413361169
ppo_standalone,0.003603725602477233,0.02707690596833768,16,0.9779917454629553,cpu,1006861.0556013243,wf_2022_2023,0.034159775188143726,True,53,0.13285220461420122,2022-01-01/2023-12-31,XLV,50000,2009-01-01/2021-12-31,-0.002593916078764202,0.05010438413361169
ppo_with_uncertainty_guard,0.03222388775654561,0.14139476617453553,16,0.9932465858192837,cpu,1062138.990316637,wf_2022_2023,0.13483993286031815,True,53,0.22430500280443946,2022-01-01/2023-12-31,XLV,50000,2009-01-01/2021-12-31,-0.014307152427744718,0.05010438413361169
ppo_standalone,-0.0022047001544086963,0.007859056459093782,16,0.9889272128860841,cpu,995813.4815513478,wf_2022_2023,0.013263759239303896,True,67,-0.2808339034500695,2022-01-01/2023-12-31,XLV,50000,2009-01-01/2021-12-31,0.0,0.033402922755741124
ppo_with_uncertainty_guard,0.030406095323043638,0.14547069626691236,16,0.9927922399281288,cpu,1058586.4248915701,wf_2022_2023,0.1432700434771247,True,67,0.20590373130116646,2022-01-01/2023-12-31,XLV,50000,2009-01-01/2021-12-31,-0.014589961103453852,0.05010438413361169
ppo_standalone,-0.0029661489523676423,0.015610533628582685,16,0.9851601391090291,cpu,994369.4957456688,wf_2022_2023,0.02289047174372183,True,89,-0.19028987435215663,2022-01-01/2023-12-31,XLV,50000,2009-01-01/2021-12-31,0.0,0.03549060542797495
ppo_with_uncertainty_guard,0.029608714083624647,0.10331440105262973,16,0.999889814229481,cpu,1057029.8590775244,wf_2022_2023,0.0909288843661955,True,89,0.282427190158684,2022-01-01/2023-12-31,XLV,50000,2009-01-01/2021-12-31,-0.01103551381315917,0.05010438413361169
ppo_standalone,0.008976251352728967,0.008071345369012262,16,0.9977214913871812,cpu,1017130.9606956248,wf_2024_2025,0.004885302766618804,True,7,1.107129991168379,2024-01-01/2025-12-31,XLV,50000,2009-01-01/2023-12-31,0.0,0.025052192066805846
ppo_with_uncertainty_guard,0.03664920321496897,0.08465996719489012,16,0.9901951242649853,cpu,1070811.0911182624,wf_2024_2025,0.11225390483169295,True,7,0.42515400500729383,2024-01-01/2025-12-31,XLV,50000,2009-01-01/2023-12-31,-0.008253623521282448,0.05010438413361169
ppo_standalone,0.008951102830028155,0.008035266205497504,16,0.9971513195780412,cpu,1017082.7727395847,wf_2024_2025,0.004486529183890142,True,13,1.1089991171873177,2024-01-01/2025-12-31,XLV,50000,2009-01-01/2023-12-31,0.0,0.031315240083507306
ppo_with_uncertainty_guard,0.053396510995233376,0.12046528268783223,16,0.9889432347681897,cpu,1103932.4349397125,wf_2024_2025,0.14645180186796802,True,13,0.4318227311188567,2024-01-01/2025-12-31,XLV,50000,2009-01-01/2023-12-31,-0.011694083134491074,0.05010438413361169
ppo_standalone,0.007947446020745626,0.006820698929077713,16,0.9977260894278546,cpu,1015160.5143787602,wf_2024_2025,0.002976443434934195,True,19,1.160562466479032,2024-01-01/2025-12-31,XLV,50000,2009-01-01/2023-12-31,0.0,0.020876826722338204
ppo_with_uncertainty_guard,0.06118840362382369,0.13650309570808009,16,0.9859658331631151,cpu,1119505.4486968243,wf_2024_2025,0.1630789606822871,True,19,0.43507692071525655,2024-01-01/2025-12-31,XLV,50000,2009-01-01/2023-12-31,-0.012914359878538307,0.05010438413361169
ppo_standalone,0.008210066298244993,0.007147178689535779,16,0.9970844481926233,cpu,1015663.3326125825,wf_2024_2025,0.003628157494813933,True,23,1.1439990230351604,2024-01-01/2025-12-31,XLV,50000,2009-01-01/2023-12-31,0.0,0.025052192066805846
ppo_with_uncertainty_guard,0.046150074959372046,0.08524810234757033,16,0.9905915660668652,cpu,1089542.3926940823,wf_2024_2025,0.10259092053239027,True,23,0.5292404780748702,2024-01-01/2025-12-31,XLV,50000,2009-01-01/2023-12-31,-0.008542870417918635,0.05010438413361169
ppo_standalone,0.004631907235561203,0.013424761399690828,16,0.984236688587202,cpu,1008822.6645525441,wf_2024_2025,0.017292455272336138,True,29,0.3442264768760537,2024-01-01/2025-12-31,XLV,50000,2009-01-01/2023-12-31,-0.0003928453667491281,0.05010438413361169
ppo_with_uncertainty_guard,0.017355255275680426,0.07541888788504135,16,0.9928506134814639,cpu,1033246.4766877319,wf_2024_2025,0.10029161173193202,True,29,0.22814360200604786,2024-01-01/2025-12-31,XLV,50000,2009-01-01/2023-12-31,-0.006874568697526051,0.05010438413361169
ppo_standalone,0.005696690787401698,0.00584086320769642,16,0.9983499277869837,cpu,1010856.0112263926,wf_2024_2025,0.0016500722130162737,True,37,0.9725226256326317,2024-01-01/2025-12-31,XLV,50000,2009-01-01/2023-12-31,0.0,0.010438413361169102
ppo_with_uncertainty_guard,0.04996162016899851,0.10973644380897843,16,0.9898481056029709,cpu,1097100.2412913772,wf_2024_2025,0.1295799536297273,True,37,0.4442784827183392,2024-01-01/2025-12-31,XLV,50000,2009-01-01/2023-12-31,-0.009994108300001692,0.05010438413361169
ppo_standalone,0.008375488385584233,0.007764841318875876,16,0.996952762266924,cpu,1015980.1137445256,wf_2024_2025,0.0040042463420000285,True,42,1.074128594399848,2024-01-01/2025-12-31,XLV,50000,2009-01-01/2023-12-31,0.0,0.025052192066805846
ppo_with_uncertainty_guard,0.06681170748000727,0.14559396451889556,16,0.9855356486982416,cpu,1130808.490833607,wf_2024_2025,0.17108740382304133,True,42,0.4442108390525608,2024-01-01/2025-12-31,XLV,50000,2009-01-01/2023-12-31,-0.014034483969548006,0.05010438413361169
ppo_standalone,0.006496316143598468,0.005797811509217871,16,0.999539235823315,cpu,1012384.278451619,wf_2024_2025,0.002629553468663559,True,53,1.1168229123355518,2024-01-01/2025-12-31,XLV,50000,2009-01-01/2023-12-31,0.0,0.014613778705636743
ppo_with_uncertainty_guard,0.06379942405421722,0.1443360613507015,16,0.9855356529379956,cpu,1124747.0011091747,wf_2024_2025,0.17101566169092353,True,53,0.4284916279551832,2024-01-01/2025-12-31,XLV,50000,2009-01-01/2023-12-31,-0.01368964479690966,0.05010438413361169
ppo_standalone,0.004970885953956689,0.0052797120095349785,16,0.9989213862688804,cpu,1009469.7792501182,wf_2024_2025,0.0022847951205403616,True,67,0.9391464529785533,2024-01-01/2025-12-31,XLV,50000,2009-01-01/2023-12-31,0.0,0.012526096033402923
ppo_with_uncertainty_guard,0.06023953814080252,0.1413827298226657,16,0.9855358677960261,cpu,1117603.501760275,wf_2024_2025,0.1701371635887089,True,67,0.41373367431639074,2024-01-01/2025-12-31,XLV,50000,2009-01-01/2023-12-31,-0.013487635807693188,0.05010438413361169
ppo_standalone,0.009976188956493763,0.009899700716349701,16,0.9956435352957488,cpu,1019047.8525254086,wf_2024_2025,0.007501087787106675,True,89,1.0027167883890415,2024-01-01/2025-12-31,XLV,50000,2009-01-01/2023-12-31,0.0,0.029227557411273485
ppo_with_uncertainty_guard,0.054885293047636834,0.1277801819093053,16,0.9860126449190684,cpu,1106899.9509173206,wf_2024_2025,0.1523145202108399,True,89,0.4181553576561596,2024-01-01/2025-12-31,XLV,50000,2009-01-01/2023-12-31,-0.01149016821354607,0.05010438413361169
ppo_standalone,-0.007429517971125573,0.014375876137975151,16,0.985896111114888,cpu,985896.111114888,wf_2018_2019,0.030700942602955528,True,7,-0.5187281725601339,2018-01-01/2019-12-31,XLU,50000,2009-01-01/2017-12-31,0.0,0.029166666666666667
ppo_with_uncertainty_guard,0.07706343255405705,0.06970663490601572,16,0.997428112579254,cpu,1151892.537009595,wf_2018_2019,0.0484015993911604,True,7,1.065008014309624,2018-01-01/2019-12-31,XLU,50000,2009-01-01/2017-12-31,-0.006948234832977995,0.05
ppo_standalone,-0.00855022403807096,0.014248223545125862,16,0.9837768702316304,cpu,983776.8702316304,wf_2018_2019,0.031134527529791733,True,13,-0.6026639889755783,2018-01-01/2019-12-31,XLU,50000,2009-01-01/2017-12-31,0.0,0.027083333333333334
ppo_with_uncertainty_guard,0.1576937551751943,0.11794413383586241,16,0.9967488942545052,cpu,1321693.7590471727,wf_2018_2019,0.08409858225011746,True,13,1.241517337089628,2018-01-01/2019-12-31,XLU,50000,2009-01-01/2017-12-31,-0.012397757274529119,0.05
ppo_standalone,-0.012092724742019117,0.009771350437302104,16,0.9770922937352052,cpu,977092.2937352052,wf_2018_2019,0.028102749368777102,True,19,-1.245092888409066,2018-01-01/2019-12-31,XLU,50000,2009-01-01/2017-12-31,0.0,0.016666666666666666
ppo_with_uncertainty_guard,0.10933737203100481,0.09235576744525312,16,0.9981364670971822,cpu,1218527.9980712696,wf_2018_2019,0.06915051318780485,True,19,1.123510739563529,2018-01-01/2019-12-31,XLU,50000,2009-01-01/2017-12-31,-0.009114315374764814,0.05
ppo_standalone,-0.00841407127461927,0.01309758919930342,16,0.9840342177738419,cpu,984034.2177738419,wf_2018_2019,0.027334901842159032,True,23,-0.6451238359658282,2018-01-01/2019-12-31,XLU,50000,2009-01-01/2017-12-31,0.0,0.035416666666666666
ppo_with_uncertainty_guard,0.10327872823531933,0.08722946645256707,16,0.9974583451969276,cpu,1205883.1542777682,wf_2018_2019,0.06117662301162563,True,23,1.1267549097918512,2018-01-01/2019-12-31,XLU,50000,2009-01-01/2017-12-31,-0.008872396348628086,0.05
ppo_standalone,-0.008966983899645701,0.014629897601116115,16,0.9829893352101744,cpu,982989.3352101744,wf_2018_2019,0.031237223685775195,True,29,-0.6156797383495145,2018-01-01/2019-12-31,XLU,50000,2009-01-01/2017-12-31,0.0,0.027083333333333334
ppo_with_uncertainty_guard,0.1682910893338878,0.12425536427931332,16,0.9967486230560791,cpu,1344834.0419090516,wf_2018_2019,0.08655553753012302,True,29,1.2517920321769993,2018-01-01/2019-12-31,XLU,50000,2009-01-01/2017-12-31,-0.012899680015956958,0.05
ppo_standalone,-0.011403224564639866,0.010683591121705643,16,0.9783916599799684,cpu,978391.6599799683,wf_2018_2019,0.02977064348809144,True,37,-1.073475138053117,2018-01-01/2019-12-31,XLU,50000,2009-01-01/2017-12-31,0.0,0.016666666666666666
ppo_with_uncertainty_guard,0.14038533696680597,0.10681388716708282,16,0.9971458621674373,cpu,1284309.6951220061,wf_2018_2019,0.07279861522456932,True,37,1.2298590419787632,2018-01-01/2019-12-31,XLU,50000,2009-01-01/2017-12-31,-0.01077335474182437,0.05
ppo_standalone,-0.009855071470591236,0.014302191750222897,16,0.9813121498125749,cpu,981312.1498125748,wf_2018_2019,0.0315538591026745,True,42,-0.6924703822030065,2018-01-01/2019-12-31,XLU,50000,2009-01-01/2017-12-31,0.0,0.03333333333333333
ppo_with_uncertainty_guard,0.13347606642768994,0.1022965044550905,16,0.9971016960491735,cpu,1269528.8647788162,wf_2018_2019,0.06586359454015578,True,42,1.224762099469047,2018-01-01/2019-12-31,XLU,50000,2009-01-01/2017-12-31,-0.010573669257676332,0.05
ppo_standalone,-0.011270322167654282,0.01003084182040135,16,0.9786422094416689,cpu,978642.2094416689,wf_2018_2019,0.02813279178844086,True,53,-1.1299285082119983,2018-01-01/2019-12-31,XLU,50000,2009-01-01/2017-12-31,0.0,0.01875
ppo_with_uncertainty_guard,-0.008876933501317418,0.011560871981338478,16,0.9831594745993264,cpu,983159.4745993264,wf_2018_2019,0.02749980656450335,True,53,-0.7712606615516717,2018-01-01/2019-12-31,XLU,50000,2009-01-01/2017-12-31,0.0,0.020833333333333332
ppo_standalone,0.007326333695151672,0.026667660212760354,16,0.9989033817403936,cpu,1014001.1612979536,wf_2018_2019,0.030622128499577794,True,67,0.2737241650188988,2018-01-01/2019-12-31,XLU,50000,2009-01-01/2017-12-31,-0.002145147928949065,0.05
ppo_with_uncertainty_guard,0.07777805063503347,0.07074157948033986,16,0.9956892567687159,cpu,1153348.7191856015,wf_2018_2019,0.04972443543864269,True,67,1.0588029530874379,2018-01-01/2019-12-31,XLU,50000,2009-01-01/2017-12-31,-0.007132064023791784,0.05
ppo_standalone,-0.007463400049256226,0.02087088252101449,16,0.9858320087831268,cpu,985832.0087831268,wf_2018_2019,0.03299185545284444,True,89,-0.35893707843917955,2018-01-01/2019-12-31,XLU,50000,2009-01-01/2017-12-31,0.0,0.035416666666666666
ppo_with_uncertainty_guard,0.14579464087596422,0.11134864322096064,16,0.9967709606346042,cpu,1295938.3905584065,wf_2018_2019,0.07909359498092772,True,89,1.2222709484844194,2018-01-01/2019-12-31,XLU,50000,2009-01-01/2017-12-31,-0.01149748158826753,0.05
ppo_standalone,0.0016891099296552842,0.003900818416459978,16,0.9999656243234274,cpu,1003233.2481046049,wf_2020_2021,0.0040024746337345984,True,7,0.43263134285452826,2020-01-01/2021-12-31,XLU,50000,2009-01-01/2019-12-31,0.0,0.006224066390041493
ppo_with_uncertainty_guard,0.028113858776270855,0.08247053594662017,16,1.0,cpu,1054462.670623153,wf_2020_2021,0.09512649394702266,True,7,0.33619115939208616,2020-01-01/2021-12-31,XLU,50000,2009-01-01/2019-12-31,-0.00849019376200566,0.05186721991701245
ppo_standalone,-0.0049041411694219494,0.008618894139087386,16,0.9813882126456978,cpu,990640.8527383723,wf_2020_2021,0.018611787354302245,True,13,-0.570388184968982,2020-01-01/2021-12-31,XLU,50000,2009-01-01/2019-12-31,0.0,0.02074688796680498
ppo_with_uncertainty_guard,-2.703832404896958e-05,0.0035698037573183693,16,0.9985192954250972,cpu,999948.2844786317,wf_2020_2021,0.0042274894902156746,True,13,-0.007573942183674869,2020-01-01/2021-12-31,XLU,50000,2009-01-01/2019-12-31,0.0,0.01867219917012448
ppo_standalone,-0.009650653257183011,0.020819440532513223,16,0.9718869815937231,cpu,981622.527485934,wf_2020_2021,0.039001541203735,True,19,-0.46578814857687817,2020-01-01/2021-12-31,XLU,50000,2009-01-01/2019-12-31,0.0,0.03319502074688797
ppo_with_uncertainty_guard,0.07543184406806708,0.23799885823144876,16,1.0,cpu,1149234.215212334,wf_2020_2021,0.2660158298897689,True,19,0.305557128973016,2020-01-01/2021-12-31,XLU,50000,2009-01-01/2019-12-31,-0.023582114479559557,0.05186721991701245
ppo_standalone,-0.008863493806783675,0.01465399276488133,16,0.9738623079962545,cpu,983115.4002797967,wf_2020_2021,0.03367487048807227,True,23,-0.607541707605556,2020-01-01/2021-12-31,XLU,50000,2009-01-01/2019-12-31,0.0,0.029045643153526972
ppo_with_uncertainty_guard,0.024117798032663403,0.17706288163156617,16,1.0,cpu,1046637.4339535241,wf_2020_2021,0.2303743357232888,True,23,0.13459362886591336,2020-01-01/2021-12-31,XLU,50000,2009-01-01/2019-12-31,-0.015895260383566968,0.05186721991701245
ppo_standalone,-0.010373311250578466,0.012559488250222852,16,0.9697733939280792,cpu,980252.9369099217,wf_2020_2021,0.03194256675638352,True,29,-0.8302374296041539,2020-01-01/2021-12-31,XLU,50000,2009-01-01/2019-12-31,0.0,0.04149377593360996
ppo_with_uncertainty_guard,0.03386931009281576,0.13814692500065062,16,1.0,cpu,1065782.0799390164,wf_2020_2021,0.18223844116007726,True,29,0.24110806131233198,2020-01-01/2021-12-31,XLU,50000,2009-01-01/2019-12-31,-0.012559611450356112,0.05186721991701245
ppo_standalone,-0.04387047441946886,0.06548667481227229,16,0.9066960041364909,cpu,917771.1033962874,wf_2020_2021,0.12376697763486999,False,37,-0.6850520274439509,2020-01-01/2021-12-31,XLU,50000,2009-01-01/2019-12-31,-0.0005861731247458479,0.05186721991701245
ppo_with_uncertainty_guard,0.010195328691709058,0.1146235031131057,16,1.0,cpu,1019591.2911899938,wf_2020_2021,0.14725208182880845,True,37,0.08849574978359828,2020-01-01/2021-12-31,XLU,50000,2009-01-01/2019-12-31,-0.011923197725897694,0.05186721991701245
ppo_standalone,-0.0005378515125587565,0.005619573059519465,16,0.993839883981053,cpu,998971.5047738014,wf_2020_2021,0.007102558657613667,True,42,-0.09573343093139489,2020-01-01/2021-12-31,XLU,50000,2009-01-01/2019-12-31,0.0,0.022821576763485476
ppo_with_uncertainty_guard,0.059065627902259395,0.20208854435808077,16,1.0,cpu,1116014.7639291254,wf_2020_2021,0.2393102985378629,True,42,0.2839695410827058,2020-01-01/2021-12-31,XLU,50000,2009-01-01/2019-12-31,-0.018989993112776913,0.05186721991701245
ppo_standalone,1.5616168753153918e-05,0.003857523038642797,16,0.9986465646588261,cpu,1000029.8692340449,wf_2020_2021,0.004495168782340797,True,53,0.004048039132713387,2020-01-01/2021-12-31,XLU,50000,2009-01-01/2019-12-31,0.0,0.006224066390041493
ppo_with_uncertainty_guard,0.07973904122899497,0.2095863967536275,16,1.0,cpu,1158054.0379326306,wf_2020_2021,0.22330090958705429,True,53,0.3660510726226584,2020-01-01/2021-12-31,XLU,50000,2009-01-01/2019-12-31,-0.02063646940977861,0.05186721991701245
ppo_standalone,0.0007624240015259997,0.0035944718723156842,16,0.999873780136424,cpu,1001458.7945504404,wf_2020_2021,0.0040024746337345984,True,67,0.21201997788158897,2020-01-01/2021-12-31,XLU,50000,2009-01-01/2019-12-31,0.0,0.008298755186721992
ppo_with_uncertainty_guard,0.08430739232609824,0.22027004200635528,16,1.0,cpu,1167443.7790235344,wf_2020_2021,0.23272135915549785,True,67,0.3674642997503273,2020-01-01/2021-12-31,XLU,50000,2009-01-01/2019-12-31,-0.021752472492544063,0.05186721991701245
ppo_standalone,0.0005037853749920803,0.003571804592245285,16,0.9995764573991363,cpu,1000963.8110150449,wf_2020_2021,0.00400963994178094,True,89,0.1410032719208928,2020-01-01/2021-12-31,XLU,50000,2009-01-01/2019-12-31,0.0,0.006224066390041493
ppo_with_uncertainty_guard,0.046580126890899014,0.18535441119070972,16,1.0,cpu,1090985.0475832974,wf_2020_2021,0.2289597434157863,True,89,0.24562559496163672,2020-01-01/2021-12-31,XLU,50000,2009-01-01/2019-12-31,-0.016530201626113426,0.05186721991701245
ppo_standalone,0.0002713750430899776,0.005487312592829874,16,0.9939543414075447,cpu,1000515.8910061476,wf_2022_2023,0.006045658592455316,True,7,0.049446860099096976,2022-01-01/2023-12-31,XLU,50000,2009-01-01/2021-12-31,0.0,0.010438413361169102
ppo_with_uncertainty_guard,-0.014274179382466307,0.0927658383354328,16,0.9155470754462284,cpu,973042.2477067285,wf_2022_2023,0.14158187388293642,False,7,-0.15498173789186717,2022-01-01/2023-12-31,XLU,50000,2009-01-01/2021-12-31,-0.009879721866892233,0.05010438413361169
ppo_standalone,-0.0010566560522230488,0.014383905281448445,16,0.9906709066946658,cpu,997992.470785523,wf_2022_2023,0.02620714165121052,True,13,-0.07349902675985832,2022-01-01/2023-12-31,XLU,50000,2009-01-01/2021-12-31,0.0,0.03549060542797495
ppo_with_uncertainty_guard,-0.005605517177100948,0.00925164145874302,16,0.9824118311144892,cpu,989371.9741160945,wf_2022_2023,0.01759108976212087,True,13,-0.6075884611073866,2022-01-01/2023-12-31,XLU,50000,2009-01-01/2021-12-31,0.0,0.025052192066805846
ppo_standalone,-0.003665890381222477,0.009349288831829311,16,0.9857581490025791,cpu,993043.4053043788,wf_2022_2023,0.018683832024451452,True,19,-0.3928174572991969,2022-01-01/2023-12-31,XLU,50000,2009-01-01/2021-12-31,0.0,0.022964509394572025
ppo_with_uncertainty_guard,-0.013923569088165052,0.18786410944327178,16,0.854153226853995,cpu,973700.2156998338,wf_2022_2023,0.2501651476255541,False,19,-0.07463586014079515,2022-01-01/2023-12-31,XLU,50000,2009-01-01/2021-12-31,-0.020353677445618956,0.05010438413361169
ppo_standalone,-0.002023166814361443,0.010323769380607648,16,0.9895848390810272,cpu,996157.8818380192,wf_2022_2023,0.019971816280472954,True,23,-0.1961672104156595,2022-01-01/2023-12-31,XLU,50000,2009-01-01/2021-12-31,0.0,0.022964509394572025
ppo_with_uncertainty_guard,-0.010663816803509243,0.17287534741055943,16,0.8739571481198548,cpu,979827.6735721908,wf_2022_2023,0.23232100065617356,False,23,-0.062016204701825416,2022-01-01/2023-12-31,XLU,50000,2009-01-01/2021-12-31,-0.018981688756670678,0.05010438413361169
ppo_standalone,-0.006093244572659612,0.009676126370383864,16,0.9813229108761667,cpu,988449.7912067126,wf_2022_2023,0.019205278316280494,True,29,-0.6316353920937968,2022-01-01/2023-12-31,XLU,50000,2009-01-01/2021-12-31,0.0,0.020876826722338204
ppo_with_uncertainty_guard,0.0012498229161892582,0.1320369544787608,16,0.9296426133145878,cpu,1002376.9927035787,wf_2022_2023,0.17920842389611658,False,29,0.009459783747062732,2022-01-01/2023-12-31,XLU,50000,2009-01-01/2021-12-31,-0.01345109704298011,0.05010438413361169
ppo_standalone,-0.0022620778038605037,0.0076018050233882094,16,0.9883998580383476,cpu,995704.6379194552,wf_2022_2023,0.011600141961652377,True,37,-0.2979019942393187,2022-01-01/2023-12-31,XLU,50000,2009-01-01/2021-12-31,0.0,0.012526096033402923
ppo_with_uncertainty_guard,-0.005731237727055724,0.009253225084289747,16,0.9821757553570688,cpu,989134.2258207641,wf_2022_2023,0.01794486490374725,True,37,-0.6211483710658325,2022-01-01/2023-12-31,XLU,50000,2009-01-01/2021-12-31,-4.964433345833185e-06,0.05010438413361169
ppo_standalone,-0.004424261930887504,0.008880360472151998,16,0.9843324315507473,cpu,991607.1510722415,wf_2022_2023,0.015752696497451923,True,42,-0.4993039069382018,2022-01-01/2023-12-31,XLU,50000,2009-01-01/2021-12-31,0.0,0.014613778705636743
ppo_with_uncertainty_guard,-0.012371967900501817,0.17995405168539627,16,0.8645849516124205,cpu,976614.5369627853,wf_2022_2023,0.2408060630912584,False,42,-0.06917947528033455,2022-01-01/2023-12-31,XLU,50000,2009-01-01/2021-12-31,-0.01947638124561273,0.05010438413361169
ppo_standalone,0.0112099823876331,0.019513563645186572,16,0.988774232341472,cpu,1021415.4057232543,wf_2022_2023,0.024658762971161985,True,53,0.5712706146985107,2022-01-01/2023-12-31,XLU,50000,2009-01-01/2021-12-31,-0.0013974639078075056,0.05010438413361169
ppo_with_uncertainty_guard,-0.017496952689767968,0.13131325945596717,16,0.890933337370417,cpu,967004.1486241629,wf_2022_2023,0.18114907239556122,False,53,-0.13442520876642336,2022-01-01/2023-12-31,XLU,50000,2009-01-01/2021-12-31,-0.014190390626777294,0.05010438413361169
ppo_standalone,-0.0034218634343126013,0.007275608843478337,16,0.986990193128225,cpu,993505.7691821256,wf_2022_2023,0.013413026829130037,True,67,-0.47111612037451833,2022-01-01/2023-12-31,XLU,50000,2009-01-01/2021-12-31,0.0,0.020876826722338204
ppo_with_uncertainty_guard,-0.011035160794137352,0.12196073307112415,16,0.8913061943858939,cpu,979128.7273619885,wf_2022_2023,0.16832959711063966,False,67,-0.09098408260886252,2022-01-01/2023-12-31,XLU,50000,2009-01-01/2021-12-31,-0.012452332763086282,0.05010438413361169
ppo_standalone,0.0061050284991255805,0.019215100362817615,16,0.993760869953997,cpu,1011636.3014262351,wf_2022_2023,0.029028676699560885,True,89,0.3167518210635888,2022-01-01/2023-12-31,XLU,50000,2009-01-01/2021-12-31,0.0,0.03549060542797495
ppo_with_uncertainty_guard,-0.011615243073869293,0.18985477805952813,16,0.8538769622042993,cpu,978037.3655264071,wf_2022_2023,0.25040758971946575,False,89,-0.06153765159834718,2022-01-01/2023-12-31,XLU,50000,2009-01-01/2021-12-31,-0.020358347416605405,0.05010438413361169
ppo_standalone,0.00835205654016048,0.019503345976737193,16,0.9996989179085343,cpu,1015935.2392212272,wf_2024_2025,0.0213648921248909,True,7,0.4264552053857455,2024-01-01/2025-12-31,XLU,50000,2009-01-01/2023-12-31,0.0,0.037578288100208766
ppo_with_uncertainty_guard,0.10076003633199469,0.07772705468169733,16,0.963041092094269,cpu,1200187.589921771,wf_2024_2025,0.05625116937004504,True,7,1.235100026120808,2024-01-01/2025-12-31,XLU,50000,2009-01-01/2023-12-31,-0.008174858070660563,0.05010438413361169
ppo_standalone,0.00169572747200731,0.016390610388567026,16,0.9937651501869467,cpu,1003225.6896155535,wf_2024_2025,0.02052234992306734,True,13,0.10336862996779667,2024-01-01/2025-12-31,XLU,50000,2009-01-01/2023-12-31,0.0,0.031315240083507306
ppo_with_uncertainty_guard,-0.0026069863631603763,0.011670924807982283,16,0.9862049692940091,cpu,995050.4758319402,wf_2024_2025,0.017320893245717617,True,13,-0.2236630778825957,2024-01-01/2025-12-31,XLU,50000,2009-01-01/2023-12-31,0.0,0.014613778705636743
ppo_standalone,-0.0020854658172364286,0.012338067667165107,16,0.9866469089222678,cpu,996039.6834447152,wf_2024_2025,0.018450125679477902,True,19,-0.16920125789600976,2024-01-01/2025-12-31,XLU,50000,2009-01-01/2023-12-31,0.0,0.016701461377870562
ppo_with_uncertainty_guard,0.1910003831584407,0.13548617436727353,16,0.9380319229509153,cpu,1394096.5736868354,wf_2024_2025,0.09493979640026873,False,19,1.2901198819788016,2024-01-01/2025-12-31,XLU,50000,2009-01-01/2023-12-31,-0.012926578991838866,0.05010438413361169
ppo_standalone,0.003391873611936012,0.015843052498238586,16,0.9976125075619291,cpu,1006457.1001185159,wf_2024_2025,0.01856020998084562,True,23,0.21372776839547977,2024-01-01/2025-12-31,XLU,50000,2009-01-01/2023-12-31,0.0,0.027139874739039668
ppo_with_uncertainty_guard,0.1798999042421127,0.1316589009743784,16,0.9383244588853165,cpu,1369502.5181762683,wf_2024_2025,0.09235293999813565,False,23,1.2564999956600456,2024-01-01/2025-12-31,XLU,50000,2009-01-01/2023-12-31,-0.012535635444692515,0.05010438413361169
ppo_standalone,-0.0008529300135815971,0.013343245936611495,16,0.9892121122542504,cpu,998379.3788753488,wf_2024_2025,0.019104395777220007,True,29,-0.06394874364572761,2024-01-01/2025-12-31,XLU,50000,2009-01-01/2023-12-31,0.0,0.016701461377870562
ppo_with_uncertainty_guard,0.13598623440644347,0.12257482201289449,16,0.9341730105421915,cpu,1274244.5286131925,wf_2024_2025,0.09186175645652417,False,29,1.0401894565852143,2024-01-01/2025-12-31,XLU,50000,2009-01-01/2023-12-31,-0.012620897365173177,0.05010438413361169
ppo_standalone,-0.004069450906011681,0.011636752734580832,16,0.9829216822819091,cpu,992278.9930395979,wf_2024_2025,0.018080733456043552,True,37,-0.350415456989311,2024-01-01/2025-12-31,XLU,50000,2009-01-01/2023-12-31,0.0,0.010438413361169102
ppo_with_uncertainty_guard,-0.0026069863631603763,0.011670924807982283,16,0.9862049692940091,cpu,995050.4758319402,wf_2024_2025,0.017320893245717617,True,37,-0.2236630778825957,2024-01-01/2025-12-31,XLU,50000,2009-01-01/2023-12-31,0.0,0.014613778705636743
ppo_standalone,0.008286015456611284,0.018257795266112417,16,0.9988993401671237,cpu,1015808.7684438569,wf_2024_2025,0.02056651696824996,True,42,0.45196054764131144,2024-01-01/2025-12-31,XLU,50000,2009-01-01/2023-12-31,0.0,0.03549060542797495
ppo_with_uncertainty_guard,0.2187853757058762,0.15299854524249057,16,0.929625330887036,cpu,1456565.2403129658,wf_2024_2025,0.10504344947272415,False,42,1.2931793797740183,2024-01-01/2025-12-31,XLU,50000,2009-01-01/2023-12-31,-0.014434156719249813,0.05010438413361169
ppo_standalone,-0.004282979843848116,0.011417847486346354,16,0.9834973090377259,cpu,991874.6457696034,wf_2024_2025,0.018307265598210498,True,53,-0.3759130962369935,2024-01-01/2025-12-31,XLU,50000,2009-01-01/2023-12-31,0.0,0.014613778705636743
ppo_with_uncertainty_guard,-0.0026069863631603763,0.011670924807982283,16,0.9862049692940091,cpu,995050.4758319402,wf_2024_2025,0.017320893245717617,True,53,-0.2236630778825957,2024-01-01/2025-12-31,XLU,50000,2009-01-01/2023-12-31,0.0,0.014613778705636743
ppo_standalone,0.009069050890026705,0.017938818190109698,16,0.9981405719094383,cpu,1017308.7864679047,wf_2024_2025,0.01855520238009689,True,67,0.5032713982393267,2024-01-01/2025-12-31,XLU,50000,2009-01-01/2023-12-31,0.0,0.04801670146137787
ppo_with_uncertainty_guard,-0.0030799449858381215,0.011690951783424153,16,0.985316246705262,cpu,994153.7820792728,wf_2024_2025,0.017320893245717617,True,67,-0.26384985158392377,2024-01-01/2025-12-31,XLU,50000,2009-01-01/2023-12-31,0.0,0.029227557411273485
ppo_standalone,0.0012803066309655456,0.01512759813109393,16,0.9931559524210141,cpu,1002435.0019808826,wf_2024_2025,0.01857580890025856,True,89,0.08457881414846896,2024-01-01/2025-12-31,XLU,50000,2009-01-01/2023-12-31,0.0,0.025052192066805846
ppo_with_uncertainty_guard,0.19667355779302642,0.1481833277705974,16,0.9296254305045716,cpu,1406746.0538274194,wf_2024_2025,0.10493832883448972,False,89,1.2116442704829877,2024-01-01/2025-12-31,XLU,50000,2009-01-01/2023-12-31,-0.014088217945631953,0.05010438413361169
