agent,annualized_return,annualized_volatility,bootstrap_paths,capital_preservation_rate_95pct_hwm,device,final_portfolio_value,fold_id,max_drawdown,meets_95pct_preservation_goal,seed,sharpe_ratio,ticker,timesteps,uncertainty_mode,var_95,var_95_violation_rate
ppo_with_uncertainty_guard,0.1377512370238867,0.2694947085125127,32,0.9565674121742435,cpu,1651816.4463846565,test_legacy,0.3336051975967498,True,7,0.47887262745245335,AAPL,50000,aleatoric,-0.02819541360986788,0.05
ppo_with_uncertainty_guard,0.005917983859402612,0.07401524415215717,32,0.9694407400981454,cpu,1023211.8472004333,test_legacy,0.14035614699701282,True,13,0.07972045201875161,AAPL,50000,aleatoric,-0.007474101136289946,0.05
ppo_with_uncertainty_guard,0.13616647302042006,0.2770722697216457,32,0.9565674121730684,cpu,1642886.8730314437,test_legacy,0.3336051995314506,True,19,0.4607454210467233,AAPL,50000,aleatoric,-0.02902603051756918,0.05
ppo_with_uncertainty_guard,-0.002047119575989938,0.005232805617495107,32,0.9889409378851958,cpu,992062.4894424744,test_legacy,0.01105906211480423,True,23,-0.391597887412193,AAPL,50000,aleatoric,0.0,0.0326530612244898
ppo_with_uncertainty_guard,-0.0010822069342808723,0.00478771069810164,32,0.9926646863841062,cpu,995797.9918009738,test_legacy,0.008768489203447749,True,29,-0.22615339784883084,AAPL,50000,aleatoric,0.0,0.012244897959183673
ppo_with_uncertainty_guard,0.13933476927301636,0.2546267809039697,32,0.9565716955539484,cpu,1660775.0414297816,test_legacy,0.3334778681968268,True,37,0.5122967606551639,AAPL,50000,aleatoric,-0.025330684182001396,0.05
ppo_with_uncertainty_guard,0.12378319333119933,0.24099833075214835,32,0.9565734128311449,cpu,1574340.755941241,test_legacy,0.33314622660188875,True,42,0.4842389037964883,AAPL,50000,aleatoric,-0.024363590036262737,0.05
ppo_with_uncertainty_guard,0.0348189003131411,0.0946744382633015,32,0.9822939203143785,cpu,1142367.4346801597,test_legacy,0.13762782996588463,True,53,0.3615165730405776,AAPL,50000,aleatoric,-0.009652084071919908,0.05
ppo_with_uncertainty_guard,0.09581036865074338,0.18037933584430177,32,0.9596753332430688,cpu,1427337.1737089015,test_legacy,0.29247239716863427,True,67,0.5072314481206642,AAPL,50000,aleatoric,-0.016793870432290702,0.05
ppo_with_uncertainty_guard,0.0846140942583084,0.16723619577669205,32,0.9682490665791776,cpu,1371454.8137089263,test_legacy,0.24893802505490936,True,89,0.4856853670556609,AAPL,50000,aleatoric,-0.016037598678788977,0.05
ppo_with_uncertainty_guard,0.21825708396144838,0.4162498819858149,32,0.9560241204323886,cpu,2154910.4744667863,test_legacy,0.4988192147204552,True,7,0.4742851610169096,AMAT,50000,aleatoric,-0.04077409354912183,0.05
ppo_with_uncertainty_guard,0.08657344514824304,0.1459667457074956,32,0.9789169674108978,cpu,1381114.8123135692,test_legacy,0.19479350536431617,True,13,0.5688215192930961,AMAT,50000,aleatoric,-0.014183453623109975,0.05
ppo_with_uncertainty_guard,0.21226191614224058,0.42089160791824004,32,0.9560241204319223,cpu,2113962.8522835346,test_legacy,0.498819244170119,True,19,0.45733364720798514,AMAT,50000,aleatoric,-0.041215009846025996,0.05
ppo_with_uncertainty_guard,0.038571913515307116,0.1384479566047577,32,0.987370290514397,cpu,1158563.9439895693,test_legacy,0.24100151434649264,True,23,0.2733631247197299,AMAT,50000,aleatoric,-0.013823384173522513,0.05
ppo_with_uncertainty_guard,0.0046079309138272306,0.026976140323665288,32,0.9939869222943952,cpu,1018039.3496718453,test_legacy,0.04556373941319469,True,29,0.17042170572037993,AMAT,50000,aleatoric,-0.0017210922283585894,0.05
ppo_with_uncertainty_guard,0.2127666661172682,0.4211994729946895,32,0.9560241204319294,cpu,2117387.8786226157,test_legacy,0.4988192426060962,True,37,0.45798769972765,AMAT,50000,aleatoric,-0.04167775410525545,0.05
ppo_with_uncertainty_guard,-0.0034232610913343944,0.08664241155936553,32,0.9667544391415136,cpu,986753.0035607944,test_legacy,0.1857254101325181,True,42,-0.03957793315729931,AMAT,50000,aleatoric,-0.007993466755209422,0.05
ppo_with_uncertainty_guard,0.19917578416537882,0.3564213271739693,32,0.9597777501945126,cpu,2026593.4679274398,test_legacy,0.43662470243135176,True,53,0.5096058499661158,AMAT,50000,aleatoric,-0.035355168027856806,0.05
ppo_with_uncertainty_guard,0.09389359178933365,0.2077293943910499,32,0.9743884346494391,cpu,1417652.3705742727,test_legacy,0.2675544120931792,True,67,0.43202054132169354,AMAT,50000,aleatoric,-0.020863549632320046,0.05
ppo_with_uncertainty_guard,0.21862094636229754,0.36484026615568466,32,0.9565778379855934,cpu,2157414.50926578,test_legacy,0.48600494101402625,True,89,0.5419351422273773,AMAT,50000,aleatoric,-0.0325329920304271,0.05
ppo_with_uncertainty_guard,0.11234591021974952,0.31663821906185996,32,0.8197742640211287,cpu,1512939.9367158639,test_legacy,0.4963784643732201,False,7,0.3362549370514472,AMD,50000,aleatoric,-0.027461269028394936,0.05
ppo_with_uncertainty_guard,0.0027762956636927442,0.023473948093734945,32,0.9620878184145111,cpu,1010840.0780904661,test_legacy,0.04128066105266659,True,13,0.11810668206310548,AMD,50000,aleatoric,0.0,0.03469387755102041
ppo_with_uncertainty_guard,0.19099843806506941,0.523041963336558,32,0.815684983025687,cpu,1973377.5847967153,test_legacy,0.6300028387531498,False,19,0.3341833698371182,AMD,50000,aleatoric,-0.05292654392382907,0.05
ppo_with_uncertainty_guard,0.007561515853963898,0.027628827378986403,32,0.9791370847444182,cpu,1029728.603423974,test_legacy,0.04543346166092732,True,23,0.27265100718798646,AMD,50000,aleatoric,0.0,0.02857142857142857
ppo_with_uncertainty_guard,0.006958761966772624,0.024178102758114158,32,0.9777872556531357,cpu,1027335.0591727756,test_legacy,0.04128066105266659,True,29,0.286813901957633,AMD,50000,aleatoric,0.0,0.02346938775510204
ppo_with_uncertainty_guard,0.1870619257661014,0.5262270771702661,32,0.8156849830255847,cpu,1948133.3563432863,test_legacy,0.630002851121376,False,37,0.3258692681466945,AMD,50000,aleatoric,-0.05366507729433616,0.05
ppo_with_uncertainty_guard,0.0022552644368826293,0.02368054889038375,32,0.9601452604668399,cpu,1008799.0841292754,test_legacy,0.041492975840422774,True,42,0.09512913126809813,AMD,50000,aleatoric,-6.92204470889024e-06,0.05
ppo_with_uncertainty_guard,0.027092228460318998,0.17251430812059063,32,0.9265140566164546,cpu,1109552.4439814887,test_legacy,0.3430675973751225,False,53,0.15495355930903246,AMD,50000,aleatoric,-0.016766275664542807,0.05
ppo_with_uncertainty_guard,0.005094629291702624,0.024159266231976364,32,0.9707666670191795,cpu,1019958.7134513585,test_legacy,0.04128066105266659,True,67,0.21034008807902796,AMD,50000,aleatoric,-6.975653875800348e-05,0.05
ppo_with_uncertainty_guard,0.015275181468767326,0.132185212293393,32,0.9436553566081282,cpu,1060726.8195031257,test_legacy,0.19809417493275394,False,89,0.11468508487168846,AMD,50000,aleatoric,-0.012627556343372514,0.05
ppo_with_uncertainty_guard,0.1819682986098129,0.3055799696264452,32,0.9136643332053702,cpu,1915825.7224913754,test_legacy,0.32881180772696095,False,7,0.5470941431568485,AMZN,50000,aleatoric,-0.02905497443937639,0.05
ppo_with_uncertainty_guard,0.15484246192192952,0.2931067642145274,32,0.9146482207588228,cpu,1750427.001707105,test_legacy,0.34225497966698426,False,13,0.49116526014755435,AMZN,50000,aleatoric,-0.028171773887322525,0.05
ppo_with_uncertainty_guard,0.12086842289223591,0.25283535394981915,32,0.9214067465906154,cpu,1558520.3131631282,test_legacy,0.3108398902569687,False,19,0.45129642281362836,AMZN,50000,aleatoric,-0.024430912647263003,0.05
ppo_with_uncertainty_guard,0.002185699423902777,0.03456989708311647,32,0.983299793805977,cpu,1008526.8145016511,test_legacy,0.037083549194833476,True,23,0.06315622597311782,AMZN,50000,aleatoric,0.0,0.017346938775510204
ppo_with_uncertainty_guard,0.16970335615519935,0.24427362025847305,32,0.9210885149082694,cpu,1839665.963488093,test_legacy,0.28401093686217127,False,29,0.6416987347321874,AMZN,50000,aleatoric,-0.022354645419425712,0.05
ppo_with_uncertainty_guard,0.131402681363241,0.32047458033696924,32,0.9198153745831873,cpu,1616260.4564017174,test_legacy,0.4364525526354348,False,37,0.38523527386070466,AMZN,50000,aleatoric,-0.030936260883821908,0.05
ppo_with_uncertainty_guard,0.13083965517204604,0.3112855375338491,32,0.9144732022385329,cpu,1613134.837038606,test_legacy,0.4019857206402193,False,42,0.39500823821269815,AMZN,50000,aleatoric,-0.030242848681577162,0.05
ppo_with_uncertainty_guard,0.08464887068965234,0.26078159634727804,32,0.9341479577199493,cpu,1371625.8297789702,test_legacy,0.40841749709604536,False,53,0.3115874157021503,AMZN,50000,aleatoric,-0.024572578930765497,0.05
ppo_with_uncertainty_guard,0.11029313015538399,0.2684647346352796,32,0.9318498162940387,cpu,1502110.8481508298,test_legacy,0.3624300733779766,False,67,0.38971226503634937,AMZN,50000,aleatoric,-0.02610648036033325,0.05
ppo_with_uncertainty_guard,0.13253100658034325,0.2675867385688369,32,0.9148363505921546,cpu,1622537.8523579156,test_legacy,0.29920368093683447,False,89,0.4651010872671586,AMZN,50000,aleatoric,-0.02550486540938115,0.05
ppo_with_uncertainty_guard,0.6155084338995329,0.43901997673213855,32,0.8476609251374201,cpu,6457901.975351208,test_legacy,0.41149676381254574,False,7,1.0925460773226974,AVGO,50000,aleatoric,-0.037175571424651735,0.05
ppo_with_uncertainty_guard,0.40931672087728677,0.29342666824303304,32,0.8686523061151431,cpu,3797326.211000932,test_legacy,0.2938695937439979,False,13,1.169303418283984,AVGO,50000,aleatoric,-0.024683266761562093,0.05
ppo_with_uncertainty_guard,0.6172700033653147,0.4391271639744129,32,0.8476609251282792,cpu,6485329.807903632,test_legacy,0.4114967656737515,False,19,1.094761176874575,AVGO,50000,aleatoric,-0.037424570427615045,0.05
ppo_with_uncertainty_guard,0.6128241274498671,0.44031499356667,32,0.8476609251355016,cpu,6416272.843706137,test_legacy,0.4114967649645601,False,23,1.085556007441117,AVGO,50000,aleatoric,-0.037735574586845816,0.05
ppo_with_uncertainty_guard,0.6304290594017957,0.43435027197544795,32,0.8476609251240074,cpu,6692964.602449374,test_legacy,0.4114967673850627,False,29,1.1254580915151087,AVGO,50000,aleatoric,-0.036420740096224424,0.05
ppo_with_uncertainty_guard,0.5818256656580998,0.4182828972191095,32,0.8490219622965814,cpu,5949846.1509054545,test_legacy,0.40538067734911476,False,37,1.0963381328392832,AVGO,50000,aleatoric,-0.0355617050142075,0.05
ppo_with_uncertainty_guard,0.2953393209687112,0.24334811823627955,32,0.9312681719440423,cpu,2735565.608811964,test_legacy,0.24988829155671655,False,42,1.0633840845444602,AVGO,50000,aleatoric,-0.02146763864402814,0.05
ppo_with_uncertainty_guard,0.23728447536248284,0.21619013537892054,32,0.9078331833027503,cpu,2288778.9937831517,test_legacy,0.2225923925896175,False,53,0.9848686308160294,AVGO,50000,aleatoric,-0.018978604655721654,0.05
ppo_with_uncertainty_guard,0.5499332477445329,0.39157386190750354,32,0.8585981576742301,cpu,5496751.322097298,test_legacy,0.37811869114254115,False,67,1.1191035179050275,AVGO,50000,aleatoric,-0.03410167933794668,0.05
ppo_with_uncertainty_guard,0.6303591340595489,0.4335997254879575,32,0.8476609276939222,cpu,6691848.382314317,test_legacy,0.4114966216779864,False,89,1.1273073078850082,AVGO,50000,aleatoric,-0.03641223931994126,0.05
ppo_with_uncertainty_guard,0.24402586902460743,0.2687352495498309,32,0.9751357378799628,cpu,2337658.378822413,test_legacy,0.2875722149669502,True,7,0.8125196099838552,AXP,50000,aleatoric,-0.025054266287327476,0.05
ppo_with_uncertainty_guard,0.23734975435310066,0.24628749266824063,32,0.9757903582494396,cpu,2289248.6351652322,test_legacy,0.2768508341175172,True,13,0.8647278750840667,AXP,50000,aleatoric,-0.022833986019968933,0.05
ppo_with_uncertainty_guard,0.13962976691956575,0.15977961505947272,32,0.98480555008569,cpu,1662447.9259618365,test_legacy,0.14901101302545727,True,19,0.8180224610807291,AXP,50000,aleatoric,-0.015681409468319796,0.05
ppo_with_uncertainty_guard,0.04655843807004763,0.07953732908025171,32,0.9925995093620001,cpu,1193597.7511757019,test_legacy,0.1518349534629886,True,23,0.5721465944175796,AXP,50000,aleatoric,-0.0071738477446324994,0.05
ppo_with_uncertainty_guard,0.2283643719715325,0.25148309041344186,32,0.976937432685374,cpu,2225274.5458414317,test_legacy,0.2670977485912802,True,29,0.8178815338479938,AXP,50000,aleatoric,-0.023264548617269475,0.05
ppo_with_uncertainty_guard,0.21187134499420548,0.2531528522685847,32,0.9771095241883818,cpu,2111315.422403014,test_legacy,0.2665089122368868,True,37,0.7590892569215993,AXP,50000,aleatoric,-0.02444935482916497,0.05
ppo_with_uncertainty_guard,0.07653733675479045,0.14818956250367024,32,0.9843524062219652,cpu,1332163.7091733215,test_legacy,0.18802052966067528,True,42,0.4976709590161832,AXP,50000,aleatoric,-0.014391769000532583,0.05
ppo_with_uncertainty_guard,0.2278407454923124,0.2818419243595232,32,0.9751357232311856,cpu,2221587.8602453843,test_legacy,0.28757426200279723,True,53,0.7282700048651946,AXP,50000,aleatoric,-0.02776057387849109,0.05
ppo_with_uncertainty_guard,0.21735952051037077,0.24429139981575135,32,0.976926292146661,cpu,2148742.837970797,test_legacy,0.2628395053091591,True,67,0.8051206800257061,AXP,50000,aleatoric,-0.022808697464174087,0.05
ppo_with_uncertainty_guard,0.1995082462256082,0.20465153190925517,32,0.9786828560700596,cpu,2028779.3429565104,test_legacy,0.26206768824320126,True,89,0.8888843156462288,AXP,50000,aleatoric,-0.018627828392629376,0.05
ppo_with_uncertainty_guard,0.04835350055186381,0.3358426251992186,32,0.8225211084081958,cpu,1201579.083875719,test_legacy,0.4828608109222089,False,7,0.14060399974963442,BA,50000,aleatoric,-0.032648528346236286,0.05
ppo_with_uncertainty_guard,0.043841701760284436,0.2906259400937802,32,0.8809267166240453,cpu,1181593.3995088763,test_legacy,0.4217437994323884,False,13,0.1476393602260698,BA,50000,aleatoric,-0.028575979866327206,0.05
ppo_with_uncertainty_guard,0.05036280777553914,0.35039283463599974,32,0.822077149906155,cpu,1210559.9579545157,test_legacy,0.48314147330787205,False,19,0.1402300748880271,BA,50000,aleatoric,-0.03378278642739492,0.05
ppo_with_uncertainty_guard,0.04596186704764476,0.35033108483941766,32,0.8221005157331845,cpu,1190953.9755768995,test_legacy,0.48312677042934327,False,23,0.1282697727471243,BA,50000,aleatoric,-0.033999197532433544,0.05
ppo_with_uncertainty_guard,0.000968169551816454,0.010733756417059143,32,0.9870048353627707,cpu,1003770.3723969439,test_legacy,0.018329474189677453,True,29,0.09015360782570375,BA,50000,aleatoric,0.0,0.02142857142857143
ppo_with_uncertainty_guard,-0.021711129948235815,0.03837638617505257,32,0.8956487891467909,cpu,918179.6437514996,test_legacy,0.1455493145385537,False,37,-0.5719713552770045,BA,50000,aleatoric,-0.002755760659548656,0.05
ppo_with_uncertainty_guard,-0.005233174372841008,0.016741049969323813,32,0.9610462190213186,cpu,979802.0956137796,test_legacy,0.04629634195871968,True,42,-0.3134131758196727,BA,50000,aleatoric,-0.00016981644102074254,0.05
ppo_with_uncertainty_guard,-0.0032116821587720294,0.012519918117622136,32,0.9710730345286056,cpu,987567.9495887657,test_legacy,0.032186484688394246,True,53,-0.256935377840774,BA,50000,aleatoric,-0.0001231962221466709,0.05
ppo_with_uncertainty_guard,0.056005673008751734,0.2799658608032875,32,0.8952069075763808,cpu,1236048.243254209,test_legacy,0.3941334633471766,False,67,0.19464346967866242,BA,50000,aleatoric,-0.026856613584036904,0.05
ppo_with_uncertainty_guard,-0.05527584257696023,0.06306091493399395,32,0.7811074498980095,cpu,801611.5567214671,test_legacy,0.22117100021362035,False,89,-0.901701916697542,BA,50000,aleatoric,-0.0059784909156001655,0.05
ppo_with_uncertainty_guard,-0.009749087272306342,0.05841608116731653,32,0.9478778542029782,cpu,962617.5058106559,test_legacy,0.11073656225321837,False,7,-0.1677088559759882,BLK,50000,aleatoric,-0.005797119292241959,0.05
ppo_with_uncertainty_guard,0.13178081610329223,0.2529053812977219,32,0.9094519596293404,cpu,1618362.1815004034,test_legacy,0.2790652590744801,False,13,0.4894805217069755,BLK,50000,aleatoric,-0.024053020473467246,0.05
ppo_with_uncertainty_guard,0.12163952794003373,0.263459931098589,32,0.9094519581275988,cpu,1562694.082547388,test_legacy,0.29544424695244453,False,19,0.4357072800003104,BLK,50000,aleatoric,-0.025090380419884005,0.05
ppo_with_uncertainty_guard,-0.006015845220022811,0.011139117309106435,32,0.9768075690947825,cpu,976807.5690947825,test_legacy,0.031698219068651556,True,23,-0.5416881032916889,BLK,50000,aleatoric,-2.18040255306029e-05,0.05
ppo_with_uncertainty_guard,-0.004795148908437311,0.008432695736163967,32,0.9814809699018031,cpu,981480.9699018031,test_legacy,0.023378698439908474,True,29,-0.5699947189511596,BLK,50000,aleatoric,0.0,0.009183673469387756
ppo_with_uncertainty_guard,0.1256123197302179,0.2584248880573198,32,0.909451958135453,cpu,1584329.395750515,test_legacy,0.28644148102572664,False,37,0.45787810917018656,BLK,50000,aleatoric,-0.02424970713594865,0.05
ppo_with_uncertainty_guard,-0.007462826072617514,0.010201585584165307,32,0.9712892787678546,cpu,971289.2787678547,test_legacy,0.02951141484200559,True,42,-0.7342677920344558,BLK,50000,aleatoric,-4.7172758588231915e-07,0.05
ppo_with_uncertainty_guard,-0.007146017771394483,0.062499634001359515,32,0.9724954921095041,cpu,972495.4921095042,test_legacy,0.15729148595593578,True,53,-0.11474714611690157,BLK,50000,aleatoric,-0.0060458683308538316,0.05
ppo_with_uncertainty_guard,0.08773323518763781,0.14070508646638244,32,0.9444300465175551,cpu,1386856.573481918,test_legacy,0.16188783100934112,False,67,0.5976744505661973,BLK,50000,aleatoric,-0.013093142538398527,0.05
ppo_with_uncertainty_guard,0.13237508405692572,0.22961879382769138,32,0.9111277319208965,cpu,1621669.3064898425,test_legacy,0.23207979756547958,False,89,0.5414068387867855,BLK,50000,aleatoric,-0.021334934969585006,0.05
ppo_with_uncertainty_guard,0.1288712077489063,0.1703768516528489,32,0.9282141585986055,cpu,1602242.3549056926,test_legacy,0.22681420769957783,False,7,0.7114704148241348,BRK-B,50000,aleatoric,-0.016022475224366683,0.05
ppo_with_uncertainty_guard,0.13384045088193108,0.16686791425611458,32,0.9282145947998931,cpu,1629845.5829946713,test_legacy,0.20670210837153802,False,13,0.7527533414660849,BRK-B,50000,aleatoric,-0.015727174767104123,0.05
ppo_with_uncertainty_guard,0.1252884458904017,0.17210075860190469,32,0.928214151770504,cpu,1582557.3393315517,test_legacy,0.23928105347641604,False,19,0.6858731548855989,BRK-B,50000,aleatoric,-0.016324836886493797,0.05
ppo_with_uncertainty_guard,0.1254691363972667,0.1657524681353812,32,0.92823510559576,cpu,1583545.7949941931,test_legacy,0.22062950219223176,False,23,0.7131106220595387,BRK-B,50000,aleatoric,-0.01556657614788044,0.05
ppo_with_uncertainty_guard,0.14010008117657996,0.16249178373288667,32,0.9282141726262488,cpu,1665117.5912931387,test_legacy,0.17498715219414207,False,29,0.8069080045405638,BRK-B,50000,aleatoric,-0.015374712022485682,0.05
ppo_with_uncertainty_guard,0.10320307759590593,0.13539808443906015,32,0.9332585240434683,cpu,1465150.922225302,test_legacy,0.1676993594112045,False,37,0.725399642434515,BRK-B,50000,aleatoric,-0.013265203360417654,0.05
ppo_with_uncertainty_guard,0.12027660142997557,0.16092936200945093,32,0.930544238668952,cpu,1555322.5754526167,test_legacy,0.22109361751297074,False,42,0.7057475834514354,BRK-B,50000,aleatoric,-0.015246869060382551,0.05
ppo_with_uncertainty_guard,0.12831824006187514,0.16971528864966673,32,0.9282143512820116,cpu,1599192.341121699,test_legacy,0.22773009092021768,False,53,0.7113568202130174,BRK-B,50000,aleatoric,-0.016003383355709742,0.05
ppo_with_uncertainty_guard,0.1312956506680361,0.16210517663298443,32,0.9290638978990199,cpu,1615665.933374192,test_legacy,0.18788889944529774,False,67,0.7610086929697337,BRK-B,50000,aleatoric,-0.015238741354530294,0.05
ppo_with_uncertainty_guard,0.13213110857745625,0.16079867639238932,32,0.9285788708816226,cpu,1620310.96631252,test_legacy,0.18966451326604183,False,89,0.7717829128945437,BRK-B,50000,aleatoric,-0.015251524488443913,0.05
ppo_with_uncertainty_guard,0.2389682923133715,0.28072999329542486,32,0.9717834843319874,cpu,2300915.908766847,test_legacy,0.32069111359608526,True,7,0.7632917569018879,C,50000,aleatoric,-0.024287416024982633,0.05
ppo_with_uncertainty_guard,0.22244683680335134,0.25705662476342006,32,0.9727347931618874,cpu,2183874.6357110357,test_legacy,0.3107701066907874,True,13,0.7813622009987851,C,50000,aleatoric,-0.022420828691505877,0.05
ppo_with_uncertainty_guard,0.2531884528025119,0.27375151971987943,32,0.9717834983908197,cpu,2405330.8903446067,test_legacy,0.3131240426902482,True,19,0.824437194866817,C,50000,aleatoric,-0.022954261602016857,0.05
ppo_with_uncertainty_guard,0.23068472113413688,0.2874508369886351,32,0.9717834842296935,cpu,2241666.096436663,test_legacy,0.33713493911406356,True,23,0.722108120768287,C,50000,aleatoric,-0.025296673905939124,0.05
ppo_with_uncertainty_guard,0.1299943437376387,0.16671252694149125,32,0.9817694117447611,cpu,1608450.5557685662,test_legacy,0.2428084342907032,True,29,0.7330733511160396,C,50000,aleatoric,-0.015004275814989575,0.05
ppo_with_uncertainty_guard,0.21922881162368682,0.26579923489696194,32,0.9733121079716516,cpu,2161602.54824219,test_legacy,0.3176615675366552,True,37,0.7457448812658982,C,50000,aleatoric,-0.023131624357131206,0.05
ppo_with_uncertainty_guard,0.2180357049703638,0.27457018760212926,32,0.973056247396902,cpu,2153388.0413253275,test_legacy,0.33127201804980955,True,42,0.7183568287968459,C,50000,aleatoric,-0.024023180559156018,0.05
ppo_with_uncertainty_guard,0.23555699611543213,0.28004269269225995,32,0.9718031912086273,cpu,2276376.8515323205,test_legacy,0.3224807922121713,True,53,0.7553196816867509,C,50000,aleatoric,-0.02413199415275864,0.05
ppo_with_uncertainty_guard,0.24752639088532558,0.27220934936256136,32,0.9718384587595997,cpu,2363343.0895739906,test_legacy,0.31140344609767456,True,67,0.8124723672422748,C,50000,aleatoric,-0.023307227996623502,0.05
ppo_with_uncertainty_guard,0.20930399428680804,0.2045166113547301,32,0.9735076042650852,cpu,2093974.2637795731,test_legacy,0.2915097465383424,True,89,0.9292391166024235,C,50000,aleatoric,-0.017757670393986923,0.05
ppo_with_uncertainty_guard,0.33379395926322397,0.2785372724560012,32,0.92487602372315,cpu,3065181.778228911,test_legacy,0.3403959263341333,False,7,1.0340710079660307,CAT,50000,aleatoric,-0.02616836731295802,0.05
ppo_with_uncertainty_guard,0.26151164144177425,0.2234104471741941,32,0.9355691501644994,cpu,2468055.435044502,test_legacy,0.27509456868335835,False,13,1.0398374614042534,CAT,50000,aleatoric,-0.02077889881837116,0.05
ppo_with_uncertainty_guard,0.3307474301708227,0.29192311761492595,32,0.9248733862963977,cpu,3038044.5680834553,test_legacy,0.3404712697929728,False,19,0.9788214407509926,CAT,50000,aleatoric,-0.027276576502915973,0.05
ppo_with_uncertainty_guard,0.17333919395084513,0.1655186069653406,32,0.938674717853726,cpu,1862003.8775967648,test_legacy,0.21305449196159754,False,23,0.9657738510058831,CAT,50000,aleatoric,-0.015512242584816692,0.05
ppo_with_uncertainty_guard,0.08822494859562754,0.08342361666545488,32,0.9813711358487374,cpu,1389296.2390912084,test_legacy,0.11011303212149992,True,29,1.0134746464170312,CAT,50000,aleatoric,-0.007458483071031807,0.05
ppo_with_uncertainty_guard,0.33135741050898193,0.2842563553656131,32,0.9248734706112144,cpu,3043463.6711160657,test_legacy,0.34046663349305073,False,37,1.0068336765003179,CAT,50000,aleatoric,-0.02701738059873326,0.05
ppo_with_uncertainty_guard,0.30322753141277065,0.2675827098869248,32,0.9325379421337814,cpu,2800921.6280721216,test_legacy,0.3169223357829235,False,42,0.9897640512035959,CAT,50000,aleatoric,-0.025215858983639095,0.05
ppo_with_uncertainty_guard,0.3271179414313621,0.27945345099359764,32,0.9249136499190942,cpu,3005948.035268459,test_legacy,0.3397699900031945,False,53,1.0127249023924525,CAT,50000,aleatoric,-0.02639777362547848,0.05
ppo_with_uncertainty_guard,0.3182369605626467,0.27470615554111893,32,0.9258158360055805,cpu,2928473.6949376324,test_legacy,0.3340258201802805,False,67,1.0057839719560961,CAT,50000,aleatoric,-0.026312944987781518,0.05
ppo_with_uncertainty_guard,0.23174087223558873,0.20807567149534045,32,0.9448334106020065,cpu,2249156.6517020566,test_legacy,0.28813358189558946,False,89,1.0016949675040714,CAT,50000,aleatoric,-0.019293815241515588,0.05
ppo_with_uncertainty_guard,0.22055943965078623,0.3092004011060029,32,0.9639476063725442,cpu,2170791.3184367768,test_legacy,0.3953274130108291,True,7,0.6445955687363337,COPX,50000,aleatoric,-0.030396215466481635,0.05
ppo_with_uncertainty_guard,0.22639755567105566,0.3227204750393693,32,0.9639414989964283,cpu,2211450.309846158,test_legacy,0.39716640607027054,True,13,0.6323768427433267,COPX,50000,aleatoric,-0.031925320354877586,0.05
ppo_with_uncertainty_guard,0.21836064027772772,0.32523886877354724,32,0.9639447280913991,cpu,2155622.9102730076,test_legacy,0.3967402025938658,True,19,0.6072648142812372,COPX,50000,aleatoric,-0.03265072201906589,0.05
ppo_with_uncertainty_guard,0.2129294783587388,0.3300497497036833,32,0.9639414206195391,cpu,2118493.5344935684,test_legacy,0.39722244686489516,True,23,0.5848766660026129,COPX,50000,aleatoric,-0.03348406969654834,0.05
ppo_with_uncertainty_guard,0.23119410226720322,0.3015807273361052,32,0.9639445466061151,cpu,2245276.4699997045,test_legacy,0.3963444072547605,True,29,0.6896475303934034,COPX,50000,aleatoric,-0.028772566289960545,0.05
ppo_with_uncertainty_guard,0.19494104687439598,0.27589937120026187,32,0.9649492567763718,cpu,1998903.6695299423,test_legacy,0.3733541606508577,True,37,0.6455134267257934,COPX,50000,aleatoric,-0.02713275470290961,0.05
ppo_with_uncertainty_guard,0.2077310939886666,0.31449085341699634,32,0.963957783498475,cpu,2083402.5217342237,test_legacy,0.395730068485282,True,42,0.6001553720756811,COPX,50000,aleatoric,-0.030671901375418108,0.05
ppo_with_uncertainty_guard,0.1262669596851527,0.1907662573395763,32,0.9780124341736288,cpu,1587915.719588433,test_legacy,0.24892550684355264,True,53,0.6233203454335511,COPX,50000,aleatoric,-0.019011489653448788,0.05
ppo_with_uncertainty_guard,0.16173802040138224,0.25584984936552196,32,0.9707714409397414,cpu,1791424.7354397955,test_legacy,0.3142497467425083,True,67,0.5859572894021929,COPX,50000,aleatoric,-0.02631569021559885,0.05
ppo_with_uncertainty_guard,0.011842407670856167,0.08312995723987233,32,0.9369406578292211,cpu,1046847.4796461632,test_legacy,0.16259887860244915,False,89,0.14161937529138316,COPX,50000,aleatoric,-0.00791077819690882,0.05
ppo_with_uncertainty_guard,0.12727245956648953,0.16742785750455003,32,0.8398749780636885,cpu,1593435.9050031104,test_legacy,0.18233820520132338,False,7,0.7155371306116051,COST,50000,aleatoric,-0.014837150403405719,0.05
ppo_with_uncertainty_guard,0.07285695972827795,0.11224482673621937,32,0.898566776443345,cpu,1314539.848107351,test_legacy,0.15580524620316538,False,13,0.626532630624726,COST,50000,aleatoric,-0.00968605114796679,0.05
ppo_with_uncertainty_guard,0.16215311920071615,0.20037051185274607,32,0.8103529116484306,cpu,1793915.2639236334,test_legacy,0.2062732566513037,False,19,0.7499821277127767,COST,50000,aleatoric,-0.017788200318974833,0.05
ppo_with_uncertainty_guard,0.13617153034628857,0.17691090114452923,32,0.833995395202273,cpu,1642915.312072974,test_legacy,0.2077992868031664,False,23,0.7216298630688329,COST,50000,aleatoric,-0.015307733878395612,0.05
ppo_with_uncertainty_guard,0.1685817482811967,0.18085296077392704,32,0.80931999276819,cpu,1832815.369204264,test_legacy,0.20731605213919047,False,29,0.8614218708649692,COST,50000,aleatoric,-0.01699530172694246,0.05
ppo_with_uncertainty_guard,0.1559548972623781,0.21149935143659526,32,0.8092110730449992,cpu,1756993.3784565537,test_legacy,0.23899547001061583,False,37,0.6852344629806894,COST,50000,aleatoric,-0.018603667897527296,0.05
ppo_with_uncertainty_guard,0.1593243270254033,0.22390154416445637,32,0.8092099292115875,cpu,1776993.8026872878,test_legacy,0.27216601777555083,False,42,0.660277955859539,COST,50000,aleatoric,-0.020199711002093324,0.05
ppo_with_uncertainty_guard,0.16141706575597176,0.2189897436302203,32,0.8092122316130173,cpu,1789500.8187978845,test_legacy,0.2505178485679108,False,53,0.683323141154302,COST,50000,aleatoric,-0.01939694611402558,0.05
ppo_with_uncertainty_guard,0.17063165254066218,0.20020347113495604,32,0.8095774474374259,cpu,1845350.214428224,test_legacy,0.20705526919655237,False,67,0.7869161872385908,COST,50000,aleatoric,-0.017892733640728853,0.05
ppo_with_uncertainty_guard,0.10671977890248295,0.1491387902041568,32,0.8564903436731236,cpu,1483397.73540476,test_legacy,0.18984435427769353,False,89,0.6799061332217619,COST,50000,aleatoric,-0.013326314098461278,0.05
ppo_with_uncertainty_guard,0.08985512681366081,0.31324170911790444,32,0.7293192299680222,cpu,1397407.2763948445,test_legacy,0.3836080623316519,False,7,0.2746911733558183,CRM,50000,aleatoric,-0.02862667082850221,0.05
ppo_with_uncertainty_guard,-0.010771682995556406,0.019068860878714414,32,0.9587574805686588,cpu,958757.4805686588,test_legacy,0.047962488392527036,True,13,-0.5679430716005972,CRM,50000,aleatoric,-1.283037191557312e-05,0.05
ppo_with_uncertainty_guard,0.08210383355514851,0.34274652042415404,32,0.7292635645533782,cpu,1359152.1702499297,test_legacy,0.38365601108664926,False,19,0.2302199994467282,CRM,50000,aleatoric,-0.03278474248061238,0.05
ppo_with_uncertainty_guard,-0.01499071847607238,0.021387137910424917,32,0.9429532118661452,cpu,942953.2118661453,test_legacy,0.05895484133486839,False,23,-0.7062236630838873,CRM,50000,aleatoric,-0.0004683723008201745,0.05
ppo_with_uncertainty_guard,-0.01078933103174575,0.018453519961492304,32,0.9586909650541242,cpu,958690.9650541242,test_legacy,0.04250747497968188,True,29,-0.5878479903331865,CRM,50000,aleatoric,0.0,0.02040816326530612
ppo_with_uncertainty_guard,-0.01159274168393264,0.0185845236412172,32,0.9556665357523335,cpu,955666.5357523335,test_legacy,0.04568146094412329,True,37,-0.6274232269133917,CRM,50000,aleatoric,-8.722257458515514e-06,0.05
ppo_with_uncertainty_guard,-0.01100868623805276,0.01845048325554158,32,0.9578645005305586,cpu,957864.5005305586,test_legacy,0.04250747497968188,True,42,-0.5999645024286081,CRM,50000,aleatoric,0.0,0.013265306122448979
ppo_with_uncertainty_guard,-0.011288426668270027,0.10308584536057709,32,0.9423017153402772,cpu,956811.2906345521,test_legacy,0.18162605375184393,False,53,-0.11012770007902319,CRM,50000,aleatoric,-0.009926452600154343,0.05
ppo_with_uncertainty_guard,0.07578221797710319,0.3482859484543304,32,0.7292626490296951,cpu,1328533.5199831314,test_legacy,0.38365678798146485,False,67,0.2097357319011976,CRM,50000,aleatoric,-0.03331122015926402,0.05
ppo_with_uncertainty_guard,0.05875884623482751,0.361369509052418,32,0.7292626093796276,cpu,1248627.7425254297,test_legacy,0.40562419486963275,False,89,0.15800253146533483,CRM,50000,aleatoric,-0.034857151129779676,0.05
ppo_with_uncertainty_guard,0.111496581910414,0.14689796323578136,32,0.994990048532579,cpu,1508452.4420866482,test_legacy,0.16075236212670418,True,7,0.719596532533295,DIA,50000,aleatoric,-0.014423559942707253,0.05
ppo_with_uncertainty_guard,0.07721124650097028,0.10516066061277918,32,0.9960933892558843,cpu,1335409.708670844,test_legacy,0.12143022764912392,True,13,0.7072550675216992,DIA,50000,aleatoric,-0.009927147327570562,0.05
ppo_with_uncertainty_guard,0.11023867425350628,0.14878600137599085,32,0.9949900485324884,cpu,1501824.3617230363,test_legacy,0.16865504902902362,True,19,0.7028544454354455,DIA,50000,aleatoric,-0.014423561178345068,0.05
ppo_with_uncertainty_guard,-0.002007025477465931,0.007690850612789486,32,0.9885848994885408,cpu,992217.4996094938,test_legacy,0.01837919447083669,True,23,-0.26121958231329506,DIA,50000,aleatoric,0.0,0.02346938775510204
ppo_with_uncertainty_guard,0.0744406232913187,0.10170959828298949,32,0.9964549513055899,cpu,1322102.0149588492,test_legacy,0.11487643503349265,True,29,0.7059320346608033,DIA,50000,aleatoric,-0.01001167531296696,0.05
ppo_with_uncertainty_guard,0.01393572660861709,0.04691806042001102,32,0.998504810480268,cpu,1055294.9956364299,test_legacy,0.0919580235992844,True,37,0.294971067076545,DIA,50000,aleatoric,-0.004795417598747153,0.05
ppo_with_uncertainty_guard,0.05631058336917061,0.09139513229114635,32,0.9968425765667868,cpu,1237436.7500577378,test_legacy,0.10733784309756977,True,42,0.5993990987848882,DIA,50000,aleatoric,-0.008837777864799178,0.05
ppo_with_uncertainty_guard,0.11289785905281433,0.14589187769257983,32,0.994990049914496,cpu,1515861.514406926,test_legacy,0.16007734007478802,True,53,0.7331949011889983,DIA,50000,aleatoric,-0.014423172666241334,0.05
ppo_with_uncertainty_guard,0.10962272123796664,0.1343737829950838,32,0.9951258184184638,cpu,1498586.726871316,test_legacy,0.15318454705373952,True,67,0.7741089189213237,DIA,50000,aleatoric,-0.013316378588208,0.05
ppo_with_uncertainty_guard,0.06853674297305966,0.09262141931370861,32,0.9958272793520332,cpu,1294073.706467123,test_legacy,0.13103507921709967,True,89,0.715709924285655,DIA,50000,aleatoric,-0.008273191876463137,0.05
ppo_with_uncertainty_guard,0.024860859464375926,0.060302929657260786,32,0.9911463977503332,cpu,1100207.5968808,test_legacy,0.11078414025072125,True,7,0.40722386137284294,EEMX,50000,aleatoric,-0.00547839721390071,0.05
ppo_with_uncertainty_guard,0.05025741755272165,0.11268253030078276,32,0.992434839127888,cpu,1210087.666722252,test_legacy,0.1905205102912988,True,13,0.4351626155886093,EEMX,50000,aleatoric,-0.011069492292142958,0.05
ppo_with_uncertainty_guard,0.07725572255737904,0.17449535927142332,32,0.9878889979790911,cpu,1335624.1415407867,test_legacy,0.26661511742494026,True,19,0.4264683158412949,EEMX,50000,aleatoric,-0.017547108880019202,0.05
ppo_with_uncertainty_guard,0.08575189419071508,0.1650309146454845,32,0.9878892024373579,cpu,1377058.2664011347,test_legacy,0.2297452202886736,True,23,0.49852876390448225,EEMX,50000,aleatoric,-0.01652258237959181,0.05
ppo_with_uncertainty_guard,0.09723190496091927,0.1494099181967085,32,0.9878950713901223,cpu,1434551.3765134665,test_legacy,0.17612647123417446,True,29,0.6210461843392909,EEMX,50000,aleatoric,-0.014261518842970666,0.05
ppo_with_uncertainty_guard,0.07493422343023931,0.15918458358118825,32,0.9885787181946472,cpu,1324465.601630478,test_legacy,0.2311334044522113,True,37,0.45393466198372373,EEMX,50000,aleatoric,-0.015836991807285018,0.05
ppo_with_uncertainty_guard,-0.0069664610759024815,0.009116155402450775,32,0.9697956753598584,cpu,973179.6286720537,test_legacy,0.033357538241982176,True,42,-0.7668494133316944,EEMX,50000,aleatoric,-0.00011041755240555062,0.05
ppo_with_uncertainty_guard,-0.0019505701605175446,0.006365404333470367,32,0.9897838230621553,cpu,992435.7953539264,test_legacy,0.010498248575878,True,53,-0.3067246331264775,EEMX,50000,aleatoric,0.0,0.012244897959183673
ppo_with_uncertainty_guard,0.07314192829786881,0.14923792158290014,32,0.9893630243723448,cpu,1315898.2273953513,test_legacy,0.22188734166893564,True,67,0.4730074734143442,EEMX,50000,aleatoric,-0.014706365650727802,0.05
ppo_with_uncertainty_guard,-0.008114977934724002,0.0391083435029978,32,0.9628413707740598,cpu,968809.7800861235,test_legacy,0.09790188210417217,True,89,-0.20834558018191765,EEMX,50000,aleatoric,-0.003463111345852443,0.05
ppo_with_uncertainty_guard,0.2427001384782922,0.15863803940342633,32,0.9564716980469714,cpu,2327985.319520408,test_legacy,0.18888973962573397,True,7,1.3696987598144765,GLD,50000,aleatoric,-0.015366494630861371,0.05
ppo_with_uncertainty_guard,0.24188768489106727,0.15959781769186407,32,0.9564716980468866,cpu,2322072.0478074728,test_legacy,0.19742065336823744,True,13,1.357364005571913,GLD,50000,aleatoric,-0.015614610537620432,0.05
ppo_with_uncertainty_guard,0.24075616866457877,0.1584849740340329,32,0.9564716980468868,cpu,2313855.1463079797,test_legacy,0.188088026963123,True,19,1.3611434928481516,GLD,50000,aleatoric,-0.015370142110089979,0.05
ppo_with_uncertainty_guard,0.24227890541820074,0.15560829575330826,32,0.9565020795104149,cpu,2324918.069135261,test_legacy,0.17390397805093394,True,23,1.3941885132707366,GLD,50000,aleatoric,-0.014875240493630404,0.05
ppo_with_uncertainty_guard,0.2547615996864048,0.15196503385810622,32,0.9564716990625745,cpu,2417094.500920844,test_legacy,0.12622562839281104,True,29,1.4934051031169355,GLD,50000,aleatoric,-0.014367595620393558,0.05
ppo_with_uncertainty_guard,0.24128707061188298,0.15823418141479112,32,0.9564716980468871,cpu,2317707.7823731024,test_legacy,0.1865823100529237,True,37,1.3660043784505986,GLD,50000,aleatoric,-0.01535805418352405,0.05
ppo_with_uncertainty_guard,0.14963295121972395,0.1007052482456615,32,0.9808182485852126,cpu,1719919.0726054204,test_legacy,0.1300631387252622,True,42,1.384659699444647,GLD,50000,aleatoric,-0.009736166316519057,0.05
ppo_with_uncertainty_guard,0.2403055021459277,0.1586720090349008,32,0.9564716980468866,cpu,2310588.495645371,test_legacy,0.18963592245210215,True,53,1.3572495100030888,GLD,50000,aleatoric,-0.01537014211017027,0.05
ppo_with_uncertainty_guard,0.24044318305327536,0.1537559644201499,32,0.9567519539066891,cpu,2311586.1103120972,test_legacy,0.1619990568182974,True,67,1.4013667684592057,GLD,50000,aleatoric,-0.014631411792195959,0.05
ppo_with_uncertainty_guard,0.1354327397416902,0.07706992515252054,32,0.969228469368007,cpu,1638764.7182031462,test_legacy,0.07516014816653827,True,89,1.6480304722730479,GLD,50000,aleatoric,-0.006352817543112366,0.05
ppo_with_uncertainty_guard,0.2817167915132036,0.2970311313336798,32,0.9700875125411689,cpu,2625375.322475588,test_legacy,0.3208246929616122,True,7,0.8356036246954927,GOOGL,50000,aleatoric,-0.025551978382865846,0.05
ppo_with_uncertainty_guard,0.247839943820567,0.2795949440668884,32,0.9717100550314558,cpu,2365653.9360976177,test_legacy,0.3288007752904972,True,13,0.7919094767822583,GOOGL,50000,aleatoric,-0.024478173680386295,0.05
ppo_with_uncertainty_guard,0.27047293693315344,0.30062807995895025,32,0.9700975904784958,cpu,2536938.6221730555,test_legacy,0.33993432709663507,True,19,0.7962965271259909,GOOGL,50000,aleatoric,-0.026240968963652377,0.05
ppo_with_uncertainty_guard,0.26762164427140783,0.3050843512630437,32,0.9700875243616806,cpu,2514868.551981472,test_legacy,0.3489708240137487,True,23,0.7773007671993888,GOOGL,50000,aleatoric,-0.02701731219554011,0.05
ppo_with_uncertainty_guard,0.2699718583894229,0.2261265413452206,32,0.9701057380546112,cpu,2533049.707095178,test_legacy,0.29664383909169156,True,29,1.0569063334009983,GOOGL,50000,aleatoric,-0.018822995546342723,0.05
ppo_with_uncertainty_guard,0.26239733085627376,0.29682922929263406,32,0.9701730555336148,cpu,2474800.886736342,test_legacy,0.34415722089620493,True,37,0.7850050101404106,GOOGL,50000,aleatoric,-0.026604914961809542,0.05
ppo_with_uncertainty_guard,0.21188561566766642,0.25123356476727726,32,0.9734463082703706,cpu,2111412.110718566,test_legacy,0.31257855352808883,True,42,0.7649351527925016,GOOGL,50000,aleatoric,-0.024170394828374152,0.05
ppo_with_uncertainty_guard,0.25945745636696643,0.29817284036304875,32,0.970458704221981,cpu,2452463.245355206,test_legacy,0.3503311459785019,True,53,0.7736483140252847,GOOGL,50000,aleatoric,-0.02646791303170861,0.05
ppo_with_uncertainty_guard,0.11962301657058261,0.16787398569945158,32,0.9829417603575428,cpu,1551796.783152841,test_legacy,0.24128298632581557,True,67,0.6730758728407138,GOOGL,50000,aleatoric,-0.015702840685302276,0.05
ppo_with_uncertainty_guard,0.2660280605209923,0.29452875337132584,32,0.970579877452569,cpu,2502595.9300614353,test_legacy,0.3309886689379026,True,89,0.8008873780501684,GOOGL,50000,aleatoric,-0.025970638317565253,0.05
ppo_with_uncertainty_guard,0.3100654884362459,0.2631816219845059,32,0.9793091249689676,cpu,2858508.367245668,test_legacy,0.3089539317498269,True,7,1.0261999382614948,GS,50000,aleatoric,-0.022693608100940742,0.05
ppo_with_uncertainty_guard,0.1450721356809235,0.1260040932688357,32,0.9853085466003975,cpu,1693535.885098432,test_legacy,0.13455123891832843,True,13,1.0751036846080602,GS,50000,aleatoric,-0.011302762268185962,0.05
ppo_with_uncertainty_guard,0.3082414718883901,0.2694786755231489,32,0.9793091056179706,cpu,2843061.968470864,test_legacy,0.3089572896664471,True,19,0.9970499102887785,GS,50000,aleatoric,-0.023295486269612996,0.05
ppo_with_uncertainty_guard,0.30733388626140995,0.2606988775984699,32,0.9793091466625733,cpu,2835399.3653168296,test_legacy,0.30894905758833957,True,23,1.0279664467046739,GS,50000,aleatoric,-0.022224744414363506,0.05
ppo_with_uncertainty_guard,0.3129376215828471,0.250365108084723,32,0.9793091255556332,cpu,2882956.831499749,test_legacy,0.30895144873713676,True,29,1.0874794628063458,GS,50000,aleatoric,-0.02072836832406777,0.05
ppo_with_uncertainty_guard,0.28710518336289437,0.240476253602726,32,0.9793963338959215,cpu,2668559.062829258,test_legacy,0.3060661523532563,True,37,1.049565112706887,GS,50000,aleatoric,-0.02033664120855754,0.05
ppo_with_uncertainty_guard,0.2657806938543742,0.2363161243625401,32,0.9819009083278476,cpu,2500694.8888044106,test_legacy,0.2769007433885533,True,42,0.997345921380446,GS,50000,aleatoric,-0.020280694908303774,0.05
ppo_with_uncertainty_guard,0.3076980932467705,0.269603185537515,32,0.9793091056223525,cpu,2838472.4624185716,test_legacy,0.30895728559307545,True,53,0.9950485278521929,GS,50000,aleatoric,-0.023285291544780495,0.05
ppo_with_uncertainty_guard,0.3172515138948593,0.2573709084911985,32,0.9793094456962707,cpu,2919969.415484092,test_legacy,0.30890536883898045,True,67,1.0706229816346111,GS,50000,aleatoric,-0.022016478423918427,0.05
ppo_with_uncertainty_guard,0.011438909322160356,0.04777403051830086,32,0.9607024721968134,cpu,1045224.9685929259,test_legacy,0.080381924587825,True,89,0.23807792146104947,GS,50000,aleatoric,-0.004342629749503324,0.05
ppo_with_uncertainty_guard,0.324304966905537,0.2186317067644743,32,0.9859946998712686,cpu,2981245.964638849,test_legacy,0.21833388926962582,True,7,1.2847521923599508,HSBC,50000,aleatoric,-0.020684568797399105,0.05
ppo_with_uncertainty_guard,0.30240336971114207,0.21263332158622164,32,0.9860463348488853,cpu,2794039.512871274,test_legacy,0.2159401831709138,True,13,1.2425668016158724,HSBC,50000,aleatoric,-0.01987387771525544,0.05
ppo_with_uncertainty_guard,0.29967261102625037,0.20486767460963468,32,0.9860943347779579,cpu,2771326.2074137186,test_legacy,0.21353908020258827,True,19,1.279421912102308,HSBC,50000,aleatoric,-0.01887132966202305,0.05
ppo_with_uncertainty_guard,0.07259600322432301,0.08326289711536414,32,0.9947027270343755,cpu,1313296.8427375942,test_legacy,0.12578484663900624,True,23,0.8416923998955501,HSBC,50000,aleatoric,-0.007012622045372919,0.05
ppo_with_uncertainty_guard,0.3026106092435526,0.21609964003230323,32,0.986869774628845,cpu,2795768.87119384,test_legacy,0.22635748511782539,True,29,1.2233718553185033,HSBC,50000,aleatoric,-0.020212641633362338,0.05
ppo_with_uncertainty_guard,0.310169018182359,0.22191526186546134,32,0.9859952062023654,cpu,2859386.9581840127,test_legacy,0.222777767284571,True,37,1.2173834051752261,HSBC,50000,aleatoric,-0.021048920423493912,0.05
ppo_with_uncertainty_guard,0.3035326417196778,0.22944413995339705,32,0.9864663090738689,cpu,2803472.625305754,test_legacy,0.25015902585484606,True,42,1.1553043469678577,HSBC,50000,aleatoric,-0.022475368257448204,0.05
ppo_with_uncertainty_guard,0.3039477995600863,0.22968913288193502,32,0.9864602555802965,cpu,2806946.4905963945,test_legacy,0.24978292578826244,True,53,1.1554584448018819,HSBC,50000,aleatoric,-0.022301372975680512,0.05
ppo_with_uncertainty_guard,0.3202703019400419,0.22179174643950408,32,0.9860476013717605,cpu,2946079.3079612334,test_legacy,0.22855816567220022,True,67,1.252689946464376,HSBC,50000,aleatoric,-0.021268634915038297,0.05
ppo_with_uncertainty_guard,0.32207911408858225,0.21946973829227723,32,0.9859949585525074,cpu,2961806.8158525615,test_legacy,0.21991922550288323,True,89,1.2721816871034197,HSBC,50000,aleatoric,-0.02062994741193833,0.05
ppo_with_uncertainty_guard,0.24425363855573307,0.1584694585932823,32,0.9562925253386934,cpu,2339323.2768897,test_legacy,0.18865310013233605,True,7,1.3790395075037465,IAU,50000,aleatoric,-0.015385533975139686,0.05
ppo_with_uncertainty_guard,0.24353882986706624,0.15939513527720273,32,0.9562925253386383,cpu,2334101.2839912884,test_legacy,0.1967633188522404,True,13,1.36742562809654,IAU,50000,aleatoric,-0.015508945907248339,0.05
ppo_with_uncertainty_guard,0.24241281100489273,0.15828323718312035,32,0.9562925253386382,cpu,2325892.790288942,test_legacy,0.1875028361733948,True,19,1.3713081086247314,IAU,50000,aleatoric,-0.015385533978807597,0.05
ppo_with_uncertainty_guard,0.24201811778188792,0.15369900353739385,32,0.9565116920672745,cpu,2323020.6233213022,test_legacy,0.1698456343371667,True,23,1.410141524341064,IAU,50000,aleatoric,-0.014670600804133382,0.05
ppo_with_uncertainty_guard,0.25288700551502385,0.15394260919287267,32,0.9562925253603255,cpu,2403081.6054887576,test_legacy,0.1443228210160694,True,29,1.4645085034486038,IAU,50000,aleatoric,-0.014767880982300063,0.05
ppo_with_uncertainty_guard,0.24424511423626946,0.15708337785460053,32,0.9562925253405475,cpu,2339260.9518911233,test_legacy,0.17838077499501737,True,37,1.391164324445061,IAU,50000,aleatoric,-0.014990709676148394,0.05
ppo_with_uncertainty_guard,0.17394569620258638,0.1135604353337411,32,0.9740576757419863,cpu,1865749.6311530117,test_legacy,0.13728984439054004,True,42,1.4122017084616243,IAU,50000,aleatoric,-0.01088908455277977,0.05
ppo_with_uncertainty_guard,0.2419699817188371,0.1584005955690491,32,0.9562925253386382,cpu,2322670.5194411115,test_legacy,0.18850197854837725,True,53,1.3680415528890728,IAU,50000,aleatoric,-0.015385533978819943,0.05
ppo_with_uncertainty_guard,0.24152007774072584,0.15177090931360301,32,0.9568264176551429,cpu,2319400.1665038187,test_legacy,0.15417357923701047,True,67,1.4254132936256445,IAU,50000,aleatoric,-0.014392323769911819,0.05
ppo_with_uncertainty_guard,0.1862754278307156,0.10721221887808459,32,0.9580616397180721,cpu,1943118.5661147747,test_legacy,0.09513278696715011,True,89,1.5932722505828618,IAU,50000,aleatoric,-0.008713020640579482,0.05
ppo_with_uncertainty_guard,-0.012571545399132847,0.02374984214664223,32,0.9490389618391699,cpu,951991.4259366981,test_legacy,0.0804296869991088,False,7,-0.532683595522305,IBB,50000,aleatoric,-0.0022914713682196997,0.05
ppo_with_uncertainty_guard,-0.009041491463794231,0.042816813756692364,32,0.9628967732146401,cpu,965295.2403217452,test_legacy,0.0846305936920162,True,13,-0.21212648340732482,IBB,50000,aleatoric,-0.0044335495000686,0.05
ppo_with_uncertainty_guard,0.07951115690445623,0.20911381656892228,32,0.9834014993086136,cpu,1346531.8700225654,test_legacy,0.24851020201464558,True,19,0.365868928924341,IBB,50000,aleatoric,-0.02087030484814072,0.05
ppo_with_uncertainty_guard,-0.004788903369937423,0.011763860484180953,32,0.9808417771625662,cpu,981504.9233897082,test_legacy,0.0286138446518448,True,23,-0.4080584037688871,IBB,50000,aleatoric,-2.5331522405025405e-06,0.05
ppo_with_uncertainty_guard,-0.00623505638986955,0.010507837904845139,32,0.9758749313870433,cpu,975970.0794995703,test_legacy,0.024933150279129457,True,29,-0.5952205486860739,IBB,50000,aleatoric,0.0,0.012244897959183673
ppo_with_uncertainty_guard,0.07755286062138354,0.20445286890001896,32,0.9834015036536481,cpu,1337057.39270009,test_legacy,0.24850873295674492,True,37,0.3653289033382254,IBB,50000,aleatoric,-0.020391510649617483,0.05
ppo_with_uncertainty_guard,0.07888647612433669,0.20176032059898408,32,0.9834177265237454,cpu,1343504.1887598943,test_legacy,0.24795871156853355,True,42,0.37633469582026213,IBB,50000,aleatoric,-0.019968809005642907,0.05
ppo_with_uncertainty_guard,0.03147780182547077,0.11332571440668467,32,0.9911597282334146,cpu,1128090.6544526725,test_legacy,0.12601629406254544,True,53,0.2734815285346661,IBB,50000,aleatoric,-0.011401456191423432,0.05
ppo_with_uncertainty_guard,0.031205346780645685,0.10459015056072585,32,0.9931723974829131,cpu,1126932.3071255784,test_legacy,0.1350686713294975,True,67,0.2937973684343739,IBB,50000,aleatoric,-0.010373632389059395,0.05
ppo_with_uncertainty_guard,0.08144923839898892,0.19647875719812777,32,0.9834015155565761,cpu,1355957.5593568448,test_legacy,0.2485061879140643,True,89,0.398526369307464,IBB,50000,aleatoric,-0.01993152670236622,0.05
ppo_with_uncertainty_guard,0.22684699254043625,0.18834095835170375,32,0.9746909124022637,cpu,2214603.644215289,test_legacy,0.1716012628128849,True,7,1.0855168571179545,IBM,50000,aleatoric,-0.014985434181477153,0.05
ppo_with_uncertainty_guard,0.12516217724242581,0.11630878285518578,32,0.9865508014297932,cpu,1581866.8670193013,test_legacy,0.09605648609329942,True,13,1.0139133001553968,IBM,50000,aleatoric,-0.010065877912359512,0.05
ppo_with_uncertainty_guard,0.289959749879446,0.23351084529876043,32,0.9706647283949297,cpu,2691648.825323756,test_legacy,0.19819079706993603,True,19,1.090359819596162,IBM,50000,aleatoric,-0.01972781269399668,0.05
ppo_with_uncertainty_guard,0.17057003750281105,0.1543489377080417,32,0.985415876110183,cpu,1844972.5224393916,test_legacy,0.157453388189715,True,23,1.0203548016839643,IBM,50000,aleatoric,-0.01167951695070748,0.05
ppo_with_uncertainty_guard,0.28187576866371294,0.22463433481246556,32,0.970665586412274,cpu,2626641.916328281,test_legacy,0.198184040010163,True,29,1.1054600099555147,IBM,50000,aleatoric,-0.018640190005107637,0.05
ppo_with_uncertainty_guard,0.24550255107551525,0.20269358181270877,32,0.9755439926187897,cpu,2348467.9562297994,test_legacy,0.1747010662654629,True,37,1.083107467196133,IBM,50000,aleatoric,-0.017769548017363412,0.05
ppo_with_uncertainty_guard,0.26077213281459666,0.21021795409456068,32,0.9709015635580313,cpu,2462433.773817654,test_legacy,0.1961150302381114,True,42,1.1023043350868296,IBM,50000,aleatoric,-0.017221325377403573,0.05
ppo_with_uncertainty_guard,0.2915288352557303,0.23101739397046323,32,0.9706651323398378,cpu,2704403.7329139262,test_legacy,0.19818521426807267,True,53,1.1073905737776166,IBM,50000,aleatoric,-0.01952904431181013,0.05
ppo_with_uncertainty_guard,0.24644174879719818,0.20107440734850546,32,0.9734583573157329,cpu,2355362.342142048,test_legacy,0.17554429116506765,True,67,1.0955780999953448,IBM,50000,aleatoric,-0.016728014642317567,0.05
ppo_with_uncertainty_guard,0.2436526401225728,0.20181735448793395,32,0.9724435379612036,cpu,2334932.1379473894,test_legacy,0.1757590564829592,True,89,1.0804450200339655,IBM,50000,aleatoric,-0.01734649026020829,0.05
ppo_with_uncertainty_guard,0.057258454687428136,0.21465122505813186,32,0.9811823058470018,cpu,1241760.5855688865,test_legacy,0.28024127543985056,True,7,0.25939359541392804,IJR,50000,aleatoric,-0.020885417767096737,0.05
ppo_with_uncertainty_guard,0.00789458417505682,0.06073392183453539,32,0.9954646599130489,cpu,1031052.9981187056,test_legacy,0.08566607405838766,True,13,0.12947565705999264,IJR,50000,aleatoric,-0.005630708190163425,0.05
ppo_with_uncertainty_guard,0.059824376583146315,0.2121985680548102,32,0.9811823058473181,cpu,1253521.6815518953,test_legacy,0.280241274228059,True,19,0.2738150827039735,IJR,50000,aleatoric,-0.020786481330037177,0.05
ppo_with_uncertainty_guard,0.00024317161750849202,0.0069725644674494165,32,0.998898482102729,cpu,1000945.9996159624,test_legacy,0.008483216786942638,True,23,0.0348704585958736,IJR,50000,aleatoric,0.0,0.015306122448979591
ppo_with_uncertainty_guard,-0.0011862242302729767,0.00650587303038219,32,0.9933586420208522,cpu,995394.8041062905,test_legacy,0.008483216786942638,True,29,-0.18243506826960787,IJR,50000,aleatoric,0.0,0.013265306122448979
ppo_with_uncertainty_guard,0.059930549546626716,0.201987315062944,32,0.9811825950532993,cpu,1254010.1092270196,test_legacy,0.280204294385184,True,37,0.2881534462734889,IJR,50000,aleatoric,-0.01914732999851463,0.05
ppo_with_uncertainty_guard,-0.001184748682379766,0.006505873537219929,32,0.9933643489347851,cpu,995400.522718115,test_legacy,0.008483216786942638,True,42,-0.18220798798283844,IJR,50000,aleatoric,0.0,0.011224489795918367
ppo_with_uncertainty_guard,0.058890415036579505,0.20897395630264046,32,0.9811969669955515,cpu,1249231.2634554033,test_legacy,0.2796759830309026,True,53,0.27382138495251707,IJR,50000,aleatoric,-0.020171903831707905,0.05
ppo_with_uncertainty_guard,0.06786806204733246,0.20278723788535097,32,0.9811823264594332,cpu,1290927.252140058,test_legacy,0.28023549991835917,True,67,0.32380806987445093,IJR,50000,aleatoric,-0.018954376686706187,0.05
ppo_with_uncertainty_guard,-5.873538253692659e-05,0.007100579003635689,32,0.9971737902365024,cpu,999771.6040015104,test_legacy,0.009721323741270549,True,89,-0.008271972519712891,IJR,50000,aleatoric,-8.098462473871135e-06,0.05
ppo_with_uncertainty_guard,0.0447703270997714,0.08811536113037535,32,0.9843731549745698,cpu,1185686.5480477945,test_legacy,0.09937463806753732,True,7,0.497041595433832,JNJ,50000,aleatoric,-0.008342945493522968,0.05
ppo_with_uncertainty_guard,0.0756637776254201,0.14469480124936734,32,0.9716941379008079,cpu,1327964.7923734714,test_legacy,0.1482416396331886,True,13,0.5040807128755559,JNJ,50000,aleatoric,-0.01295262176024341,0.05
ppo_with_uncertainty_guard,0.08085618273834536,0.1683723343180435,32,0.9691366148844359,cpu,1353068.0978196268,test_legacy,0.177544951148364,True,19,0.4617944858254774,JNJ,50000,aleatoric,-0.015805795719011327,0.05
ppo_with_uncertainty_guard,0.08187683284967304,0.16907247025718466,32,0.969136614884436,cpu,1358043.7095745527,test_legacy,0.1786603229350633,True,23,0.46546470326465594,JNJ,50000,aleatoric,-0.015793741807484895,0.05
ppo_with_uncertainty_guard,0.07849984212909226,0.16566693405991384,32,0.9691366148844363,cpu,1341632.799927622,test_legacy,0.17422648492507675,True,29,0.45616204876575134,JNJ,50000,aleatoric,-0.015426721968565182,0.05
ppo_with_uncertainty_guard,0.07816105818974381,0.16298441450919898,32,0.9691366152651895,cpu,1339994.6076700801,test_legacy,0.17247689925689258,True,37,0.46174226463960794,JNJ,50000,aleatoric,-0.015218619095151275,0.05
ppo_with_uncertainty_guard,0.08143726903663429,0.16279035613651294,32,0.9691832628384215,cpu,1355899.1974377634,test_legacy,0.16665878171811976,True,42,0.4809307294159725,JNJ,50000,aleatoric,-0.015158344978699478,0.05
ppo_with_uncertainty_guard,0.0830109622413015,0.1643509303160342,32,0.9691410307925082,cpu,1363588.4550626057,test_legacy,0.17036660519870073,True,53,0.4852118141087438,JNJ,50000,aleatoric,-0.015211360098249305,0.05
ppo_with_uncertainty_guard,0.03431752008675428,0.08386840522400006,32,0.9844344259020386,cpu,1140216.485025935,test_legacy,0.09170211408324669,True,67,0.4023177068708268,JNJ,50000,aleatoric,-0.008112884792103614,0.05
ppo_with_uncertainty_guard,0.06293435438432188,0.1301431343793393,32,0.974306196862206,cpu,1267887.1924737932,test_legacy,0.14281630251173727,True,89,0.4689703244781617,JNJ,50000,aleatoric,-0.012584276221669022,0.05
ppo_with_uncertainty_guard,0.2742712213584573,0.23389638506844382,32,0.9835343261965647,cpu,2566561.858039151,test_legacy,0.260041348997325,True,7,1.0362462828512597,JPM,50000,aleatoric,-0.0208689647336489,0.05
ppo_with_uncertainty_guard,0.21720550718618659,0.18863056766711125,32,0.9857227454919081,cpu,2147685.8499872014,test_legacy,0.22458070325640755,True,13,1.0420235729358434,JPM,50000,aleatoric,-0.01685732873871464,0.05
ppo_with_uncertainty_guard,0.2594500495827989,0.2428388130475988,32,0.9835343261630904,cpu,2452407.1572794383,test_legacy,0.2976106432377824,True,19,0.949909956360323,JPM,50000,aleatoric,-0.023466643208876547,0.05
ppo_with_uncertainty_guard,0.2131583001919333,0.18445018874686475,32,0.9851824387920123,cpu,2120048.185561588,test_legacy,0.2141927787478246,True,23,1.0475834126536951,JPM,50000,aleatoric,-0.016045900123365885,0.05
ppo_with_uncertainty_guard,0.2827456810834818,0.2222657777406635,32,0.9835349129751509,cpu,2633580.673396417,test_legacy,0.24417074064053768,True,29,1.1202924202032603,JPM,50000,aleatoric,-0.01895880060758932,0.05
ppo_with_uncertainty_guard,0.24940724159146818,0.2164694797965227,32,0.9847381583674313,cpu,2377229.900995353,test_legacy,0.24062425431091172,True,37,1.0286395524840481,JPM,50000,aleatoric,-0.02008254970810741,0.05
ppo_with_uncertainty_guard,0.2679126113454918,0.23046968993376368,32,0.9835351304668482,cpu,2517114.186188555,test_legacy,0.25479096692440517,True,42,1.0299478934165263,JPM,50000,aleatoric,-0.02112388035607706,0.05
ppo_with_uncertainty_guard,0.2631977330277387,0.24200882812623092,32,0.9835343261630907,cpu,2480908.5586970137,test_legacy,0.28868906005083217,True,53,0.9654450950425896,JPM,50000,aleatoric,-0.02344087206850416,0.05
ppo_with_uncertainty_guard,0.28632971899046983,0.2246697867292602,32,0.9835346209821123,cpu,2662312.0529210567,test_legacy,0.24418744969031347,True,67,1.1207239292693514,JPM,50000,aleatoric,-0.019060403910995748,0.05
ppo_with_uncertainty_guard,0.14029114746529336,0.1327451382927211,32,0.9877268153797013,cpu,1666203.0583900262,test_legacy,0.18553901708547138,True,89,0.9889888775142025,JPM,50000,aleatoric,-0.010940473913339766,0.05
ppo_with_uncertainty_guard,0.3028102025145025,0.25818685729878216,32,0.97213244234565,cpu,2797435.1750663933,test_legacy,0.3236919024199154,True,7,1.0245427119587387,LLY,50000,aleatoric,-0.022308947799927113,0.05
ppo_with_uncertainty_guard,0.2754452230224864,0.1874725479055647,32,0.979036325879119,cpu,2575769.7880862076,test_legacy,0.20120374444513578,True,13,1.297763906705592,LLY,50000,aleatoric,-0.016776115362213503,0.05
ppo_with_uncertainty_guard,0.4580940432713276,0.31769851108503444,32,0.9718813252617171,cpu,4334547.336517544,test_legacy,0.344750018811002,True,19,1.1870686561761041,LLY,50000,aleatoric,-0.028841086954954506,0.05
ppo_with_uncertainty_guard,0.42671094424140255,0.305636728229069,32,0.9721811792378622,cpu,3982864.459336937,test_legacy,0.34027178825745985,True,23,1.1627253491731975,LLY,50000,aleatoric,-0.026714284075217875,0.05
ppo_with_uncertainty_guard,0.4418129507582019,0.31350938428105346,32,0.9718813252621957,cpu,4149341.1371595184,test_legacy,0.34475001515965065,True,29,1.1671138038424653,LLY,50000,aleatoric,-0.027202885867849334,0.05
ppo_with_uncertainty_guard,0.45355005470288723,0.31658863738727383,32,0.9718813252617179,cpu,4282251.699041967,test_legacy,0.34475001877707545,True,37,1.1813711740688746,LLY,50000,aleatoric,-0.02844167803819726,0.05
ppo_with_uncertainty_guard,0.45356570413385344,0.31617288804102645,32,0.9718813252655266,cpu,4282430.996048161,test_legacy,0.3447500048159877,True,42,1.182958661022763,LLY,50000,aleatoric,-0.028377490394903136,0.05
ppo_with_uncertainty_guard,0.39387641050501426,0.2725501563469718,32,0.9734014902483078,cpu,3638079.243501966,test_legacy,0.30004436196307804,True,53,1.2184489682996584,LLY,50000,aleatoric,-0.024615778451916714,0.05
ppo_with_uncertainty_guard,0.4129560065084589,0.2886020365215395,32,0.9738434754538855,cpu,3835602.5602504658,test_legacy,0.31997492896435287,True,67,1.1977870372219235,LLY,50000,aleatoric,-0.025891165073473485,0.05
ppo_with_uncertainty_guard,0.4363982655158151,0.3089420203269682,32,0.971889609871141,cpu,4089069.5963785024,test_legacy,0.3445134197285613,True,89,1.172189491687694,LLY,50000,aleatoric,-0.027067000171487977,0.05
ppo_with_uncertainty_guard,0.1357312761253529,0.18813186416714833,32,0.9661136767751761,cpu,1640440.9841757284,test_legacy,0.18180499984589016,True,7,0.6765288420290919,MA,50000,aleatoric,-0.01827988384132002,0.05
ppo_with_uncertainty_guard,0.1336516241910984,0.20546344329952576,32,0.96614815746924,cpu,1628790.2756581707,test_legacy,0.21015031695131747,True,13,0.6105409773344295,MA,50000,aleatoric,-0.02025311724776948,0.05
ppo_with_uncertainty_guard,0.12972294587724317,0.21535141202883068,32,0.966112788537053,cpu,1606948.753588026,test_legacy,0.23696425021828238,True,19,0.5663874267766985,MA,50000,aleatoric,-0.02090287884041233,0.05
ppo_with_uncertainty_guard,-0.007793955166870889,0.012606483111405385,32,0.9643243958664784,cpu,970029.7288057429,test_legacy,0.03588591258079643,True,23,-0.6206638428643966,MA,50000,aleatoric,0.0,0.015306122448979591
ppo_with_uncertainty_guard,-0.007823831516712879,0.012605868803249322,32,0.9642114798710938,cpu,969916.1447536851,test_legacy,0.03588591258079643,True,29,-0.6230827465182545,MA,50000,aleatoric,0.0,0.019387755102040816
ppo_with_uncertainty_guard,0.12266293576763222,0.19064283669207283,32,0.9665862594848428,cpu,1568246.3101065038,test_legacy,0.1940885470094268,True,37,0.6069118049355957,MA,50000,aleatoric,-0.019159595378236992,0.05
ppo_with_uncertainty_guard,0.1320997425954876,0.20640690029967831,32,0.966112807477147,cpu,1620136.3966828145,test_legacy,0.213967013707837,True,42,0.6011135874279241,MA,50000,aleatoric,-0.020268259426710955,0.05
ppo_with_uncertainty_guard,0.13292335720670706,0.2124608972719753,32,0.9661127954482607,cpu,1624724.918610817,test_legacy,0.23060711690156732,True,53,0.5874080464790368,MA,50000,aleatoric,-0.02063876702104901,0.05
ppo_with_uncertainty_guard,0.1366702268804116,0.1897531201906595,32,0.9661391493899997,cpu,1645721.4466391043,test_legacy,0.18039976920417622,True,67,0.6751036687943016,MA,50000,aleatoric,-0.019327477493916233,0.05
ppo_with_uncertainty_guard,0.12002594773270289,0.17046062951344626,32,0.966194572889414,cpu,1553969.7103298388,test_legacy,0.16654890015125767,True,89,0.6649731813114148,MA,50000,aleatoric,-0.015759724982001976,0.05
ppo_with_uncertainty_guard,-0.0019801706649113285,0.004315730550510238,32,0.9863649470095956,cpu,992321.3346505237,test_legacy,0.013969578698101448,True,7,-0.4592642811415984,MCD,50000,aleatoric,0.0,0.015306122448979591
ppo_with_uncertainty_guard,0.03928842508857501,0.10572144487372022,32,0.9753018216934559,cpu,1161675.4091063836,test_legacy,0.1214678752694891,True,13,0.3645070734117996,MCD,50000,aleatoric,-0.009960440159895879,0.05
ppo_with_uncertainty_guard,0.07778286237105846,0.1740118625667206,32,0.9652119448884151,cpu,1338167.5947799287,test_legacy,0.1720503472651751,True,19,0.430464661356009,MCD,50000,aleatoric,-0.016589464373302488,0.05
ppo_with_uncertainty_guard,0.07851483715696196,0.17395211524921173,32,0.9652119448884151,cpu,1341705.3428614305,test_legacy,0.17205034720882362,True,23,0.43451541179891234,MCD,50000,aleatoric,-0.016589464372775354,0.05
ppo_with_uncertainty_guard,0.07717935405924786,0.16090247734454177,32,0.9652119457891446,cpu,1335255.9610573642,test_legacy,0.17203372779425763,True,29,0.4620552980126477,MCD,50000,aleatoric,-0.014705582632880708,0.05
ppo_with_uncertainty_guard,0.028825456867341878,0.12054557047678373,32,0.9706844823310188,cpu,1116851.6926272628,test_legacy,0.14384810578830598,True,37,0.23574305462287495,MCD,50000,aleatoric,-0.011312989490379177,0.05
ppo_with_uncertainty_guard,0.009530205279224303,0.04963548385555134,32,0.9927321742368721,cpu,1037575.1660512834,test_legacy,0.08076509866221726,True,42,0.19109411817012023,MCD,50000,aleatoric,-0.0043298078719067766,0.05
ppo_with_uncertainty_guard,-0.0019965224728354753,0.004314995801881911,32,0.9863021007414967,cpu,992258.1088710323,test_legacy,0.013969578698101448,True,53,-0.4631394215057163,MCD,50000,aleatoric,0.0,0.011224489795918367
ppo_with_uncertainty_guard,0.06919605604170706,0.1529245302567866,32,0.967840681603922,cpu,1297181.6549956254,test_legacy,0.1576477962962548,True,67,0.4375161199430066,MCD,50000,aleatoric,-0.01456933280231034,0.05
ppo_with_uncertainty_guard,0.0006777212720962046,0.0509055808460163,32,0.9681709534886244,cpu,1002638.1638788385,test_legacy,0.10001605227746879,True,89,0.013308749233086316,MCD,50000,aleatoric,-0.005076806442067472,0.05
ppo_with_uncertainty_guard,0.3086028934197504,0.4136510761766644,32,0.8350280751414842,cpu,2846117.672386642,test_legacy,0.610168553798917,False,7,0.6502097705142683,META,50000,aleatoric,-0.03658232121861706,0.05
ppo_with_uncertainty_guard,0.2935827136526324,0.4297329827600876,32,0.8350280685874073,cpu,2721167.2496779524,test_legacy,0.6355213207561308,False,13,0.5990128322721703,META,50000,aleatoric,-0.03797745553065237,0.05
ppo_with_uncertainty_guard,0.22414161698802842,0.31846543985276177,32,0.8646380789273503,cpu,2195672.576767952,test_legacy,0.5168562382916202,False,19,0.6350446592707021,META,50000,aleatoric,-0.027377180466750327,0.05
ppo_with_uncertainty_guard,0.30613300152498635,0.4131999529124247,32,0.8350282045274962,cpu,2825284.076327728,test_legacy,0.6048891454273595,False,23,0.6463475129221344,META,50000,aleatoric,-0.036610317023766645,0.05
ppo_with_uncertainty_guard,0.3419026648769689,0.4020506737069854,32,0.8350280687173933,cpu,3138288.2984931357,test_legacy,0.5692790872591982,False,29,0.7314709541266695,META,50000,aleatoric,-0.032977845247701684,0.05
ppo_with_uncertainty_guard,0.12655861174463404,0.19651223643887747,32,0.9500717580044484,cpu,1589515.4217392732,test_legacy,0.36392420820359395,True,37,0.6064121776155011,META,50000,aleatoric,-0.016332397247887886,0.05
ppo_with_uncertainty_guard,0.11557928256097647,0.2666125998217175,32,0.8781135677614269,cpu,1530114.514395018,test_legacy,0.4676185153405825,False,42,0.41023470338439105,META,50000,aleatoric,-0.02301952034572654,0.05
ppo_with_uncertainty_guard,0.2919037135434134,0.4212919199248825,32,0.8358216696141144,cpu,2707457.7068144726,test_legacy,0.6185164988707197,False,53,0.6079318611226948,META,50000,aleatoric,-0.037656478618915655,0.05
ppo_with_uncertainty_guard,0.30984144563991967,0.3879575112326263,32,0.8394118631381612,cpu,2856607.7454798482,test_legacy,0.5736293503127747,False,67,0.6957101686911495,META,50000,aleatoric,-0.033183340925999436,0.05
ppo_with_uncertainty_guard,0.2459000233413317,0.32463790781744006,32,0.8373678865229134,cpu,2351383.8558494304,test_legacy,0.454186145914249,False,89,0.677240908268084,META,50000,aleatoric,-0.026241080289190675,0.05
ppo_with_uncertainty_guard,0.14487425199682663,0.25822498212819933,32,0.9002742317556345,cpu,1692398.0255216623,test_legacy,0.2960478808722724,False,7,0.5239412666560961,MSFT,50000,aleatoric,-0.026122077276458364,0.05
ppo_with_uncertainty_guard,0.141762800979215,0.22391939480930684,32,0.9076429681634259,cpu,1674581.2983104805,test_legacy,0.24336297373604765,False,13,0.5920580969097288,MSFT,50000,aleatoric,-0.02264627530329939,0.05
ppo_with_uncertainty_guard,0.14910949305354299,0.22222091825085738,32,0.9008818770007597,cpu,1716875.5910168306,test_legacy,0.22777480796641436,False,19,0.6254460216858604,MSFT,50000,aleatoric,-0.021990311296503594,0.05
ppo_with_uncertainty_guard,-0.00200912637202958,0.013082089115566922,32,0.9851283498794354,cpu,992209.3767700327,test_legacy,0.020910537467947687,True,23,-0.1537310250700896,MSFT,50000,aleatoric,0.0,0.02040816326530612
ppo_with_uncertainty_guard,-0.0026697454534864297,0.012560990015622251,32,0.9825948107234388,cpu,989657.626729237,test_legacy,0.020273618040785313,True,29,-0.21282413180851828,MSFT,50000,aleatoric,0.0,0.013265306122448979
ppo_with_uncertainty_guard,0.14691299199798274,0.24594682424698897,32,0.9007512421429573,cpu,1704148.3269853988,test_legacy,0.2720675834348587,False,37,0.5573314076973165,MSFT,50000,aleatoric,-0.024553138290950738,0.05
ppo_with_uncertainty_guard,0.09804595915742263,0.18633980754376986,32,0.9172192220447529,cpu,1438694.8247358885,test_legacy,0.22426465253414996,False,42,0.5019438461338426,MSFT,50000,aleatoric,-0.018273744993901796,0.05
ppo_with_uncertainty_guard,-0.0008252037270440116,0.03862560101625557,32,0.9865244730724093,cpu,996794.6975601179,test_legacy,0.0895910915482776,True,53,-0.02137289726252969,MSFT,50000,aleatoric,-0.0034363907514251223,0.05
ppo_with_uncertainty_guard,0.16316665586875348,0.24036462443438247,32,0.900274296356928,cpu,1800007.1338566118,test_legacy,0.24078838949859072,False,67,0.6288199108224063,MSFT,50000,aleatoric,-0.0236917197815667,0.05
ppo_with_uncertainty_guard,-0.002565655682217395,0.012572833459227361,32,0.9829936836252442,cpu,990059.3666988148,test_legacy,0.020273618040785313,True,89,-0.20432308995504528,MSFT,50000,aleatoric,0.0,0.013265306122448979
ppo_with_uncertainty_guard,0.22811415839955243,0.2824351768715314,32,0.7211613528552477,cpu,2223512.3060544534,test_legacy,0.3279551600346591,False,7,0.7275286140158591,NFLX,50000,aleatoric,-0.023768524963659398,0.05
ppo_with_uncertainty_guard,0.17326894144725885,0.2526986633224032,32,0.7946036675170872,cpu,1861570.3599468083,test_legacy,0.35701055796995373,False,13,0.6323488913807955,NFLX,50000,aleatoric,-0.020490573284211954,0.05
ppo_with_uncertainty_guard,0.27798151764069495,0.42201388679357804,32,0.7030684509915023,cpu,2595746.209361109,test_legacy,0.5334065469107365,False,19,0.581217370615481,NFLX,50000,aleatoric,-0.035601723909539106,0.05
ppo_with_uncertainty_guard,-0.003254727984651253,0.1603467006114582,32,0.8404681236905829,cpu,987402.1079667942,test_legacy,0.3451687195549932,False,23,-0.02033115051774944,NFLX,50000,aleatoric,-0.01473064225567029,0.05
ppo_with_uncertainty_guard,0.032324157804073245,0.061121841308688314,32,0.9479461073016688,cpu,1131694.593241655,test_legacy,0.11591647449575349,False,29,0.5204791091521043,NFLX,50000,aleatoric,-0.005330986314591524,0.05
ppo_with_uncertainty_guard,0.21727943786332093,0.31149353750343456,32,0.7147365936830643,cpu,2148193.1853881245,test_legacy,0.40097089209008285,False,37,0.6312114885960881,NFLX,50000,aleatoric,-0.025512229431634913,0.05
ppo_with_uncertainty_guard,0.0011573596885153992,0.1573938014165982,32,0.9668799776821116,cpu,1004508.3729651484,test_legacy,0.3535780259063137,True,42,0.007349014300858429,NFLX,50000,aleatoric,-0.012470920721610134,0.05
ppo_with_uncertainty_guard,0.2705299902146097,0.36078277185840635,32,0.7119626369429735,cpu,2537381.698835566,test_legacy,0.4353779736237875,False,53,0.6636514874688481,NFLX,50000,aleatoric,-0.030185057988866504,0.05
ppo_with_uncertainty_guard,0.314681146961472,0.37495259159156163,32,0.7031466785826316,cpu,2897873.80776822,test_legacy,0.4228363726532597,False,67,0.7296763717268612,NFLX,50000,aleatoric,-0.032578785663433155,0.05
ppo_with_uncertainty_guard,0.3070874580524193,0.36237959525139846,32,0.7054941096537022,cpu,2833321.4615694447,test_legacy,0.4075436359523684,False,89,0.7390074764462813,NFLX,50000,aleatoric,-0.031280803759680786,0.05
ppo_with_uncertainty_guard,0.7639452545301546,0.4977161690830834,32,0.9091502640163857,cpu,9089775.88907637,test_legacy,0.4976812624252883,False,7,1.1403140514451975,NVDA,50000,aleatoric,-0.04503114380726263,0.05
ppo_with_uncertainty_guard,0.5523776197963095,0.36864346115442054,32,0.9223469262475301,cpu,5530540.305144669,test_legacy,0.39332070531586605,False,13,1.1929887841537918,NVDA,50000,aleatoric,-0.03358787192638708,0.05
ppo_with_uncertainty_guard,0.7564421710378072,0.5016316337555435,32,0.9091502642445678,cpu,8940336.869935464,test_legacy,0.5040767679078413,False,19,1.1229158075036594,NVDA,50000,aleatoric,-0.04689281245257515,0.05
ppo_with_uncertainty_guard,0.6988465080833194,0.48285386752247783,32,0.9100185461064823,cpu,7853149.857680549,test_legacy,0.4930960274933398,False,23,1.0975356262424716,NVDA,50000,aleatoric,-0.04492638788605569,0.05
ppo_with_uncertainty_guard,0.7696472166474694,0.4429825757195664,32,0.9092569549905342,cpu,9204576.744446678,test_legacy,0.3679335731498208,False,29,1.288493139087213,NVDA,50000,aleatoric,-0.03874435931593325,0.05
ppo_with_uncertainty_guard,0.6816308125564271,0.46227768599406155,32,0.9091845052124279,cpu,7548165.9772854885,test_legacy,0.4482448740409921,False,37,1.1243542173702032,NVDA,50000,aleatoric,-0.041548428555237035,0.05
ppo_with_uncertainty_guard,0.03537224970018237,0.178069329841508,32,0.9434233970052174,cpu,1144744.83248661,test_legacy,0.3358919387444089,False,42,0.1952104421515752,NVDA,50000,aleatoric,-0.018896583566612432,0.05
ppo_with_uncertainty_guard,0.7245190857958473,0.5150196741581398,32,0.9091502641467223,cpu,8324833.875528167,test_legacy,0.56566460840229,False,53,1.0581111366119957,NVDA,50000,aleatoric,-0.04839620340102337,0.05
ppo_with_uncertainty_guard,0.7249565259998849,0.5135956399417554,32,0.9091502639771397,cpu,8333048.938962456,test_legacy,0.553475581010659,False,67,1.0615387611051506,NVDA,50000,aleatoric,-0.0483748920818214,0.05
ppo_with_uncertainty_guard,0.683850037718599,0.4462611655452089,32,0.9153821464487036,cpu,7586977.92561883,test_legacy,0.44273913628190553,False,89,1.1676630535876191,NVDA,50000,aleatoric,-0.040138069655180256,0.05
ppo_with_uncertainty_guard,0.27557991072574517,0.38248929884610194,32,0.5961298333178239,cpu,2576827.7376396973,test_legacy,0.45549188192437595,False,7,0.6363597801631758,ORCL,50000,aleatoric,-0.03032188260680462,0.05
ppo_with_uncertainty_guard,0.28368424811571663,0.3916945632672152,32,0.596104839838743,cpu,2641082.3072255603,test_legacy,0.4555181387976017,False,13,0.6375737233854938,ORCL,50000,aleatoric,-0.03125486927752501,0.05
ppo_with_uncertainty_guard,0.28423586396580547,0.3927935274678149,32,0.5961048137219289,cpu,2645498.5765391635,test_legacy,0.455518164493138,False,19,0.6368836665561836,ORCL,50000,aleatoric,-0.03125580576031597,0.05
ppo_with_uncertainty_guard,0.075501271266549,0.12314172215659017,32,0.888674609602926,cpu,1327184.7626750013,test_legacy,0.1375351405694114,False,23,0.5910812082432481,ORCL,50000,aleatoric,-0.010590652422603153,0.05
ppo_with_uncertainty_guard,0.1582487846395063,0.1557862394078773,32,0.8751721560241601,cpu,1770591.2671221544,test_legacy,0.15541868263156589,False,29,0.9430168342569901,ORCL,50000,aleatoric,-0.010906138767114902,0.05
ppo_with_uncertainty_guard,0.2584755853018605,0.37043162546544833,32,0.6222768571035353,cpu,2445036.305381602,test_legacy,0.42534054572168944,False,37,0.6206301547676926,ORCL,50000,aleatoric,-0.029580985500621892,0.05
ppo_with_uncertainty_guard,0.12436112726631465,0.15346270911703183,32,0.8753956012040451,cpu,1577491.7133550134,test_legacy,0.17537018655897507,False,42,0.763800319296082,ORCL,50000,aleatoric,-0.013048479089544162,0.05
ppo_with_uncertainty_guard,0.2808279739895748,0.39578526262911007,32,0.5961048246656169,cpu,2618302.342578548,test_legacy,0.4555181538469927,False,53,0.6253558370877117,ORCL,50000,aleatoric,-0.03171563031746745,0.05
ppo_with_uncertainty_guard,0.26839396334886034,0.3627511198230021,32,0.6125340716228944,cpu,2520832.4488058635,test_legacy,0.4373439747312342,False,67,0.6554118991521933,ORCL,50000,aleatoric,-0.028520200376131833,0.05
ppo_with_uncertainty_guard,0.28474816063339753,0.39352084436370194,32,0.5961048169530762,cpu,2649604.9650646695,test_legacy,0.4555181612575636,False,89,0.6367200561533345,ORCL,50000,aleatoric,-0.03125568627526789,0.05
ppo_with_uncertainty_guard,0.08727708285512963,0.13164568295478474,32,0.8375858449578875,cpu,1384596.1932278979,test_legacy,0.22768593792146585,False,7,0.6356181145265528,PGR,50000,aleatoric,-0.011999637099284043,0.05
ppo_with_uncertainty_guard,0.2179115326158671,0.2474069594773081,32,0.7855670313262068,cpu,2152534.45239041,test_legacy,0.29972429166416925,False,13,0.7968143145835879,PGR,50000,aleatoric,-0.020913401629913776,0.05
ppo_with_uncertainty_guard,0.034828472444730973,0.10378661142230695,32,0.926504013245441,cpu,1142408.528968127,test_legacy,0.13733567475384123,False,19,0.3298656063901319,PGR,50000,aleatoric,-0.010360919645301168,0.05
ppo_with_uncertainty_guard,0.16678600172552727,0.1955249921145806,32,0.8238145169976606,cpu,1821886.7304077123,test_legacy,0.2394822375712733,False,23,0.7889162141616566,PGR,50000,aleatoric,-0.01746484797114416,0.05
ppo_with_uncertainty_guard,0.21018145355240295,0.23940660347692377,32,0.7855764384707815,cpu,2099889.110492022,test_legacy,0.29971471193630006,False,29,0.7968459545941537,PGR,50000,aleatoric,-0.02068418871845843,0.05
ppo_with_uncertainty_guard,0.21425812703100716,0.24473759759168978,32,0.7855715755081876,cpu,2127532.4094388634,test_legacy,0.2997196644423854,False,37,0.7932298562061795,PGR,50000,aleatoric,-0.02112692365727815,0.05
ppo_with_uncertainty_guard,0.21626848691270517,0.24594264590962156,32,0.785572885070284,cpu,2141263.434166555,test_legacy,0.29971858540037144,False,42,0.79606945446389,PGR,50000,aleatoric,-0.021126852596365174,0.05
ppo_with_uncertainty_guard,0.22110275576921562,0.2500817680027243,32,0.7855670210098477,cpu,2174551.566495351,test_legacy,0.29972430100625946,False,53,0.7987556367803796,PGR,50000,aleatoric,-0.021536607619914338,0.05
ppo_with_uncertainty_guard,0.09901485815196762,0.12739521532587259,32,0.9080220347025817,cpu,1443637.9963773144,test_legacy,0.14766453425927684,False,67,0.7411116433398012,PGR,50000,aleatoric,-0.010703570416508778,0.05
ppo_with_uncertainty_guard,0.2040235442219494,0.236654924381537,32,0.7855761912151982,cpu,2058640.3257165495,test_legacy,0.29971561754105136,False,89,0.7845548857182794,PGR,50000,aleatoric,-0.02025160573327982,0.05
ppo_with_uncertainty_guard,0.9956180156715798,0.542466142104203,32,0.8893898015211749,cpu,14688171.292817015,test_legacy,0.4012356815498115,False,7,1.2737266509992713,PLTR,50000,aleatoric,-0.04648579409431939,0.05
ppo_with_uncertainty_guard,1.0519092955416502,0.6125568062429679,32,0.8891440538672283,cpu,16366220.413904075,test_legacy,0.46103973187391434,False,13,1.1733940914265135,PLTR,50000,aleatoric,-0.0520350769563195,0.05
ppo_with_uncertainty_guard,1.0545239912067879,0.6062496522925466,32,0.8889915512120561,cpu,16447472.813331803,test_legacy,0.43630800529421765,False,19,1.1877021213996821,PLTR,50000,aleatoric,-0.05219365543629726,0.05
ppo_with_uncertainty_guard,0.08091309963844719,0.18336262299253225,32,0.9781859450935183,cpu,1353345.2074064035,test_legacy,0.2307766253047029,True,23,0.42432900409119845,PLTR,50000,aleatoric,-0.018059483653846086,0.05
ppo_with_uncertainty_guard,1.0981454019178076,0.5224196339908798,32,0.8891570720816632,cpu,17847723.013749633,test_legacy,0.40467930077750836,False,29,1.4185025584595758,PLTR,50000,aleatoric,-0.0419834208319025,0.05
ppo_with_uncertainty_guard,0.8056545429825015,0.5135525877106255,32,0.919746310810378,cpu,9954597.321028024,test_legacy,0.44604941366925865,False,37,1.1506571775162722,PLTR,50000,aleatoric,-0.044340839450426904,0.05
ppo_with_uncertainty_guard,1.0276039058099198,0.6321852030453029,32,0.888985521669015,cpu,15625115.672572391,test_legacy,0.510328302976246,False,42,1.1181131305129761,PLTR,50000,aleatoric,-0.0542270683813518,0.05
ppo_with_uncertainty_guard,0.9593270976483168,0.6041878589270409,32,0.8918097147710757,cpu,13676389.22590443,test_legacy,0.49720787555922563,False,53,1.1132314397107255,PLTR,50000,aleatoric,-0.053332712503805266,0.05
ppo_with_uncertainty_guard,1.0117079342812771,0.5699344563883476,32,0.8924302068181361,cpu,15154104.532405375,test_legacy,0.39179067593116723,False,67,1.2264285432966995,PLTR,50000,aleatoric,-0.04939197735554544,0.05
ppo_with_uncertainty_guard,0.6815899779564291,0.4590888580220033,32,0.9035141315033064,cpu,7547453.207317574,test_legacy,0.380039080786552,False,89,1.1321110771865366,PLTR,50000,aleatoric,-0.039198325882014724,0.05
ppo_with_uncertainty_guard,0.20268697641045716,0.283693260618525,32,0.8757154506849879,cpu,2049767.4257424597,test_legacy,0.24924297251840055,False,7,0.6505550994553894,PPLT,50000,aleatoric,-0.024842267405045335,0.05
ppo_with_uncertainty_guard,0.20159669701920208,0.2831649433136801,32,0.8757154506849788,cpu,2042550.5938982097,test_legacy,0.2492527571323404,False,13,0.648565984543321,PPLT,50000,aleatoric,-0.024827070508013804,0.05
ppo_with_uncertainty_guard,0.1558522699611835,0.1830895161248497,32,0.9106299189982909,cpu,1756386.834912525,test_legacy,0.16934471417901398,False,19,0.791076657028796,PPLT,50000,aleatoric,-0.01586429389995434,0.05
ppo_with_uncertainty_guard,0.20381267730625213,0.2740980431111387,32,0.8757157210992486,cpu,2057238.5787972019,test_legacy,0.24392188337841547,False,23,0.6767419482994755,PPLT,50000,aleatoric,-0.02405702753405743,0.05
ppo_with_uncertainty_guard,0.21322307024925985,0.24274041485158968,32,0.8757154703243981,cpu,2120488.3972465256,test_legacy,0.228165661525344,False,29,0.7962431241676478,PPLT,50000,aleatoric,-0.021802468126255015,0.05
ppo_with_uncertainty_guard,0.2076648335946705,0.2800157941415734,32,0.8757154506905032,cpu,2082958.0459858892,test_legacy,0.24921236591151286,False,37,0.6738494840596325,PPLT,50000,aleatoric,-0.024814979231728262,0.05
ppo_with_uncertainty_guard,0.06206707246735222,0.09721076763083669,32,0.9930204137172706,cpu,1263868.8392195152,test_legacy,0.10385407893519327,True,42,0.6194476260981503,PPLT,50000,aleatoric,-0.008983138705976845,0.05
ppo_with_uncertainty_guard,0.20385444475287082,0.27957864869539306,32,0.8757156964368402,cpu,2057516.1733717027,test_legacy,0.24883481888120107,False,53,0.6635998207967795,PPLT,50000,aleatoric,-0.02471067011471213,0.05
ppo_with_uncertainty_guard,0.056498517915820584,0.08878600061793158,32,0.9693379237093105,cpu,1238293.1470664,test_legacy,0.11285646953066675,True,67,0.6190171490996782,PPLT,50000,aleatoric,-0.008527497391540972,0.05
ppo_with_uncertainty_guard,0.07228537358001784,0.09740326756741105,32,0.9844497003272947,cpu,1311818.3694521917,test_legacy,0.09691220082388752,True,89,0.7165275038248112,PPLT,50000,aleatoric,-0.00964130475648286,0.05
ppo_with_uncertainty_guard,0.04633265283004845,0.3131057885924836,32,0.8084729627523607,cpu,1192596.644744951,test_legacy,0.40873616887450837,False,7,0.14465179983683984,QCOM,50000,aleatoric,-0.029554439589002435,0.05
ppo_with_uncertainty_guard,-0.001165608522627494,0.029909240198900844,32,0.9664493159061754,cpu,995474.7042527574,test_legacy,0.05338731161228849,True,13,-0.038994042467049274,QCOM,50000,aleatoric,-0.0006160321206415631,0.05
ppo_with_uncertainty_guard,0.04281032116970292,0.37460330962179034,32,0.7889420313265607,cpu,1177059.644794548,test_legacy,0.4423405224835314,False,19,0.11190312990255337,QCOM,50000,aleatoric,-0.03696619329518223,0.05
ppo_with_uncertainty_guard,0.0459705193731787,0.36850176511320226,32,0.7889502350941612,cpu,1190992.2882718674,test_legacy,0.4423346502048181,False,23,0.12196729020924887,QCOM,50000,aleatoric,-0.036110686775443934,0.05
ppo_with_uncertainty_guard,-0.005045663951657117,0.027275965134557854,32,0.951931164138131,cpu,980520.5285916782,test_legacy,0.052900656299347926,True,29,-0.18545290077696064,QCOM,50000,aleatoric,0.0,0.009183673469387756
ppo_with_uncertainty_guard,0.05890118620934433,0.33286341118376517,32,0.7920435848568236,cpu,1249280.681634061,test_legacy,0.43933376178867745,False,37,0.17193757098080312,QCOM,50000,aleatoric,-0.029926322420631556,0.05
ppo_with_uncertainty_guard,0.02305334346143632,0.23463884289080922,32,0.8505199725660229,cpu,1092680.7884525796,test_legacy,0.3075451098042703,False,42,0.09713487355983234,QCOM,50000,aleatoric,-0.024325661451187128,0.05
ppo_with_uncertainty_guard,-0.02398295205563419,0.04899075114068778,32,0.8833846891893611,cpu,909915.3962229775,test_legacy,0.14456226509837855,False,53,-0.49550468897361405,QCOM,50000,aleatoric,-0.0020698254219339235,0.05
ppo_with_uncertainty_guard,0.015232001648524457,0.15122239473539173,32,0.9897531967030292,cpu,1060551.3912798646,test_legacy,0.1956940486565374,True,67,0.09996630184925533,QCOM,50000,aleatoric,-0.014475421909134933,0.05
ppo_with_uncertainty_guard,-0.0053957995235975375,0.027414992250081493,32,0.9506290669539406,cpu,979179.3255011417,test_legacy,0.052900656299347926,True,89,-0.19735107164815974,QCOM,50000,aleatoric,0.0,0.0163265306122449
ppo_with_uncertainty_guard,0.18139417524754195,0.2081664485667199,32,0.9778237669678872,cpu,1912209.3246305007,test_legacy,0.22760648394828953,True,7,0.8007780289557697,QQQ,50000,aleatoric,-0.020965601938181245,0.05
ppo_with_uncertainty_guard,0.12926809843855755,0.17081481820078034,32,0.981799456740587,cpu,1604434.154302101,test_legacy,0.2046585531877939,True,13,0.7117041172411098,QQQ,50000,aleatoric,-0.017164038540010383,0.05
ppo_with_uncertainty_guard,0.17514780959187237,0.21980367433068884,32,0.9778220350420006,cpu,1873190.4140110794,test_legacy,0.2417174919693562,True,19,0.7342635149872461,QQQ,50000,aleatoric,-0.022127763179568306,0.05
ppo_with_uncertainty_guard,0.007892742940113722,0.061546442435320696,32,0.9972320267354637,cpu,1031045.6732562319,test_legacy,0.12403493703068369,True,23,0.12773667470692399,QQQ,50000,aleatoric,-0.005450230231615904,0.05
ppo_with_uncertainty_guard,0.1333191093418233,0.16569959426528208,32,0.9856173512554066,cpu,1626933.1635214572,test_legacy,0.1861325590648999,True,29,0.7552853279550596,QQQ,50000,aleatoric,-0.016546690374789286,0.05
ppo_with_uncertainty_guard,0.1714825832643798,0.21215714158149068,32,0.977865877080691,cpu,1850572.1828306094,test_legacy,0.24335088784146075,True,37,0.7460036094589297,QQQ,50000,aleatoric,-0.021234327083301262,0.05
ppo_with_uncertainty_guard,0.09998518661452305,0.1436207723225262,32,0.9826186415419894,cpu,1448601.0944939149,test_legacy,0.1854215599395278,True,42,0.6635294193624194,QQQ,50000,aleatoric,-0.014819887942502684,0.05
ppo_with_uncertainty_guard,0.09768663519541604,0.15247174701834565,32,0.9838989494556334,cpu,1436864.809987871,test_legacy,0.21603518469631844,True,53,0.6112923288430537,QQQ,50000,aleatoric,-0.015492465665472287,0.05
ppo_with_uncertainty_guard,0.17338177356207182,0.20117237349510653,32,0.978357316041384,cpu,1862266.666483124,test_legacy,0.21878063194200792,True,67,0.7947903354155884,QQQ,50000,aleatoric,-0.020082858058418473,0.05
ppo_with_uncertainty_guard,0.11713138929747803,0.1666827376773161,32,0.9807759299308733,cpu,1538410.0280716936,test_legacy,0.1958465675604829,True,89,0.66452013069049,QQQ,50000,aleatoric,-0.017366454255392495,0.05
ppo_with_uncertainty_guard,0.06221915132246365,0.3029986052868633,32,0.6530679706951075,cpu,1264572.7769700342,test_legacy,0.5969189003768194,False,7,0.19920958721181894,REGN,50000,aleatoric,-0.025034960837832097,0.05
ppo_with_uncertainty_guard,0.046752221012721286,0.19979620977669885,32,0.7844194142213681,cpu,1194457.4607088163,test_legacy,0.42869077954209867,False,13,0.22869408523621926,REGN,50000,aleatoric,-0.01674816407744233,0.05
ppo_with_uncertainty_guard,0.06551880708294769,0.2535975332533207,32,0.7405774257833819,cpu,1279917.9568697675,test_legacy,0.507598544897876,False,19,0.25024606039058445,REGN,50000,aleatoric,-0.021763454903334978,0.05
ppo_with_uncertainty_guard,0.05712872017987779,0.30398839934971705,32,0.653066727356266,cpu,1241168.1232022648,test_legacy,0.5969196739024921,False,23,0.18275845186663578,REGN,50000,aleatoric,-0.025165115505265852,0.05
ppo_with_uncertainty_guard,0.06224355835355658,0.2984911158001063,32,0.6550435047899874,cpu,1264685.778573063,test_legacy,0.593705300524888,False,29,0.20229481057186569,REGN,50000,aleatoric,-0.02476589995416818,0.05
ppo_with_uncertainty_guard,0.05821261407295819,0.3013667812018464,32,0.6530670784653001,cpu,1246124.429998103,test_legacy,0.5969194532773408,False,37,0.1877487681219397,REGN,50000,aleatoric,-0.025019833230947697,0.05
ppo_with_uncertainty_guard,0.05741928210782857,0.2510196102797661,32,0.7176276302391941,cpu,1242495.332463456,test_legacy,0.5180647552443658,False,42,0.22241794049104113,REGN,50000,aleatoric,-0.021330447093900508,0.05
ppo_with_uncertainty_guard,0.01736693065943276,0.028580935088912632,32,0.9935668836257402,cpu,1069250.8916948168,test_legacy,0.03160672711740209,True,53,0.6024209291425765,REGN,50000,aleatoric,-0.0017730963785954402,0.05
ppo_with_uncertainty_guard,0.0014660519467331076,0.006996186814364883,32,0.9924893363384575,cpu,1005713.3975493676,test_legacy,0.007510663661542516,True,67,0.20939193602000702,REGN,50000,aleatoric,0.0,0.012244897959183673
ppo_with_uncertainty_guard,0.03306533061209523,0.24931038845197448,32,0.6919532215008025,cpu,1134857.661200367,test_legacy,0.5602512053166548,False,89,0.1304815703851771,REGN,50000,aleatoric,-0.02122742697329496,0.05
ppo_with_uncertainty_guard,0.05522329588009682,0.06123953318432143,32,1.0,cpu,1232490.7338822116,test_legacy,0.09981012254858157,True,7,0.8777379131318732,RY,50000,aleatoric,-0.005558299060909188,0.05
ppo_with_uncertainty_guard,0.14903839358137747,0.16041907112507087,32,1.0,cpu,1716462.5144955877,test_legacy,0.21857492637098674,True,13,0.8660147115783842,RY,50000,aleatoric,-0.015382104889592973,0.05
ppo_with_uncertainty_guard,0.1578148654765828,0.18178379613858708,32,1.0,cpu,1768013.0718457522,test_legacy,0.24812422204864248,True,19,0.806091451199618,RY,50000,aleatoric,-0.01787607833733764,0.05
ppo_with_uncertainty_guard,0.1615134391228085,0.17798068364438005,32,1.0,cpu,1790078.3538105725,test_legacy,0.23828683219573554,True,23,0.8412357287455723,RY,50000,aleatoric,-0.017528388552791884,0.05
ppo_with_uncertainty_guard,0.16321762188581898,0.1666306461913856,32,1.0,cpu,1800313.870739084,test_legacy,0.2144591036499729,True,29,0.9073350946675067,RY,50000,aleatoric,-0.015930820940726773,0.05
ppo_with_uncertainty_guard,0.16082538200757757,0.17923865229045643,32,1.0,cpu,1785958.0788560759,test_legacy,0.24068930575581937,True,37,0.8320256502943457,RY,50000,aleatoric,-0.017592693005361947,0.05
ppo_with_uncertainty_guard,0.1478173599373809,0.17038767746446087,32,1.0,cpu,1709380.0197150158,test_legacy,0.23668795076444105,True,42,0.809108174481537,RY,50000,aleatoric,-0.016530092438706845,0.05
ppo_with_uncertainty_guard,0.15967202826183904,0.17704981147019916,32,1.0,cpu,1779067.2875592352,test_legacy,0.24011850500298138,True,53,0.8366972934491328,RY,50000,aleatoric,-0.01733247432762717,0.05
ppo_with_uncertainty_guard,0.1686664728044036,0.17076110069866157,32,1.0,cpu,1833332.189748112,test_legacy,0.22002683416888302,True,67,0.9127558115661945,RY,50000,aleatoric,-0.016760717177166207,0.05
ppo_with_uncertainty_guard,0.13144072565523884,0.13658900238313493,32,1.0,cpu,1616471.8200414535,test_legacy,0.17984073623626606,True,89,0.9041112637733935,RY,50000,aleatoric,-0.013402979317854414,0.05
ppo_with_uncertainty_guard,1.0637167584141403,0.7413737321033141,32,0.9568950894708974,cpu,16735521.199887373,test_legacy,0.6543354049970164,True,7,0.9772513136696618,RYTM,50000,aleatoric,-0.06241626952673238,0.05
ppo_with_uncertainty_guard,0.30451250481568987,0.19872540528102933,32,0.9829568478974898,cpu,2811676.837102393,test_legacy,0.2582712494994116,True,23,1.3376709370958642,RYTM,50000,aleatoric,-0.013977310677428533,0.05
ppo_with_uncertainty_guard,0.07051509422430925,0.09794269213902856,32,0.9909826302529432,cpu,1303416.1339674639,test_legacy,0.145703907803845,True,29,0.6957111059759914,RYTM,50000,aleatoric,-0.007425334791723337,0.05
ppo_with_uncertainty_guard,0.771214662937614,0.6226123417370714,32,0.9569155210568704,cpu,9236322.883943437,test_legacy,0.5438842654210578,True,37,0.9181723158919096,RYTM,50000,aleatoric,-0.055897225223815725,0.05
ppo_with_uncertainty_guard,1.0276115916764754,0.7514958930156818,32,0.9568950894708974,cpu,15625346.008070655,test_legacy,0.6948113918109244,True,42,0.9406018074053032,RYTM,50000,aleatoric,-0.06305357110414746,0.05
ppo_with_uncertainty_guard,1.0132034989508905,0.704391249454786,32,0.9568950894998072,cpu,15197963.904932505,test_legacy,0.5717751529714825,True,53,0.993378433890027,RYTM,50000,aleatoric,-0.059962184445845154,0.05
ppo_with_uncertainty_guard,0.24275104092559374,0.28631885950316327,32,0.9596463556951421,cpu,2328356.1742173987,test_legacy,0.3048306164933601,True,89,0.7590397065500386,RYTM,50000,aleatoric,-0.024626502717407472,0.05
ppo_with_uncertainty_guard,0.2302539443407037,0.257382399890463,32,0.7887671251514705,cpu,2238616.2191710323,test_legacy,0.29881194517944576,False,7,0.8051074167059107,SAP,50000,aleatoric,-0.02442588920445603,0.05
ppo_with_uncertainty_guard,0.19537812860445014,0.22941318213650272,32,0.8139229051163875,cpu,2001748.5434449129,test_legacy,0.28394276971009136,False,13,0.7779083825555991,SAP,50000,aleatoric,-0.021194693228369844,0.05
ppo_with_uncertainty_guard,0.22058947425150988,0.26645120813333956,32,0.7887667389990696,cpu,2170999.059321294,test_legacy,0.32785986949840085,False,19,0.7481061929037199,SAP,50000,aleatoric,-0.025750995162176514,0.05
ppo_with_uncertainty_guard,0.054238881078255294,0.15030168625290558,32,0.8333363145410593,cpu,1228025.3613936633,test_legacy,0.20982427174248497,False,23,0.3514199498323467,SAP,50000,aleatoric,-0.01479416247058154,0.05
ppo_with_uncertainty_guard,-0.0030224836456335304,0.0071455255422247545,32,0.9882971155195397,cpu,988297.1155195397,test_legacy,0.014234137719144835,True,29,-0.4236208111648263,SAP,50000,aleatoric,0.0,0.027551020408163266
ppo_with_uncertainty_guard,0.2310987792612892,0.24488803803852097,32,0.7894181047316392,cpu,2244600.5146750547,test_legacy,0.25661909147197826,False,37,0.8489877822529255,SAP,50000,aleatoric,-0.023150486503986035,0.05
ppo_with_uncertainty_guard,0.1802806156840303,0.2206456106452103,32,0.8182355342829435,cpu,1905209.4824673259,test_legacy,0.2803801072828025,False,42,0.7512141318867119,SAP,50000,aleatoric,-0.021146511267908785,0.05
ppo_with_uncertainty_guard,0.2241766436714561,0.24587061515128306,32,0.7953153211297944,cpu,2195916.907680179,test_legacy,0.2754272415151272,False,53,0.8226617877234268,SAP,50000,aleatoric,-0.02319122521511403,0.05
ppo_with_uncertainty_guard,0.244096741735694,0.25190692936003456,32,0.7887676527505417,cpu,2338176.33372986,test_legacy,0.2639489582773036,False,67,0.867025059139049,SAP,50000,aleatoric,-0.02401319211039645,0.05
ppo_with_uncertainty_guard,0.17607233571723466,0.2042582626373807,32,0.7927649675400662,cpu,1878927.9793755016,test_legacy,0.2455828372932296,False,89,0.7939959412725446,SAP,50000,aleatoric,-0.017814403181497695,0.05
ppo_with_uncertainty_guard,0.13595773601670846,0.1703497387688023,32,0.9966140012788821,cpu,1641713.3937733795,test_legacy,0.19343512140573316,True,7,0.7483192960878328,SCHB,50000,aleatoric,-0.016703833767686138,0.05
ppo_with_uncertainty_guard,0.091249399928556,0.12095930177095131,32,0.9974098780302283,cpu,1404372.4197143028,test_legacy,0.14316506139370277,True,13,0.7219218563421319,SCHB,50000,aleatoric,-0.012039544527348234,0.05
ppo_with_uncertainty_guard,0.14023660485305037,0.1666788362655206,32,0.9966140011755579,cpu,1665893.1426472946,test_legacy,0.19343526364357,True,19,0.7873564931180371,SCHB,50000,aleatoric,-0.016556839051432792,0.05
ppo_with_uncertainty_guard,-0.0028359328457501997,0.010300357706077535,32,0.9854434816123192,cpu,989016.4687407502,test_legacy,0.0228187262616093,True,23,-0.2757106146720532,SCHB,50000,aleatoric,0.0,0.013265306122448979
ppo_with_uncertainty_guard,0.1394859172437112,0.151824684411312,32,0.9966353457831284,cpu,1661632.0211301662,test_legacy,0.1910101833993355,True,29,0.8600516766366681,SCHB,50000,aleatoric,-0.014999405536538913,0.05
ppo_with_uncertainty_guard,0.1251301222920037,0.1563243823290541,32,0.9968366492030117,cpu,1581691.617200509,test_legacy,0.18317208157718745,True,37,0.7541918397280776,SCHB,50000,aleatoric,-0.015533373887050228,0.05
ppo_with_uncertainty_guard,0.121656682385771,0.14932886842101972,32,0.9967013125969949,cpu,1562787.0289276782,test_legacy,0.1866032023345905,True,42,0.7688175251467987,SCHB,50000,aleatoric,-0.014507558345635552,0.05
ppo_with_uncertainty_guard,0.12182471658605097,0.15955250120987713,32,0.996820301051316,cpu,1563697.6905700068,test_legacy,0.18929934608935728,True,53,0.7204929761252684,SCHB,50000,aleatoric,-0.015422187588761372,0.05
ppo_with_uncertainty_guard,0.12475765350407056,0.1496286628724336,32,0.9968753882278971,cpu,1579656.324823663,test_legacy,0.17450025362366417,True,67,0.7857282579113896,SCHB,50000,aleatoric,-0.014952403720467,0.05
ppo_with_uncertainty_guard,0.11724560417795395,0.13799508672261096,32,0.9970983222034566,cpu,1539021.7868466412,test_legacy,0.17336277210786244,True,89,0.8034072039672019,SCHB,50000,aleatoric,-0.013615158314278198,0.05
ppo_with_uncertainty_guard,0.05001665556454482,0.11441481032802306,32,0.9832448882335142,cpu,1209009.2397933311,test_legacy,0.15741132433413607,True,7,0.42657028954721316,SCHD,50000,aleatoric,-0.010455890678122425,0.05
ppo_with_uncertainty_guard,0.012284981708095591,0.05396172237541687,32,0.9977477960840991,cpu,1048629.269063523,test_legacy,0.06494887589631204,True,13,0.22627331456122546,SCHD,50000,aleatoric,-0.005210937559037454,0.05
ppo_with_uncertainty_guard,0.053958472002321844,0.14698800639799373,32,0.9810626151398734,cpu,1226755.608973747,test_legacy,0.16124843888253904,True,19,0.3575325191283159,SCHD,50000,aleatoric,-0.014459908923791787,0.05
ppo_with_uncertainty_guard,-0.0014750091958613501,0.0061447311946437,32,0.9904592272289712,cpu,994276.0630367096,test_legacy,0.014567085658959145,True,23,-0.24021554613540283,SCHD,50000,aleatoric,0.0,0.018367346938775512
ppo_with_uncertainty_guard,-0.002556347663040943,0.00566633413286269,32,0.9862945107431211,cpu,990095.2973904547,test_legacy,0.014222788336413994,True,29,-0.45171162376183727,SCHD,50000,aleatoric,0.0,0.01020408163265306
ppo_with_uncertainty_guard,0.02218800016830692,0.08283676631297035,32,0.9838643461901828,cpu,1089090.9215761067,test_legacy,0.10542064611049562,True,37,0.2649232579163368,SCHD,50000,aleatoric,-0.007884834508718708,0.05
ppo_with_uncertainty_guard,0.0547430348030238,0.14542514092395345,32,0.981062628597177,cpu,1230310.7328568655,test_legacy,0.16124842554450447,True,42,0.366491721003956,SCHD,50000,aleatoric,-0.014252390162439177,0.05
ppo_with_uncertainty_guard,0.05542652154575664,0.14440288661363354,32,0.9810649883023134,cpu,1233414.0792918967,test_legacy,0.1612450904584437,True,53,0.37357225339598693,SCHD,50000,aleatoric,-0.014133799351473984,0.05
ppo_with_uncertainty_guard,0.05761678812572585,0.13092851104404205,32,0.9816855511463458,cpu,1243398.0888648517,test_legacy,0.15937067046343245,True,67,0.42785177512800726,SCHD,50000,aleatoric,-0.012148449187571674,0.05
ppo_with_uncertainty_guard,-0.002166216600959653,0.042701833737176266,32,0.9737767683061246,cpu,991602.1474686642,test_legacy,0.05218518880551726,True,89,-0.050783724971993106,SCHD,50000,aleatoric,-0.004098564686788464,0.05
ppo_with_uncertainty_guard,0.11142661653346432,0.15710108088107783,32,0.9983478310743933,cpu,1508083.2157117152,test_legacy,0.2286675586387683,True,7,0.6724608315108304,SCHF,50000,aleatoric,-0.01508194709681092,0.05
ppo_with_uncertainty_guard,0.06217741065320954,0.09720201356701393,32,0.9988471169499802,cpu,1264379.5401005177,test_legacy,0.1591125039906065,True,13,0.6205721619058722,SCHF,50000,aleatoric,-0.008924496362043843,0.05
ppo_with_uncertainty_guard,0.11041898805170344,0.1582929977754364,32,0.998347831074295,cpu,1502773.127848707,test_legacy,0.23162547611300466,True,19,0.6616673336808302,SCHF,50000,aleatoric,-0.015086902493055642,0.05
ppo_with_uncertainty_guard,0.11255551844642417,0.1554521160727244,32,0.9983478310760951,cpu,1514048.9427038364,test_legacy,0.22219154879257508,True,23,0.6861246524671233,SCHF,50000,aleatoric,-0.014984889242298748,0.05
ppo_with_uncertainty_guard,0.06286151699555957,0.10163890428868312,32,0.9988952753836924,cpu,1267549.3524594053,test_legacy,0.16516875450132718,True,29,0.5998167772737071,SCHF,50000,aleatoric,-0.00962628426444665,0.05
ppo_with_uncertainty_guard,0.11540192829842989,0.14933949077192418,32,0.9983478318358673,cpu,1529168.7326471305,test_legacy,0.19997287620855053,True,37,0.7313182675899071,SCHF,50000,aleatoric,-0.014009452484588979,0.05
ppo_with_uncertainty_guard,0.08232872843464702,0.12618381277906282,32,0.9987173780279369,cpu,1360251.0106605093,test_legacy,0.19512783329906325,True,42,0.6269809777335769,SCHF,50000,aleatoric,-0.011805353451014787,0.05
ppo_with_uncertainty_guard,0.09626700880555039,0.143412945702019,32,0.9984667409371368,cpu,1429651.647172491,test_legacy,0.21565170767632558,True,53,0.640881322402837,SCHF,50000,aleatoric,-0.013735868166815202,0.05
ppo_with_uncertainty_guard,0.10298497302963601,0.13676371445230634,32,0.9984773513581456,cpu,1464024.7801940036,test_legacy,0.192505988407772,True,67,0.7167105914773446,SCHF,50000,aleatoric,-0.013178921240206254,0.05
ppo_with_uncertainty_guard,0.0018454051785855578,0.04173967849216479,32,0.9978914470613541,cpu,1007195.7277052883,test_legacy,0.09166496962914994,True,89,0.04417133923952361,SCHF,50000,aleatoric,-0.004118405484727283,0.05
ppo_with_uncertainty_guard,0.18541049937944307,0.20580373423401124,32,0.978411381210736,cpu,1937614.7733723326,test_legacy,0.23332691385190152,True,7,0.8264621485837792,SCHG,50000,aleatoric,-0.020390130421615547,0.05
ppo_with_uncertainty_guard,0.12512917406554852,0.15977727689081614,32,0.9830297913997103,cpu,1581686.433306239,test_legacy,0.1895544269049838,True,13,0.7378879876704215,SCHG,50000,aleatoric,-0.015929236961035896,0.05
ppo_with_uncertainty_guard,0.1884511653110424,0.20959217679547476,32,0.9783930032866567,cpu,1957014.769146671,test_legacy,0.23388665635224581,True,19,0.8237463320478865,SCHG,50000,aleatoric,-0.02053919787727292,0.05
ppo_with_uncertainty_guard,-0.0038058510031541925,0.015203176788286851,32,0.9827205405777777,cpu,985280.6370762041,test_legacy,0.03021448283512007,True,23,-0.250807572694208,SCHG,50000,aleatoric,0.0,0.018367346938775512
ppo_with_uncertainty_guard,0.19936757483299358,0.18198205723353497,32,0.9784012052556165,cpu,2027854.2415750136,test_legacy,0.2336447354173894,True,29,0.9989679261760832,SCHG,50000,aleatoric,-0.0174248155515615,0.05
ppo_with_uncertainty_guard,0.1767706238482348,0.2100641073107328,32,0.978587093101565,cpu,1883270.16853949,test_legacy,0.24131967186951198,True,37,0.7748768046576564,SCHG,50000,aleatoric,-0.02132203242566515,0.05
ppo_with_uncertainty_guard,0.16667402617677118,0.19877986358872407,32,0.9786912394049296,cpu,1821206.8716543969,test_legacy,0.22719300302141598,True,42,0.7755154977295001,SCHG,50000,aleatoric,-0.019526131780487788,0.05
ppo_with_uncertainty_guard,0.11114821286195348,0.1618302150829615,32,0.9833791066201238,cpu,1506614.6686601783,test_legacy,0.222192825583574,True,53,0.6512615906584325,SCHG,50000,aleatoric,-0.016330956936871567,0.05
ppo_with_uncertainty_guard,0.17804352068584464,0.19494112585765172,32,0.979071624066872,cpu,1891204.6406960303,test_legacy,0.22246119908797113,True,67,0.8405352895664314,SCHG,50000,aleatoric,-0.019445646914150495,0.05
ppo_with_uncertainty_guard,0.12733580115549792,0.16951116792643026,32,0.9811632593615803,cpu,1593784.1263890392,test_legacy,0.19575406247067562,True,89,0.7070745845647212,SCHG,50000,aleatoric,-0.017168197542162745,0.05
ppo_with_uncertainty_guard,0.1389342430700683,0.16999635632268761,32,0.9966886812394778,cpu,1658505.7232559377,test_legacy,0.19204651829399033,True,7,0.7652683385120637,SCHK,50000,aleatoric,-0.016436285104615145,0.05
ppo_with_uncertainty_guard,0.10496344352775606,0.13143516341517175,32,0.9972533063270109,cpu,1474263.814506203,test_legacy,0.15401963836684618,True,13,0.7594020389774915,SCHK,50000,aleatoric,-0.012936224641477612,0.05
ppo_with_uncertainty_guard,0.13861154697413017,0.17057423271167138,32,0.996688681119008,cpu,1656679.0543866062,test_legacy,0.19204666885740296,True,19,0.7610144626858338,SCHK,50000,aleatoric,-0.016456351514557887,0.05
ppo_with_uncertainty_guard,-0.0028410665249597056,0.010682244011576683,32,0.9847572725847091,cpu,988996.6677037354,test_legacy,0.023690057921040508,True,23,-0.2663361492386962,SCHK,50000,aleatoric,0.0,0.013265306122448979
ppo_with_uncertainty_guard,0.11151236286430474,0.12886668114272498,32,0.9973816058341232,cpu,1508535.731764694,test_legacy,0.15000648304909092,True,29,0.8203939596659419,SCHK,50000,aleatoric,-0.012806614977415176,0.05
ppo_with_uncertainty_guard,0.12994658025565436,0.15619413040492286,32,0.9968319654518624,cpu,1608186.177079923,test_legacy,0.18502928448261924,True,37,0.7821691699587447,SCHK,50000,aleatoric,-0.015372227550396822,0.05
ppo_with_uncertainty_guard,0.12346677280793689,0.1480559812446219,32,0.9967948555331799,cpu,1572617.5794967606,test_legacy,0.18458836507274046,True,42,0.7863181999694036,SCHK,50000,aleatoric,-0.014130852914738411,0.05
ppo_with_uncertainty_guard,0.13244306275404355,0.16206502610285392,32,0.9967583032977162,cpu,1622047.9303877212,test_legacy,0.18509573374104127,True,53,0.7674523156470753,SCHK,50000,aleatoric,-0.01577685744926498,0.05
ppo_with_uncertainty_guard,0.13898947926815286,0.1534041293074221,32,0.9967736936418574,cpu,1658818.5458122708,test_legacy,0.18428910738761028,True,67,0.8483559961715709,SCHK,50000,aleatoric,-0.015139698937110336,0.05
ppo_with_uncertainty_guard,0.1142118150889116,0.13061457991248102,32,0.9971429480939402,cpu,1522833.4144865256,test_legacy,0.17231853433056066,True,89,0.8279866710334407,SCHK,50000,aleatoric,-0.012625871250049325,0.05
ppo_with_uncertainty_guard,0.08527138813178926,0.1281910327999772,32,0.9978444915800484,cpu,1374689.793113416,test_legacy,0.1427614502973803,True,7,0.6383440393987305,SCHV,50000,aleatoric,-0.012551719272690942,0.05
ppo_with_uncertainty_guard,0.07496255200836609,0.11354315681720306,32,0.9979728664328696,cpu,1324601.3471916728,test_legacy,0.12693925699345776,True,13,0.6366365582494895,SCHV,50000,aleatoric,-0.011078689110696871,0.05
ppo_with_uncertainty_guard,0.08999961974854448,0.14647370964504813,32,0.9976627281986189,cpu,1398127.9017594475,test_legacy,0.17212667842591844,True,19,0.58834622403032,SCHV,50000,aleatoric,-0.013932776143787517,0.05
ppo_with_uncertainty_guard,-0.0010114399036895531,0.007545366719257054,32,0.9908671664193749,cpu,996072.3654794671,test_legacy,0.01696761282345105,True,23,-0.1341128273939881,SCHV,50000,aleatoric,0.0,0.026530612244897958
ppo_with_uncertainty_guard,0.061749630344716006,0.10466425608355182,32,0.9982764632348904,cpu,1262400.4112513682,test_legacy,0.1273001886980425,True,29,0.5724786418829662,SCHV,50000,aleatoric,-0.010057584003438702,0.05
ppo_with_uncertainty_guard,0.02940563222568158,0.06799717145858938,32,0.9990178685135921,cpu,1119302.9694319915,test_legacy,0.109149301646157,True,37,0.4262164338249794,SCHV,50000,aleatoric,-0.006555180137052119,0.05
ppo_with_uncertainty_guard,0.09050960513040977,0.13831154694472378,32,0.9976749294388493,cpu,1400673.5436673956,test_legacy,0.15320809390982937,True,42,0.6264481678865053,SCHV,50000,aleatoric,-0.013497118266866703,0.05
ppo_with_uncertainty_guard,0.09202453996502825,0.1434587518798373,32,0.9976627559207353,cpu,1408255.7966292745,test_legacy,0.16421699473764606,True,53,0.613648529618543,SCHV,50000,aleatoric,-0.01387336995997206,0.05
ppo_with_uncertainty_guard,0.09287521991036098,0.13456013727366778,32,0.9976766730778669,cpu,1412526.7960981377,test_legacy,0.15070359467065908,True,67,0.6600166792766552,SCHV,50000,aleatoric,-0.013068873233476984,0.05
ppo_with_uncertainty_guard,0.08027042672957993,0.1154527305120969,32,0.9979544473615964,cpu,1350218.6936943494,test_legacy,0.13742058873104201,True,89,0.66876979354317,SCHV,50000,aleatoric,-0.011166032182278763,0.05
ppo_with_uncertainty_guard,-0.0015586731122622757,0.06802157468668867,32,0.9671216294389666,cpu,993952.1270411658,test_legacy,0.15666177071431187,True,7,-0.022932216340612554,SCHW,50000,aleatoric,-0.005819394215567896,0.05
ppo_with_uncertainty_guard,0.08411431517972638,0.2976601188320299,32,0.9943079866588544,cpu,1368998.856508721,test_legacy,0.4222308473446479,True,13,0.2713272826409302,SCHW,50000,aleatoric,-0.025781066289912946,0.05
ppo_with_uncertainty_guard,0.07534791002621935,0.3147384117621234,32,0.9943075870990422,cpu,1326448.941717867,test_legacy,0.4440352295707095,True,19,0.2308082111989619,SCHW,50000,aleatoric,-0.028150301841236302,0.05
ppo_with_uncertainty_guard,-0.0036118262924510645,0.02691702968828443,32,0.9632118066733724,cpu,986027.121444995,test_legacy,0.07782978007288255,True,23,-0.13442580358766676,SCHW,50000,aleatoric,-0.001350548035582566,0.05
ppo_with_uncertainty_guard,0.08569297303023418,0.3027311419979608,32,0.9943075890207518,cpu,1376767.673831915,test_legacy,0.4368276553853737,True,29,0.2715889230441851,SCHW,50000,aleatoric,-0.02576722577220405,0.05
ppo_with_uncertainty_guard,0.07221965825983166,0.3062442180271992,32,0.9943075997964327,cpu,1311505.749247001,test_legacy,0.4341630885170842,True,37,0.22769706822537722,SCHW,50000,aleatoric,-0.027560183782776002,0.05
ppo_with_uncertainty_guard,0.07192452781527549,0.3132524066665938,32,0.9943075924495369,cpu,1310102.4402601225,test_legacy,0.4395855087477236,True,42,0.22172414429079498,SCHW,50000,aleatoric,-0.028027438203070965,0.05
ppo_with_uncertainty_guard,-0.032508098918453444,0.17757236209121943,32,0.8542923350426604,cpu,879395.2045496511,test_legacy,0.3527307594316227,False,53,-0.18611114452133853,SCHW,50000,aleatoric,-0.01623366400492374,0.05
ppo_with_uncertainty_guard,0.003660925059589974,0.12448378692799486,32,0.9815630580414246,cpu,1014312.3893930237,test_legacy,0.2184418505120843,True,67,0.029355112130628098,SCHW,50000,aleatoric,-0.011185878415246542,0.05
ppo_with_uncertainty_guard,0.061360909076658574,0.167259793597904,32,0.9951488135610803,cpu,1260603.9859202947,test_legacy,0.2435060738044319,True,89,0.3560443507995126,SCHW,50000,aleatoric,-0.01504548246987367,0.05
ppo_with_uncertainty_guard,0.3397501963750992,0.2912933244394108,32,0.9281496004920249,cpu,3118757.150347834,test_legacy,0.30376650688255,False,7,1.004084172331094,SLV,50000,aleatoric,-0.026761780625602416,0.05
ppo_with_uncertainty_guard,0.351026972722351,0.2866889066210435,32,0.9281496010413055,cpu,3222091.387832199,test_legacy,0.26625013804673103,False,13,1.0494471541841996,SLV,50000,aleatoric,-0.026108838942749735,0.05
ppo_with_uncertainty_guard,0.3360147561419468,0.2915268804169856,32,0.9281496004920058,cpu,3085076.8812934095,test_legacy,0.30681545824170464,False,19,0.9937024054528332,SLV,50000,aleatoric,-0.026764500854919236,0.05
ppo_with_uncertainty_guard,0.18827359566540244,0.14324243287571595,32,0.9396454186350374,cpu,1955877.892631258,test_legacy,0.21156646981833194,False,23,1.204261189744009,SLV,50000,aleatoric,-0.012333183144648261,0.05
ppo_with_uncertainty_guard,0.17472848080219705,0.12883350262831228,32,0.977097783564605,cpu,1870592.3742439658,test_legacy,0.1051833293649368,True,29,1.2499609108982734,SLV,50000,aleatoric,-0.01151554387700351,0.05
ppo_with_uncertainty_guard,0.34455802141753855,0.28540883125778693,32,0.9281496009576257,cpu,3162507.582584442,test_legacy,0.2712434060123696,False,37,1.037337157584607,SLV,50000,aleatoric,-0.02604938115881108,0.05
ppo_with_uncertainty_guard,0.11684069179280061,0.11380651608932836,32,0.9812167152289556,cpu,1536853.8064542627,test_legacy,0.15311290449796233,True,42,0.9709789745097988,SLV,50000,aleatoric,-0.010635780152915063,0.05
ppo_with_uncertainty_guard,0.3370426359053512,0.29066257148414554,32,0.9281496004929791,cpu,3094317.5879706508,test_legacy,0.29933808183967536,False,53,0.9993031669932769,SLV,50000,aleatoric,-0.026744127287344543,0.05
ppo_with_uncertainty_guard,0.36160863555829614,0.2695743586299913,32,0.92817435306682,cpu,3321348.817235871,test_legacy,0.18278877592845577,False,67,1.1450148331386605,SLV,50000,aleatoric,-0.02442239892705613,0.05
ppo_with_uncertainty_guard,0.36259391035321253,0.26887883610564994,32,0.9281497471082353,cpu,3330705.006543188,test_legacy,0.1920147317834895,False,89,1.1506669399061231,SLV,50000,aleatoric,-0.02383021871688875,0.05
ppo_with_uncertainty_guard,0.011072911829792934,0.14429922946651683,32,0.9014410857387471,cpu,1043754.8689996914,test_legacy,0.1724680502014272,False,7,0.0763139476917093,SNY,50000,aleatoric,-0.012692330055299194,0.05
ppo_with_uncertainty_guard,0.014629374043007806,0.1486114254140942,32,0.9076247911780065,cpu,1058105.322915927,test_legacy,0.2017270717773273,False,13,0.09772722070619379,SNY,50000,aleatoric,-0.012742243512302041,0.05
ppo_with_uncertainty_guard,0.02597409145698096,0.25113997220795675,32,0.8498683696310106,cpu,1104862.4103595032,test_legacy,0.28995746617173723,False,19,0.10210432853238241,SNY,50000,aleatoric,-0.021769561495522984,0.05
ppo_with_uncertainty_guard,0.021386507798437693,0.229499156513569,32,0.8642674446977369,cpu,1085773.7619017393,test_legacy,0.28061253383022955,False,23,0.09220517979511922,SNY,50000,aleatoric,-0.01990812451896522,0.05
ppo_with_uncertainty_guard,0.02230221616943452,0.15808219142551566,32,0.9040978471919912,cpu,1089564.2427561884,test_legacy,0.19309505046198494,False,29,0.13952954635083178,SNY,50000,aleatoric,-0.013352442669842545,0.05
ppo_with_uncertainty_guard,0.02504226298494958,0.2580794988033042,32,0.8497562870708383,cpu,1100965.1132345628,test_legacy,0.31923719862283795,False,37,0.09583802208878167,SNY,50000,aleatoric,-0.02277368908955637,0.05
ppo_with_uncertainty_guard,0.002431056920150477,0.007864969078018572,32,0.9927767860635954,cpu,1009487.3594482578,test_legacy,0.00918544748858352,True,42,0.3087180191328834,SNY,50000,aleatoric,0.0,0.04693877551020408
ppo_with_uncertainty_guard,-0.0043749245859714975,0.0207950804780914,32,0.9659499678354717,cpu,983093.6231369491,test_legacy,0.03794044915680883,True,53,-0.21084261283837605,SNY,50000,aleatoric,-0.0008283627577564622,0.05
ppo_with_uncertainty_guard,0.018357379171014356,0.18772040761869682,32,0.886565858212804,cpu,1073304.7643679935,test_legacy,0.2392692816537837,False,67,0.09690422825227163,SNY,50000,aleatoric,-0.016379192390557497,0.05
ppo_with_uncertainty_guard,0.003023884234434056,0.007965274719642595,32,0.9950619733927826,cpu,1011811.01140625,test_legacy,0.009553480263908565,True,89,0.3790530051750207,SNY,50000,aleatoric,0.0,0.017346938775510204
ppo_with_uncertainty_guard,0.41949624328125945,0.42276478397018147,32,0.749052693857542,cpu,3905109.2178854877,test_legacy,0.5181781707827775,False,7,0.8285976792897765,SPOT,50000,aleatoric,-0.040914924633996555,0.05
ppo_with_uncertainty_guard,0.2596323187327939,0.3071433426674069,32,0.8106357863755742,cpu,2453787.6722314623,test_legacy,0.43937576718328186,False,13,0.7515049701113348,SPOT,50000,aleatoric,-0.02858712077151102,0.05
ppo_with_uncertainty_guard,0.38963155849311637,0.44849882419536186,32,0.7490526925558113,cpu,3595182.429124111,test_legacy,0.5604093647950006,False,19,0.7336441300645016,SPOT,50000,aleatoric,-0.04199893982772842,0.05
ppo_with_uncertainty_guard,0.22588745732100968,0.23701963902049186,32,0.828683687258876,cpu,2207875.405444788,test_legacy,0.30440346259425055,False,23,0.8592743668747672,SPOT,50000,aleatoric,-0.02165442672058706,0.05
ppo_with_uncertainty_guard,0.3549012912457895,0.37407320928310805,32,0.7865739793772234,cpu,3258173.5997331934,test_legacy,0.4816064944413251,False,29,0.8119492854839208,SPOT,50000,aleatoric,-0.03558564410156082,0.05
ppo_with_uncertainty_guard,0.3268794945481114,0.3634048290340058,32,0.7946296669185597,cpu,3003848.242576127,test_legacy,0.47902770955629403,False,37,0.7782775424094819,SPOT,50000,aleatoric,-0.03468604861917619,0.05
ppo_with_uncertainty_guard,0.2460929438744542,0.31639973520311543,32,0.8144513869574415,cpu,2352800.1108655916,test_legacy,0.46334240044129527,False,42,0.6953637330201782,SPOT,50000,aleatoric,-0.029667921576078272,0.05
ppo_with_uncertainty_guard,0.39626236930140984,0.41780593048737974,32,0.753025045358046,cpu,3662357.080499203,test_legacy,0.5106964975803607,False,53,0.7989326601722246,SPOT,50000,aleatoric,-0.039724365507267476,0.05
ppo_with_uncertainty_guard,0.43263728375365784,0.34656283251142395,32,0.7502619821764194,cpu,4047590.100255886,test_legacy,0.33696773411471814,False,67,1.037378511746128,SPOT,50000,aleatoric,-0.02846731944124876,0.05
ppo_with_uncertainty_guard,0.34547980680463847,0.4312079676599496,32,0.7617846973616523,cpu,3170947.484907241,test_legacy,0.5672139527849416,False,89,0.6881843475382055,SPOT,50000,aleatoric,-0.039845855661303005,0.05
ppo_with_uncertainty_guard,0.14304304928978684,0.1678989128625493,32,0.9963353187435151,cpu,1681895.272481172,test_legacy,0.18755164787633216,True,7,0.7962762762411054,SPY,50000,aleatoric,-0.016108495855273828,0.05
ppo_with_uncertainty_guard,0.11016413695852348,0.1335034024645314,32,0.9968876182876912,cpu,1501432.295128642,test_legacy,0.15311527594515362,True,13,0.7828096462693193,SPY,50000,aleatoric,-0.012722800151095547,0.05
ppo_with_uncertainty_guard,0.1417422703811679,0.1698343043322142,32,0.9963353181786523,cpu,1674464.2011935185,test_legacy,0.18755222095737656,True,19,0.7804976721646699,SPY,50000,aleatoric,-0.016444383237679095,0.05
ppo_with_uncertainty_guard,-0.00284138679421102,0.010293376399264897,32,0.9844030131387814,cpu,988995.4324077726,test_legacy,0.023826410833682976,True,23,-0.27642895824663627,SPY,50000,aleatoric,0.0,0.013265306122448979
ppo_with_uncertainty_guard,0.14749969687732678,0.1513099263677353,32,0.9963676252449619,cpu,1707541.008116264,test_legacy,0.18508895940908499,True,29,0.9092943057348415,SPY,50000,aleatoric,-0.014425074087033618,0.05
ppo_with_uncertainty_guard,0.1311513953526001,0.1529483880716098,32,0.9965217730066936,cpu,1614864.8959286835,test_legacy,0.17918028849095213,True,37,0.8057353304015058,SPY,50000,aleatoric,-0.014680797326716455,0.05
ppo_with_uncertainty_guard,0.13846877575671857,0.15922769457549912,32,0.9963427093809946,cpu,1655871.353917575,test_legacy,0.18667182773473212,True,42,0.814456627200983,SPY,50000,aleatoric,-0.01538608010428648,0.05
ppo_with_uncertainty_guard,0.1284908974729914,0.15960251513844176,32,0.9965325636467709,cpu,1600144.207185154,test_legacy,0.18730785914315817,True,53,0.7573886342930148,SPY,50000,aleatoric,-0.015196528150608301,0.05
ppo_with_uncertainty_guard,0.14182051139491123,0.15633501164943187,32,0.9963670033374062,cpu,1674910.4846405683,test_legacy,0.18321036649132694,True,67,0.8483307251933276,SPY,50000,aleatoric,-0.015410991127833906,0.05
ppo_with_uncertainty_guard,0.10627346910140052,0.13403942893878518,32,0.997128128096306,cpu,1481072.7035306138,test_legacy,0.15535752025659155,True,89,0.7534873380846819,SPY,50000,aleatoric,-0.012784533797857645,0.05
ppo_with_uncertainty_guard,0.1683240145219242,0.1943548813431156,32,0.9854943236375555,cpu,1831243.855749167,test_legacy,0.22134319409513314,True,7,0.8004436394235761,SPYG,50000,aleatoric,-0.01909977691574527,0.05
ppo_with_uncertainty_guard,0.12848537831065082,0.16833918962449906,32,0.9871942911300138,cpu,1600113.7733489634,test_legacy,0.19105135165065867,True,13,0.7180517307149088,SPYG,50000,aleatoric,-0.016328586088760044,0.05
ppo_with_uncertainty_guard,0.16716218358086143,0.19923665364792625,32,0.9854929059140135,cpu,1824172.0965395344,test_legacy,0.2214180275264045,True,19,0.7758371386418672,SPYG,50000,aleatoric,-0.019111931062069144,0.05
ppo_with_uncertainty_guard,-0.003864066933519229,0.013605726051579366,32,0.9797381760335271,cpu,985056.7408985732,test_legacy,0.027779449648732135,True,23,-0.2845497948423313,SPYG,50000,aleatoric,0.0,0.013265306122448979
ppo_with_uncertainty_guard,0.1742574888092857,0.1949377719072845,32,0.9854928210105482,cpu,1867677.4370786378,test_legacy,0.22142696298564046,True,29,0.8240367736157456,SPYG,50000,aleatoric,-0.018936863159216076,0.05
ppo_with_uncertainty_guard,0.15516315918950602,0.19175965883088805,32,0.9855693662910181,cpu,1752318.1093683045,test_legacy,0.2193878999802421,True,37,0.7521992833948254,SPYG,50000,aleatoric,-0.019192284515175385,0.05
ppo_with_uncertainty_guard,0.14403843768152108,0.18416048515951905,32,0.9857601759364804,cpu,1687598.237465243,test_legacy,0.21168526712204405,True,42,0.7306908192329544,SPYG,50000,aleatoric,-0.01857692390462491,0.05
ppo_with_uncertainty_guard,0.13347190106557386,0.188156849390342,32,0.9869021867516962,cpu,1627786.3175343329,test_legacy,0.2313595668350681,True,53,0.6658556190269304,SPYG,50000,aleatoric,-0.018395711658067703,0.05
ppo_with_uncertainty_guard,0.1641878531634609,0.19156867855253867,32,0.9857162005326577,cpu,1806160.576772014,test_legacy,0.2164430470169405,True,67,0.7935722965788382,SPYG,50000,aleatoric,-0.018651381281159906,0.05
ppo_with_uncertainty_guard,0.1026155975974561,0.1496418384201645,32,0.9876457842545315,cpu,1462119.0461717783,test_legacy,0.16952578747549907,True,89,0.6527924989072696,SPYG,50000,aleatoric,-0.015486162321327778,0.05
ppo_with_uncertainty_guard,0.0813528954408241,0.10104088496649162,32,0.9985695421520209,cpu,1355487.849597888,test_legacy,0.13872762236601122,True,7,0.7740709643988403,SPYV,50000,aleatoric,-0.010293508550304952,0.05
ppo_with_uncertainty_guard,0.10327820546167886,0.1231395154864033,32,0.9982003482413582,cpu,1465538.9798350246,test_legacy,0.15966212852506034,True,13,0.7981662713307094,SPYV,50000,aleatoric,-0.012530470586066222,0.05
ppo_with_uncertainty_guard,0.11537132570516598,0.14365515918741306,32,0.9980825833980826,cpu,1529005.5813345432,test_legacy,0.17537333286373402,True,19,0.7600649845785469,SPYV,50000,aleatoric,-0.01471414319320763,0.05
ppo_with_uncertainty_guard,-0.0005938413175302016,0.006961045667627217,32,0.992475163629228,cpu,997692.597279125,test_legacy,0.016030783243909164,True,23,-0.08533260566775451,SPYV,50000,aleatoric,0.0,0.02857142857142857
ppo_with_uncertainty_guard,0.0791183346190206,0.10497825812483655,32,0.998582919739513,cpu,1344627.3617030988,test_legacy,0.1302296289623659,True,29,0.7253333892007624,SPYV,50000,aleatoric,-0.010328877811666182,0.05
ppo_with_uncertainty_guard,0.07564608857847978,0.10019224336712958,32,0.998279462642685,cpu,1327879.8685243693,test_legacy,0.15186537666043254,True,37,0.7278146060750642,SPYV,50000,aleatoric,-0.008829426333380663,0.05
ppo_with_uncertainty_guard,0.09555808821799246,0.12474622422375527,32,0.9983692845875138,cpu,1426059.6885941594,test_legacy,0.15287400142273988,True,42,0.7315955850944277,SPYV,50000,aleatoric,-0.012577263255018333,0.05
ppo_with_uncertainty_guard,0.11530692124273005,0.14281725433944403,32,0.9980825990852573,cpu,1528662.2646838569,test_legacy,0.17535714120519208,True,53,0.7641199372333896,SPYV,50000,aleatoric,-0.014696832871771547,0.05
ppo_with_uncertainty_guard,0.11525141670272852,0.13429571311137103,32,0.9980836149783952,cpu,1528366.4362112205,test_legacy,0.17480930306034503,True,67,0.812235430755555,SPYV,50000,aleatoric,-0.013559323257761146,0.05
ppo_with_uncertainty_guard,0.08944971769324853,0.11129612556097107,32,0.9984489224543058,cpu,1395386.8644879651,test_legacy,0.14741206545923713,True,89,0.7697716338377983,SPYV,50000,aleatoric,-0.011122504135089526,0.05
ppo_with_uncertainty_guard,0.143138126363773,0.1668757331467612,32,0.996046384843924,cpu,1682439.3864610463,test_legacy,0.18739057011455573,True,7,0.8016569766756648,SPYX,50000,aleatoric,-0.016134656643658384,0.05
ppo_with_uncertainty_guard,0.11520067554842908,0.13798441569588468,32,0.9965265788777048,cpu,1528096.0328757493,test_legacy,0.16052257014073168,True,13,0.7901924344084021,SPYX,50000,aleatoric,-0.013337598235551163,0.05
ppo_with_uncertainty_guard,0.14427733699431533,0.16623735765381006,32,0.996046384546729,cpu,1688969.1188405624,test_legacy,0.18739058992699986,True,19,0.8107272891157459,SPYX,50000,aleatoric,-0.01616849605635071,0.05
ppo_with_uncertainty_guard,-0.0031598547811535955,0.010439001741173634,32,0.9831647541365373,cpu,987767.6511378952,test_legacy,0.024102126660846435,True,23,-0.3031716648232817,SPYX,50000,aleatoric,0.0,0.013265306122448979
ppo_with_uncertainty_guard,0.09949810379075617,0.12195619537770035,32,0.9971198034057378,cpu,1446108.1504477146,test_legacy,0.14749652338588437,True,29,0.7777684654724828,SPYX,50000,aleatoric,-0.011811572474827869,0.05
ppo_with_uncertainty_guard,0.12979669770074148,0.1522624941794404,32,0.9962940006204191,cpu,1607356.762197751,test_legacy,0.17801479534602171,True,37,0.8014946584386501,SPYX,50000,aleatoric,-0.014770051413630457,0.05
ppo_with_uncertainty_guard,0.12845884455476694,0.15170294966672462,32,0.9962822704182157,cpu,1599967.4665726018,test_legacy,0.17789769872776728,True,42,0.7966405482213135,SPYX,50000,aleatoric,-0.014537409717512606,0.05
ppo_with_uncertainty_guard,0.11144963722477473,0.14677294323086298,32,0.9965540432202072,cpu,1508204.6947662025,test_legacy,0.19053683448481307,True,53,0.7199217113630074,SPYX,50000,aleatoric,-0.01409626540077653,0.05
ppo_with_uncertainty_guard,0.11310641678001082,0.13465675295847632,32,0.9966589875927765,cpu,1516966.5432076869,test_legacy,0.15077889533736066,True,67,0.795760714603155,SPYX,50000,aleatoric,-0.013240066631559433,0.05
ppo_with_uncertainty_guard,0.11996761195824523,0.13340094175047013,32,0.99654821039312,cpu,1553654.9773202504,test_legacy,0.16958316218621883,True,89,0.8493165841478902,SPYX,50000,aleatoric,-0.012733143590361084,0.05
ppo_with_uncertainty_guard,-0.0007788459295584044,0.04599457145108442,32,0.9506543772254078,cpu,996974.560497673,test_legacy,0.08366435483020196,True,7,-0.016939970824947834,TAN,50000,aleatoric,-0.0025910555990061646,0.05
ppo_with_uncertainty_guard,-0.0027090856227458687,0.016320204979425542,32,0.9876408708127133,cpu,989505.8228057732,test_legacy,0.02626776618223059,True,13,-0.1662194471855312,TAN,50000,aleatoric,0.0,0.04387755102040816
ppo_with_uncertainty_guard,-0.07329445161277395,0.36451998345004355,32,0.5774666414234491,cpu,743772.6259373868,test_legacy,0.7001500624798707,False,19,-0.20882084237147183,TAN,50000,aleatoric,-0.03525724834239341,0.05
ppo_with_uncertainty_guard,-0.002634712580529226,0.01860239579991774,32,0.9861597513448407,cpu,989792.8244302124,test_legacy,0.02626776618223059,True,23,-0.14181867000479623,TAN,50000,aleatoric,-3.5405933261234424e-05,0.05
ppo_with_uncertainty_guard,-0.001178740782377331,0.019345522411051367,32,0.9924410172384703,cpu,995423.8070994394,test_legacy,0.026757833073691506,True,29,-0.06096637457133829,TAN,50000,aleatoric,-0.00022554289964178405,0.05
ppo_with_uncertainty_guard,-0.002535529382338629,0.016255011635293616,32,0.9883094488843045,cpu,990175.6633463893,test_legacy,0.02626776618223059,True,37,-0.15618103172544692,TAN,50000,aleatoric,0.0,0.014285714285714285
ppo_with_uncertainty_guard,-0.003945337690090184,0.01756242656925423,32,0.9818556340576906,cpu,984744.2399801558,test_legacy,0.026809482575469445,True,42,-0.22508878934849785,TAN,50000,aleatoric,-3.474852843687824e-07,0.05
ppo_with_uncertainty_guard,0.001735569072148328,0.03863879918701844,32,0.9609008760694466,cpu,1006766.374160462,test_legacy,0.05581756131326443,True,53,0.044878661467927884,TAN,50000,aleatoric,-0.0015112005612878396,0.05
ppo_with_uncertainty_guard,-0.002872328547881238,0.016258530817853598,32,0.9870123286579728,cpu,988876.0937814136,test_legacy,0.02626776618223059,True,67,-0.17691841575608155,TAN,50000,aleatoric,0.0,0.014285714285714285
ppo_with_uncertainty_guard,-0.002381237906183729,0.017055066791651217,32,0.9880141677176308,cpu,990771.4342862861,test_legacy,0.02626776618223059,True,89,-0.13978575404111285,TAN,50000,aleatoric,-1.0652636384556043e-05,0.05
ppo_with_uncertainty_guard,0.15300528829766563,0.21158423664058298,32,0.7629077255133105,cpu,1739622.645568113,test_legacy,0.26473382617000907,False,7,0.6728843475043697,TMUS,50000,aleatoric,-0.020734061866312103,0.05
ppo_with_uncertainty_guard,0.13439437750290056,0.19059030318972206,32,0.7823793859449633,cpu,1632944.2773394838,test_legacy,0.24458627807677502,False,13,0.6616224082847304,TMUS,50000,aleatoric,-0.01864474569489678,0.05
ppo_with_uncertainty_guard,0.1619950315555494,0.22616627904639086,32,0.7537008394418241,cpu,1792966.459493869,test_legacy,0.2759425933797245,False,19,0.663840241359146,TMUS,50000,aleatoric,-0.02225727555116297,0.05
ppo_with_uncertainty_guard,0.015169863660871134,0.02506796048893148,32,0.9902120591965219,cpu,1060298.978846835,test_legacy,0.017955665548490818,True,23,0.6006015733233319,TMUS,50000,aleatoric,-4.745489832496119e-05,0.05
ppo_with_uncertainty_guard,0.1609437404117156,0.22163475550308084,32,0.7537008394418248,cpu,1786666.339257878,test_legacy,0.2759425933797237,False,29,0.6733291285663363,TMUS,50000,aleatoric,-0.021159166404343833,0.05
ppo_with_uncertainty_guard,0.15756201932403935,0.22261010869497158,32,0.7537008433671883,cpu,1766512.0353980067,test_legacy,0.2759425895803659,False,37,0.65727465150193,TMUS,50000,aleatoric,-0.021830505824201384,0.05
ppo_with_uncertainty_guard,0.16130479159611694,0.22170345999376104,32,0.753701259708582,cpu,1788828.1699478521,test_legacy,0.2759421875951039,False,42,0.6745230148881509,TMUS,50000,aleatoric,-0.021713658754329845,0.05
ppo_with_uncertainty_guard,0.1620570671146429,0.22522104075588675,32,0.7537008419124372,cpu,1793338.737706561,test_legacy,0.27594259099994844,False,53,0.6668633710802829,TMUS,50000,aleatoric,-0.022257248979554677,0.05
ppo_with_uncertainty_guard,0.13412219803162434,0.18193385460707656,32,0.7706488990996073,cpu,1631421.1448444389,test_legacy,0.2582983585350821,False,67,0.6917835515546932,TMUS,50000,aleatoric,-0.017225562885361433,0.05
ppo_with_uncertainty_guard,0.14089721985758966,0.19911441760722365,32,0.7537014981695452,cpu,1669649.6959491323,test_legacy,0.27594195813170674,False,89,0.6620057166802621,TMUS,50000,aleatoric,-0.018490447114255293,0.05
ppo_with_uncertainty_guard,0.12257373181433692,0.4471261744418987,32,0.9519534329397572,cpu,1567761.7756336846,test_legacy,0.5461337926926355,True,7,0.2585936350716261,TSLA,50000,aleatoric,-0.04530618106130273,0.05
ppo_with_uncertainty_guard,0.012622730163630136,0.025564384328529536,32,0.9985120545316469,cpu,1049990.5488165463,test_legacy,0.031500224485268125,True,13,0.49066895476766736,TSLA,50000,aleatoric,-0.001635778745988947,0.05
ppo_with_uncertainty_guard,-0.007829930189467586,0.021184618356774612,32,0.9698929600042592,cpu,969892.9600042591,test_legacy,0.04533398730928517,True,19,-0.37105630201326795,TSLA,50000,aleatoric,-4.580018027153798e-05,0.05
ppo_with_uncertainty_guard,-0.002599205019561069,0.01674754608888865,32,0.9899298680311941,cpu,989929.8680311941,test_legacy,0.02430240767545455,True,23,-0.15539973049786904,TSLA,50000,aleatoric,-2.0462072359528344e-05,0.05
ppo_with_uncertainty_guard,0.15130033078592606,0.5799099900310731,32,0.9382706174333679,cpu,1729640.2423632154,test_legacy,0.6453477008932866,False,29,0.24295492381005068,TSLA,50000,aleatoric,-0.05743143290350376,0.05
ppo_with_uncertainty_guard,-0.000961885914263888,0.028045144925358863,32,0.9901393862605179,cpu,996264.5266574948,test_legacy,0.05226424363828641,True,37,-0.034314081056001436,TSLA,50000,aleatoric,-0.0017097790599597928,0.05
ppo_with_uncertainty_guard,-0.009871717406680294,0.017016164611138414,32,0.9621540017351773,cpu,962154.0017351772,test_legacy,0.03798229713165391,True,42,-0.5830146538287855,TSLA,50000,aleatoric,-2.1078057305157212e-05,0.05
ppo_with_uncertainty_guard,-0.013177121879521008,0.01793744474902941,32,0.9497229342703745,cpu,949722.9342703745,test_legacy,0.05684840787673695,False,53,-0.7394917859994452,TSLA,50000,aleatoric,-0.0007610239200477763,0.05
ppo_with_uncertainty_guard,0.04677948868288227,0.14483837762637708,32,0.9819494485711833,cpu,1194578.4694392765,test_legacy,0.3218512364472508,True,67,0.31565009094629665,TSLA,50000,aleatoric,-0.015081657219828149,0.05
ppo_with_uncertainty_guard,0.10164011566284513,0.3515612228881386,32,0.9450244449498763,cpu,1457095.0611101887,test_legacy,0.4418669444979999,False,89,0.27534333587926496,TSLA,50000,aleatoric,-0.035484775088252006,0.05
ppo_with_uncertainty_guard,0.30091718250677885,0.373892448572849,32,0.9728908021389108,cpu,2781660.9515008973,test_legacy,0.4782979764690569,True,7,0.7035965289445972,TSM,50000,aleatoric,-0.03489912495507665,0.05
ppo_with_uncertainty_guard,0.32205063962904534,0.3589994188226453,32,0.9729042737810104,cpu,2961558.7501075114,test_legacy,0.42415732427759323,True,13,0.777672352442186,TSM,50000,aleatoric,-0.033338717486434355,0.05
ppo_with_uncertainty_guard,0.3300239206510717,0.3406471963791166,32,0.9729818160999826,cpu,3031626.161720567,test_legacy,0.36418860957683274,True,19,0.8372204370114099,TSM,50000,aleatoric,-0.031200278696488937,0.05
ppo_with_uncertainty_guard,0.31976941311083024,0.33919300509839784,32,0.9729104501452684,cpu,2941735.1014776495,test_legacy,0.367067719225024,True,23,0.8179912329527577,TSM,50000,aleatoric,-0.03151828807283898,0.05
ppo_with_uncertainty_guard,0.25204496209895066,0.26832442506145887,32,0.9795799568117842,cpu,2396806.876103417,test_legacy,0.3252601426798265,True,29,0.8377099893864108,TSM,50000,aleatoric,-0.02493194477685412,0.05
ppo_with_uncertainty_guard,0.3099338691005804,0.3701335551871588,32,0.9728913855316471,cpu,2857391.6874313545,test_legacy,0.4584261624121757,True,37,0.7294030351032467,TSM,50000,aleatoric,-0.03477761953304119,0.05
ppo_with_uncertainty_guard,0.2385419557036148,0.29781463499579924,32,0.9793258475594153,cpu,2297838.3748527626,test_legacy,0.39235124059640314,True,42,0.7183486183153983,TSM,50000,aleatoric,-0.028529129963043243,0.05
ppo_with_uncertainty_guard,0.28347433833356295,0.34351393104424416,32,0.9745230392033825,cpu,2639403.196422561,test_legacy,0.4428714083944726,True,53,0.7265225358735333,TSM,50000,aleatoric,-0.03202395485160361,0.05
ppo_with_uncertainty_guard,0.35436311887513783,0.35662225112211887,32,0.9728909766123787,cpu,3253143.642236051,test_legacy,0.3742346503419599,True,67,0.850567189478705,TSM,50000,aleatoric,-0.03339036003338549,0.05
ppo_with_uncertainty_guard,0.10754532683912292,0.1590969441178429,32,0.9849436793545745,cpu,1487705.5368588264,test_legacy,0.23471147408158943,True,89,0.6420365137395216,TSM,50000,aleatoric,-0.014897700414265724,0.05
ppo_with_uncertainty_guard,0.13996876055035895,0.1739927702817245,32,0.9535145261805823,cpu,1664371.85006199,test_legacy,0.14992119069108556,True,7,0.7529090965803159,V,50000,aleatoric,-0.015414976710092888,0.05
ppo_with_uncertainty_guard,0.10529260684215991,0.16162600541632832,32,0.9634692387490046,cpu,1475972.4566977848,test_legacy,0.1613234441763326,True,13,0.6193929244513856,V,50000,aleatoric,-0.016586765267469605,0.05
ppo_with_uncertainty_guard,0.13953962620963,0.207322454537507,32,0.9534639239678213,cpu,1661936.6196470188,test_legacy,0.19854518461509518,True,19,0.6300535292122607,V,50000,aleatoric,-0.02045790737969817,0.05
ppo_with_uncertainty_guard,-0.0062972013392254,0.010220261773522863,32,0.9694209467072694,cpu,975732.7536876245,test_legacy,0.03067134769644797,True,23,-0.6180873216681746,V,50000,aleatoric,0.0,0.014285714285714285
ppo_with_uncertainty_guard,0.1473115431241013,0.19637107397196008,32,0.953463924451397,cpu,1706452.443728174,test_legacy,0.17205870524236422,True,29,0.699804217715259,V,50000,aleatoric,-0.01917304143784273,0.05
ppo_with_uncertainty_guard,0.07343944575759379,0.1283365720170154,32,0.9711283170834824,cpu,1317317.536676187,test_legacy,0.13055758420781316,True,37,0.5522030060129783,V,50000,aleatoric,-0.012008952336638588,0.05
ppo_with_uncertainty_guard,0.13926300965540622,0.20844074456744924,32,0.9534639239689257,cpu,1660368.293268522,test_legacy,0.2040154036465176,True,42,0.6255085662933144,V,50000,aleatoric,-0.020687928194218316,0.05
ppo_with_uncertainty_guard,0.14179658555027355,0.20534181219619957,32,0.9534639416668902,cpu,1674774.003252977,test_legacy,0.19754417618403974,True,53,0.645766540206393,V,50000,aleatoric,-0.02026751749753597,0.05
ppo_with_uncertainty_guard,0.14277172027545476,0.18648802143491874,32,0.954122430683159,cpu,1680343.209919041,test_legacy,0.15900090683849366,True,67,0.7156305828240976,V,50000,aleatoric,-0.01773712918085044,0.05
ppo_with_uncertainty_guard,-0.0058117503462240695,0.010575282279742295,32,0.9712639803440888,cpu,977587.7871400176,test_legacy,0.032115365267103346,True,89,-0.5511547247578762,V,50000,aleatoric,0.0,0.03469387755102041
ppo_with_uncertainty_guard,0.14453412684264247,0.1640909434305985,32,0.9964715225478704,cpu,1690443.5841942427,test_legacy,0.18689261278425529,True,7,0.8226995632289841,VOO,50000,aleatoric,-0.01620017921991943,0.05
ppo_with_uncertainty_guard,0.11594420220244464,0.13558694949752695,32,0.9969042507183046,cpu,1532061.897800168,test_legacy,0.1576128773448523,True,13,0.8090803477156951,VOO,50000,aleatoric,-0.012986497911339967,0.05
ppo_with_uncertainty_guard,0.14311130960271298,0.16638654232713368,32,0.9964715209871718,cpu,1682285.904316702,test_legacy,0.1868939085458482,True,19,0.8038729233687023,VOO,50000,aleatoric,-0.016294337059971385,0.05
ppo_with_uncertainty_guard,-0.003064794776426381,0.010100678429292631,32,0.9836317428839074,cpu,988134.0148635482,test_legacy,0.023617224837959472,True,23,-0.30388578935568983,VOO,50000,aleatoric,0.0,0.013265306122448979
ppo_with_uncertainty_guard,0.14728665116739245,0.14083838695411563,32,0.9965032828455006,cpu,1706308.4698217912,test_legacy,0.1840071271292707,True,29,0.9755832117952656,VOO,50000,aleatoric,-0.013442395044729504,0.05
ppo_with_uncertainty_guard,0.12830463358292832,0.14802774019210405,32,0.9967457770393006,cpu,1599117.346034158,test_legacy,0.17461872851437676,True,37,0.8154961511622635,VOO,50000,aleatoric,-0.01443812389804595,0.05
ppo_with_uncertainty_guard,0.12918217218560127,0.14670965661050353,32,0.9965670225653279,cpu,1603959.4441554975,test_legacy,0.18048278592899725,True,42,0.8281220242411883,VOO,50000,aleatoric,-0.014223208628512028,0.05
ppo_with_uncertainty_guard,0.13667255170409603,0.15970206734619494,32,0.996543536736154,cpu,1645734.5366100778,test_legacy,0.18355099149158816,True,53,0.8021502467534896,VOO,50000,aleatoric,-0.01557878050445174,0.05
ppo_with_uncertainty_guard,0.1378493118899268,0.14950832435731895,32,0.9965776990142038,cpu,1652370.2449195578,test_legacy,0.17666403002070918,True,67,0.8637631082686034,VOO,50000,aleatoric,-0.014899740419732766,0.05
ppo_with_uncertainty_guard,0.12199775148189276,0.13132931313394955,32,0.9968642611715043,cpu,1564635.8654045812,test_legacy,0.17113610183578976,True,89,0.8765039668909599,VOO,50000,aleatoric,-0.012476062268832688,0.05
ppo_with_uncertainty_guard,0.13698606925526022,0.17005519203053335,32,0.9956160876634937,cpu,1647500.512724266,test_legacy,0.19303429234653746,True,7,0.7549363305162718,VTI,50000,aleatoric,-0.016698184604284537,0.05
ppo_with_uncertainty_guard,0.10344217995756022,0.1332638964319277,32,0.9963491273554875,cpu,1466386.2217000069,test_legacy,0.15533010664164837,True,13,0.7386429015219997,VTI,50000,aleatoric,-0.012889416893198469,0.05
ppo_with_uncertainty_guard,0.14075507408065668,0.16730238587665192,32,0.9956160850412912,cpu,1668840.8604969492,test_legacy,0.19303587610407857,True,19,0.787139186285825,VTI,50000,aleatoric,-0.01659962541167568,0.05
ppo_with_uncertainty_guard,-0.0026038173663380532,0.010483059259507183,32,0.9858604236982887,cpu,989912.065600491,test_legacy,0.023255927240495744,True,23,-0.24870351772344715,VTI,50000,aleatoric,0.0,0.013265306122448979
ppo_with_uncertainty_guard,0.09481304089787909,0.12589632311940258,32,0.9967773955025617,cpu,1422291.912844801,test_legacy,0.14737212321719384,True,29,0.7195086665120495,VTI,50000,aleatoric,-0.012334805704150398,0.05
ppo_with_uncertainty_guard,0.12550067438972146,0.15717405271029428,32,0.9958777041107091,cpu,1583718.3685294448,test_legacy,0.18360654932505116,True,37,0.752209789767339,VTI,50000,aleatoric,-0.015487699560638645,0.05
ppo_with_uncertainty_guard,0.11935136004754135,0.1495908127375583,32,0.9957838747973411,cpu,1550333.0682585542,test_legacy,0.18408556047689728,True,42,0.7537177785988064,VTI,50000,aleatoric,-0.014571797389934105,0.05
ppo_with_uncertainty_guard,0.1350774200941162,0.1715336817224659,32,0.9956163003544227,cpu,1636771.2760658537,test_legacy,0.19297995532134204,True,53,0.7386347778280162,VTI,50000,aleatoric,-0.016681218972479428,0.05
ppo_with_uncertainty_guard,0.13376537214830236,0.1566967657295194,32,0.9957148891384284,cpu,1629425.9250513313,test_legacy,0.18503494188973202,True,67,0.8011917365430026,VTI,50000,aleatoric,-0.015630252676601942,0.05
ppo_with_uncertainty_guard,0.11214482780684588,0.13590514504845017,32,0.9963531251519284,cpu,1511876.6067721392,test_legacy,0.1698121750068441,True,89,0.782091833169098,VTI,50000,aleatoric,-0.013346676761493724,0.05
ppo_with_uncertainty_guard,0.10560141278944994,0.13497181035178654,32,0.9855821695244595,cpu,1477576.7635505062,test_legacy,0.14454873342866537,True,7,0.7437800052175259,VYM,50000,aleatoric,-0.013107571645570637,0.05
ppo_with_uncertainty_guard,0.10424935857350628,0.12399749755601744,32,0.9856195376955346,cpu,1470562.1480285195,test_legacy,0.1429883991813965,True,13,0.7997392336417286,VYM,50000,aleatoric,-0.01196652581973554,0.05
ppo_with_uncertainty_guard,0.10286421457402822,0.1416873494272948,32,0.9855821270437245,cpu,1463401.5431832108,test_legacy,0.14917677470313584,True,19,0.691032176387921,VYM,50000,aleatoric,-0.013675273927929155,0.05
ppo_with_uncertainty_guard,-0.000989069787705476,0.006389796497537723,32,0.9919916141538729,cpu,996159.1092297441,test_legacy,0.015549261399902536,True,23,-0.1548616856327723,VYM,50000,aleatoric,-2.7975886958131464e-06,0.05
ppo_with_uncertainty_guard,0.10841832256140788,0.1299006205878142,32,0.9855834836328005,cpu,1492271.0284797598,test_legacy,0.1444978162219266,True,29,0.7924052883955335,VYM,50000,aleatoric,-0.012236263437565231,0.05
ppo_with_uncertainty_guard,0.0774343442533071,0.10500793324405171,32,0.9878733085899756,cpu,1336485.5898212476,test_legacy,0.1222258625777436,True,37,0.7102558128507555,VYM,50000,aleatoric,-0.010030708448451619,0.05
ppo_with_uncertainty_guard,0.09075547504246692,0.12470214089083341,32,0.9872159706775744,cpu,1401902.0567471024,test_legacy,0.13026284917651432,True,42,0.6966235007979635,VYM,50000,aleatoric,-0.011962826552005711,0.05
ppo_with_uncertainty_guard,0.1045881057028256,0.1375098569829586,32,0.9855847423386866,cpu,1472317.2801707669,test_legacy,0.1444562740737454,True,53,0.7233837472316245,VYM,50000,aleatoric,-0.013418681282837764,0.05
ppo_with_uncertainty_guard,0.09046411211753749,0.12162779567685282,32,0.9870756077288437,cpu,1400446.3210828837,test_legacy,0.12663851839985252,True,67,0.7120352961861612,VYM,50000,aleatoric,-0.011790334874374064,0.05
ppo_with_uncertainty_guard,0.004886582566121669,0.04072123149881989,32,0.9851840035894622,cpu,1019137.9231647428,test_legacy,0.04972222588913666,True,89,0.11970814221730618,VYM,50000,aleatoric,-0.003843619621070182,0.05
ppo_with_uncertainty_guard,0.13848075552413805,0.1350633506147587,32,0.9981180136712862,cpu,1655939.1158826055,test_legacy,0.16801332931355673,True,7,0.9602497642262443,VYMI,50000,aleatoric,-0.013073152107730746,0.05
ppo_with_uncertainty_guard,0.11308867541718529,0.11979433687209284,32,0.9983232704738623,cpu,1516872.5185350145,test_legacy,0.1676448713719112,True,13,0.8943544609465556,VYMI,50000,aleatoric,-0.011741523327193092,0.05
ppo_with_uncertainty_guard,0.12962511813148161,0.14610638873169898,32,0.998118004216407,cpu,1606407.671277297,test_legacy,0.21013604210854786,True,19,0.8342256108350558,VYMI,50000,aleatoric,-0.01411079732877205,0.05
ppo_with_uncertainty_guard,0.1308649973027716,0.14489567214147384,32,0.9981180042168318,cpu,1613275.4263684116,test_legacy,0.20527512565034067,True,23,0.8487671693298715,VYMI,50000,aleatoric,-0.014110061800358498,0.05
ppo_with_uncertainty_guard,0.09291513862460375,0.11281849684605137,32,0.9985291688118024,cpu,1412727.4516170695,test_legacy,0.17461919074172483,True,29,0.7875343393524015,VYMI,50000,aleatoric,-0.010892866184553984,0.05
ppo_with_uncertainty_guard,0.11464854269457075,0.1168423742728716,32,0.9981868813307845,cpu,1525155.9731466535,test_legacy,0.1423608301125413,True,37,0.9289352436508599,VYMI,50000,aleatoric,-0.011372629261314503,0.05
ppo_with_uncertainty_guard,0.10721352282689775,0.1215038429437203,32,0.9984520648909349,cpu,1485973.0310501128,test_legacy,0.17856899070267473,True,42,0.8382153503338197,VYMI,50000,aleatoric,-0.011714754159334984,0.05
ppo_with_uncertainty_guard,0.10866610129907733,0.12815564627244413,32,0.9983177346847539,cpu,1493568.72700426,test_legacy,0.19294236158265,True,53,0.8049388175250045,VYMI,50000,aleatoric,-0.012572624244860275,0.05
ppo_with_uncertainty_guard,0.0951398354586445,0.11269390661710191,32,0.9985050635682864,cpu,1423943.6326532771,test_legacy,0.1743214245443152,True,67,0.806449376355106,VYMI,50000,aleatoric,-0.010810858570384418,0.05
ppo_with_uncertainty_guard,0.09645978037886396,0.09235358639323964,32,0.9983838276204574,cpu,1430629.5432826423,test_legacy,0.10996672642257788,True,89,0.9971074596284524,VYMI,50000,aleatoric,-0.008353491479955366,0.05
ppo_with_uncertainty_guard,0.1263583285613664,0.15794092270465257,32,0.9927397812470585,cpu,1588416.746222665,test_legacy,0.1522610229052197,True,7,0.7533803707359533,XLF,50000,aleatoric,-0.01522052748475522,0.05
ppo_with_uncertainty_guard,0.126993215724114,0.15837093700968302,32,0.992742504561997,cpu,1591901.4313265614,test_legacy,0.15342816905465662,True,13,0.7548928969904991,XLF,50000,aleatoric,-0.01543370750252846,0.05
ppo_with_uncertainty_guard,0.12093029445862666,0.18134719272800762,32,0.9926431270215629,cpu,1558854.900196361,test_legacy,0.2068386937956055,True,19,0.6295044270462327,XLF,50000,aleatoric,-0.018357142425502637,0.05
ppo_with_uncertainty_guard,-0.0008513193896516241,0.009264476106297576,32,0.9817646166564706,cpu,996693.3823997177,test_legacy,0.023353579257997636,True,23,-0.0919282822756024,XLF,50000,aleatoric,0.0,0.014285714285714285
ppo_with_uncertainty_guard,0.13509097571017,0.15785604269842227,32,0.9926469461125528,cpu,1636847.2937783152,test_legacy,0.15507753112252776,True,29,0.8027103235295808,XLF,50000,aleatoric,-0.01487125898067756,0.05
ppo_with_uncertainty_guard,0.11078268240146187,0.15950372062188137,32,0.993228224870244,cpu,1504688.1512584214,test_legacy,0.18135065362762925,True,37,0.6586979987071141,XLF,50000,aleatoric,-0.016201275252825907,0.05
ppo_with_uncertainty_guard,0.10979407217639815,0.16781471159708106,32,0.9931490294540986,cpu,1499486.8780054993,test_legacy,0.1979145333915021,True,42,0.6207702412722341,XLF,50000,aleatoric,-0.01672664929937202,0.05
ppo_with_uncertainty_guard,0.12202069776324553,0.1778992345107672,32,0.9926448099138835,cpu,1564760.3088346438,test_legacy,0.19855140970694096,True,53,0.6471705834831024,XLF,50000,aleatoric,-0.01804207647532552,0.05
ppo_with_uncertainty_guard,0.1349139898376488,0.15551815197989227,32,0.9926602491423006,cpu,1635854.9918934626,test_legacy,0.1537735247520633,True,67,0.8137747098283116,XLF,50000,aleatoric,-0.014662483412637872,0.05
ppo_with_uncertainty_guard,0.08273284629522724,0.11733371713669785,32,0.995116385067561,cpu,1362227.1959788771,test_legacy,0.12755056818380317,True,89,0.677453614056664,XLF,50000,aleatoric,-0.011511951273607579,0.05
ppo_with_uncertainty_guard,0.07398932212786244,0.09509227326704082,32,0.9978750801674697,cpu,1319943.7188301696,test_legacy,0.11613175410509735,True,7,0.7506386404685055,XLI,50000,aleatoric,-0.00930282918273644,0.05
ppo_with_uncertainty_guard,0.13713778391923734,0.1517563788516224,32,0.9961455110971704,cpu,1648355.5936415058,test_legacy,0.17456189872649863,True,13,0.8468458192885455,XLI,50000,aleatoric,-0.014787345031029719,0.05
ppo_with_uncertainty_guard,0.1427236735631788,0.17045965380263406,32,0.9959999992227917,cpu,1680068.4829175149,test_legacy,0.18490704953411286,True,19,0.7826748028071872,XLI,50000,aleatoric,-0.0169650787089215,0.05
ppo_with_uncertainty_guard,0.1426186397239925,0.1646245457906158,32,0.9960000144289904,cpu,1679468.024586477,test_legacy,0.18489318310321967,True,23,0.8098582833007915,XLI,50000,aleatoric,-0.016373056321048816,0.05
ppo_with_uncertainty_guard,0.10046699597724883,0.1248284248025736,32,0.9970144484510898,cpu,1451070.1878109165,test_legacy,0.13901432802676805,True,29,0.7669287657414358,XLI,50000,aleatoric,-0.012448437937989087,0.05
ppo_with_uncertainty_guard,0.12647207859640017,0.14679215599933268,32,0.9960096872561872,cpu,1589040.6653613015,test_legacy,0.18341943488465384,True,37,0.8112869860584206,XLI,50000,aleatoric,-0.014197459295695759,0.05
ppo_with_uncertainty_guard,0.13405840898571833,0.15228945288550558,32,0.9960104973659605,cpu,1631064.3302630743,test_legacy,0.1833631898810858,True,42,0.826075460264244,XLI,50000,aleatoric,-0.014849384834107403,0.05
ppo_with_uncertainty_guard,0.1429138625638136,0.16613493795293613,32,0.9960003442823672,cpu,1681156.162801953,test_legacy,0.1847930447756747,True,53,0.8040505816730342,XLI,50000,aleatoric,-0.01637474043444893,0.05
ppo_with_uncertainty_guard,0.14622899889101318,0.15720629509762876,32,0.9960151476468382,cpu,1700199.3914565914,test_legacy,0.18289225163086698,True,67,0.868141348567466,XLI,50000,aleatoric,-0.015290424595107498,0.05
ppo_with_uncertainty_guard,-0.005893164589215519,0.03056549050087875,32,0.966191293392292,cpu,977276.4996309949,test_legacy,0.042249533275452555,True,89,-0.19337386754177427,XLI,50000,aleatoric,-0.002689144593899595,0.05
ppo_with_uncertainty_guard,0.19958943299070778,0.22990545328358958,32,0.9607160651793908,cpu,2029313.3965072553,test_legacy,0.25655226215004645,True,7,0.7915394386018357,XLK,50000,aleatoric,-0.02303115360792729,0.05
ppo_with_uncertainty_guard,0.16502690034477785,0.20595233712312577,32,0.9652132016036526,cpu,1811228.1180743203,test_legacy,0.22650146543168925,True,13,0.7416476140863669,XLK,50000,aleatoric,-0.020634959690453324,0.05
ppo_with_uncertainty_guard,0.19238558563431377,0.24508188083911014,32,0.9607158460615445,cpu,1982330.773718435,test_legacy,0.25656302926267927,True,19,0.7179473229255576,XLK,50000,aleatoric,-0.025131877387818146,0.05
ppo_with_uncertainty_guard,0.1555092816656868,0.19882635158290127,32,0.9654114191354015,cpu,1754360.8485248156,test_legacy,0.22856079414462604,True,23,0.726971383536724,XLK,50000,aleatoric,-0.02019640229630868,0.05
ppo_with_uncertainty_guard,0.19234041563645593,0.20644310626071255,32,0.9614321303848545,cpu,1982038.7546262492,test_legacy,0.25134890035743707,True,29,0.8521378086837728,XLK,50000,aleatoric,-0.01981319631224059,0.05
ppo_with_uncertainty_guard,0.17207624351030415,0.22080149330123164,32,0.964149309258605,cpu,1854221.8358641814,test_legacy,0.23622348040750085,True,37,0.7190921886547607,XLK,50000,aleatoric,-0.02261906776567253,0.05
ppo_with_uncertainty_guard,0.09532906174482417,0.1444344430153178,32,0.9728108066949026,cpu,1424900.691434342,test_legacy,0.16529107763829953,True,42,0.6304225581865585,XLK,50000,aleatoric,-0.015239206005426453,0.05
ppo_with_uncertainty_guard,0.12554645828186023,0.18380999801721945,32,0.9694795856162177,cpu,1583968.919423722,test_legacy,0.21912561182058088,True,53,0.6434283094077967,XLK,50000,aleatoric,-0.018412907403541557,0.05
ppo_with_uncertainty_guard,0.17505567600515534,0.204375903797452,32,0.9641868729001062,cpu,1872619.3513541108,test_legacy,0.22601507424878509,True,67,0.7893073596823449,XLK,50000,aleatoric,-0.020607785911427357,0.05
ppo_with_uncertainty_guard,0.16056656422823484,0.19417425608003752,32,0.9622375190893896,cpu,1784410.0318719447,test_legacy,0.24201662626372578,True,89,0.7668791146019313,XLK,50000,aleatoric,-0.019186354060613107,0.05
ppo_with_uncertainty_guard,0.09072182224179985,0.15335233478214813,32,0.929683362778676,cpu,1401733.8599719119,test_legacy,0.20930575251328454,False,7,0.5662751045741905,XLU,50000,aleatoric,-0.0162904076601027,0.05
ppo_with_uncertainty_guard,0.08600058656360746,0.13851431620911286,32,0.9312695719243089,cpu,1378285.2913854448,test_legacy,0.19292920479972542,False,13,0.5956183399078054,XLU,50000,aleatoric,-0.014161724692443567,0.05
ppo_with_uncertainty_guard,0.0925033917121223,0.1609652981712312,32,0.9296738333630321,cpu,1410658.7803373078,test_legacy,0.2261823544784355,False,19,0.5496319161866898,XLU,50000,aleatoric,-0.017091112880388958,0.05
ppo_with_uncertainty_guard,0.0907954583320152,0.17263553607793,32,0.9296253310633976,cpu,1402101.9128079684,test_legacy,0.2475389912805125,False,23,0.5034138997599225,XLU,50000,aleatoric,-0.01837278851623303,0.05
ppo_with_uncertainty_guard,0.08962141498463215,0.1681889201815853,32,0.9296253308133533,cpu,1396242.2763767622,test_legacy,0.24231323722707943,False,29,0.5103203534681522,XLU,50000,aleatoric,-0.017842140903743964,0.05
ppo_with_uncertainty_guard,0.06752403815213469,0.12411715308555814,32,0.9379827163249082,cpu,1289310.6758167376,test_legacy,0.1995181015750307,False,37,0.5264534260263058,XLU,50000,aleatoric,-0.012786651366893853,0.05
ppo_with_uncertainty_guard,0.08765358663766616,0.15364165982558073,32,0.9321386422080058,cpu,1386461.6921302467,test_legacy,0.21461098163202563,False,42,0.5468739167668586,XLU,50000,aleatoric,-0.01612769127168736,0.05
ppo_with_uncertainty_guard,0.05394869014615428,0.11280536303323936,32,0.950865863576624,cpu,1226711.3322438013,test_legacy,0.1760438585025239,True,53,0.4657907434860416,XLU,50000,aleatoric,-0.011971048506606597,0.05
ppo_with_uncertainty_guard,0.05552036310606653,0.1127545354522503,32,0.9503120790915135,cpu,1233840.6169985796,test_legacy,0.17377328279957271,True,67,0.4792162391448626,XLU,50000,aleatoric,-0.012092946019483807,0.05
ppo_with_uncertainty_guard,0.04548312337152135,0.08747445851083085,32,0.9653807582046725,cpu,1188835.5140852341,test_legacy,0.12887892363692344,True,89,0.508480048171577,XLU,50000,aleatoric,-0.009247878480905402,0.05
