agent,ticker,fold_id,metric,n,mean,std,median,q25,q75,min,max
all_cash,IWM,test_legacy,final_portfolio_value,2,1000000.0,0.0,1000000.0,1000000.0,1000000.0,1000000.0,1000000.0
all_cash,IWM,test_legacy,annualized_return,2,0.0,0.0,0.0,0.0,0.0,0.0,0.0
all_cash,IWM,test_legacy,annualized_volatility,2,0.0,0.0,0.0,0.0,0.0,0.0,0.0
all_cash,IWM,test_legacy,sharpe_ratio,2,0.0,0.0,0.0,0.0,0.0,0.0,0.0
all_cash,IWM,test_legacy,max_drawdown,2,0.0,0.0,0.0,0.0,0.0,0.0,0.0
all_cash,IWM,test_legacy,var_95,2,0.0,0.0,0.0,0.0,0.0,0.0,0.0
all_cash,IWM,test_legacy,var_95_violation_rate,2,0.0,0.0,0.0,0.0,0.0,0.0,0.0
all_cash,IWM,test_legacy,capital_preservation_rate_95pct_hwm,2,1.0,0.0,1.0,1.0,1.0,1.0,1.0
all_cash,QQQ,test_legacy,final_portfolio_value,2,1000000.0,0.0,1000000.0,1000000.0,1000000.0,1000000.0,1000000.0
all_cash,QQQ,test_legacy,annualized_return,2,0.0,0.0,0.0,0.0,0.0,0.0,0.0
all_cash,QQQ,test_legacy,annualized_volatility,2,0.0,0.0,0.0,0.0,0.0,0.0,0.0
all_cash,QQQ,test_legacy,sharpe_ratio,2,0.0,0.0,0.0,0.0,0.0,0.0,0.0
all_cash,QQQ,test_legacy,max_drawdown,2,0.0,0.0,0.0,0.0,0.0,0.0,0.0
all_cash,QQQ,test_legacy,var_95,2,0.0,0.0,0.0,0.0,0.0,0.0,0.0
all_cash,QQQ,test_legacy,var_95_violation_rate,2,0.0,0.0,0.0,0.0,0.0,0.0,0.0
all_cash,QQQ,test_legacy,capital_preservation_rate_95pct_hwm,2,1.0,0.0,1.0,1.0,1.0,1.0,1.0
all_cash,SPY,test_legacy,final_portfolio_value,8,1000000.0,0.0,1000000.0,1000000.0,1000000.0,1000000.0,1000000.0
all_cash,SPY,test_legacy,annualized_return,8,0.0,0.0,0.0,0.0,0.0,0.0,0.0
all_cash,SPY,test_legacy,annualized_volatility,8,0.0,0.0,0.0,0.0,0.0,0.0,0.0
all_cash,SPY,test_legacy,sharpe_ratio,8,0.0,0.0,0.0,0.0,0.0,0.0,0.0
all_cash,SPY,test_legacy,max_drawdown,8,0.0,0.0,0.0,0.0,0.0,0.0,0.0
all_cash,SPY,test_legacy,var_95,8,0.0,0.0,0.0,0.0,0.0,0.0,0.0
all_cash,SPY,test_legacy,var_95_violation_rate,8,0.0,0.0,0.0,0.0,0.0,0.0,0.0
all_cash,SPY,test_legacy,capital_preservation_rate_95pct_hwm,8,1.0,0.0,1.0,1.0,1.0,1.0,1.0
all_cash,XLE,test_legacy,final_portfolio_value,1,1000000.0,0.0,1000000.0,1000000.0,1000000.0,1000000.0,1000000.0
all_cash,XLE,test_legacy,annualized_return,1,0.0,0.0,0.0,0.0,0.0,0.0,0.0
all_cash,XLE,test_legacy,annualized_volatility,1,0.0,0.0,0.0,0.0,0.0,0.0,0.0
all_cash,XLE,test_legacy,sharpe_ratio,1,0.0,0.0,0.0,0.0,0.0,0.0,0.0
all_cash,XLE,test_legacy,max_drawdown,1,0.0,0.0,0.0,0.0,0.0,0.0,0.0
all_cash,XLE,test_legacy,var_95,1,0.0,0.0,0.0,0.0,0.0,0.0,0.0
all_cash,XLE,test_legacy,var_95_violation_rate,1,0.0,0.0,0.0,0.0,0.0,0.0,0.0
all_cash,XLE,test_legacy,capital_preservation_rate_95pct_hwm,1,1.0,0.0,1.0,1.0,1.0,1.0,1.0
all_cash,XLF,test_legacy,final_portfolio_value,1,1000000.0,0.0,1000000.0,1000000.0,1000000.0,1000000.0,1000000.0
all_cash,XLF,test_legacy,annualized_return,1,0.0,0.0,0.0,0.0,0.0,0.0,0.0
all_cash,XLF,test_legacy,annualized_volatility,1,0.0,0.0,0.0,0.0,0.0,0.0,0.0
all_cash,XLF,test_legacy,sharpe_ratio,1,0.0,0.0,0.0,0.0,0.0,0.0,0.0
all_cash,XLF,test_legacy,max_drawdown,1,0.0,0.0,0.0,0.0,0.0,0.0,0.0
all_cash,XLF,test_legacy,var_95,1,0.0,0.0,0.0,0.0,0.0,0.0,0.0
all_cash,XLF,test_legacy,var_95_violation_rate,1,0.0,0.0,0.0,0.0,0.0,0.0,0.0
all_cash,XLF,test_legacy,capital_preservation_rate_95pct_hwm,1,1.0,0.0,1.0,1.0,1.0,1.0,1.0
all_cash,XLK,test_legacy,final_portfolio_value,1,1000000.0,0.0,1000000.0,1000000.0,1000000.0,1000000.0,1000000.0
all_cash,XLK,test_legacy,annualized_return,1,0.0,0.0,0.0,0.0,0.0,0.0,0.0
all_cash,XLK,test_legacy,annualized_volatility,1,0.0,0.0,0.0,0.0,0.0,0.0,0.0
all_cash,XLK,test_legacy,sharpe_ratio,1,0.0,0.0,0.0,0.0,0.0,0.0,0.0
all_cash,XLK,test_legacy,max_drawdown,1,0.0,0.0,0.0,0.0,0.0,0.0,0.0
all_cash,XLK,test_legacy,var_95,1,0.0,0.0,0.0,0.0,0.0,0.0,0.0
all_cash,XLK,test_legacy,var_95_violation_rate,1,0.0,0.0,0.0,0.0,0.0,0.0,0.0
all_cash,XLK,test_legacy,capital_preservation_rate_95pct_hwm,1,1.0,0.0,1.0,1.0,1.0,1.0,1.0
all_cash,XLU,test_legacy,final_portfolio_value,1,1000000.0,0.0,1000000.0,1000000.0,1000000.0,1000000.0,1000000.0
all_cash,XLU,test_legacy,annualized_return,1,0.0,0.0,0.0,0.0,0.0,0.0,0.0
all_cash,XLU,test_legacy,annualized_volatility,1,0.0,0.0,0.0,0.0,0.0,0.0,0.0
all_cash,XLU,test_legacy,sharpe_ratio,1,0.0,0.0,0.0,0.0,0.0,0.0,0.0
all_cash,XLU,test_legacy,max_drawdown,1,0.0,0.0,0.0,0.0,0.0,0.0,0.0
all_cash,XLU,test_legacy,var_95,1,0.0,0.0,0.0,0.0,0.0,0.0,0.0
all_cash,XLU,test_legacy,var_95_violation_rate,1,0.0,0.0,0.0,0.0,0.0,0.0,0.0
all_cash,XLU,test_legacy,capital_preservation_rate_95pct_hwm,1,1.0,0.0,1.0,1.0,1.0,1.0,1.0
all_cash,XLV,test_legacy,final_portfolio_value,1,1000000.0,0.0,1000000.0,1000000.0,1000000.0,1000000.0,1000000.0
all_cash,XLV,test_legacy,annualized_return,1,0.0,0.0,0.0,0.0,0.0,0.0,0.0
all_cash,XLV,test_legacy,annualized_volatility,1,0.0,0.0,0.0,0.0,0.0,0.0,0.0
all_cash,XLV,test_legacy,sharpe_ratio,1,0.0,0.0,0.0,0.0,0.0,0.0,0.0
all_cash,XLV,test_legacy,max_drawdown,1,0.0,0.0,0.0,0.0,0.0,0.0,0.0
all_cash,XLV,test_legacy,var_95,1,0.0,0.0,0.0,0.0,0.0,0.0,0.0
all_cash,XLV,test_legacy,var_95_violation_rate,1,0.0,0.0,0.0,0.0,0.0,0.0,0.0
all_cash,XLV,test_legacy,capital_preservation_rate_95pct_hwm,1,1.0,0.0,1.0,1.0,1.0,1.0,1.0
buy_and_hold,IWM,test_legacy,final_portfolio_value,2,1159576.5,0.0,1159576.5,1159576.5,1159576.5,1159576.5,1159576.5
buy_and_hold,IWM,test_legacy,annualized_return,2,0.037975874675655476,1.1548317851192998e-08,0.037975874675655476,0.037975870592708544,0.03797587875860241,0.03797586650976161,0.03797588284154934
buy_and_hold,IWM,test_legacy,annualized_volatility,2,0.23126003903630526,7.497287925293839e-08,0.23126003903630526,0.2312600125293896,0.23126006554322093,0.23125998602247394,0.2312600920501366
buy_and_hold,IWM,test_legacy,sharpe_ratio,2,0.16117145409165212,4.141146277518017e-09,0.16117145409165212,0.1611714526275358,0.16117145555576842,0.1611714511634195,0.16117145701988472
buy_and_hold,IWM,test_legacy,max_drawdown,2,0.27503086864138115,7.514616941554783e-08,0.27503086864138115,0.27503084207319817,0.27503089520956414,0.2750308155050152,0.27503092177774713
buy_and_hold,IWM,test_legacy,var_95,2,-0.022858332540158344,5.653593949524405e-08,-0.022858332540158344,-0.022858352528631443,-0.022858312551685245,-0.02285837251710454,-0.022858292563212146
buy_and_hold,IWM,test_legacy,var_95_violation_rate,2,0.04995004995004995,0.0,0.04995004995004995,0.04995004995004995,0.04995004995004995,0.04995004995004995,0.04995004995004995
buy_and_hold,IWM,test_legacy,capital_preservation_rate_95pct_hwm,2,0.9653287627192508,7.103070139178077e-08,0.9653287627192508,0.9653287376061056,0.9653287878323962,0.9653287124929603,0.9653288129455415
buy_and_hold,QQQ,test_legacy,final_portfolio_value,2,1581471.625,0.1767766952966369,1581471.625,1581471.5625,1581471.6875,1581471.5,1581471.75
buy_and_hold,QQQ,test_legacy,annualized_return,2,0.12231135538036625,1.9095658045472995e-08,0.12231135538036625,0.12231134862903159,0.1223113621317009,0.12231134187769695,0.12231136888303554
buy_and_hold,QQQ,test_legacy,annualized_volatility,2,0.23638274702658435,4.3919613077038994e-08,0.23638274702658435,0.23638273149865624,0.2363827625545125,0.23638271597072813,0.2363827780824406
buy_and_hold,QQQ,test_legacy,sharpe_ratio,2,0.4881498032470988,1.871865041765644e-08,0.4881498032470988,0.4881497966290565,0.4881498098651411,0.48814979001101416,0.48814981648318345
buy_and_hold,QQQ,test_legacy,max_drawdown,2,0.3482798016162546,7.299640729961729e-08,0.3482798016162546,0.3482797758081273,0.3482798274243819,0.34827975,0.3482798532325092
buy_and_hold,QQQ,test_legacy,var_95,2,-0.024519660645222707,1.4817569341932217e-07,-0.024519660645222707,-0.02451971303324152,-0.024519608257203895,-0.02451976542126033,-0.024519555869185083
buy_and_hold,QQQ,test_legacy,var_95_violation_rate,2,0.04995004995004995,0.0,0.04995004995004995,0.04995004995004995,0.04995004995004995,0.04995004995004995,0.04995004995004995
buy_and_hold,QQQ,test_legacy,capital_preservation_rate_95pct_hwm,2,0.9755540746518121,5.585653583791998e-08,0.9755540746518121,0.9755540549035444,0.9755540944000798,0.9755540351552768,0.9755541141483474
buy_and_hold,SPY,test_legacy,final_portfolio_value,8,1520353.671875,0.1484668673956776,1520353.75,1520353.6875,1520353.75,1520353.375,1520353.75
buy_and_hold,SPY,test_legacy,annualized_return,8,0.11123072515867695,2.5100402846764324e-08,0.11123072423510123,0.11123071710598215,0.1112307329773011,0.1112306902025844,0.1112307592039007
buy_and_hold,SPY,test_legacy,annualized_volatility,8,0.17975161054026045,4.217298949312346e-08,0.17975159745956626,0.179751574314882,0.17975165081333996,0.179751569894429,0.17975166984625687
buy_and_hold,SPY,test_legacy,sharpe_ratio,8,0.5867433902087906,1.335731001837864e-07,0.5867433950243637,0.5867433542365572,0.5867434990284852,0.5867431134322292,0.5867435182606423
buy_and_hold,SPY,test_legacy,max_drawdown,8,0.24496391214871813,8.232162746066961e-08,0.2449638909397568,0.2449638517198789,0.2449639646076853,0.2449638278102393,0.24496404718974707
buy_and_hold,SPY,test_legacy,var_95,8,-0.017240065233926405,1.292903078157651e-07,-0.017240130868828807,-0.017240165565503673,-0.017239964324126777,-0.01724016874574197,-0.01723983160874276
buy_and_hold,SPY,test_legacy,var_95_violation_rate,8,0.04995004995004995,0.0,0.04995004995004995,0.04995004995004995,0.04995004995004995,0.04995004995004995,0.04995004995004995
buy_and_hold,SPY,test_legacy,capital_preservation_rate_95pct_hwm,8,0.9951187321937485,3.815108556281334e-08,0.995118752797609,0.9951187322436701,0.995118752797609,0.9951186701824808,0.995118752797609
buy_and_hold,XLE,test_legacy,final_portfolio_value,1,1813620.625,0.0,1813620.625,1813620.625,1813620.625,1813620.625,1813620.625
buy_and_hold,XLE,test_legacy,annualized_return,1,0.16168562627040683,0.0,0.16168562627040683,0.16168562627040683,0.16168562627040683,0.16168562627040683,0.16168562627040683
buy_and_hold,XLE,test_legacy,annualized_volatility,1,0.2601563625031289,0.0,0.2601563625031289,0.2601563625031289,0.2601563625031289,0.2601563625031289,0.2601563625031289
buy_and_hold,XLE,test_legacy,sharpe_ratio,1,0.5760842577704235,0.0,0.5760842577704235,0.5760842577704235,0.5760842577704235,0.5760842577704235,0.5760842577704235
buy_and_hold,XLE,test_legacy,max_drawdown,1,0.2604372357812461,0.0,0.2604372357812461,0.2604372357812461,0.2604372357812461,0.2604372357812461,0.2604372357812461
buy_and_hold,XLE,test_legacy,var_95,1,-0.025542739966079253,0.0,-0.025542739966079253,-0.025542739966079253,-0.025542739966079253,-0.025542739966079253,-0.025542739966079253
buy_and_hold,XLE,test_legacy,var_95_violation_rate,1,0.04995004995004995,0.0,0.04995004995004995,0.04995004995004995,0.04995004995004995,0.04995004995004995,0.04995004995004995
buy_and_hold,XLE,test_legacy,capital_preservation_rate_95pct_hwm,1,0.9633299013502387,0.0,0.9633299013502387,0.9633299013502387,0.9633299013502387,0.9633299013502387,0.9633299013502387
buy_and_hold,XLF,test_legacy,final_portfolio_value,1,1495550.0,0.0,1495550.0,1495550.0,1495550.0,1495550.0,1495550.0
buy_and_hold,XLF,test_legacy,annualized_return,1,0.10663864032955844,0.0,0.10663864032955844,0.10663864032955844,0.10663864032955844,0.10663864032955844,0.10663864032955844
buy_and_hold,XLF,test_legacy,annualized_volatility,1,0.1887116597872502,0.0,0.1887116597872502,0.1887116597872502,0.1887116597872502,0.1887116597872502,0.1887116597872502
buy_and_hold,XLF,test_legacy,sharpe_ratio,1,0.5369412987710381,0.0,0.5369412987710381,0.5369412987710381,0.5369412987710381,0.5369412987710381,0.5369412987710381
buy_and_hold,XLF,test_legacy,max_drawdown,1,0.25805353895230476,0.0,0.25805353895230476,0.25805353895230476,0.25805353895230476,0.25805353895230476,0.25805353895230476
buy_and_hold,XLF,test_legacy,var_95,1,-0.018849782023185213,0.0,-0.018849782023185213,-0.018849782023185213,-0.018849782023185213,-0.018849782023185213,-0.018849782023185213
buy_and_hold,XLF,test_legacy,var_95_violation_rate,1,0.04995004995004995,0.0,0.04995004995004995,0.04995004995004995,0.04995004995004995,0.04995004995004995,0.04995004995004995
buy_and_hold,XLF,test_legacy,capital_preservation_rate_95pct_hwm,1,0.9901309653520367,0.0,0.9901309653520367,0.9901309653520367,0.9901309653520367,0.9901309653520367,0.9901309653520367
buy_and_hold,XLK,test_legacy,final_portfolio_value,1,1709850.5,0.0,1709850.5,1709850.5,1709850.5,1709850.5,1709850.5
buy_and_hold,XLK,test_legacy,annualized_return,1,0.1445817169662351,0.0,0.1445817169662351,0.1445817169662351,0.1445817169662351,0.1445817169662351,0.1445817169662351
buy_and_hold,XLK,test_legacy,annualized_volatility,1,0.2583688985143339,0.0,0.2583688985143339,0.2583688985143339,0.2583688985143339,0.2583688985143339,0.2583688985143339
buy_and_hold,XLK,test_legacy,sharpe_ratio,1,0.5226603332551417,0.0,0.5226603332551417,0.5226603332551417,0.5226603332551417,0.5226603332551417,0.5226603332551417
buy_and_hold,XLK,test_legacy,max_drawdown,1,0.33131331249999996,0.0,0.33131331249999996,0.33131331249999996,0.33131331249999996,0.33131331249999996,0.33131331249999996
buy_and_hold,XLK,test_legacy,var_95,1,-0.026352809239075015,0.0,-0.026352809239075015,-0.026352809239075015,-0.026352809239075015,-0.026352809239075015,-0.026352809239075015
buy_and_hold,XLK,test_legacy,var_95_violation_rate,1,0.04995004995004995,0.0,0.04995004995004995,0.04995004995004995,0.04995004995004995,0.04995004995004995,0.04995004995004995
buy_and_hold,XLK,test_legacy,capital_preservation_rate_95pct_hwm,1,0.9576862405771153,0.0,0.9576862405771153,0.9576862405771153,0.9576862405771153,0.9576862405771153,0.9576862405771153
buy_and_hold,XLU,test_legacy,final_portfolio_value,1,1369337.625,0.0,1369337.625,1369337.625,1369337.625,1369337.625,1369337.625
buy_and_hold,XLU,test_legacy,annualized_return,1,0.08234643277988885,0.0,0.08234643277988885,0.08234643277988885,0.08234643277988885,0.08234643277988885,0.08234643277988885
buy_and_hold,XLU,test_legacy,annualized_volatility,1,0.17794933879677893,0.0,0.17794933879677893,0.17794933879677893,0.17794933879677893,0.17794933879677893,0.17794933879677893
buy_and_hold,XLU,test_legacy,sharpe_ratio,1,0.44468407296029105,0.0,0.44468407296029105,0.44468407296029105,0.44468407296029105,0.44468407296029105,0.44468407296029105
buy_and_hold,XLU,test_legacy,max_drawdown,1,0.2526209542460448,0.0,0.2526209542460448,0.2526209542460448,0.2526209542460448,0.2526209542460448,0.2526209542460448
buy_and_hold,XLU,test_legacy,var_95,1,-0.018868585979332053,0.0,-0.018868585979332053,-0.018868585979332053,-0.018868585979332053,-0.018868585979332053,-0.018868585979332053
buy_and_hold,XLU,test_legacy,var_95_violation_rate,1,0.04995004995004995,0.0,0.04995004995004995,0.04995004995004995,0.04995004995004995,0.04995004995004995,0.04995004995004995
buy_and_hold,XLU,test_legacy,capital_preservation_rate_95pct_hwm,1,0.9317942841472586,0.0,0.9317942841472586,0.9317942841472586,0.9317942841472586,0.9317942841472586,0.9317942841472586
buy_and_hold,XLV,test_legacy,final_portfolio_value,1,1191648.125,0.0,1191648.125,1191648.125,1191648.125,1191648.125,1191648.125
buy_and_hold,XLV,test_legacy,annualized_return,1,0.04512956749995437,0.0,0.04512956749995437,0.04512956749995437,0.04512956749995437,0.04512956749995437,0.04512956749995437
buy_and_hold,XLV,test_legacy,annualized_volatility,1,0.15093797388718405,0.0,0.15093797388718405,0.15093797388718405,0.15093797388718405,0.15093797388718405,0.15093797388718405
buy_and_hold,XLV,test_legacy,sharpe_ratio,1,0.29244343360646324,0.0,0.29244343360646324,0.29244343360646324,0.29244343360646324,0.29244343360646324,0.29244343360646324
buy_and_hold,XLV,test_legacy,max_drawdown,1,0.1710899097780093,0.0,0.1710899097780093,0.1710899097780093,0.1710899097780093,0.1710899097780093,0.1710899097780093
buy_and_hold,XLV,test_legacy,var_95,1,-0.014811573248653787,0.0,-0.014811573248653787,-0.014811573248653787,-0.014811573248653787,-0.014811573248653787,-0.014811573248653787
buy_and_hold,XLV,test_legacy,var_95_violation_rate,1,0.04995004995004995,0.0,0.04995004995004995,0.04995004995004995,0.04995004995004995,0.04995004995004995,0.04995004995004995
buy_and_hold,XLV,test_legacy,capital_preservation_rate_95pct_hwm,1,0.9847132255275933,0.0,0.9847132255275933,0.9847132255275933,0.9847132255275933,0.9847132255275933,0.9847132255275933
ppo_standalone,AAPL,test_legacy,final_portfolio_value,10,994794.3480317283,7034.3044466365245,997484.9884121974,994985.4575491778,998185.2812946849,975247.4798565534,998185.2812946849
ppo_standalone,AAPL,test_legacy,annualized_return,10,-0.0013455260371050153,0.0018270501214205685,-0.0006473263504643274,-0.0012919165936045615,-0.0004669568193955187,-0.006424307677705601,-0.0004669568193955187
ppo_standalone,AAPL,test_legacy,annualized_volatility,10,0.005591064009582069,0.002977040078338383,0.004303393603161589,0.004230972521438928,0.005241011588600261,0.004230972521438928,0.013763691054275155
ppo_standalone,AAPL,test_legacy,sharpe_ratio,10,-0.19099791672534217,0.11272110124225773,-0.15031363451562071,-0.21228142541107453,-0.11038794314391163,-0.4682579688844383,-0.11038794314391163
ppo_standalone,AAPL,test_legacy,max_drawdown,10,0.01125376096350269,0.00785516150833236,0.00848644628549855,0.00848644628549855,0.00926020060870908,0.00848644628549855,0.03355375616056877
ppo_standalone,AAPL,test_legacy,var_95,10,0.0,0.0,0.0,0.0,0.0,0.0,0.0
ppo_standalone,AAPL,test_legacy,var_95_violation_rate,10,0.0069387755102040816,0.003750761565194618,0.005612244897959183,0.00510204081632653,0.006887755102040816,0.00510204081632653,0.017346938775510204
ppo_standalone,AAPL,test_legacy,capital_preservation_rate_95pct_hwm,10,0.9914642381505969,0.0076213287472119565,0.9943826574731927,0.9915928718425766,0.9950807723376638,0.9702502101057126,0.9950807723376638
ppo_standalone,AMAT,test_legacy,final_portfolio_value,10,998745.3221548911,2807.874275030839,999214.3962279493,998933.1402052827,1000330.4488150286,991069.3184953809,1000600.46522906
ppo_standalone,AMAT,test_legacy,annualized_return,10,-0.00032346353265614664,0.0007243457267806294,-0.00020207156714105906,-0.000274444151952809,8.496211974926801e-05,-0.002304118338701503,0.00015437091960847832
ppo_standalone,AMAT,test_legacy,annualized_volatility,10,0.00926830458712887,0.002404679595083381,0.008328983736635358,0.00780190540979969,0.0088317229448982,0.0077701910099753765,0.014688602471168356
ppo_standalone,AMAT,test_legacy,sharpe_ratio,10,-0.02841910481790767,0.0591104147754559,-0.018333856252016903,-0.03518066670462007,0.010919633364781113,-0.18233547227039645,0.01734448178574601
ppo_standalone,AMAT,test_legacy,max_drawdown,10,0.015695156342834325,0.0027806859022017102,0.01442066170376477,0.01442066170376477,0.014476820483103198,0.01442066170376477,0.02242338484254669
ppo_standalone,AMAT,test_legacy,var_95,10,0.0,0.0,0.0,0.0,0.0,0.0,0.0
ppo_standalone,AMAT,test_legacy,var_95_violation_rate,10,0.005306122448979591,0.0013434297726620068,0.00510204081632653,0.004336734693877551,0.00510204081632653,0.004081632653061225,0.00816326530612245
ppo_standalone,AMAT,test_legacy,capital_preservation_rate_95pct_hwm,10,0.9908005773412574,0.0043238292898639475,0.9922202087093159,0.9916421975944826,0.9934457987029558,0.9809646201111475,0.9937139567625431
ppo_standalone,AMD,test_legacy,final_portfolio_value,10,1020095.7507340625,9678.486091317876,1021163.3393082863,1012982.6087824443,1026066.0406703542,1005098.1428285633,1033744.5284506199
ppo_standalone,AMD,test_legacy,annualized_return,10,0.0051215669835107825,0.0024537632130734776,0.005399740743889159,0.003321183376890225,0.00663837260976676,0.00130847592833268,0.008570491583347838
ppo_standalone,AMD,test_legacy,annualized_volatility,10,0.019654724187962404,0.004548236737032,0.018177103750460298,0.01585325009269159,0.023483676969179267,0.014283775149919208,0.025912135056298632
ppo_standalone,AMD,test_legacy,sharpe_ratio,10,0.2961761258894974,0.18781893818296794,0.28503497287206014,0.13798402408083146,0.43083583831143374,0.05066583122621723,0.5974525986419729
ppo_standalone,AMD,test_legacy,max_drawdown,10,0.027733152803939266,0.015392651070541916,0.025529253600255375,0.013322598084194864,0.040277723989466274,0.008975131023212901,0.049167577710844346
ppo_standalone,AMD,test_legacy,var_95,10,0.0,0.0,0.0,0.0,0.0,0.0,0.0
ppo_standalone,AMD,test_legacy,var_95_violation_rate,10,0.005,0.0012216520405488413,0.005102040816326531,0.004081632653061225,0.006122448979591836,0.003061224489795918,0.006122448979591836
ppo_standalone,AMD,test_legacy,capital_preservation_rate_95pct_hwm,10,0.9749898748824899,0.014313944746328536,0.9757890252243739,0.9615708603250173,0.9871143660960934,0.9564769721142606,0.9965969418271
ppo_standalone,AMZN,test_legacy,final_portfolio_value,10,987314.0195677902,55653.15125760869,1003468.1279769479,1001165.6685488306,1011181.3615931997,831306.6599577281,1017258.191303155
ppo_standalone,AMZN,test_legacy,annualized_return,10,-0.0035738602029809366,0.015248831416035656,0.0008906518722071543,0.0002995249873895174,0.002861986260044834,-0.04639793884128443,0.004409655253307405
ppo_standalone,AMZN,test_legacy,annualized_volatility,10,0.041573358013765875,0.02301834803487846,0.034701961486691205,0.03302545607461866,0.037804400604475895,0.02701608224253342,0.10608806731664001
ppo_standalone,AMZN,test_legacy,sharpe_ratio,10,-0.010267320487019728,0.1678119175551176,0.025881619946109574,0.009368647665097748,0.08288560824355459,-0.44782369342054257,0.12611484346478105
ppo_standalone,AMZN,test_legacy,max_drawdown,10,0.060431473455057186,0.06674913069342374,0.036890119090949414,0.03636114868936299,0.04039960817767388,0.03255992260074103,0.24906337335376394
ppo_standalone,AMZN,test_legacy,var_95,10,-0.001028725823757144,0.0032531166909055297,0.0,0.0,0.0,-0.010287258237571439,0.0
ppo_standalone,AMZN,test_legacy,var_95_violation_rate,10,0.015714285714285715,0.012517746207087314,0.011224489795918367,0.01020408163265306,0.015051020408163265,0.006122448979591836,0.05
ppo_standalone,AMZN,test_legacy,capital_preservation_rate_95pct_hwm,10,0.9605545986253408,0.06294834222071523,0.9818436297591402,0.9745584021060064,0.9872477792806434,0.7843046976133711,0.9934458495247862
ppo_standalone,AVGO,test_legacy,final_portfolio_value,10,992768.9778529888,16131.388688471561,997141.8273385454,995804.9345100472,1000445.4500411433,948325.983039867,1003456.2903905248
ppo_standalone,AVGO,test_legacy,annualized_return,10,-0.0018875709420472816,0.004228739994684268,-0.0007357602554588735,-0.0010804160824826189,0.00011448015096428711,-0.013550574406215661,0.0008876217122184431
ppo_standalone,AVGO,test_legacy,annualized_volatility,10,0.02027006912123206,0.014656968536821207,0.013398719060620127,0.010339262401115379,0.023774404575701482,0.0095291701470034,0.052576629640229196
ppo_standalone,AVGO,test_legacy,sharpe_ratio,10,-0.05314964988221528,0.08660684109060093,-0.04871627706310335,-0.08080266061208467,0.012258801451136631,-0.2594913412678429,0.03524814238979824
ppo_standalone,AVGO,test_legacy,max_drawdown,10,0.03061595479624355,0.025802201578762996,0.01976322586940482,0.015733071036760082,0.031167903973201627,0.015018769106726615,0.09753171599549082
ppo_standalone,AVGO,test_legacy,var_95,10,-0.00018760699104337418,0.0005932653966678713,0.0,0.0,0.0,-0.0018760699104337418,0.0
ppo_standalone,AVGO,test_legacy,var_95_violation_rate,10,0.015408163265306123,0.016208830275715052,0.0066326530612244895,0.00510204081632653,0.017857142857142856,0.004081632653061225,0.05
ppo_standalone,AVGO,test_legacy,capital_preservation_rate_95pct_hwm,10,0.9775151082303022,0.025938723867620285,0.9881333311008256,0.9827954662924626,0.9905626959758675,0.9113680561818256,0.9931999600174378
ppo_standalone,AXP,test_legacy,final_portfolio_value,10,1020459.3088906638,4106.816688073104,1020809.8086057663,1016682.9960611961,1022397.2426591034,1015431.719903462,1027388.5554840132
ppo_standalone,AXP,test_legacy,annualized_return,10,0.005220056288956736,0.0010397911907546488,0.005310214053635514,0.004263585359941887,0.005711989292591486,0.003945613714088803,0.006972245058164914
ppo_standalone,AXP,test_legacy,annualized_volatility,10,0.00810444882401235,0.0025115574508377046,0.007259843833719575,0.006803882023446954,0.009870260094543132,0.0050278718665137485,0.013169124197550413
ppo_standalone,AXP,test_legacy,sharpe_ratio,10,0.6768939698445784,0.14679029232220356,0.7295455375084503,0.6397215834218246,0.7695929106445429,0.3229172874218889,0.8151786888154686
ppo_standalone,AXP,test_legacy,max_drawdown,10,0.007215596703201233,0.004598096002446811,0.005763452475767705,0.004183958736236004,0.0077852771011195365,0.003178127471976211,0.018443738961759548
ppo_standalone,AXP,test_legacy,var_95,10,0.0,0.0,0.0,0.0,0.0,0.0,0.0
ppo_standalone,AXP,test_legacy,var_95_violation_rate,10,0.007653061224489796,0.0022689904870963153,0.007653061224489796,0.007142857142857143,0.009183673469387756,0.004081632653061225,0.011224489795918367
ppo_standalone,AXP,test_legacy,capital_preservation_rate_95pct_hwm,10,0.9949122358139917,0.004659728274533201,0.9962045071058696,0.9951434296362133,0.9974004691407639,0.9824714978529375,0.9983265796889877
ppo_standalone,BA,test_legacy,final_portfolio_value,10,1006258.0890205124,3858.202606443217,1007142.5289374124,1004370.6350525306,1008466.3348889744,998425.436554406,1011306.80419094
ppo_standalone,BA,test_legacy,annualized_return,10,0.0016042283224789386,0.0009884451925347522,0.0018317851793668081,0.0011220501614347229,0.002170244799971399,-0.00040512475367085585,0.002895333135300027
ppo_standalone,BA,test_legacy,annualized_volatility,10,0.006517147080720954,0.0022289631711336568,0.006281762440454107,0.004730170702846718,0.008169183412277528,0.003945046302556383,0.010501420568484987
ppo_standalone,BA,test_legacy,sharpe_ratio,10,0.27244877382407184,0.14722980478932127,0.29571119635026266,0.24227908180799002,0.3917203196243046,-0.03858532386182114,0.4218408172306522
ppo_standalone,BA,test_legacy,max_drawdown,10,0.007977717812218576,0.005115842092211802,0.005812365975207956,0.0041998091549867445,0.010170020257485424,0.004017390435361312,0.01964956627543324
ppo_standalone,BA,test_legacy,var_95,10,0.0,0.0,0.0,0.0,0.0,0.0,0.0
ppo_standalone,BA,test_legacy,var_95_violation_rate,10,0.00663265306122449,0.0022174157840825336,0.006122448979591836,0.00510204081632653,0.00816326530612245,0.004081632653061225,0.01020408163265306
ppo_standalone,BA,test_legacy,capital_preservation_rate_95pct_hwm,10,0.9935866035417094,0.005398590350656749,0.9947552911877413,0.9911572593353811,0.9971807055490183,0.9808106867150685,0.9990262047941854
ppo_standalone,BLK,test_legacy,final_portfolio_value,10,991283.2986427499,16.68804556799938,991290.5118303283,991290.5118303283,991290.5118303283,991239.8648296786,991290.5118303283
ppo_standalone,BLK,test_legacy,annualized_return,10,-0.002248731435977875,4.319264055765996e-06,-0.002246864494642324,-0.002246864494642324,-0.002246864494642324,-0.0022599731634181507,-0.002246864494642324
ppo_standalone,BLK,test_legacy,annualized_volatility,10,0.004627408234057828,8.956589274716568e-07,0.004627116918166203,0.004627116918166203,0.004627116918166203,0.004627116918166203,0.004629956473813694
ppo_standalone,BLK,test_legacy,sharpe_ratio,10,-0.4864896561930828,0.0009092764896284556,-0.4861159450570228,-0.4861159450570228,-0.4861159450570228,-0.4889474786920834,-0.4861159450570228
ppo_standalone,BLK,test_legacy,max_drawdown,10,0.009980342884162607,0.0,0.009980342884162607,0.009980342884162607,0.009980342884162607,0.009980342884162607,0.009980342884162607
ppo_standalone,BLK,test_legacy,var_95,10,0.0,0.0,0.0,0.0,0.0,0.0,0.0
ppo_standalone,BLK,test_legacy,var_95_violation_rate,10,0.005204081632653061,0.0003226813938947326,0.00510204081632653,0.00510204081632653,0.00510204081632653,0.00510204081632653,0.006122448979591836
ppo_standalone,BLK,test_legacy,capital_preservation_rate_95pct_hwm,10,0.99128329864275,1.668804556799422e-05,0.9912905118303282,0.9912905118303282,0.9912905118303282,0.9912398648296785,0.9912905118303282
ppo_standalone,BRK-B,test_legacy,final_portfolio_value,10,1038808.9635014007,75071.25029045322,1027015.9978931304,1008040.9309043724,1041240.2784087501,957832.8283097463,1223572.213814925
ppo_standalone,BRK-B,test_legacy,annualized_return,10,0.009408583422827198,0.018147720799571727,0.006878322366392079,0.0020554704219433746,0.010445322421133912,-0.011017095283788718,0.053254509564591816
ppo_standalone,BRK-B,test_legacy,annualized_volatility,10,0.03659251043118691,0.022278267747684405,0.031311521425311725,0.01886754497213089,0.05261125761036933,0.011754816511803946,0.07869383334727617
ppo_standalone,BRK-B,test_legacy,sharpe_ratio,10,0.24697024088079256,0.32314880084469794,0.33846253350121847,0.07351797994795858,0.4548118297243791,-0.2828635637623688,0.6593248361052828
ppo_standalone,BRK-B,test_legacy,max_drawdown,10,0.08311308645976354,0.0549299432902513,0.09382058409007787,0.02698311436673076,0.13372972411213996,0.018189170478045802,0.13780786694954594
ppo_standalone,BRK-B,test_legacy,var_95,10,-0.0026155991513112918,0.003050157614990072,-0.0014877690784223404,-0.005246254253899884,0.0,-0.007576532004165503,0.0
ppo_standalone,BRK-B,test_legacy,var_95_violation_rate,10,0.04244897959183673,0.010790410916407268,0.0489795918367347,0.03852040816326531,0.05,0.02040816326530612,0.05
ppo_standalone,BRK-B,test_legacy,capital_preservation_rate_95pct_hwm,10,0.9585106601205906,0.0378257412292138,0.9654294263270844,0.9469213985620194,0.9892442595504294,0.8935956132285329,0.9989276536414889
ppo_standalone,C,test_legacy,final_portfolio_value,10,1003362.5836458029,1586.5207757318658,1003198.4216664351,1002642.0512892655,1004327.543043219,1000064.0088020201,1005831.4663934365
ppo_standalone,C,test_legacy,annualized_return,10,0.0008633713440627975,0.00040706092135608837,0.0008214699515651666,0.0006787175654752335,0.0011110108851929816,1.6459014931188115e-05,0.0014962829692220273
ppo_standalone,C,test_legacy,annualized_volatility,10,0.0056295952541001466,0.0008069316584451317,0.005488285805065036,0.0049371121340379175,0.006044965416698345,0.004839836640297177,0.006995882371122311
ppo_standalone,C,test_legacy,sharpe_ratio,10,0.15530195766558547,0.0648535533836544,0.1597413236525204,0.1393321501785269,0.18035005564096582,0.0023525990213198855,0.25740572232529424
ppo_standalone,C,test_legacy,max_drawdown,10,0.0085922628293174,0.0007007105975042555,0.008247947917533471,0.008088546334842683,0.008970100083377425,0.008088546334842683,0.010184360985270535
ppo_standalone,C,test_legacy,var_95,10,0.0,0.0,0.0,0.0,0.0,0.0,0.0
ppo_standalone,C,test_legacy,var_95_violation_rate,10,0.0063265306122448975,0.001652375211087227,0.006122448979591836,0.00510204081632653,0.006122448979591836,0.00510204081632653,0.01020408163265306
ppo_standalone,C,test_legacy,capital_preservation_rate_95pct_hwm,10,0.997340803276814,0.0029993079354504945,0.9984853943966776,0.9971991843202538,0.9989913185393248,0.9898156390147295,0.9996278261123058
ppo_standalone,CAT,test_legacy,final_portfolio_value,10,1100243.2286212884,320149.63404143427,991465.5630539731,991123.7275751056,1009930.9485167183,990794.7241568958,2010324.4922711004
ppo_standalone,CAT,test_legacy,annualized_return,10,0.019445679647667177,0.062404903182191294,-0.0022015608639935538,-0.002290034187621888,0.002533670295205838,-0.002375207745557581,0.19669293712927566
ppo_standalone,CAT,test_legacy,annualized_volatility,10,0.030270855165603783,0.05533947181261593,0.004922340655241409,0.004868286912689777,0.019529658561618504,0.0048659885523736025,0.17777307939679582
ppo_standalone,CAT,test_legacy,sharpe_ratio,10,-0.18852391746064287,0.4929102940690941,-0.44572257128809895,-0.4710839482500314,0.0036276401976338135,-0.4884659256478689,1.010061292131229
ppo_standalone,CAT,test_legacy,max_drawdown,10,0.051111871575884704,0.07462838524285824,0.012963914134715537,0.012963914134715537,0.04180085202818756,0.012963914134715537,0.23217757791071325
ppo_standalone,CAT,test_legacy,var_95,10,-0.0021212416586430557,0.0054038639073630945,0.0,0.0,0.0,-0.017041620447429028,0.0
ppo_standalone,CAT,test_legacy,var_95_violation_rate,10,0.015714285714285715,0.018512902722624652,0.006122448979591836,0.00510204081632653,0.015306122448979593,0.00510204081632653,0.05
ppo_standalone,CAT,test_legacy,capital_preservation_rate_95pct_hwm,10,0.9851034651811934,0.01672164013778018,0.9911309089829233,0.9908751796594938,0.9914741874279284,0.9424838822160607,0.9997112809746052
ppo_standalone,COPX,test_legacy,final_portfolio_value,10,1009555.3205755589,67746.34459568161,1023018.5536647157,966160.647979379,1069108.1673361487,889257.7287130055,1076647.5055103612
ppo_standalone,COPX,test_legacy,annualized_return,10,0.0020523350794514825,0.01752490117291615,0.00576907835635764,-0.00881899708001981,0.01733137648317252,-0.029729507732716254,0.01917199453824152
ppo_standalone,COPX,test_legacy,annualized_volatility,10,0.046529492595252714,0.021711328723117214,0.04074169208614545,0.02763978034867468,0.06252569801522914,0.023673428836234023,0.08272087838727066
ppo_standalone,COPX,test_legacy,sharpe_ratio,10,0.21216782392825237,0.460815268949646,0.21357993991608615,-0.11003615580403281,0.6042510957277468,-0.48285308846932445,0.8021820734465995
ppo_standalone,COPX,test_legacy,max_drawdown,10,0.11565996155708062,0.08121908452970358,0.08621451677351144,0.04405404151770939,0.19352760488642068,0.038116689859643005,0.2297571873099361
ppo_standalone,COPX,test_legacy,var_95,10,-0.002027690760777005,0.0029320761149525523,-2.5598614679811328e-05,-0.0036893440041854556,0.0,-0.007616386245371398,0.0
ppo_standalone,COPX,test_legacy,var_95_violation_rate,10,0.038469387755102044,0.012617626485428269,0.04183673469387755,0.027551020408163266,0.05,0.019387755102040816,0.05
ppo_standalone,COPX,test_legacy,capital_preservation_rate_95pct_hwm,10,0.9180891466324719,0.07132961030064906,0.9297023671726766,0.86753216668921,0.9797559178931696,0.801355397107846,0.9956219769508231
ppo_standalone,COST,test_legacy,final_portfolio_value,10,1089162.3438415828,152210.78372717852,1021635.3201218266,999701.2066552457,1051452.9470466867,995234.3845279466,1381817.6074759222
ppo_standalone,COST,test_legacy,annualized_return,10,0.020646618899502762,0.0345216287932089,0.005509594786605896,-7.783848244157404e-05,0.012985146362971827,-0.0012276191446169375,0.0867155963268874
ppo_standalone,COST,test_legacy,annualized_volatility,10,0.04952604161432101,0.04319787926908088,0.034514241665360657,0.02299525121996053,0.05013077137503908,0.006442857274233579,0.12915193320035614
ppo_standalone,COST,test_legacy,sharpe_ratio,10,0.3264193144559972,0.3089693272561361,0.3832212238530477,-0.0009328988530787896,0.6236471085230502,-0.04434669714269675,0.6842596225613219
ppo_standalone,COST,test_legacy,max_drawdown,10,0.09575498696541149,0.06340609498018922,0.10128545325988325,0.037574961558499875,0.14913248303278767,0.00349740695514289,0.1711428564369808
ppo_standalone,COST,test_legacy,var_95,10,-0.0026443102136568713,0.0046135893615558985,-0.0004106583715317578,-0.0014916982012630918,0.0,-0.011491290378734576,0.0
ppo_standalone,COST,test_legacy,var_95_violation_rate,10,0.04051020408163265,0.014771854698708663,0.047448979591836735,0.037244897959183676,0.05,0.004081632653061225,0.05
ppo_standalone,COST,test_legacy,capital_preservation_rate_95pct_hwm,10,0.9330877750550087,0.04503951284144532,0.9211964348903972,0.9105856235693282,0.9715894556914346,0.8715610057214778,0.9981706628633408
ppo_standalone,CRM,test_legacy,final_portfolio_value,10,973662.8365879817,231.82817756123538,973778.9287830321,973480.5334959845,973803.2535898839,973244.0681161319,973912.0180519131
ppo_standalone,CRM,test_legacy,annualized_return,10,-0.006839700923950964,6.081095980748039e-05,-0.006809247414436781,-0.006887518226102194,-0.006802867784994695,-0.006949553300249042,-0.0067743439639306804
ppo_standalone,CRM,test_legacy,annualized_volatility,10,0.013928219989022739,0.00016070964243409302,0.013872952898849468,0.0138389061841772,0.013930802010383223,0.013838904753278997,0.01436715838041505
ppo_standalone,CRM,test_legacy,sharpe_ratio,10,-0.4927762291210288,0.00409910416305306,-0.4932355819268633,-0.493291569684869,-0.49046408491381305,-0.4999899645181915,-0.4853943050384271
ppo_standalone,CRM,test_legacy,max_drawdown,10,0.03471068651264898,0.00026668975089971764,0.034626351808502376,0.034626351808502376,0.034626351808502376,0.034626351808502376,0.03546969884996842
ppo_standalone,CRM,test_legacy,var_95,10,0.0,0.0,0.0,0.0,0.0,0.0,0.0
ppo_standalone,CRM,test_legacy,var_95_violation_rate,10,0.005306122448979591,0.00043024185852631015,0.00510204081632653,0.00510204081632653,0.00510204081632653,0.00510204081632653,0.006122448979591836
ppo_standalone,CRM,test_legacy,capital_preservation_rate_95pct_hwm,10,0.9736628365879817,0.00023182817756120888,0.9737789287830321,0.9734805334959845,0.973803253589884,0.973244068116132,0.9739120180519131
ppo_standalone,DIA,test_legacy,final_portfolio_value,10,998451.0488821485,1106.4558696296426,998980.390471907,998706.6436783985,999056.6125726171,996185.7120272352,999160.0217450036
ppo_standalone,DIA,test_legacy,annualized_return,10,-0.00039863668968361573,0.00028500837943952614,-0.00026228468317996404,-0.0003327374481009013,-0.00024267038724240126,-0.0009822095526716293,-0.00021606182984202848
ppo_standalone,DIA,test_legacy,annualized_volatility,10,0.0036442471944448072,0.0005501956984306929,0.0033724282152726107,0.0033640148307882466,0.0034841827636711473,0.0033639035462527125,0.004932049602800165
ppo_standalone,DIA,test_legacy,sharpe_ratio,10,-0.10293258500247353,0.0543393550936083,-0.077839636394652,-0.09836133831840684,-0.0721448699361541,-0.2244725351926466,-0.06169308255914387
ppo_standalone,DIA,test_legacy,max_drawdown,10,0.006056142175199619,0.00037687255337208854,0.005888449559538378,0.005888449559538378,0.005888449559538378,0.005849943201401531,0.00695433321456862
ppo_standalone,DIA,test_legacy,var_95,10,0.0,0.0,0.0,0.0,0.0,0.0,0.0
ppo_standalone,DIA,test_legacy,var_95_violation_rate,10,0.005816326530612244,0.001080969291297327,0.00510204081632653,0.00510204081632653,0.006122448979591836,0.00510204081632653,0.00816326530612245
ppo_standalone,DIA,test_legacy,capital_preservation_rate_95pct_hwm,10,0.9958204095732818,0.0011715809960744221,0.9963825903558975,0.9961095554276655,0.9964586142447268,0.9935951793371502,0.9965617545065696
ppo_standalone,EEMX,test_legacy,final_portfolio_value,10,997714.1333762717,654.6114696629509,997646.6475936574,997282.6355795261,998105.5871397266,996615.7945654652,998973.0046554322
ppo_standalone,EEMX,test_legacy,annualized_return,10,-0.0005883309758565248,0.00016860542298141766,-0.0006056780957785249,-0.0006994589838767393,-0.0004874780858240805,-0.0008713202739010674,-0.00026418531378854973
ppo_standalone,EEMX,test_legacy,annualized_volatility,10,0.0033156607033630672,0.0009007735823763599,0.0029553928240349794,0.0027604263210916614,0.003428304829829028,0.002742781297642251,0.005679038884269498
ppo_standalone,EEMX,test_legacy,sharpe_ratio,10,-0.1906191787978878,0.0669339405920849,-0.18982584506053862,-0.24580563885919327,-0.16649688131845336,-0.2618747868068177,-0.046524215940391134
ppo_standalone,EEMX,test_legacy,max_drawdown,10,0.005974025263838068,0.0005905884371327313,0.00572729156811802,0.005671296007265569,0.0059454767067341485,0.005671296007265569,0.0075825219862460935
ppo_standalone,EEMX,test_legacy,var_95,10,0.0,0.0,0.0,0.0,0.0,0.0,0.0
ppo_standalone,EEMX,test_legacy,var_95_violation_rate,10,0.0065306122448979586,0.0015362707198144508,0.006122448979591836,0.005357142857142857,0.007142857142857143,0.00510204081632653,0.01020408163265306
ppo_standalone,EEMX,test_legacy,capital_preservation_rate_95pct_hwm,10,0.9973322111396428,0.0008114017513446077,0.9973843840423369,0.9971690257569625,0.9979512476753667,0.995513979864082,0.9981753700950545
ppo_standalone,GLD,test_legacy,final_portfolio_value,10,1132041.449315622,246985.4004865762,1023725.8834631738,1016248.0411268221,1032992.6706474787,986774.1985637376,1640706.2124959566
ppo_standalone,GLD,test_legacy,annualized_return,10,0.028763599269296967,0.05260404416330707,0.006047340372529927,0.004152987584223888,0.008380785236883419,-0.0034177567320902284,0.13577849147993493
ppo_standalone,GLD,test_legacy,annualized_volatility,10,0.032199662409016276,0.02971699878977664,0.020768705373827717,0.017214237028997135,0.027566782825096205,0.0041048308955935605,0.09097482377032097
ppo_standalone,GLD,test_legacy,sharpe_ratio,10,0.5381852824929063,0.5423860964279338,0.3799807003312146,0.23048742042740344,0.8777094378192858,-0.11593622587039713,1.3994870663479764
ppo_standalone,GLD,test_legacy,max_drawdown,10,0.058861858742212024,0.03744661550917288,0.049627705160798286,0.035032188309466666,0.08976691639704787,0.0022843309772163645,0.11196975558111821
ppo_standalone,GLD,test_legacy,var_95,10,-0.0019419925230877411,0.00344707035643051,0.0,-0.0019171749728752682,0.0,-0.008593950689027529,0.0
ppo_standalone,GLD,test_legacy,var_95_violation_rate,10,0.036632653061224485,0.015343491797005707,0.041326530612244894,0.02857142857142857,0.05,0.007142857142857143,0.05
ppo_standalone,GLD,test_legacy,capital_preservation_rate_95pct_hwm,10,0.9616242401890908,0.021869480780581815,0.9635166300802691,0.9535194765612414,0.9733053453981602,0.9229166826866764,0.9999025584473891
ppo_standalone,GOOGL,test_legacy,final_portfolio_value,10,1008912.2114257853,8019.2805332727385,1012310.5351656755,1009512.2125789186,1012835.7589750629,986956.2478358415,1012835.7589750629
ppo_standalone,GOOGL,test_legacy,annualized_return,10,0.0022786647889806253,0.0020621234055609224,0.003151188280193269,0.002437332428531408,0.0032850041090121502,-0.00337048200682193,0.0032850041090121502
ppo_standalone,GOOGL,test_legacy,annualized_volatility,10,0.019882341079887685,0.002669377833302932,0.018788253608949222,0.01877004391324728,0.01932867346878335,0.01877004391324728,0.027314004294898483
ppo_standalone,GOOGL,test_legacy,sharpe_ratio,10,0.12532489369687239,0.09307963640854656,0.16745351086544286,0.12171307683323712,0.17472481944453191,-0.12360528388768141,0.17472481944453191
ppo_standalone,GOOGL,test_legacy,max_drawdown,10,0.02631857985193172,0.011845104275666792,0.02141118460270175,0.02141118460270175,0.025358041830521316,0.02141118460270175,0.05948236033372667
ppo_standalone,GOOGL,test_legacy,var_95,10,0.0,0.0,0.0,0.0,0.0,0.0,0.0
ppo_standalone,GOOGL,test_legacy,var_95_violation_rate,10,0.005612244897959183,0.0034436150903599636,0.004591836734693877,0.004081632653061225,0.00510204081632653,0.004081632653061225,0.015306122448979591
ppo_standalone,GOOGL,test_legacy,capital_preservation_rate_95pct_hwm,10,0.9753440045415654,0.00884508970917039,0.9792065629101974,0.9748149120179455,0.9797146111654342,0.9511742003716139,0.9797146111654342
ppo_standalone,GS,test_legacy,final_portfolio_value,10,1003357.1392182152,1735.0353246858263,1004243.7201030712,1003218.9705195498,1004254.4263504285,998870.3249957944,1004471.9275749347
ppo_standalone,GS,test_legacy,annualized_return,10,0.0008619322895237501,0.000445572025451043,0.0010895264789915855,0.0008267416467499366,0.0010922708584069345,-0.00029060982511744176,0.0011480191545197385
ppo_standalone,GS,test_legacy,annualized_volatility,10,0.005226869571195955,0.0008128931477986063,0.004852187451930023,0.004787264825851068,0.0049477941670885124,0.004781578830834049,0.006852374883302483
ppo_standalone,GS,test_legacy,sharpe_ratio,10,0.17506961218357003,0.0902503583447244,0.22682963345433949,0.1338237312560897,0.2280277658472391,-0.043557013115848774,0.23524386252640697
ppo_standalone,GS,test_legacy,max_drawdown,10,0.006530533983534437,0.0016491440238253414,0.005874634228008047,0.005874634228008047,0.005903477225807169,0.005874634228008047,0.011079898251276199
ppo_standalone,GS,test_legacy,var_95,10,0.0,0.0,0.0,0.0,0.0,0.0,0.0
ppo_standalone,GS,test_legacy,var_95_violation_rate,10,0.005,0.0012216520405488411,0.004591836734693877,0.004081632653061225,0.00510204081632653,0.004081632653061225,0.007142857142857143
ppo_standalone,GS,test_legacy,capital_preservation_rate_95pct_hwm,10,0.9973621598020348,0.003450715510131581,0.9991104233379213,0.9973185204726547,0.9995010776371082,0.9895072279828528,0.9995566400428075
ppo_standalone,HSBC,test_legacy,final_portfolio_value,10,1007747.2487591238,869.4128315812242,1007717.1958769549,1007217.6266364633,1008202.3753864367,1006246.733792139,1009214.1700902508
ppo_standalone,HSBC,test_legacy,annualized_return,10,0.001986378727689613,0.00022228906990453013,0.0019787589403914094,0.0018510005128543807,0.0021027865004009804,0.0016025894739166908,0.0023612922525551193
ppo_standalone,HSBC,test_legacy,annualized_volatility,10,0.004335655243121174,0.0007820457240593823,0.004057875545204376,0.0038192290683647196,0.004563379412543796,0.003775241736968187,0.006338954705029976
ppo_standalone,HSBC,test_legacy,sharpe_ratio,10,0.46917049936201777,0.0800581376493117,0.48628104509930214,0.46899188010312237,0.5169950748995605,0.25260735753269936,0.5216786752265699
ppo_standalone,HSBC,test_legacy,max_drawdown,10,0.003951131726512081,0.0024129260245958533,0.003151754721000821,0.003151754721000821,0.0031812184099315466,0.003151754721000821,0.010814257548694028
ppo_standalone,HSBC,test_legacy,var_95,10,0.0,0.0,0.0,0.0,0.0,0.0,0.0
ppo_standalone,HSBC,test_legacy,var_95_violation_rate,10,0.00520408163265306,0.0018907404230867066,0.004591836734693877,0.004081632653061225,0.00510204081632653,0.004081632653061225,0.01020408163265306
ppo_standalone,HSBC,test_legacy,capital_preservation_rate_95pct_hwm,10,0.9969335155046872,0.0023646469267570316,0.9975354045353275,0.9971083611698,0.9981773845172807,0.9903850562272288,0.9983664629106012
ppo_standalone,IAU,test_legacy,final_portfolio_value,10,1130534.3747095529,251044.90866642573,1025839.4683520782,1000588.2687333155,1031608.6544978395,979541.7813005461,1644885.6088587912
ppo_standalone,IAU,test_legacy,annualized_return,10,0.028285029930004653,0.053478799948512575,0.006581602451355417,0.00014421451393361673,0.008034226978610323,-0.005301141404635363,0.13652175077696646
ppo_standalone,IAU,test_legacy,annualized_volatility,10,0.03258310157154639,0.029748930002698366,0.020727301056366415,0.01626295759416521,0.030181348872779606,0.004160867515164867,0.09074131573913186
ppo_standalone,IAU,test_legacy,sharpe_ratio,10,0.5226457414408501,0.5761729295487593,0.42946943594069864,0.05758143316781975,0.8678161450067896,-0.19373936111017895,1.4102978075005401
ppo_standalone,IAU,test_legacy,max_drawdown,10,0.06112604932505644,0.04019606015354675,0.05403038994734882,0.030198417604181627,0.09784159116054544,0.002358845247552477,0.11139931532303216
ppo_standalone,IAU,test_legacy,var_95,10,-0.0022144194534088426,0.003394366238890931,-0.00014619293003943488,-0.0027361618884917723,0.0,-0.008564855293234076,0.0
ppo_standalone,IAU,test_legacy,var_95_violation_rate,10,0.0360204081632653,0.016248751807592304,0.0413265306122449,0.026275510204081632,0.05,0.007142857142857143,0.05
ppo_standalone,IAU,test_legacy,capital_preservation_rate_95pct_hwm,10,0.9599801035291933,0.02549199923107875,0.9656941282936815,0.9401254046767522,0.973822445944745,0.9165569226912863,0.9998943104836516
ppo_standalone,IBB,test_legacy,final_portfolio_value,10,991541.4256062002,1660.239847195617,992358.379330063,992133.8205162976,992368.9715086109,987919.5471055408,992443.4637992481
ppo_standalone,IBB,test_legacy,annualized_return,10,-0.0021821700971183062,0.00043001872764456505,-0.0019705903255649985,-0.0020286689106037096,-0.0019678510630510046,-0.0031204393186986864,-0.001948587126452332
ppo_standalone,IBB,test_legacy,annualized_volatility,10,0.005681312711015395,0.0011073246075218727,0.005118765099672826,0.00506199725655811,0.005527705122514491,0.005061635752103558,0.00812972889385196
ppo_standalone,IBB,test_legacy,sharpe_ratio,10,-0.384565265842408,0.011060378014868411,-0.3880732884832586,-0.3891485177702337,-0.38039327054116273,-0.4015538794761017,-0.36021059066472005
ppo_standalone,IBB,test_legacy,max_drawdown,10,0.012758639644734282,0.0005570189207539781,0.012501240661279334,0.012501240661279334,0.012501240661279334,0.012501240661279334,0.014054938817525509
ppo_standalone,IBB,test_legacy,var_95,10,0.0,0.0,0.0,0.0,0.0,0.0,0.0
ppo_standalone,IBB,test_legacy,var_95_violation_rate,10,0.005816326530612244,0.001080969291297327,0.00510204081632653,0.00510204081632653,0.006122448979591836,0.00510204081632653,0.00816326530612245
ppo_standalone,IBB,test_legacy,capital_preservation_rate_95pct_hwm,10,0.9915414256062004,0.0016602398471956274,0.992358379330063,0.9921338205162975,0.9923689715086109,0.9879195471055408,0.9924434637992481
ppo_standalone,IBM,test_legacy,final_portfolio_value,10,1003770.4251034234,1790.5619051114736,1004324.9854375088,1003487.2905150267,1005054.3457843482,999393.4494771846,1005103.0875208188
ppo_standalone,IBM,test_legacy,annualized_return,10,0.0009679088485134657,0.0004596008807841721,0.001110340816257076,0.0008955718313111312,0.0012972554379587185,-0.00015600528536702246,0.00130974262422128
ppo_standalone,IBM,test_legacy,annualized_volatility,10,0.005442780455212696,0.006865424642490982,0.0032454934341835566,0.0031119383661785604,0.0034543711356639865,0.003111528646977119,0.024974535123048466
ppo_standalone,IBM,test_legacy,sharpe_ratio,10,0.30413343131215653,0.13960129979478056,0.3364365447146367,0.26799159690388064,0.416574239557291,-0.006247021736527187,0.42063533209641074
ppo_standalone,IBM,test_legacy,max_drawdown,10,0.008162819052407455,0.016421608499906634,0.002937801464419354,0.0020841315265170135,0.0036709576623373263,0.0020357359820522003,0.054801287680258715
ppo_standalone,IBM,test_legacy,var_95,10,0.0,0.0,0.0,0.0,0.0,0.0,0.0
ppo_standalone,IBM,test_legacy,var_95_violation_rate,10,0.009081632653061224,0.013677107175072551,0.00510204081632653,0.004081632653061225,0.00510204081632653,0.004081632653061225,0.04795918367346939
ppo_standalone,IBM,test_legacy,capital_preservation_rate_95pct_hwm,10,0.9964302805029057,0.0021450500762884533,0.9970621985355806,0.9963290423376627,0.997915868473483,0.9911297078728724,0.9979642640179478
ppo_standalone,IJR,test_legacy,final_portfolio_value,10,992690.0315449502,10673.597841243129,996310.7284248457,992241.2254897176,996767.7810356219,966520.8594145515,1002690.8344706368
ppo_standalone,IJR,test_legacy,annualized_return,10,-0.0018948473143637224,0.0027768120777704104,-0.0009499764051822586,-0.0020011761697672076,-0.0008321426117625984,-0.008718105936298445,0.0006912383927085282
ppo_standalone,IJR,test_legacy,annualized_volatility,10,0.0200444927642052,0.019353800488476115,0.014084742944073317,0.0087129847863609,0.020805900594726007,0.0037114943359404166,0.06840157238121031
ppo_standalone,IJR,test_legacy,sharpe_ratio,10,-0.11024033085614945,0.1134960212995396,-0.11898207191777048,-0.19398308463928554,-0.035573889559214984,-0.2699194094186887,0.05781978728451107
ppo_standalone,IJR,test_legacy,max_drawdown,10,0.03284667965718978,0.03265976907963417,0.02017662605671161,0.01338970059936187,0.031579446138362166,0.0077268131841149446,0.10384652976610231
ppo_standalone,IJR,test_legacy,var_95,10,-0.000877682947459677,0.002291897360592182,0.0,0.0,0.0,-0.0072573908049002435,0.0
ppo_standalone,IJR,test_legacy,var_95_violation_rate,10,0.025918367346938774,0.01707604949976956,0.02193877551020408,0.012244897959183673,0.041581632653061223,0.006122448979591836,0.05
ppo_standalone,IJR,test_legacy,capital_preservation_rate_95pct_hwm,10,0.9840744423140837,0.01579593987365669,0.9918691512019614,0.9746498233650172,0.9952244851310564,0.9492724898869476,0.9969933046911326
ppo_standalone,IWM,test_legacy,final_portfolio_value,3,991219.3953548517,2625.1684165163447,992692.7817538929,990440.6414136377,992734.8424955865,988188.5010733823,992776.9032372801
ppo_standalone,IWM,test_legacy,annualized_return,3,-0.0022657172996725966,0.0006798668880951647,-0.0018841205453069352,-0.0024673900397960123,-0.0018732461823663506,-0.003050659534285089,-0.001862371819425766
ppo_standalone,IWM,test_legacy,annualized_volatility,3,0.01167874540376033,0.003658898925625268,0.011041140367858342,0.00971084779342094,0.013327840496148727,0.008380555218983538,0.015614540624439111
ppo_standalone,IWM,test_legacy,sharpe_ratio,3,-0.2182504889253231,0.12929504075775258,-0.17080397096147454,-0.26768492071561,-0.1450927981531119,-0.3645658704697454,-0.11938162534474928
ppo_standalone,IWM,test_legacy,max_drawdown,3,0.020014362092032667,0.005491982135064697,0.020032137632841396,0.017272825697148997,0.0227647862573207,0.014513513761456598,0.025497434881800007
ppo_standalone,IWM,test_legacy,var_95,3,0.0,0.0,0.0,0.0,0.0,0.0,0.0
ppo_standalone,IWM,test_legacy,var_95_violation_rate,3,0.014965986394557823,0.0011782658554890333,0.014285714285714285,0.014285714285714285,0.015306122448979591,0.014285714285714285,0.0163265306122449
ppo_standalone,IWM,test_legacy,capital_preservation_rate_95pct_hwm,3,0.9868111912719036,0.0016613840334230674,0.9875636023056713,0.9862351596943628,0.9877634283663284,0.9849067170830542,0.9879632544269855
ppo_standalone,IWM,wf_2018_2019,final_portfolio_value,10,996576.1867112566,20854.95983758424,988194.6371769558,984020.3401075295,996299.9865021796,979008.0076740936,1042052.0054265189
ppo_standalone,IWM,wf_2018_2019,annualized_return,10,-0.0018473730687395694,0.010896378293485592,-0.006215340977734513,-0.00842150680972442,-0.0019448655679781032,-0.011076315799930155,0.021861252646388007
ppo_standalone,IWM,wf_2018_2019,annualized_volatility,10,0.02664294554568224,0.021107398835550177,0.018617324829748115,0.01734880976934757,0.023818265115686618,0.012815861667807803,0.08417734838863776
ppo_standalone,IWM,wf_2018_2019,sharpe_ratio,10,-0.25199784905820904,0.3641452974701698,-0.29400819649192156,-0.46103048917858697,-0.10369412878827852,-0.7103101003911767,0.3918291012770968
ppo_standalone,IWM,wf_2018_2019,max_drawdown,10,0.04263599596623664,0.03456780604456826,0.03289039187719034,0.030180120822246886,0.035431141864493254,0.024135693685995774,0.14047459712436705
ppo_standalone,IWM,wf_2018_2019,var_95,10,-0.001180917556370451,0.003055044448455329,0.0,0.0,0.0,-0.009660717321723133,0.0
ppo_standalone,IWM,wf_2018_2019,var_95_violation_rate,10,0.029791666666666668,0.0143011724676901,0.026041666666666664,0.022916666666666665,0.04114583333333333,0.010416666666666666,0.05
ppo_standalone,IWM,wf_2018_2019,capital_preservation_rate_95pct_hwm,10,0.9870587882797409,0.006558502094233831,0.9863241940575095,0.9825914906977478,0.9900752518295235,0.9774764821445034,0.9985692869501535
ppo_standalone,IWM,wf_2020_2021,final_portfolio_value,10,991432.9526620663,36899.26048447228,1010292.6801062822,979558.0400047506,1016420.8355741719,913218.946892045,1018286.6444555242
ppo_standalone,IWM,wf_2020_2021,annualized_return,10,-0.0046464980722923585,0.019578653827471825,0.005366989187980609,-0.010750932317556245,0.008551796212202298,-0.046352852556067484,0.009519310592796619
ppo_standalone,IWM,wf_2020_2021,annualized_volatility,10,0.015341456693621885,0.01048392378695205,0.010619408506807928,0.008652644957291053,0.016890714712176024,0.007414347159469484,0.03862226114216237
ppo_standalone,IWM,wf_2020_2021,sharpe_ratio,10,0.21440713875337963,0.9518508487496974,0.5058762279500786,-0.6152810942466456,1.0826783569657932,-1.2288598824423589,1.1243866868511658
ppo_standalone,IWM,wf_2020_2021,max_drawdown,10,0.030548772971582983,0.037020278369695486,0.01101125255623453,0.005176362473091417,0.04182109063658812,0.004276437216374385,0.10958983142017975
ppo_standalone,IWM,wf_2020_2021,var_95,10,0.0,0.0,0.0,0.0,0.0,0.0,0.0
ppo_standalone,IWM,wf_2020_2021,var_95_violation_rate,10,0.02074688796680498,0.010713646877475565,0.01970954356846473,0.01037344398340249,0.029045643153526972,0.01037344398340249,0.03734439834024896
ppo_standalone,IWM,wf_2020_2021,capital_preservation_rate_95pct_hwm,10,0.9713120721377522,0.038122893394006846,0.9889887474437655,0.958264273277391,0.9992507422682162,0.8913965216295845,0.9996557322139942
ppo_standalone,IWM,wf_2022_2023,final_portfolio_value,10,989645.5466851633,10299.433298123166,993190.0921842534,990436.6297052924,995141.4432595518,963882.3295201305,997796.7356339766
ppo_standalone,IWM,wf_2022_2023,annualized_return,10,-0.0054730627267712585,0.0054684355078524665,-0.0035884705980886635,-0.005042932700710195,-0.0025590804509846936,-0.019166931456835515,-0.0011597344432561381
ppo_standalone,IWM,wf_2022_2023,annualized_volatility,10,0.02102680863693804,0.012987716800281254,0.01861026064820201,0.010872093270493583,0.024965013082087883,0.0074753210908152816,0.049666640707323954
ppo_standalone,IWM,wf_2022_2023,sharpe_ratio,10,-0.2513356464358799,0.11171668239478674,-0.29487890506044656,-0.3226759357503854,-0.1802991717348033,-0.389656645761647,-0.07340119649604039
ppo_standalone,IWM,wf_2022_2023,max_drawdown,10,0.025613471692782476,0.019465556692393405,0.02288090639251872,0.013001681582138713,0.025597113691563783,0.011965181119116486,0.07728862046507001
ppo_standalone,IWM,wf_2022_2023,var_95,10,-0.0008321074250804371,0.0019009396714885541,0.0,-0.0002970888066230691,0.0,-0.005948277512846544,0.0
ppo_standalone,IWM,wf_2022_2023,var_95_violation_rate,10,0.03194154488517746,0.014499002501437716,0.031315240083507306,0.020876826722338204,0.04645093945720251,0.010438413361169102,0.05010438413361169
ppo_standalone,IWM,wf_2022_2023,capital_preservation_rate_95pct_hwm,10,0.9840850579149013,0.014236180885822748,0.9885140975397128,0.9844275050773192,0.9925048994540757,0.9480872053534446,0.9955513562359065
ppo_standalone,IWM,wf_2024_2025,final_portfolio_value,10,1016315.6968040138,5376.384235005475,1016499.4258693131,1013555.8145844184,1019449.5501839605,1007939.1148690871,1025751.7421128068
ppo_standalone,IWM,wf_2024_2025,annualized_return,10,0.008547535371632983,0.002806957596852264,0.00864657715626178,0.0071087904460382075,0.010185599610758074,0.004168910107352957,0.013466250696984492
ppo_standalone,IWM,wf_2024_2025,annualized_volatility,10,0.016362570335594826,0.004359369215484354,0.017004434958975814,0.014928119116927067,0.01915381515541543,0.00761127150982154,0.022220129591088794
ppo_standalone,IWM,wf_2024_2025,sharpe_ratio,10,0.5204957665601383,0.09489678003878808,0.5028842710062917,0.4647232635301267,0.6128194677271512,0.3750001852025686,0.6319767783570772
ppo_standalone,IWM,wf_2024_2025,max_drawdown,10,0.013247499015259045,0.0035285878322947064,0.012909810775178443,0.011357369453589977,0.01620647889927218,0.0071737667171623,0.017976684354594985
ppo_standalone,IWM,wf_2024_2025,var_95,10,0.0,0.0,0.0,0.0,0.0,0.0,0.0
ppo_standalone,IWM,wf_2024_2025,var_95_violation_rate,10,0.024425887265135695,0.011729482421272535,0.018789144050104383,0.018789144050104383,0.030271398747390394,0.010438413361169102,0.04592901878914405
ppo_standalone,IWM,wf_2024_2025,capital_preservation_rate_95pct_hwm,10,0.9961604279251253,0.0023432071785822275,0.996320021902548,0.9939717107474135,0.9983078649954373,0.9931732823184345,0.9989145534053799
ppo_standalone,JNJ,test_legacy,final_portfolio_value,10,1014926.4634462185,55070.75317937905,1000686.6524063691,993303.06734856,1001496.6500072989,975794.0655469411,1168332.535388018
ppo_standalone,JNJ,test_legacy,annualized_return,10,0.0035799761496749056,0.013402469914759713,0.00017646207988533926,-0.0017264119752871954,0.00038463910569000844,-0.006281145446976192,0.04081666042714306
ppo_standalone,JNJ,test_legacy,annualized_volatility,10,0.029863692082330428,0.028413951011182586,0.027606382947447758,0.0028340615500779516,0.0462763185601809,0.0028070202304093243,0.08340635529159679
ppo_standalone,JNJ,test_legacy,sharpe_ratio,10,0.09305456654891293,0.18234091576052386,0.0630228510282752,-0.04012421153044647,0.13699345655922732,-0.1068316663906097,0.4796466544400317
ppo_standalone,JNJ,test_legacy,max_drawdown,10,0.0432223743410466,0.03739888849616721,0.046476927329547835,0.0038228546168797006,0.0756714244335174,0.0034136069181565087,0.09491231338970407
ppo_standalone,JNJ,test_legacy,var_95,10,-0.002640141330041148,0.003040767702564696,-0.0016210776017881567,-0.004733682752936818,0.0,-0.007890933595283567,0.0
ppo_standalone,JNJ,test_legacy,var_95_violation_rate,10,0.03061224489795918,0.02167817057024244,0.04030612244897959,0.006377551020408163,0.05,0.006122448979591836,0.05
ppo_standalone,JNJ,test_legacy,capital_preservation_rate_95pct_hwm,10,0.9744070519157951,0.02623603399260474,0.9889752554253688,0.9496942657573697,0.9965832757945632,0.9318097445918562,0.9968478440760432
ppo_standalone,JPM,test_legacy,final_portfolio_value,10,1005780.284939887,1418.6908872445536,1005655.5788959768,1004909.1905763176,1006647.3886115893,1003701.8881214525,1008517.4163797279
ppo_standalone,JPM,test_legacy,annualized_return,10,0.0014830072724027392,0.0003631782259476842,0.0014512463131652938,0.00126006117481152,0.0017051160643986386,0.0009506080266173973,0.002183297950423774
ppo_standalone,JPM,test_legacy,annualized_volatility,10,0.006631368991803789,0.0012229538287070064,0.00626417783661562,0.0057897776742009,0.007735467606142094,0.005323815694674478,0.008395539867139545
ppo_standalone,JPM,test_legacy,sharpe_ratio,10,0.23279475989040357,0.07418531276936467,0.2297404886406311,0.19742514602548922,0.2904591004314079,0.11317181914573192,0.3369644881475072
ppo_standalone,JPM,test_legacy,max_drawdown,10,0.007841528981069424,0.0013227647509267216,0.007132600879330486,0.006983650259939467,0.008420157494739455,0.006944261985030398,0.010562435014202731
ppo_standalone,JPM,test_legacy,var_95,10,0.0,0.0,0.0,0.0,0.0,0.0,0.0
ppo_standalone,JPM,test_legacy,var_95_violation_rate,10,0.007346938775510205,0.002395485287300545,0.0066326530612244895,0.005357142857142857,0.009948979591836734,0.004081632653061225,0.01020408163265306
ppo_standalone,JPM,test_legacy,capital_preservation_rate_95pct_hwm,10,0.9955590696851481,0.003756747657898643,0.9964880063390663,0.9927600848928135,0.9987189493417462,0.9894375649857973,0.9996396034505254
ppo_standalone,LLY,test_legacy,final_portfolio_value,10,2569957.035259112,456605.9241467318,2726541.498960172,2661836.6641148636,2753503.448662009,1278846.3488237085,2755027.6988885044
ppo_standalone,LLY,test_legacy,annualized_return,10,0.2698583292329402,0.072163212362888,0.29423634225827444,0.28625990330449635,0.2975180595853102,0.06528933782087905,0.29770282278752835
ppo_standalone,LLY,test_legacy,annualized_volatility,10,0.21026407821556375,0.050350621750302776,0.22735265586988904,0.2222241684004919,0.22945536571427272,0.06753595723225253,0.22958293553351886
ppo_standalone,LLY,test_legacy,sharpe_ratio,10,1.1150999679213238,0.06278900124753994,1.135081949167946,1.1328167699250393,1.1351135877604044,0.9364832438645353,1.1391969476806503
ppo_standalone,LLY,test_legacy,max_drawdown,10,0.25051446774249786,0.06773747870547756,0.27327636985406095,0.2677384465056656,0.2753710915613763,0.05821820645559439,0.2754875439232539
ppo_standalone,LLY,test_legacy,var_95,10,-0.018671423927885126,0.004435917594466108,-0.020172693629186965,-0.02040270081259805,-0.019786327835834183,-0.0204141688669214,-0.00611127309923285
ppo_standalone,LLY,test_legacy,var_95_violation_rate,10,0.05,0.0,0.05,0.05,0.05,0.05,0.05
ppo_standalone,LLY,test_legacy,capital_preservation_rate_95pct_hwm,10,0.9788616100378306,0.005334506079186869,0.9770305309061479,0.9768751495762836,0.9777476443296429,0.9768665187249457,0.9939952097491935
ppo_standalone,MA,test_legacy,final_portfolio_value,10,986830.7645322029,2065.8207904526457,987575.0753448184,987244.0737583162,988056.7086962655,981846.9364863914,988075.0702333205
ppo_standalone,MA,test_legacy,annualized_return,10,-0.0034034430970838053,0.000537150588570083,-0.003209832890281497,-0.003295754845625589,-0.003084851244059995,-0.004699740563952179,-0.0030800873091584597
ppo_standalone,MA,test_legacy,annualized_volatility,10,0.0064900652799314605,0.000694142189050907,0.006156012759959015,0.0060628809532437015,0.006437108402134179,0.006062855124420071,0.007973687919744623
ppo_standalone,MA,test_legacy,sharpe_ratio,10,-0.5231834660161303,0.025215059669354604,-0.5127688414264462,-0.524160587940269,-0.509211955935048,-0.5907837543176918,-0.5087965502352618
ppo_standalone,MA,test_legacy,max_drawdown,10,0.01968228088855023,0.0020771438824388998,0.018673099860398557,0.018601169734313028,0.01897705193542748,0.018601169734313028,0.023937991038052275
ppo_standalone,MA,test_legacy,var_95,10,0.0,0.0,0.0,0.0,0.0,0.0,0.0
ppo_standalone,MA,test_legacy,var_95_violation_rate,10,0.00673469387755102,0.0005269365096880839,0.007142857142857143,0.006122448979591836,0.007142857142857143,0.006122448979591836,0.007142857142857143
ppo_standalone,MA,test_legacy,capital_preservation_rate_95pct_hwm,10,0.9815956341533865,0.002054791036797339,0.9823352441063689,0.9820069389651499,0.9828152630352796,0.9766384324403135,0.9828335271680075
ppo_standalone,MCD,test_legacy,final_portfolio_value,10,1001223.2498930704,412.5760594340764,1001393.6519068858,1001216.6728803337,1001486.540154846,1000228.8431969779,1001491.2208996613
ppo_standalone,MCD,test_legacy,annualized_return,10,0.0003143925519994242,0.00010602007304584414,0.0003581822729245916,0.0003127172012581418,0.00038204229989505673,5.884039237958791e-05,0.00038324459674231337
ppo_standalone,MCD,test_legacy,annualized_volatility,10,0.003195488286966684,2.5382819432920104e-05,0.003182960690369637,0.003182099032702224,0.003192679907505892,0.0031819648705232214,0.0032584613499057557
ppo_standalone,MCD,test_legacy,sharpe_ratio,10,0.0986019327271222,0.033514911513262864,0.11247593688762975,0.09794808460626622,0.12003044427484438,0.018056312069690383,0.12041366822174154
ppo_standalone,MCD,test_legacy,max_drawdown,10,0.004418210277708568,0.0004102513717013805,0.004248768405573977,0.004156403542734222,0.0044247502318219,0.004151749171892427,0.005407013921964188
ppo_standalone,MCD,test_legacy,var_95,10,0.0,0.0,0.0,0.0,0.0,0.0,0.0
ppo_standalone,MCD,test_legacy,var_95_violation_rate,10,0.006428571428571428,0.0004929039709588245,0.006122448979591836,0.006122448979591836,0.006887755102040816,0.006122448979591836,0.007142857142857143
ppo_standalone,MCD,test_legacy,capital_preservation_rate_95pct_hwm,10,0.9955817897222914,0.0004102513717013805,0.995751231594426,0.9955752497681781,0.9958435964572658,0.9945929860780358,0.9958482508281076
ppo_standalone,META,test_legacy,final_portfolio_value,10,881542.1722998144,11085.676695514934,886334.4233180468,881471.1137768502,888838.3962431357,857698.153314984,890079.4816134201
ppo_standalone,META,test_legacy,annualized_return,10,-0.031914550339548306,0.0031495295711913996,-0.03055073351986541,-0.03192133198157503,-0.029847181508095445,-0.038703333223065024,-0.029499028459157493
ppo_standalone,META,test_legacy,annualized_volatility,10,0.060022074397896655,0.004956513022661784,0.057747103839996636,0.05673429020326771,0.06095079209688468,0.056627797126156336,0.07129431873733921
ppo_standalone,META,test_legacy,sharpe_ratio,10,-0.5399233566849754,0.01504289307391696,-0.5351872333733971,-0.5510298508087983,-0.5281360713218913,-0.5631606377397438,-0.5230981430406294
ppo_standalone,META,test_legacy,max_drawdown,10,0.12582501423566367,0.011814719949437598,0.12102029957414356,0.11822334745369864,0.12668033350330524,0.11638491356225178,0.15066801015469933
ppo_standalone,META,test_legacy,var_95,10,0.0,0.0,0.0,0.0,0.0,0.0,0.0
ppo_standalone,META,test_legacy,var_95_violation_rate,10,0.007448979591836736,0.002358985154340096,0.0071428571428571435,0.005357142857142857,0.00892857142857143,0.00510204081632653,0.012244897959183673
ppo_standalone,META,test_legacy,capital_preservation_rate_95pct_hwm,10,0.8765241849073819,0.011254616994346803,0.8814050642516256,0.8765688020622511,0.8838951113025572,0.8523542568683321,0.8851292943623126
ppo_standalone,MSFT,test_legacy,final_portfolio_value,10,994308.8014259001,1934.7858751450815,995211.4127563294,994674.4701708164,995410.991133513,990171.07177648,995437.1372390122
ppo_standalone,MSFT,test_legacy,annualized_return,10,-0.001466880399735576,0.0005001436729485915,-0.0012335478236575694,-0.0013721441542910856,-0.0011820477776385168,-0.0025367187649951387,-0.0011753013501545546
ppo_standalone,MSFT,test_legacy,annualized_volatility,10,0.009998311772501586,0.001045828524804178,0.009487180816523607,0.009468159532363804,0.009662795172674769,0.009467690095609908,0.012357229870888515
ppo_standalone,MSFT,test_legacy,sharpe_ratio,10,-0.14414849267028035,0.03221196204037334,-0.12977875796333632,-0.14234481814944802,-0.12480241272488196,-0.22031171856481538,-0.12420905510984949
ppo_standalone,MSFT,test_legacy,max_drawdown,10,0.016014273226196817,0.0008696265265392639,0.015602134712924265,0.015602134712924265,0.015602134712924265,0.015602134712924265,0.01774004934882123
ppo_standalone,MSFT,test_legacy,var_95,10,0.0,0.0,0.0,0.0,0.0,0.0,0.0
ppo_standalone,MSFT,test_legacy,var_95_violation_rate,10,0.004897959183673469,0.0011584616575460135,0.004081632653061225,0.004081632653061225,0.005867346938775509,0.004081632653061225,0.007142857142857143
ppo_standalone,MSFT,test_legacy,capital_preservation_rate_95pct_hwm,10,0.9875138586367924,0.0020719411763251852,0.988489628407452,0.9879563124003939,0.9886878588069146,0.983483330531085,0.9887138283182947
ppo_standalone,NFLX,test_legacy,final_portfolio_value,10,952232.3382091162,1851.9914556896035,952863.6783742722,952108.530087122,953298.141115697,947514.9552174492,953515.6307008591
ppo_standalone,NFLX,test_legacy,annualized_return,10,-0.012507618300769838,0.0004944902508393563,-0.012338982992818236,-0.012540328230175745,-0.012223202704603038,-0.013767577234488173,-0.012165259006958107
ppo_standalone,NFLX,test_legacy,annualized_volatility,10,0.01818917926726342,0.0005235023151141069,0.017990754806043844,0.01795955599025273,0.018117779419534855,0.017938682188940146,0.019645142249658503
ppo_standalone,NFLX,test_legacy,sharpe_ratio,10,-0.6918203985415369,0.01023694137985074,-0.6917713585312133,-0.6973436686161121,-0.6844327309384555,-0.7087293148032161,-0.67905429618841
ppo_standalone,NFLX,test_legacy,max_drawdown,10,0.04972857708205625,0.0013062486699004926,0.049066725507028175,0.049066725507028175,0.04989695093896432,0.049066725507028175,0.05311150818011201
ppo_standalone,NFLX,test_legacy,var_95,10,0.0,0.0,0.0,0.0,0.0,0.0,0.0
ppo_standalone,NFLX,test_legacy,var_95_violation_rate,10,0.005306122448979591,0.0008049088140271584,0.00510204081632653,0.00510204081632653,0.006122448979591836,0.004081632653061225,0.006122448979591836
ppo_standalone,NFLX,test_legacy,capital_preservation_rate_95pct_hwm,10,0.9522323382091162,0.0018519914556895916,0.9528636783742721,0.952108530087122,0.953298141115697,0.9475149552174492,0.9535156307008591
ppo_standalone,NVDA,test_legacy,final_portfolio_value,10,1006332.3948078152,4144.474859287918,1007632.6158092204,1003966.9528777378,1009020.3441412934,998970.9349942113,1012197.459153966
ppo_standalone,NVDA,test_legacy,annualized_return,10,0.0016230520325865023,0.0010616028120374547,0.0019571311723831225,0.0010184567874885237,0.002311775779021648,-0.00026471791918202664,0.003122379536880999
ppo_standalone,NVDA,test_legacy,annualized_volatility,10,0.018316019017671638,0.004927129407881905,0.016733518859343387,0.01467181590924194,0.019746103783815274,0.013110278178106644,0.02681401289952808
ppo_standalone,NVDA,test_legacy,sharpe_ratio,10,0.09069553977161085,0.06209113535664122,0.10235936330621269,0.05533306555986865,0.13213951240287694,-0.018306884866627966,0.17939836068130588
ppo_standalone,NVDA,test_legacy,max_drawdown,10,0.02466271675218411,0.006431143146663973,0.021802683233532072,0.0206433503672786,0.023965591612036208,0.0206433503672786,0.03871093020844085
ppo_standalone,NVDA,test_legacy,var_95,10,0.0,0.0,0.0,0.0,0.0,0.0,0.0
ppo_standalone,NVDA,test_legacy,var_95_violation_rate,10,0.00489795918367347,0.001426950813836941,0.004081632653061225,0.004081632653061225,0.005612244897959183,0.004081632653061225,0.00816326530612245
ppo_standalone,NVDA,test_legacy,capital_preservation_rate_95pct_hwm,10,0.9850226143687724,0.007185177837027167,0.9872189944190003,0.9787422975281737,0.9896177329821544,0.974664041933181,0.9949668024077916
ppo_standalone,ORCL,test_legacy,final_portfolio_value,10,1001036.9552483081,6726.474771821639,1003777.1116237341,1001559.238282211,1004338.7073970063,982638.1604090249,1004740.7791130203
ppo_standalone,ORCL,test_legacy,annualized_return,10,0.00026262690384180263,0.0017379516019207042,0.0009698964510411474,0.0004006921577530585,0.0011138742141864897,-0.0044935569002276235,0.001216916788566073
ppo_standalone,ORCL,test_legacy,annualized_volatility,10,0.00804617208124536,0.006177754878866696,0.005945589056197651,0.005325366221040307,0.007028232890696012,0.005274611090931804,0.025378493178755072
ppo_standalone,ORCL,test_legacy,sharpe_ratio,10,0.11083389990910035,0.13162226909449265,0.16813030291092457,0.059093256809445945,0.2102005211884772,-0.17745951548424843,0.21105268119690596
ppo_standalone,ORCL,test_legacy,max_drawdown,10,0.013297102622905043,0.018358908768440377,0.00683721130637166,0.006731578668453975,0.008027508981471643,0.006731578668453975,0.06538799501244508
ppo_standalone,ORCL,test_legacy,var_95,10,0.0,0.0,0.0,0.0,0.0,0.0,0.0
ppo_standalone,ORCL,test_legacy,var_95_violation_rate,10,0.006530612244897959,0.004693384574329344,0.00510204081632653,0.004081632653061225,0.005867346938775509,0.004081632653061225,0.019387755102040816
ppo_standalone,ORCL,test_legacy,capital_preservation_rate_95pct_hwm,10,0.9920951833685286,0.008709072778503031,0.9957541482194847,0.9930884109645148,0.9963112552847712,0.9683208460445915,0.9967101133325054
ppo_standalone,PGR,test_legacy,final_portfolio_value,10,1005306.7200310335,10971.141946297183,1002412.6783368067,1001725.4254218771,1002974.5601784796,998598.5519157918,1036296.4103392481
ppo_standalone,PGR,test_legacy,annualized_return,10,0.001351808449336257,0.002782605947545369,0.0006198477811752758,0.0004433939164701988,0.0007640432824779017,-0.00036056010484591955,0.009210123683936408
ppo_standalone,PGR,test_legacy,annualized_volatility,10,0.006328460384737039,0.009757528346723603,0.0031846705151089374,0.003138176438505757,0.0033196141629371185,0.00312826072820393,0.034094768120666676
ppo_standalone,PGR,test_legacy,sharpe_ratio,10,0.16450672084780713,0.11205702760369039,0.195581138705283,0.13719870438134069,0.24413283792333315,-0.09800842458598058,0.2688954038720617
ppo_standalone,PGR,test_legacy,max_drawdown,10,0.00832480092137804,0.01200437425449305,0.004208058250204039,0.003590341171227057,0.005421769326948905,0.0034450245730697215,0.04227820438314123
ppo_standalone,PGR,test_legacy,var_95,10,-7.379000361913403e-05,0.0002333444799885314,0.0,0.0,0.0,-0.0007379000361913403,0.0
ppo_standalone,PGR,test_legacy,var_95_violation_rate,10,0.009183673469387754,0.01437452150279962,0.004081632653061225,0.004081632653061225,0.00510204081632653,0.004081632653061225,0.05
ppo_standalone,PGR,test_legacy,capital_preservation_rate_95pct_hwm,10,0.9948018060814758,0.0024398645686124127,0.995791941749796,0.9945782306730511,0.996409658828773,0.9889878656453969,0.9965549754269303
ppo_standalone,PLTR,test_legacy,final_portfolio_value,10,967772.9240604114,2472.194438094915,967419.5658471589,966067.2270727796,968410.560923077,964605.7509929792,973438.0895765278
ppo_standalone,PLTR,test_legacy,annualized_return,10,-0.008388612426834124,0.0006507464217306742,-0.008481172215402597,-0.00883780454908463,-0.008220095465595921,-0.009223550639696728,-0.006898650505818408
ppo_standalone,PLTR,test_legacy,annualized_volatility,10,0.021173901334308434,0.0015731925896591325,0.020702435952441187,0.02027680692013298,0.02098212188948674,0.020192600787631028,0.02540975798240113
ppo_standalone,PLTR,test_legacy,sharpe_ratio,10,-0.40123166912565517,0.05278952864284235,-0.4107314798057279,-0.4374119828295387,-0.38424361655241246,-0.4588028704436164,-0.272435218013671
ppo_standalone,PLTR,test_legacy,max_drawdown,10,0.05295071749469934,0.0020474849446531773,0.05197072684821902,0.05197072684821902,0.052952660375902155,0.05197072684821902,0.058403953726532176
ppo_standalone,PLTR,test_legacy,var_95,10,0.0,0.0,0.0,0.0,0.0,0.0,0.0
ppo_standalone,PLTR,test_legacy,var_95_violation_rate,10,0.004591836734693877,0.000991658485517908,0.00510204081632653,0.004081632653061225,0.00510204081632653,0.003061224489795918,0.006122448979591836
ppo_standalone,PLTR,test_legacy,capital_preservation_rate_95pct_hwm,10,0.9677729240604112,0.002472194438094896,0.9674195658471589,0.9660672270727796,0.9684105609230771,0.9646057509929792,0.9734380895765278
ppo_standalone,PPLT,test_legacy,final_portfolio_value,10,993623.7777314789,10446.594857077242,994106.0485652264,984149.8979927627,999408.0150052143,979750.3473323775,1011834.0967967313
ppo_standalone,PPLT,test_legacy,annualized_return,10,-0.0016529752396522341,0.0026975482079037018,-0.0015189899949988052,-0.004101489347520841,-0.00015238568930756247,-0.005246684574936461,0.003029768874207677
ppo_standalone,PPLT,test_legacy,annualized_volatility,10,0.02326149888192737,0.00911204323143275,0.025672136003341638,0.02180298208193563,0.029942020880891856,0.003502782671000118,0.031492065981438576
ppo_standalone,PPLT,test_legacy,sharpe_ratio,10,-0.015067976399468544,0.16892685980913058,-0.056109174084897594,-0.13866160307089964,-0.005428784451282478,-0.17230024526389348,0.3167970185409387
ppo_standalone,PPLT,test_legacy,max_drawdown,10,0.05119458930827284,0.025478691289883892,0.05587627464745609,0.04372205986172187,0.07151714317993832,0.003952266363941304,0.07798672041275634
ppo_standalone,PPLT,test_legacy,var_95,10,0.0,0.0,0.0,0.0,0.0,0.0,0.0
ppo_standalone,PPLT,test_legacy,var_95_violation_rate,10,0.02336734693877551,0.008212014305468175,0.02346938775510204,0.020663265306122447,0.029081632653061226,0.007142857142857143,0.0336734693877551
ppo_standalone,PPLT,test_legacy,capital_preservation_rate_95pct_hwm,10,0.9510542713894266,0.025338380287421365,0.9483051469838599,0.9292640373895387,0.9567691332253547,0.926365859877869,0.9980078206090673
ppo_standalone,QCOM,test_legacy,final_portfolio_value,10,1003618.4196688107,6232.273803786249,1006766.8913582691,1005447.2290442616,1006766.8913582691,988940.2667125178,1006766.8913582691
ppo_standalone,QCOM,test_legacy,annualized_return,10,0.0009258656329159513,0.0016042701182613314,0.0017357014012765422,0.0013978848165303265,0.0017357014012765422,-0.0028556896420399605,0.0017357014012765422
ppo_standalone,QCOM,test_legacy,annualized_volatility,10,0.018756369544412236,0.001658819075260422,0.01792753077283947,0.01792753077283947,0.018144857020678744,0.01792753077283947,0.022386128784133052
ppo_standalone,QCOM,test_legacy,sharpe_ratio,10,0.05522913544065744,0.08088811181047781,0.09673286736842905,0.07698935514166225,0.09673286736842905,-0.13398668316681236,0.09673286736842905
ppo_standalone,QCOM,test_legacy,max_drawdown,10,0.028276155409953208,0.004788307093695986,0.025950542856014835,0.025950542856014835,0.026326246037480017,0.025950542856014835,0.03812984527234242
ppo_standalone,QCOM,test_legacy,var_95,10,0.0,0.0,0.0,0.0,0.0,0.0,0.0
ppo_standalone,QCOM,test_legacy,var_95_violation_rate,10,0.004387755102040816,0.0006887230180719925,0.004081632653061225,0.004081632653061225,0.004081632653061225,0.004081632653061225,0.006122448979591836
ppo_standalone,QCOM,test_legacy,capital_preservation_rate_95pct_hwm,10,0.9759147130256605,0.00654968874769284,0.9792753039435372,0.9779916773913082,0.9792753039435372,0.9619354674649029,0.9792753039435372
ppo_standalone,QQQ,test_legacy,final_portfolio_value,13,988823.4013533071,6127.010154054852,992238.646345761,988837.9524269286,992844.7191892237,977900.25066289,992844.7191892237
ppo_standalone,QQQ,test_legacy,annualized_return,13,-0.0028893800893244875,0.0015928096955527993,-0.0020015561367625,-0.002882218306445516,-0.0018448397140572515,-0.00573004789314859,-0.0018448397140572515
ppo_standalone,QQQ,test_legacy,annualized_volatility,13,0.01028360425766315,0.0021881335461934265,0.008912354560092643,0.008907098321805215,0.010964294135134708,0.008907098321805215,0.015759606978055878
ppo_standalone,QQQ,test_legacy,sharpe_ratio,13,-0.2686481851571984,0.0979464821882001,-0.22480324668903848,-0.2512004436212655,-0.20730776184036356,-0.5036608908663982,-0.20730776184036356
ppo_standalone,QQQ,test_legacy,max_drawdown,13,0.01908122164884701,0.005025172661261835,0.01615996584932966,0.01615996584932966,0.018384737204368617,0.01615996584932966,0.03029430152545265
ppo_standalone,QQQ,test_legacy,var_95,13,0.0,0.0,0.0,0.0,0.0,0.0,0.0
ppo_standalone,QQQ,test_legacy,var_95_violation_rate,13,0.00596546310832025,0.0025627673025611472,0.00510204081632653,0.004081632653061225,0.007142857142857143,0.004081632653061225,0.01020408163265306
ppo_standalone,QQQ,test_legacy,capital_preservation_rate_95pct_hwm,13,0.9852086099202444,0.006157199324742292,0.9886730796137114,0.9848368706392406,0.9892769745605806,0.9743633592883351,0.9892769745605806
ppo_standalone,QQQ,wf_2018_2019,final_portfolio_value,13,986535.8570739602,10348.110805034481,985745.177836902,981426.7785499647,990573.2091038566,970746.6430475974,1004218.4568381737
ppo_standalone,QQQ,wf_2018_2019,annualized_return,13,-0.0071039894021887465,0.005464878628315849,-0.007509297285802702,-0.009794351387723664,-0.0049601971555065846,-0.015466277883585098,0.0022124755689418496
ppo_standalone,QQQ,wf_2018_2019,annualized_volatility,13,0.027187687072248744,0.011887353080657186,0.022651647126822758,0.01960049391302651,0.02755803446043609,0.016521808721747196,0.05680648598107519
ppo_standalone,QQQ,wf_2018_2019,sharpe_ratio,13,-0.32266191461572286,0.2603942857375166,-0.3318760852293064,-0.42032123824203027,-0.1476013735351634,-0.7952351752236881,0.03890445668112338
ppo_standalone,QQQ,wf_2018_2019,max_drawdown,13,0.04095342247659945,0.006675777596155121,0.04054300781029718,0.03629179346077116,0.04674516033682419,0.03052198817157492,0.05300251602757933
ppo_standalone,QQQ,wf_2018_2019,var_95,13,-0.0006551835137646327,0.0015738411870586063,0.0,0.0,0.0,-0.005557150221053763,0.0
ppo_standalone,QQQ,wf_2018_2019,var_95_violation_rate,13,0.02900641025641026,0.012799127463138408,0.025,0.01875,0.03125,0.014583333333333334,0.05
ppo_standalone,QQQ,wf_2018_2019,capital_preservation_rate_95pct_hwm,13,0.9814972790271083,0.011298446542838415,0.9838417620567771,0.9744517361043064,0.9868594178584567,0.9628962213416884,0.9983075241114743
ppo_standalone,QQQ,wf_2020_2021,final_portfolio_value,13,1031173.9934131338,105829.19406535426,1016952.8061623159,996789.5917561288,1022635.6727659443,951277.715773175,1374177.008676726
ppo_standalone,QQQ,wf_2020_2021,annualized_return,13,0.015088922911554031,0.05136403246045688,0.008827739134938884,-0.001679758392647342,0.011771207368027378,-0.02577650172496298,0.1807873467317109
ppo_standalone,QQQ,wf_2020_2021,annualized_volatility,13,0.029589358129284378,0.03745333156154693,0.013894513414180036,0.010241574200267892,0.027883249248393093,0.008575078093880813,0.14245953599065528
ppo_standalone,QQQ,wf_2020_2021,sharpe_ratio,13,0.5274225522176709,0.7271337594390388,0.6499016950787836,-0.09012531432985785,1.1944151951182616,-0.5090892461787593,1.4177654487777287
ppo_standalone,QQQ,wf_2020_2021,max_drawdown,13,0.040883106064795845,0.04661646316935171,0.025807868747924068,0.005144451067487621,0.05767978725400269,0.0009764004446164432,0.14840478759705078
ppo_standalone,QQQ,wf_2020_2021,var_95,13,-0.0011372792509781958,0.004100518653923165,0.0,0.0,0.0,-0.014784630262716546,0.0
ppo_standalone,QQQ,wf_2020_2021,var_95_violation_rate,13,0.02361953399297798,0.014236922620192802,0.01867219917012448,0.016597510373443983,0.024896265560165973,0.006224066390041493,0.05186721991701245
ppo_standalone,QQQ,wf_2020_2021,capital_preservation_rate_95pct_hwm,13,0.9735314427393919,0.028098394786525403,0.981317461811794,0.9640932253796265,0.9969636730917366,0.9156920223348112,0.9999366645654714
ppo_standalone,QQQ,wf_2022_2023,final_portfolio_value,13,975384.6234954109,5450.712537077516,977201.4610694905,971457.8145080074,978626.5054071138,966781.8682851595,983217.0810380625
ppo_standalone,QQQ,wf_2022_2023,annualized_return,13,-0.01303006350032452,0.0029032337324285612,-0.0120597517479111,-0.01511893495452276,-0.01130206448162225,-0.01761577426438209,-0.008864832041882124
ppo_standalone,QQQ,wf_2022_2023,annualized_volatility,13,0.02201686787808454,0.003850212178619358,0.021247368500286322,0.01880219122758926,0.026333321352258722,0.016923222254238673,0.027455977571040676
ppo_standalone,QQQ,wf_2022_2023,sharpe_ratio,13,-0.5965901467261798,0.08506904046960145,-0.6045211462739369,-0.6612650043433974,-0.5411565857271977,-0.7229430669659843,-0.43558645869514345
ppo_standalone,QQQ,wf_2022_2023,max_drawdown,13,0.03229748602393908,0.007069500701479613,0.03106571129968405,0.027974531916368006,0.038816529199818595,0.02076134161060328,0.041587919952255525
ppo_standalone,QQQ,wf_2022_2023,var_95,13,0.0,0.0,0.0,0.0,0.0,0.0,0.0
ppo_standalone,QQQ,wf_2022_2023,var_95_violation_rate,13,0.029066966436486267,0.009078481133850774,0.022964509394572025,0.020876826722338204,0.03549060542797495,0.020876826722338204,0.04801670146137787
ppo_standalone,QQQ,wf_2022_2023,capital_preservation_rate_95pct_hwm,13,0.9716227760865945,0.005445161088112886,0.9733364748027759,0.9679668477756819,0.9748986339759725,0.9630751842114049,0.9792386583893967
ppo_standalone,QQQ,wf_2024_2025,final_portfolio_value,13,1017588.7563458277,2901.994639154302,1017080.7450962587,1015309.5516581099,1020257.3080533718,1013851.6059082577,1022192.6352288647
ppo_standalone,QQQ,wf_2024_2025,annualized_return,13,0.009214195251036717,0.0015139161024808163,0.008950044623061678,0.008025294118678366,0.010606637153727139,0.007263518270908555,0.011614721306857952
ppo_standalone,QQQ,wf_2024_2025,annualized_volatility,13,0.009901000670971502,0.0016748075554179264,0.009795633281434069,0.008963740094810203,0.011111561635019508,0.006728097227385604,0.012425096093035784
ppo_standalone,QQQ,wf_2024_2025,sharpe_ratio,13,0.9325177236582499,0.10243480677671946,0.9091381908349622,0.8519227420576131,0.9816295304710659,0.8248580604326193,1.1880140617064892
ppo_standalone,QQQ,wf_2024_2025,max_drawdown,13,0.006590554408282558,0.002105300226229877,0.006484921832285329,0.005611217571996119,0.008034231185761853,0.0012901467691124324,0.00925788178140452
ppo_standalone,QQQ,wf_2024_2025,var_95,13,0.0,0.0,0.0,0.0,0.0,0.0,0.0
ppo_standalone,QQQ,wf_2024_2025,var_95_violation_rate,13,0.023125100369359244,0.00730497730532971,0.022964509394572025,0.018789144050104383,0.027139874739039668,0.010438413361169102,0.037578288100208766
ppo_standalone,QQQ,wf_2024_2025,capital_preservation_rate_95pct_hwm,13,0.9972643381492404,0.0017575664023434467,0.9974845204761063,0.996464470056663,0.9982204671085289,0.9944207214235123,0.9997577401182005
ppo_standalone,REGN,test_legacy,final_portfolio_value,10,1067074.874766869,52870.04794257059,1063546.912775259,1014873.5289772719,1115406.347388407,1007266.5779544835,1136277.011835279
ppo_standalone,REGN,test_legacy,annualized_return,10,0.016619985116068405,0.012937902637813263,0.015956369643965847,0.0037954553443075956,0.0284736189183826,0.0018635265614484714,0.033397415342595
ppo_standalone,REGN,test_legacy,annualized_volatility,10,0.07100076489907783,0.0675942236179066,0.037420460571173306,0.022295670400684708,0.1442606028179444,0.005471796924455444,0.1626626081754278
ppo_standalone,REGN,test_legacy,sharpe_ratio,10,0.32533313844988176,0.21059753410312582,0.29544044208059894,0.19965271549859612,0.3565208824626731,0.04805805902614678,0.7987588603220164
ppo_standalone,REGN,test_legacy,max_drawdown,10,0.15887301013782115,0.1694200501555859,0.08518100495756598,0.029570891929295212,0.33589091348291905,0.0037934399949071107,0.3927241705164911
ppo_standalone,REGN,test_legacy,var_95,10,-0.005187027680392502,0.00645840890169714,-0.0012273483212104528,-0.012264074283622351,0.0,-0.013965192217642298,0.0
ppo_standalone,REGN,test_legacy,var_95_violation_rate,10,0.035408163265306124,0.01775269095105069,0.04183673469387755,0.02704081632653061,0.05,0.006122448979591836,0.05
ppo_standalone,REGN,test_legacy,capital_preservation_rate_95pct_hwm,10,0.8997384739474562,0.1005781347759146,0.9406106264467933,0.7955998989366366,0.9870847085060028,0.7605722508615581,0.9969281141831562
ppo_standalone,RY,test_legacy,final_portfolio_value,10,999733.7572934206,771.8558783447827,999821.2281755039,999564.7378817528,1000393.5694628769,998410.0566005987,1000570.813572316
ppo_standalone,RY,test_legacy,annualized_return,10,-6.852043060877379e-05,0.00019855140719066965,-4.597546981542395e-05,-0.00011194264922041492,0.00010118442190503371,-0.00040908425383290347,0.0001467495232856567
ppo_standalone,RY,test_legacy,annualized_volatility,10,0.002294932372270083,0.00034128820063186825,0.002152159375665026,0.0020996412369025585,0.002252836897856416,0.002085885917889738,0.003124591991599274
ppo_standalone,RY,test_legacy,sharpe_ratio,10,-0.021959824316495062,0.07704678893083791,-0.02133304661951555,-0.05182674844823005,0.048483970081630495,-0.15281136636796624,0.07033715209374504
ppo_standalone,RY,test_legacy,max_drawdown,10,0.003274762539493292,0.0006716700319109051,0.0029679365464899132,0.0028784084357271755,0.0031513128776389787,0.002854663370728039,0.004729099452634111
ppo_standalone,RY,test_legacy,var_95,10,0.0,0.0,0.0,0.0,0.0,0.0,0.0
ppo_standalone,RY,test_legacy,var_95_violation_rate,10,0.0068367346938775515,0.0008400740840291479,0.0066326530612244895,0.006122448979591836,0.007142857142857143,0.006122448979591836,0.00816326530612245
ppo_standalone,RY,test_legacy,capital_preservation_rate_95pct_hwm,10,0.9969814458409723,0.0008376944639235964,0.9971044804721017,0.996848687122361,0.9976752665745734,0.9954477211327705,0.9978520290703863
ppo_standalone,RYTM,test_legacy,final_portfolio_value,10,1602314.3455806256,2200910.8364809654,894458.284928496,764248.3205473142,1114132.840253621,725388.9555132187,7846606.089671284
ppo_standalone,RYTM,test_legacy,annualized_return,10,0.044917689134684746,0.23443709989192069,-0.02914094687583805,-0.0668492005929557,0.028100558910380373,-0.07923921849686962,0.6984823859535688
ppo_standalone,RYTM,test_legacy,annualized_volatility,10,0.15513525995017252,0.14116853817948743,0.12511233499579397,0.10200813734003662,0.13017263059607845,0.03392803046013364,0.5461854598334945
ppo_standalone,RYTM,test_legacy,sharpe_ratio,10,-0.11769226138611885,0.5392333319104132,-0.3094511389768937,-0.5422072007158053,0.2619002506274453,-0.6341664472373488,0.9698811543029064
ppo_standalone,RYTM,test_legacy,max_drawdown,10,0.3238474151155244,0.15470555240622882,0.3831145396076487,0.19582785452784005,0.43864987682299905,0.07196829783736403,0.45856354517389064
ppo_standalone,RYTM,test_legacy,var_95,10,-0.005749088743482735,0.014911503114927515,0.0,-0.0007634699725776793,0.0,-0.04742069729989895,0.0
ppo_standalone,RYTM,test_legacy,var_95_violation_rate,10,0.038979591836734696,0.013797957691186635,0.044387755102040814,0.02857142857142857,0.05,0.012244897959183673,0.05
ppo_standalone,RYTM,test_legacy,capital_preservation_rate_95pct_hwm,10,0.760758487167441,0.180553515985356,0.7571750611478425,0.5902830233480798,0.9241821705203079,0.5597036089016894,0.9807687101207527
ppo_standalone,SAP,test_legacy,final_portfolio_value,10,993183.376741332,194.36023942991844,993265.2044065048,993265.2044065048,993265.2044065048,992666.1286533969,993265.2044065048
ppo_standalone,SAP,test_legacy,annualized_return,10,-0.0017573049362123565,5.024048941525793e-05,-0.001736153710995632,-0.001736153710995632,-0.001736153710995632,-0.0018910117100751885,-0.001736153710995632
ppo_standalone,SAP,test_legacy,annualized_volatility,10,0.006370759357022905,0.00011900705347720584,0.006332186124294518,0.006332186124294518,0.006332186124294518,0.006332186124294518,0.006709373119194353
ppo_standalone,SAP,test_legacy,sharpe_ratio,10,-0.2760382562104928,0.0034377281887347337,-0.2744106027638056,-0.2744106027638056,-0.2744106027638056,-0.28299133253581427,-0.2744106027638056
ppo_standalone,SAP,test_legacy,max_drawdown,10,0.012329443863740153,9.328320169190372e-05,0.012299945125262224,0.012299945125262224,0.012299945125262224,0.012299945125262224,0.012594932510041512
ppo_standalone,SAP,test_legacy,var_95,10,0.0,0.0,0.0,0.0,0.0,0.0,0.0
ppo_standalone,SAP,test_legacy,var_95_violation_rate,10,0.00510204081632653,0.0,0.00510204081632653,0.00510204081632653,0.00510204081632653,0.00510204081632653,0.00510204081632653
ppo_standalone,SAP,test_legacy,capital_preservation_rate_95pct_hwm,10,0.9931833767413322,0.00019436023942992107,0.9932652044065048,0.9932652044065048,0.9932652044065048,0.9926661286533969,0.9932652044065048
ppo_standalone,SCHB,test_legacy,final_portfolio_value,10,996645.3414695018,1334.2594999404541,997334.5065393586,996946.3472168478,997334.5065393586,993522.1738924877,997334.5065393586
ppo_standalone,SCHB,test_legacy,annualized_return,10,-0.000863857542498972,0.00034422370252088896,-0.0006860922430847895,-0.0007861187282186567,-0.0006860922430847895,-0.0016697496846049555,-0.0006860922430847895
ppo_standalone,SCHB,test_legacy,annualized_volatility,10,0.005709894222506283,0.0008104546099644933,0.005308772755041145,0.005308772755041145,0.00543311848025914,0.005308772755041145,0.007467528159888448
ppo_standalone,SCHB,test_legacy,sharpe_ratio,10,-0.1476141815455866,0.03562842764961672,-0.1292779370125176,-0.14699283057480322,-0.1292779370125176,-0.2390019069621763,-0.1292779370125176
ppo_standalone,SCHB,test_legacy,max_drawdown,10,0.009773282687514562,0.0005399496767536821,0.009517231174130059,0.009517231174130059,0.009517231174130059,0.009517231174130059,0.010824094948766905
ppo_standalone,SCHB,test_legacy,var_95,10,0.0,0.0,0.0,0.0,0.0,0.0,0.0
ppo_standalone,SCHB,test_legacy,var_95_violation_rate,10,0.004693877551020408,0.0010969058160950405,0.004081632653061225,0.004081632653061225,0.004846938775510204,0.004081632653061225,0.007142857142857143
ppo_standalone,SCHB,test_legacy,capital_preservation_rate_95pct_hwm,10,0.9939872999144146,0.00138469428568834,0.9947091592315687,0.994322021685629,0.9947091592315687,0.990906862031366,0.9947091592315687
ppo_standalone,SCHD,test_legacy,final_portfolio_value,10,998932.8201460729,1246.4915927868408,999490.6439281804,999141.4750232142,999654.6262353489,996534.3166049564,999766.7368201074
ppo_standalone,SCHD,test_legacy,annualized_return,10,-0.00027466045560856566,0.00032098042907819225,-0.00013100206250375696,-0.0002208354537362393,-8.882188233390042e-05,-0.0008923252147386479,-5.998715812149952e-05
ppo_standalone,SCHD,test_legacy,annualized_volatility,10,0.0033522401121599136,0.00046746535823082383,0.00314667367132687,0.0031189912381571813,0.0031860193476610406,0.0031115359307075617,0.004488222299394268
ppo_standalone,SCHD,test_legacy,sharpe_ratio,10,-0.0734620889478065,0.07351099148305557,-0.04174787424924331,-0.06930754934791108,-0.028214758913150895,-0.21986202183234319,-0.019278548724536736
ppo_standalone,SCHD,test_legacy,max_drawdown,10,0.006143361668237546,0.0007614006784708616,0.005806733199519742,0.005806733199519742,0.005806733199519742,0.005806733199519742,0.00807503787124142
ppo_standalone,SCHD,test_legacy,var_95,10,0.0,0.0,0.0,0.0,0.0,0.0,0.0
ppo_standalone,SCHD,test_legacy,var_95_violation_rate,10,0.004693877551020408,0.00086048371705262,0.004081632653061225,0.004081632653061225,0.00510204081632653,0.004081632653061225,0.006122448979591836
ppo_standalone,SCHD,test_legacy,capital_preservation_rate_95pct_hwm,10,0.9953130157344052,0.0013422489673306324,0.9959138029544087,0.9955658836075585,0.9960771984240326,0.9925184583160743,0.9961889078027012
ppo_standalone,SCHF,test_legacy,final_portfolio_value,10,999888.0582063838,1007.7583672469001,1000389.8149743993,999631.2209347127,1000450.2161035717,997301.8597616589,1000557.9178902009
ppo_standalone,SCHF,test_legacy,annualized_return,10,-2.887363616925972e-05,0.00025933285237537593,0.00010022328963862675,-9.48484346504694e-05,0.0001157505008366212,-0.0006945038923091434,0.0001434348802823153
ppo_standalone,SCHF,test_legacy,annualized_volatility,10,0.004397280228982821,0.0008974254360283199,0.003940340044442862,0.0037819167568879514,0.004964574243322213,0.003769897947128266,0.006186935729103577
ppo_standalone,SCHF,test_legacy,sharpe_ratio,10,0.0004838666361199444,0.05060006760257076,0.02539426557670727,-0.017562584721710912,0.03042620235062942,-0.12668196690105224,0.03769883574072834
ppo_standalone,SCHF,test_legacy,max_drawdown,10,0.006717441574546778,0.0009592225140910408,0.006190677998916927,0.006190677998916927,0.00698549777248661,0.006190677998916927,0.009029315984343311
ppo_standalone,SCHF,test_legacy,var_95,10,0.0,0.0,0.0,0.0,0.0,0.0,0.0
ppo_standalone,SCHF,test_legacy,var_95_violation_rate,10,0.004489795918367347,0.0018126411693162217,0.004081632653061225,0.003061224489795918,0.004846938775510204,0.003061224489795918,0.00816326530612245
ppo_standalone,SCHF,test_legacy,capital_preservation_rate_95pct_hwm,10,0.9958538504175983,0.0018135304572398073,0.9968878173610193,0.9954519797185193,0.9969480070480048,0.9924400839283039,0.997055331810204
ppo_standalone,SCHG,test_legacy,final_portfolio_value,10,992829.3968008626,2039.5436581441493,993862.9630621228,993335.2853798297,993862.9630621228,987838.4849032364,993862.9630621228
ppo_standalone,SCHG,test_legacy,annualized_return,10,-0.001849163672899742,0.0005279525955083834,-0.0015817053141435461,-0.0017180436181452694,-0.0015817053141435461,-0.0031414735775011577,-0.0015817053141435461
ppo_standalone,SCHG,test_legacy,annualized_volatility,10,0.00895168592976269,0.0011420452566849072,0.008389577619147541,0.008389577619147541,0.008519681220341557,0.008389577619147541,0.011268460815480209
ppo_standalone,SCHG,test_legacy,sharpe_ratio,10,-0.2039517493564072,0.030920428994758605,-0.1886778632690768,-0.2038580385071298,-0.1886778632690768,-0.2872130124953473,-0.1886778632690768
ppo_standalone,SCHG,test_legacy,max_drawdown,10,0.015360945230229562,0.0008577094776079969,0.014954143744381532,0.014954143744381532,0.014954143744381532,0.014954143744381532,0.017015463957081645
ppo_standalone,SCHG,test_legacy,var_95,10,0.0,0.0,0.0,0.0,0.0,0.0,0.0
ppo_standalone,SCHG,test_legacy,var_95_violation_rate,10,0.005102040816326531,0.001734360378773056,0.004081632653061225,0.004081632653061225,0.00510204081632653,0.004081632653061225,0.009183673469387756
ppo_standalone,SCHG,test_legacy,capital_preservation_rate_95pct_hwm,10,0.9904159469405951,0.0020771732219853046,0.9914788370983826,0.9909524252345269,0.9914788370983826,0.9854688107455604,0.9914788370983826
ppo_standalone,SCHK,test_legacy,final_portfolio_value,10,997057.6762892418,1439.6693306344775,997811.8986671893,997414.5085065949,997820.2379605215,994120.2367165984,997821.6534851136
ppo_standalone,SCHK,test_legacy,annualized_return,10,-0.0007576050914481117,0.0003712921499665268,-0.0005631124998234229,-0.0006654815791994797,-0.0005609646178586911,-0.00151525239679925,-0.0005606000354963182
ppo_standalone,SCHK,test_legacy,annualized_volatility,10,0.006022862581309393,0.000866202867002089,0.005600282345140035,0.0055986032240851295,0.0057336522561402346,0.0055986032240851295,0.008011528631872404
ppo_standalone,SCHK,test_legacy,sharpe_ratio,10,-0.12136001043693771,0.03869981432289898,-0.10059603674815629,-0.11797563627388089,-0.10022251713269424,-0.2094035019313419,-0.10011779876535888
ppo_standalone,SCHK,test_legacy,max_drawdown,10,0.010047988807435959,0.0005545111352282979,0.009785032180026909,0.009785032180026909,0.009785032180026909,0.009785032180026909,0.011127163771287196
ppo_standalone,SCHK,test_legacy,var_95,10,0.0,0.0,0.0,0.0,0.0,0.0,0.0
ppo_standalone,SCHK,test_legacy,var_95_violation_rate,10,0.004693877551020408,0.0010969058160950405,0.004081632653061225,0.004081632653061225,0.004846938775510204,0.004081632653061225,0.007142857142857143
ppo_standalone,SCHK,test_legacy,capital_preservation_rate_95pct_hwm,10,0.9934159884158534,0.001525204559841328,0.9942126732384142,0.9938167165110883,0.9942209824509299,0.9905343275487185,0.9942223928695576
ppo_standalone,SCHV,test_legacy,final_portfolio_value,10,999691.1948913962,1111.2189787291688,1000202.8079036967,1000083.5428005204,1000239.9072163121,997016.3267649518,1000241.8548625464
ppo_standalone,SCHV,test_legacy,annualized_return,10,-7.952245249767998e-05,0.00028600510501019936,5.21465444260907e-05,2.1481644066951756e-05,6.16849306829508e-05,-0.0007680819983420658,6.218566440176019e-05
ppo_standalone,SCHV,test_legacy,annualized_volatility,10,0.003729854671762807,0.00055478261064109,0.003460065507076399,0.0034584671741325615,0.003499112569662474,0.0034584671741325615,0.004904891570141353
ppo_standalone,SCHV,test_legacy,sharpe_ratio,10,-0.013663196193843805,0.06247652715640605,0.015018593880637008,0.0061761959177110935,0.017834547501429595,-0.16536062361087941,0.01796946603745417
ppo_standalone,SCHV,test_legacy,max_drawdown,10,0.0059313450479624,0.0004649394729023937,0.005710821274080513,0.005710821274080513,0.005710821274080513,0.005710821274080513,0.00682546152611474
ppo_standalone,SCHV,test_legacy,var_95,10,0.0,0.0,0.0,0.0,0.0,0.0,0.0
ppo_standalone,SCHV,test_legacy,var_95_violation_rate,10,0.004591836734693878,0.0008671801893865278,0.004081632653061225,0.004081632653061225,0.004846938775510204,0.004081632653061225,0.006122448979591836
ppo_standalone,SCHV,test_legacy,capital_preservation_rate_95pct_hwm,10,0.9958154137830977,0.001180384535350446,0.9963728607982425,0.9962540523814833,0.9964098180512638,0.9931985812391348,0.9964117582396286
ppo_standalone,SCHW,test_legacy,final_portfolio_value,10,1006494.753551232,5925.756272222008,1007211.5841171506,1001623.1557595184,1012151.0548293327,997049.4665827905,1012235.8476025423
ppo_standalone,SCHW,test_legacy,annualized_return,10,0.0016630773271678625,0.001517734136805974,0.0018491861673858708,0.0004167310324162696,0.003110553310527829,-0.0007595414993037111,0.0031321622109684224
ppo_standalone,SCHW,test_legacy,annualized_volatility,10,0.008460095865449949,0.0015920061585276226,0.007525516068809171,0.007161015470548087,0.009855504946625014,0.007107945189385423,0.011141326779440495
ppo_standalone,SCHW,test_legacy,sharpe_ratio,10,0.2266655874619697,0.2097897337920901,0.24827189056005922,0.03802555214646969,0.4347089996211144,-0.07900093066551593,0.438387482956895
ppo_standalone,SCHW,test_legacy,max_drawdown,10,0.011618047007307074,0.006092761844760835,0.008025050759151942,0.006495986849397006,0.017241159106975656,0.006495986849397006,0.020095985032131503
ppo_standalone,SCHW,test_legacy,var_95,10,0.0,0.0,0.0,0.0,0.0,0.0,0.0
ppo_standalone,SCHW,test_legacy,var_95_violation_rate,10,0.006530612244897959,0.0027716392908113414,0.006122448979591836,0.004081632653061225,0.007908163265306124,0.004081632653061225,0.012244897959183673
ppo_standalone,SCHW,test_legacy,capital_preservation_rate_95pct_hwm,10,0.9907404014790357,0.007895741134343449,0.9929119744725987,0.9828516213578483,0.9982825099611421,0.9803623410386528,0.9986079073156504
ppo_standalone,SLV,test_legacy,final_portfolio_value,10,1123329.0643809824,317860.343019215,1029511.422257387,1014788.6901322573,1041633.4512124322,990734.7931618347,2026093.510487477
ppo_standalone,SLV,test_legacy,annualized_return,10,0.02515807599992907,0.061337431719553026,0.00750106324148526,0.0037812873445717686,0.010544057802308224,-0.0023907251564128503,0.1990997053904445
ppo_standalone,SLV,test_legacy,annualized_volatility,10,0.040077860386585624,0.04504283539132883,0.0239859956839198,0.01988809688578388,0.03117767160046387,0.010861132903944847,0.1627891445918619
ppo_standalone,SLV,test_legacy,sharpe_ratio,10,0.41084977855975746,0.3889768779556675,0.3825864677780221,0.14346174855570332,0.5676598883509021,-0.07414119521898035,1.1153744502190868
ppo_standalone,SLV,test_legacy,max_drawdown,10,0.07072735968198693,0.060326187351402744,0.05113258705732682,0.028434690879688918,0.09142154883829107,0.0065970143356950395,0.17779249551831922
ppo_standalone,SLV,test_legacy,var_95,10,-0.0020674272256117465,0.004713522100549641,0.0,-0.00012506779228973466,0.0,-0.014278137733120833,0.0
ppo_standalone,SLV,test_legacy,var_95_violation_rate,10,0.03561224489795918,0.014490354816598092,0.04183673469387755,0.022193877551020407,0.04846938775510204,0.011224489795918367,0.05
ppo_standalone,SLV,test_legacy,capital_preservation_rate_95pct_hwm,10,0.9530900913784472,0.026891607841655743,0.9504614295355156,0.9381415188725597,0.9729031355910525,0.914774123128486,0.9960657045421716
ppo_standalone,SNY,test_legacy,final_portfolio_value,10,1009975.446735497,2102.7765643524203,1009678.1953383939,1009272.1287041078,1011607.7112187753,1006129.3515058272,1013040.7931217513
ppo_standalone,SNY,test_legacy,annualized_return,10,0.002555291745430353,0.0005368280048888102,0.0024797779696541676,0.0023760941831555017,0.0029720164384323547,0.0015725434642611205,0.0033372260852682256
ppo_standalone,SNY,test_legacy,annualized_volatility,10,0.0066072114399879185,0.0007296429872634592,0.006645400954351363,0.006366371740123105,0.006992002788955776,0.005085034788740209,0.007679509628395807
ppo_standalone,SNY,test_legacy,sharpe_ratio,10,0.3904688092166519,0.09034731714055463,0.39681205270321096,0.3354942192774793,0.448996460168709,0.23362724262243897,0.5114066573009673
ppo_standalone,SNY,test_legacy,max_drawdown,10,0.006932027669577468,0.002154576437228452,0.007042283606409128,0.005588593083115406,0.008684276947790864,0.003180005698729005,0.0098663115901233
ppo_standalone,SNY,test_legacy,var_95,10,0.0,0.0,0.0,0.0,0.0,0.0,0.0
ppo_standalone,SNY,test_legacy,var_95_violation_rate,10,0.008979591836734694,0.002140426220755411,0.009693877551020408,0.00816326530612245,0.01020408163265306,0.00510204081632653,0.012244897959183673
ppo_standalone,SNY,test_legacy,capital_preservation_rate_95pct_hwm,10,0.9947298392176883,0.0021965352505552076,0.9944066966453368,0.9931229041211773,0.9965712389337577,0.9912617277408862,0.9979899623002935
ppo_standalone,SPOT,test_legacy,final_portfolio_value,10,928980.8587409783,2161.676288178244,929410.24256469,927872.4078592882,929410.24256469,924549.8900873701,931920.147887907
ppo_standalone,SPOT,test_legacy,annualized_return,10,-0.018765146332265364,0.0005873665680741952,-0.018648085726119965,-0.01906591625683335,-0.018648085726119965,-0.019970309212357977,-0.017967294473487477
ppo_standalone,SPOT,test_legacy,annualized_volatility,10,0.039245104928601504,0.0020904927070785973,0.03826047092548038,0.0380674025594773,0.03899982721023029,0.0380674025594773,0.044152498201207396
ppo_standalone,SPOT,test_legacy,sharpe_ratio,10,-0.48328266119078045,0.015062948808542396,-0.49388121084286074,-0.49449328912303003,-0.4738889161557044,-0.49457466623454116,-0.4568787576909115
ppo_standalone,SPOT,test_legacy,max_drawdown,10,0.08925891657201317,0.0031113778267297786,0.08782005216309785,0.08782005216309785,0.08782005216309785,0.08782005216309785,0.09648284557890752
ppo_standalone,SPOT,test_legacy,var_95,10,0.0,0.0,0.0,0.0,0.0,0.0,0.0
ppo_standalone,SPOT,test_legacy,var_95_violation_rate,10,0.0060204081632653055,0.0010147233938895444,0.006122448979591836,0.00510204081632653,0.006122448979591836,0.00510204081632653,0.00816326530612245
ppo_standalone,SPOT,test_legacy,capital_preservation_rate_95pct_hwm,10,0.9289808587409784,0.0021616762881782334,0.92941024256469,0.9278724078592882,0.92941024256469,0.9245498900873701,0.931920147887907
ppo_standalone,SPY,test_legacy,final_portfolio_value,37,993330.5198261235,6738.754757721565,997679.4193914755,985288.4724252572,1000000.0,984709.5398984859,1000000.0
ppo_standalone,SPY,test_legacy,annualized_return,37,-0.0017235486218101068,0.0017427421560101803,-0.0005972357538670883,-0.0038038138880479157,0.0,-0.0039543631713697585,0.0
ppo_standalone,SPY,test_legacy,annualized_volatility,37,0.0052146042766648155,0.003970642651774479,0.005477574534003435,0.0,0.00863858565366026,0.0,0.0105232817667764
ppo_standalone,SPY,test_legacy,sharpe_ratio,37,-0.20672894872928416,0.19848447656775658,-0.10717346541227221,-0.4411566640686759,0.0,-0.509455745431894,0.0
ppo_standalone,SPY,test_legacy,max_drawdown,37,0.011100113746699754,0.009042121953066916,0.009401634405144632,0.0,0.020858690556257886,0.0,0.021456000666315478
ppo_standalone,SPY,test_legacy,var_95,37,0.0,0.0,0.0,0.0,0.0,0.0,0.0
ppo_standalone,SPY,test_legacy,var_95_violation_rate,37,0.005543298400441257,0.004610948765744825,0.004081632653061225,0.0,0.01020408163265306,0.0,0.011224489795918367
ppo_standalone,SPY,test_legacy,capital_preservation_rate_95pct_hwm,37,0.9903818501572015,0.008320360600510241,0.9933866368793349,0.9810490133225537,1.0,0.9804725661693371,1.0
ppo_standalone,SPY,wf_2018_2019,final_portfolio_value,13,980403.7068022969,5569.3410918074305,980495.4181544253,977103.0740073323,982519.3385803567,971419.7865005002,993308.3705805581
ppo_standalone,SPY,wf_2018_2019,annualized_return,13,-0.01034007150110327,0.002948793779264643,-0.010287800626472554,-0.012087002470183968,-0.009215779496370872,-0.015107917392447405,-0.00351870713572098
ppo_standalone,SPY,wf_2018_2019,annualized_volatility,13,0.023372576616199695,0.009306096950380278,0.020220296622729606,0.01754609849159266,0.024531607510140805,0.01435638804983699,0.04541561678206293
ppo_standalone,SPY,wf_2018_2019,sharpe_ratio,13,-0.5092619592330068,0.2209041407303223,-0.474711655784257,-0.6158849743260203,-0.38820628482402186,-0.867604094220759,-0.09471587796798418
ppo_standalone,SPY,wf_2018_2019,max_drawdown,13,0.03654819575768879,0.00638430538528689,0.036733661474792734,0.033012987941059335,0.043047021264204566,0.027218856584415807,0.04534613583406655
ppo_standalone,SPY,wf_2018_2019,var_95,13,-0.0005531236861141968,0.001300340458470357,0.0,0.0,0.0,-0.004318492302053389,0.0
ppo_standalone,SPY,wf_2018_2019,var_95_violation_rate,13,0.02708333333333333,0.014078565925495343,0.020833333333333332,0.016666666666666666,0.03125,0.0125,0.05
ppo_standalone,SPY,wf_2018_2019,capital_preservation_rate_95pct_hwm,13,0.9792107592057631,0.007013266293278126,0.9787832368665228,0.9765582251563573,0.9825193385803567,0.9650239388026132,0.9933083705805581
ppo_standalone,SPY,wf_2020_2021,final_portfolio_value,13,993230.2087335524,26159.929552771064,1003097.5408636403,984751.8141107709,1015327.3720655456,943592.14659161,1019627.1118014632
ppo_standalone,SPY,wf_2020_2021,annualized_return,13,-0.0036256212213099234,0.01379603269064348,0.001618266174028805,-0.008001303272861984,0.007984395056500981,-0.029899569766632335,0.010213883740300462
ppo_standalone,SPY,wf_2020_2021,annualized_volatility,13,0.02264416350661804,0.02776622038185522,0.010978429916913118,0.007852744028137919,0.01655659116352213,0.005872364123878436,0.08545664284344122
ppo_standalone,SPY,wf_2020_2021,sharpe_ratio,13,0.29499349524762075,0.7884194899345272,0.1472828832580352,-0.2724268032426993,1.2940532700928735,-0.8447752658605865,1.3659178729587167
ppo_standalone,SPY,wf_2020_2021,max_drawdown,13,0.041520448170515305,0.056238642173315034,0.020193498979114488,0.0023642531695304836,0.036595898322629106,0.0011712946522733914,0.161953537017537
ppo_standalone,SPY,wf_2020_2021,var_95,13,-0.0004314659097272688,0.0010598309860929466,0.0,0.0,0.0,-0.0030945785762449773,0.0
ppo_standalone,SPY,wf_2020_2021,var_95_violation_rate,13,0.025694222789658477,0.016037815458022877,0.022821576763485476,0.01867219917012448,0.03112033195020747,0.004149377593360996,0.05186721991701245
ppo_standalone,SPY,wf_2020_2021,capital_preservation_rate_95pct_hwm,13,0.9726833758318176,0.028307161513270583,0.9810991917858185,0.9634041016773709,0.9980645017712153,0.92001248910146,0.9999158140181312
ppo_standalone,SPY,wf_2022_2023,final_portfolio_value,18,985399.536114681,6309.574433300041,984714.1148584043,983464.9338213518,988081.7627325989,967789.9463591982,997938.4244011247
ppo_standalone,SPY,wf_2022_2023,annualized_return,18,-0.007712812581740011,0.0033460814227262484,-0.00807119216026734,-0.008733395960517563,-0.006287951219817959,-0.017077002510617827,-0.001085117097019617
ppo_standalone,SPY,wf_2022_2023,annualized_volatility,18,0.014866257600074432,0.005289200494765012,0.014084252194067714,0.012374264268778194,0.016017392851797062,0.007833015470499723,0.03262107245850841
ppo_standalone,SPY,wf_2022_2023,sharpe_ratio,18,-0.5081508169698332,0.13212705336470437,-0.534194296296736,-0.5697685862653386,-0.46112133348624507,-0.7755824026462069,-0.13860361495156587
ppo_standalone,SPY,wf_2022_2023,max_drawdown,18,0.02328592227633186,0.008230775713827044,0.024192800792359692,0.018903313608109207,0.025130838145971723,0.009401606276981722,0.044474902538108485
ppo_standalone,SPY,wf_2022_2023,var_95,18,-0.00018697764569349177,0.0007734545683676241,0.0,0.0,0.0,-0.0032852362234608635,0.0
ppo_standalone,SPY,wf_2022_2023,var_95_violation_rate,18,0.028995592669914177,0.011364740643479013,0.029227557411273485,0.02139874739039666,0.033402922755741124,0.008350730688935281,0.05010438413361169
ppo_standalone,SPY,wf_2022_2023,capital_preservation_rate_95pct_hwm,18,0.9808242205219003,0.006414954058145414,0.9802857599049,0.9788225450519547,0.9835820831479322,0.963064833259765,0.9936445274506642
ppo_standalone,SPY,wf_2024_2025,final_portfolio_value,13,1020429.1749599761,6105.091617903805,1019222.6593020546,1016196.6354636296,1024709.69943757,1011200.0663895137,1033497.3672824929
ppo_standalone,SPY,wf_2024_2025,annualized_return,13,0.010692041227656275,0.003178501995906188,0.010067331721050074,0.008488541267427792,0.012924471729583097,0.005876758483923359,0.017485210314358304
ppo_standalone,SPY,wf_2024_2025,annualized_volatility,13,0.009489035209124018,0.0021788441534119833,0.008480657737687329,0.008129349298559704,0.011061644750007057,0.006094989553632279,0.013737875195707985
ppo_standalone,SPY,wf_2024_2025,sharpe_ratio,13,1.1063342826137985,0.09233916204151929,1.105088801888824,1.0385692436762457,1.1636737721718506,0.9613478472774727,1.2617600878046535
ppo_standalone,SPY,wf_2024_2025,max_drawdown,13,0.005416920331780402,0.0014617412308786588,0.005157556805575503,0.004389108673362396,0.006210218373736809,0.0029547655177433185,0.008525258840868188
ppo_standalone,SPY,wf_2024_2025,var_95,13,-2.2594307642401856e-05,8.146493473828777e-05,0.0,0.0,0.0,-0.0002937259993512241,0.0
ppo_standalone,SPY,wf_2024_2025,var_95_violation_rate,13,0.024731010117231413,0.01308890333982913,0.020876826722338204,0.016701461377870562,0.025052192066805846,0.012526096033402923,0.05010438413361169
ppo_standalone,SPY,wf_2024_2025,capital_preservation_rate_95pct_hwm,13,0.9988391949745101,0.0012506938142151512,0.9991704777356389,0.998490939146246,0.9997824564690382,0.995437993107824,0.9999496066736051
ppo_standalone,SPYG,test_legacy,final_portfolio_value,10,994137.4468452763,1830.7433129813105,995062.8882253573,994585.3688867152,995121.0285369129,990176.3530950494,995121.0285369129
ppo_standalone,SPYG,test_legacy,annualized_return,10,-0.0015110990581880426,0.0004732941114012319,-0.0012718780610616646,-0.0013951445461815879,-0.0012568726873905505,-0.0025353507128451375,-0.0012568726873905505
ppo_standalone,SPYG,test_legacy,annualized_volatility,10,0.008815507861067306,0.000857739477812681,0.008393764647143007,0.008390177365270488,0.008488024827492495,0.008390177365270488,0.010686370302183239
ppo_standalone,SPYG,test_legacy,sharpe_ratio,10,-0.1688483124690742,0.03425425053453421,-0.1510331871061577,-0.16580866638197903,-0.14989425903681397,-0.24979088801542354,-0.14989425903681397
ppo_standalone,SPYG,test_legacy,max_drawdown,10,0.015105795909357156,0.0008216071912019908,0.014716423813041501,0.014716423813041501,0.014716423813041501,0.014716423813041501,0.01673717683194098
ppo_standalone,SPYG,test_legacy,var_95,10,0.0,0.0,0.0,0.0,0.0,0.0,0.0
ppo_standalone,SPYG,test_legacy,var_95_violation_rate,10,0.004489795918367347,0.0007134754069184701,0.004081632653061225,0.004081632653061225,0.004846938775510204,0.004081632653061225,0.006122448979591836
ppo_standalone,SPYG,test_legacy,capital_preservation_rate_95pct_hwm,10,0.9890660074231274,0.0019340616726597865,0.9900474330466915,0.989572320567825,0.9901052803113148,0.9851855277143743,0.9901052803113148
ppo_standalone,SPYV,test_legacy,final_portfolio_value,10,999950.908712489,795.8219481905351,1000273.6629250243,1000253.1167653895,1000379.3437159783,998201.7539132041,1000416.4410859373
ppo_standalone,SPYV,test_legacy,annualized_return,10,-1.2678186892521884e-05,0.00020473718361824325,7.036330058308798e-05,6.508104958495781e-05,9.753151512133563e-05,-0.0004627153099527105,0.00010706829099257898
ppo_standalone,SPYV,test_legacy,annualized_volatility,10,0.002827406414928814,0.0004872579946779496,0.002580418370228761,0.0025748469150926635,0.0026784439542935547,0.0025739178194766534,0.0039298709782972325
ppo_standalone,SPYV,test_legacy,sharpe_ratio,10,0.004120787260728311,0.060105427053834926,0.027050488761093644,0.02441267259168363,0.03788544505192314,-0.1309988701444191,0.04150213611662114
ppo_standalone,SPYV,test_legacy,max_drawdown,10,0.004774014112016334,0.00039510898432732893,0.004600886377996716,0.004600886377996716,0.004600886377996716,0.004600886377996716,0.005787516865743525
ppo_standalone,SPYV,test_legacy,var_95,10,0.0,0.0,0.0,0.0,0.0,0.0,0.0
ppo_standalone,SPYV,test_legacy,var_95_violation_rate,10,0.004693877551020408,0.00086048371705262,0.004081632653061225,0.004081632653061225,0.00510204081632653,0.004081632653061225,0.006122448979591836
ppo_standalone,SPYV,test_legacy,capital_preservation_rate_95pct_hwm,10,0.9969827627355748,0.0010112648023605313,0.99740919638706,0.9973887090651103,0.9975145745417451,0.9948216114100151,0.9975515656766017
ppo_standalone,SPYX,test_legacy,final_portfolio_value,10,996715.828772123,1300.419064754734,997416.8199842944,996992.7009821015,997422.0624316635,994056.4906133161,997422.0624316635
ppo_standalone,SPYX,test_legacy,annualized_return,10,-0.0008456796501487652,0.00033543839835961414,-0.0006648845728233288,-0.0007741714786259216,-0.0006635339222579411,-0.0015317166096354097,-0.0006635339222579411
ppo_standalone,SPYX,test_legacy,annualized_volatility,10,0.006149143023299301,0.000709440445623556,0.005820912915036331,0.005818384825715425,0.005899922937845678,0.005818384825715425,0.007942172549453988
ppo_standalone,SPYX,test_legacy,sharpe_ratio,10,-0.13435619420429537,0.03534953718198295,-0.11407565316701221,-0.1324884919143746,-0.11407565316701221,-0.2066939264905245,-0.11395370345943645
ppo_standalone,SPYX,test_legacy,max_drawdown,10,0.010345600263047094,0.0006876491950075753,0.010037988300039546,0.010037988300039546,0.010037988300039546,0.010037988300039546,0.01206120167176672
ppo_standalone,SPYX,test_legacy,var_95,10,0.0,0.0,0.0,0.0,0.0,0.0,0.0
ppo_standalone,SPYX,test_legacy,var_95_violation_rate,10,0.004591836734693877,0.0009916584855179079,0.004081632653061225,0.004081632653061225,0.004846938775510204,0.004081632653061225,0.007142857142857143
ppo_standalone,SPYX,test_legacy,capital_preservation_rate_95pct_hwm,10,0.992352184139744,0.001420033881809659,0.9931031517247716,0.9926808669694467,0.9931083714993941,0.989227274763402,0.9931083714993941
ppo_standalone,TAN,test_legacy,final_portfolio_value,10,944422.579648903,125310.0137027776,944515.4542758233,853020.4900146001,1059954.8059015307,750118.0834776477,1085142.8665893965
ppo_standalone,TAN,test_legacy,annualized_return,10,-0.016119170046131996,0.034061480544789385,-0.0153123159185635,-0.0400547722790419,0.015079426517799508,-0.07126785461237356,0.02123386500999399
ppo_standalone,TAN,test_legacy,annualized_volatility,10,0.11237468649284191,0.047634314256908505,0.12257323458069684,0.07329795519119413,0.14854623914569032,0.04196494519729021,0.17407112476185252
ppo_standalone,TAN,test_legacy,sharpe_ratio,10,-0.05165423817817756,0.2839215471046243,-0.047210457568232014,-0.29069139368724417,0.20159039789488825,-0.45227156571685034,0.27512974043240584
ppo_standalone,TAN,test_legacy,max_drawdown,10,0.21948118424925514,0.13231562007193964,0.22069095917389042,0.11856171184958145,0.3090620918816722,0.04669079116258701,0.4041229336208413
ppo_standalone,TAN,test_legacy,var_95,10,-0.009528786380790483,0.0071364351651607115,-0.011731406016073764,-0.015668633345091786,-0.0031738378943106486,-0.017124420087187887,0.0
ppo_standalone,TAN,test_legacy,var_95_violation_rate,10,0.045714285714285714,0.010018724660109044,0.05,0.05,0.05,0.019387755102040816,0.05
ppo_standalone,TAN,test_legacy,capital_preservation_rate_95pct_hwm,10,0.8271210612788031,0.14026159787280548,0.8230306886877055,0.7166476043133506,0.9573086227571371,0.6297824368537549,0.9864401259031973
ppo_standalone,TMUS,test_legacy,final_portfolio_value,10,1317358.7926729552,160206.1746648783,1415457.0657945178,1139881.1317965023,1446680.7012228249,1112956.9193143381,1459731.4041056451
ppo_standalone,TMUS,test_legacy,annualized_return,10,0.0720378146494725,0.034264205969189575,0.09344991113070787,0.03422708619696313,0.09960998994247086,0.027901681976849738,0.10215231213483912
ppo_standalone,TMUS,test_legacy,annualized_volatility,10,0.10952255993292308,0.03976422584741041,0.1324614509068252,0.07108981987755787,0.14116501854119878,0.05047772314339216,0.14525138929494072
ppo_standalone,TMUS,test_legacy,sharpe_ratio,10,0.6053588526299265,0.09735882941527411,0.669215620518981,0.5510713732483317,0.671438913249865,0.3959865807306984,0.6804379153023127
ppo_standalone,TMUS,test_legacy,max_drawdown,10,0.1350457100537042,0.06771153866048585,0.17014692463206793,0.06194980640457767,0.1904986789015263,0.04488536085076722,0.1981403729865575
ppo_standalone,TMUS,test_legacy,var_95,10,-0.009301964366710278,0.005006434349491756,-0.012266404236849614,-0.013097061335792004,-0.00479922579705121,-0.013632779187988397,-0.0015883601082943065
ppo_standalone,TMUS,test_legacy,var_95_violation_rate,10,0.05,0.0,0.05,0.05,0.05,0.05,0.05
ppo_standalone,TMUS,test_legacy,capital_preservation_rate_95pct_hwm,10,0.8902108791901716,0.07434007586203446,0.8475475433466952,0.8299658323038909,0.970288052355675,0.8231450548526824,0.9863762398114532
ppo_standalone,TSLA,test_legacy,final_portfolio_value,10,985504.953299425,12947.776969526958,990441.3478007799,986880.2192250676,991305.8906032768,949174.3092300968,991471.5227957927
ppo_standalone,TSLA,test_legacy,annualized_return,10,-0.0037625959402889653,0.003406081425505424,-0.0024667168650794073,-0.00339023456137432,-0.0022428921774899245,-0.013323739301625564,-0.0022000185448484175
ppo_standalone,TSLA,test_legacy,annualized_volatility,10,0.013211597973577082,0.009094588493549882,0.009673801746035583,0.009613970499503178,0.012016256255742482,0.009611423796857439,0.03883070881485824
ppo_standalone,TSLA,test_legacy,sharpe_ratio,10,-0.26784720640818577,0.04135773837325304,-0.25571019810542617,-0.2848126460577719,-0.23334595772321642,-0.34542871538799735,-0.2291445900118779
ppo_standalone,TSLA,test_legacy,max_drawdown,10,0.02536183382188756,0.019365388217374522,0.01860529491564511,0.01860529491564511,0.020239277648426868,0.01860529491564511,0.08036078042543515
ppo_standalone,TSLA,test_legacy,var_95,10,0.0,0.0,0.0,0.0,0.0,0.0,0.0
ppo_standalone,TSLA,test_legacy,var_95_violation_rate,10,0.007142857142857143,0.0038180177416060634,0.005612244897959183,0.00510204081632653,0.006887755102040816,0.00510204081632653,0.017346938775510204
ppo_standalone,TSLA,test_legacy,capital_preservation_rate_95pct_hwm,10,0.9855049532994251,0.012947776969526965,0.9904413478007799,0.9868802192250676,0.9913058906032768,0.9491743092300967,0.9914715227957926
ppo_standalone,TSM,test_legacy,final_portfolio_value,10,998299.4482723083,2354.8123230880456,999231.4530169938,998981.9610473405,999320.7516866275,992233.3257833606,1000074.9871192455
ppo_standalone,TSM,test_legacy,annualized_return,10,-0.00043804051274054745,0.0006072893152418003,-0.00019768356938755147,-0.00026188053291973295,-0.00017470793573990022,-0.002002932225996038,1.9281865054890185e-05
ppo_standalone,TSM,test_legacy,annualized_volatility,10,0.008533631003448712,0.0012097401211749082,0.007808656093431088,0.007770396473672833,0.009220321305883482,0.007770396473672833,0.010556669387958297
ppo_standalone,TSM,test_legacy,sharpe_ratio,10,-0.04627914055098024,0.05695277981903411,-0.02379559274097856,-0.031367806564797866,-0.02248529146635935,-0.19037843768018112,0.0024577002062227534
ppo_standalone,TSM,test_legacy,max_drawdown,10,0.014439768694945499,0.0009477879376982996,0.013852647915577831,0.013852647915577831,0.015237807779421825,0.013852647915577831,0.01597263810450056
ppo_standalone,TSM,test_legacy,var_95,10,0.0,0.0,0.0,0.0,0.0,0.0,0.0
ppo_standalone,TSM,test_legacy,var_95_violation_rate,10,0.004489795918367347,0.0021077460387523357,0.0035714285714285718,0.003061224489795918,0.004846938775510204,0.003061224489795918,0.009183673469387756
ppo_standalone,TSM,test_legacy,capital_preservation_rate_95pct_hwm,10,0.993990336042633,0.0025203325701386114,0.9952775196645431,0.9927780968587281,0.9953664649816206,0.9881367814655023,0.9961177159238849
ppo_standalone,V,test_legacy,final_portfolio_value,10,993097.3630065592,1373.561306025111,993842.2188390596,992033.0308151884,994104.8012096328,990804.5017372593,994454.3041711416
ppo_standalone,V,test_legacy,annualized_return,10,-0.0017796970652963272,0.0003551173165158817,-0.0015870645658868214,-0.0020547397164240215,-0.0015192390042489791,-0.002372676187944799,-0.0014289829617674036
ppo_standalone,V,test_legacy,annualized_volatility,10,0.005586851311464462,0.000430076523884917,0.005322529722524131,0.005264438696280715,0.006012302575043764,0.00518041718815973,0.006182858656615177
ppo_standalone,V,test_legacy,sharpe_ratio,10,-0.3162858116136609,0.038854649516939295,-0.29839723331062945,-0.34087399157879145,-0.28800677359086263,-0.38419679100020937,-0.27603203775975627
ppo_standalone,V,test_legacy,max_drawdown,10,0.013533061883713471,0.00103962775719788,0.012880594282024316,0.012672098714578861,0.014509065313353886,0.012672098714578861,0.014983592150226932
ppo_standalone,V,test_legacy,var_95,10,0.0,0.0,0.0,0.0,0.0,0.0,0.0
ppo_standalone,V,test_legacy,var_95_violation_rate,10,0.006122448979591836,0.000962050042430677,0.006122448979591836,0.00510204081632653,0.007142857142857143,0.00510204081632653,0.007142857142857143
ppo_standalone,V,test_legacy,capital_preservation_rate_95pct_hwm,10,0.9872482338652183,0.0013987556489941516,0.9879916460172202,0.9859545887310663,0.9882974275922206,0.9850164078497731,0.9886448888230432
ppo_standalone,VOO,test_legacy,final_portfolio_value,10,997154.9090867008,1465.6349823748906,997932.874880448,997515.9642670867,997934.2032585415,994247.8803721557,997934.2032585415
ppo_standalone,VOO,test_legacy,annualized_return,10,-0.0007325549859965116,0.00037796368881959407,-0.0005319550659846519,-0.0006393434259861193,-0.0005316129575722104,-0.0014822872124919935,-0.0005316129575722104
ppo_standalone,VOO,test_legacy,annualized_volatility,10,0.005748365262226113,0.0007382348664063952,0.005396338967980413,0.005393574471948243,0.005478265891289561,0.005393574471948243,0.007499450710132792
ppo_standalone,VOO,test_legacy,sharpe_ratio,10,-0.12291034272783308,0.044335411587535054,-0.0985874333127941,-0.11795042826913248,-0.0985874333127941,-0.2212634074617553,-0.09835475798357945
ppo_standalone,VOO,test_legacy,max_drawdown,10,0.009612368579916286,0.0006970535071123755,0.009295964867556461,0.009295964867556461,0.009295964867556461,0.009295964867556461,0.011307226925634684
ppo_standalone,VOO,test_legacy,var_95,10,0.0,0.0,0.0,0.0,0.0,0.0,0.0
ppo_standalone,VOO,test_legacy,var_95_violation_rate,10,0.004693877551020408,0.0010969058160950405,0.004081632653061225,0.004081632653061225,0.004846938775510204,0.004081632653061225,0.007142857142857143
ppo_standalone,VOO,test_legacy,capital_preservation_rate_95pct_hwm,10,0.9928925530601556,0.0015676551070950033,0.9937191482488329,0.993303998021765,0.9937204710179098,0.9898196174883055,0.9937204710179098
ppo_standalone,VTI,test_legacy,final_portfolio_value,10,996920.4387182195,1391.8338999447858,997647.6014796633,997255.4574174677,997659.4988851723,993914.8102610903,997659.4988851723
ppo_standalone,VTI,test_legacy,annualized_return,10,-0.0007929622157142943,0.0003589913096491906,-0.0006054317460512176,-0.0007064611374869064,-0.0006023670560509896,-0.0015683123294493431,-0.0006023670560509896
ppo_standalone,VTI,test_legacy,annualized_volatility,10,0.005756248296380164,0.0008611036853301684,0.005334256127213732,0.00533210549782858,0.005468761148505231,0.00533210549782858,0.0076988873630948725
ppo_standalone,VTI,test_legacy,sharpe_ratio,10,-0.1334455019441435,0.03750977176087616,-0.11352959512545206,-0.13142299423044015,-0.11300050494984736,-0.22367863433637317,-0.11300050494984736
ppo_standalone,VTI,test_legacy,max_drawdown,10,0.009745362117253409,0.0005380715383495599,0.009490202721328278,0.009490202721328278,0.009490202721328278,0.009490202721328278,0.01079279643845732
ppo_standalone,VTI,test_legacy,var_95,10,0.0,0.0,0.0,0.0,0.0,0.0,0.0
ppo_standalone,VTI,test_legacy,var_95_violation_rate,10,0.004795918367346939,0.0010809692912973265,0.004081632653061225,0.004081632653061225,0.00510204081632653,0.004081632653061225,0.007142857142857143
ppo_standalone,VTI,test_legacy,capital_preservation_rate_95pct_hwm,10,0.9939527543803169,0.0015049691385124254,0.9947396403522109,0.994348639318563,0.9947515030789488,0.9910177295404512,0.9947515030789488
ppo_standalone,VYM,test_legacy,final_portfolio_value,10,1000044.166245498,1170.4691327452756,1000671.4330945226,999531.5993324836,1000785.4892649017,997659.770272404,1000830.5204316995
ppo_standalone,VYM,test_legacy,annualized_return,10,1.1239005980711727e-05,0.00030111073923237296,0.00017261117736430687,-0.00012050595584117987,0.00020192374325822467,-0.0006022971491892605,0.00021349654897274492
ppo_standalone,VYM,test_legacy,annualized_volatility,10,0.003008321862759982,0.0003966690369791091,0.0027985847527920464,0.0027858506449407214,0.003009534297556592,0.0027845747574637095,0.0038731568373776538
ppo_standalone,VYM,test_legacy,sharpe_ratio,10,0.013450130381167175,0.09074274053562054,0.06172382618398713,-0.03777239975658388,0.07220820979687326,-0.1679152255640647,0.07665859646278494
ppo_standalone,VYM,test_legacy,max_drawdown,10,0.004734515906690185,0.0007443347242006394,0.0043620207298635805,0.0043620207298635805,0.004489204228244503,0.0043620207298635805,0.00625091953301693
ppo_standalone,VYM,test_legacy,var_95,10,0.0,0.0,0.0,0.0,0.0,0.0,0.0
ppo_standalone,VYM,test_legacy,var_95_violation_rate,10,0.00489795918367347,0.0009376903912986542,0.004591836734693877,0.004081632653061225,0.005867346938775509,0.004081632653061225,0.006122448979591836
ppo_standalone,VYM,test_legacy,capital_preservation_rate_95pct_hwm,10,0.9963007384246139,0.0012421050141939185,0.9969720332556731,0.995836413365137,0.9970856677697879,0.993971504302865,0.9971305324600723
ppo_standalone,VYMI,test_legacy,final_portfolio_value,10,1004096.1726936226,1031.705167149362,1004193.9616633866,1003807.6437220069,1004593.4059760589,1001834.9229883394,1005585.8832208731
ppo_standalone,VYMI,test_legacy,annualized_return,10,0.0010516119319998328,0.0002645720611660905,0.001076771404392163,0.0009777255160114099,0.0011791515285910787,0.0004715161048772557,0.0014333994869570837
ppo_standalone,VYMI,test_legacy,annualized_volatility,10,0.0029655963298665126,0.0008377008228874726,0.002867851095778989,0.0022590703635885735,0.003102119134273651,0.0021895247831588485,0.004408679798794241
ppo_standalone,VYMI,test_legacy,sharpe_ratio,10,0.38075937070352767,0.12349538697422983,0.4248712753065424,0.31350156231772547,0.468590754234746,0.10692271250102933,0.4972653946156903
ppo_standalone,VYMI,test_legacy,max_drawdown,10,0.003638961487236547,0.0019634580562901158,0.002540592893001681,0.0024454524846706516,0.003745244089975286,0.0024454524846706516,0.007980742245726313
ppo_standalone,VYMI,test_legacy,var_95,10,0.0,0.0,0.0,0.0,0.0,0.0,0.0
ppo_standalone,VYMI,test_legacy,var_95_violation_rate,10,0.005714285714285714,0.0025087195802157513,0.00510204081632653,0.004081632653061225,0.005867346938775509,0.003061224489795918,0.01020408163265306
ppo_standalone,VYMI,test_legacy,capital_preservation_rate_95pct_hwm,10,0.9972373011645862,0.0024602299173905914,0.997873952841952,0.9963605967557888,0.9991843521949217,0.9920192577542737,0.9995205765759912
ppo_standalone,XLE,test_legacy,final_portfolio_value,3,1072806.5491051066,37483.81307854548,1079725.447598157,1056035.3759417785,1093037.1715149598,1032345.3042854003,1106348.8954317626
ppo_standalone,XLE,test_legacy,annualized_return,3,0.018156185607677414,0.00918279118204526,0.019920419420597957,0.014069847922312567,0.023124640199502534,0.008219276424027177,0.02632886097840711
ppo_standalone,XLE,test_legacy,annualized_volatility,3,0.042272892827037105,0.025843891744835017,0.03810175094501352,0.028435011400767794,0.05402520331229463,0.018768271856522065,0.06994865567957573
ppo_standalone,XLE,test_legacy,sharpe_ratio,3,0.4417843980576355,0.07323735393574875,0.4361410018945419,0.40383649908354124,0.47691059895018295,0.37153199627254063,0.5176801960058239
ppo_standalone,XLE,test_legacy,max_drawdown,3,0.06166942047129742,0.05711920602991009,0.03444914657974729,0.028850431617010897,0.08087827237980888,0.0232517166542745,0.12730739817987047
ppo_standalone,XLE,test_legacy,var_95,3,-0.0015892624905084437,0.0027526833801240747,0.0,-0.0023838937357626654,0.0,-0.004767787471525331,0.0
ppo_standalone,XLE,test_legacy,var_95_violation_rate,3,0.034013605442176874,0.014938905616325002,0.03163265306122449,0.026020408163265306,0.04081632653061225,0.02040816326530612,0.05
ppo_standalone,XLE,test_legacy,capital_preservation_rate_95pct_hwm,3,0.9767512693846508,0.024800290640153752,0.9895732009587136,0.9688690003772102,0.9910445041791227,0.9481647997957069,0.9925158073995319
ppo_standalone,XLE,wf_2018_2019,final_portfolio_value,10,961168.6776812524,14367.36938073717,959356.3413349789,953572.8247670599,963511.9784607583,943521.2902583671,997598.1529284097
ppo_standalone,XLE,wf_2018_2019,annualized_return,10,-0.02060241986432542,0.007644646482841947,-0.02154811638157378,-0.02464934608475732,-0.019325446900589505,-0.030060502701507848,-0.0012616898691810133
ppo_standalone,XLE,wf_2018_2019,annualized_volatility,10,0.03180138079525775,0.018819724927564313,0.024702672487670926,0.022826758325234134,0.02905125385400755,0.018348664494294356,0.08142415976338685
ppo_standalone,XLE,wf_2018_2019,sharpe_ratio,10,-0.7791310292740861,0.32097605225311987,-0.8928991848867189,-0.953007644348512,-0.8452987875563787,-1.0433551110351944,-0.028462834434627198
ppo_standalone,XLE,wf_2018_2019,max_drawdown,10,0.06101302560506178,0.02788532976074599,0.05421909206120612,0.04940635697402407,0.058838026545571326,0.04020382844629011,0.1382931115768412
ppo_standalone,XLE,wf_2018_2019,var_95,10,-0.001294417446805447,0.003038393886649252,0.0,-0.00010379364437975661,0.0,-0.009393611795634093,0.0
ppo_standalone,XLE,wf_2018_2019,var_95_violation_rate,10,0.038125,0.012307546239784941,0.03854166666666667,0.03177083333333333,0.05,0.014583333333333334,0.05
ppo_standalone,XLE,wf_2018_2019,capital_preservation_rate_95pct_hwm,10,0.9533756141675864,0.01625877942157763,0.9545048714951981,0.9486929745672381,0.9591021024627119,0.9175342236061537,0.9834278188701295
ppo_standalone,XLE,wf_2020_2021,final_portfolio_value,10,964156.7406399127,67224.22034595389,993673.2649877677,983093.1267053792,1002604.989942499,819837.006632131,1003228.9494363904
ppo_standalone,XLE,wf_2020_2021,annualized_return,10,-0.019467401147290654,0.03668995939930918,-0.0033138462402841186,-0.008875236785823838,0.0013610365144070674,-0.09864704896538377,0.001686865950035161
ppo_standalone,XLE,wf_2020_2021,annualized_volatility,10,0.027299698536955817,0.027084212563594733,0.016493663352930555,0.014144733772803866,0.017487579432110982,0.010254062936949974,0.08461883793399202
ppo_standalone,XLE,wf_2020_2021,sharpe_ratio,10,-0.333831746544219,0.5350044040986137,-0.1991517070764698,-0.5163496416215203,0.09926892855986459,-1.4500568532387488,0.16436594038166702
ppo_standalone,XLE,wf_2020_2021,max_drawdown,10,0.0535425843329029,0.08034041553372545,0.018528626207012233,0.009109436897308809,0.028807779791597765,0.005944409721688637,0.2152508211237283
ppo_standalone,XLE,wf_2020_2021,var_95,10,-0.00023839064171466085,0.0007538574006874762,0.0,0.0,0.0,-0.0023839064171466084,0.0
ppo_standalone,XLE,wf_2020_2021,var_95_violation_rate,10,0.02925311203319502,0.013881306409370747,0.028008298755186723,0.023858921161825725,0.03371369294605809,0.01037344398340249,0.05186721991701245
ppo_standalone,XLE,wf_2020_2021,capital_preservation_rate_95pct_hwm,10,0.9532432562532243,0.06750746608783621,0.9814713737929878,0.9716496068064322,0.9908905631026912,0.8082663614827323,0.9955139333834238
ppo_standalone,XLE,wf_2022_2023,final_portfolio_value,10,1027645.540347005,26987.69820074529,1018343.0436367521,1005674.9561301187,1043503.6554190645,999953.3396153408,1079322.1208448524
ppo_standalone,XLE,wf_2022_2023,annualized_return,10,0.014372327913273275,0.013962383328744419,0.009603263385906119,0.002981115314878743,0.022656050315807013,-2.454811469960835e-05,0.04097584140650115
ppo_standalone,XLE,wf_2022_2023,annualized_volatility,10,0.025044628997059042,0.01946080926300455,0.017595880820882114,0.01302293339489832,0.030804995507261203,0.007684972448453277,0.07211118321049667
ppo_standalone,XLE,wf_2022_2023,sharpe_ratio,10,0.4766761746328873,0.2626382673413163,0.5275094589205547,0.30946685555410147,0.7004296856214655,-0.001531042219342851,0.7673339604055385
ppo_standalone,XLE,wf_2022_2023,max_drawdown,10,0.02374918674201837,0.024188209767556035,0.014846322019747726,0.01235455089278481,0.025664000722514374,0.00564712740246287,0.08828445519627937
ppo_standalone,XLE,wf_2022_2023,var_95,10,-0.000750488266086986,0.0022428439424095298,0.0,0.0,0.0,-0.007124668713683135,0.0
ppo_standalone,XLE,wf_2022_2023,var_95_violation_rate,10,0.03068893528183716,0.014861863493553156,0.02922755741127349,0.02139874739039666,0.043319415448851775,0.010438413361169102,0.05010438413361169
ppo_standalone,XLE,wf_2022_2023,capital_preservation_rate_95pct_hwm,10,0.9903700437000502,0.014563181732527897,0.994665750277235,0.989593936550255,0.9980405248936409,0.9509027644033983,0.9998848468543381
ppo_standalone,XLE,wf_2024_2025,final_portfolio_value,10,1011315.970431244,12014.057422083553,1007546.5247622218,1004703.8776919596,1011317.61179465,1001008.5071018632,1041299.635329033
ppo_standalone,XLE,wf_2024_2025,annualized_return,10,0.005921633609311052,0.006258567556012423,0.0039630774400571615,0.0024719326148602825,0.005938271045051311,0.0005304448592296409,0.021519154806497142
ppo_standalone,XLE,wf_2024_2025,annualized_volatility,10,0.00868609462453756,0.0035527096466632076,0.009336006854038098,0.006876697269317736,0.010649892692897803,0.002322059821217135,0.013692380599174362
ppo_standalone,XLE,wf_2024_2025,sharpe_ratio,10,0.5617878369897152,0.3938257552820156,0.42600528637064516,0.3580181120792729,0.5919276523670006,0.22836102974240832,1.554926095923308
ppo_standalone,XLE,wf_2024_2025,max_drawdown,10,0.005510654288404371,0.001584652370458245,0.005915502404177431,0.005242894937662973,0.006620251358511603,0.0019864003010606757,0.006992667377270778
ppo_standalone,XLE,wf_2024_2025,var_95,10,-5.184403085021216e-06,1.6394522057070617e-05,0.0,0.0,0.0,-5.184403085021216e-05,0.0
ppo_standalone,XLE,wf_2024_2025,var_95_violation_rate,10,0.02379958246346555,0.010923544534640827,0.022964509394572025,0.018789144050104383,0.025052192066805846,0.008350730688935281,0.05010438413361169
ppo_standalone,XLE,wf_2024_2025,capital_preservation_rate_95pct_hwm,10,0.9988153459883815,0.0012166446739980765,0.9993717847589332,0.9984702519855504,0.999468086933194,0.9956736183979138,0.9997912559779751
ppo_standalone,XLF,test_legacy,final_portfolio_value,13,1003836.1164768102,5804.575034301531,1005881.5969785459,1004218.9884598779,1007478.807750002,990629.8092949255,1008132.4092123336
ppo_standalone,XLF,test_legacy,annualized_return,13,0.0009820636810669145,0.0014926016910305198,0.0015091178938602175,0.0010831868331227807,0.0019178029544120597,-0.002417909395890205,0.002084903947817612
ppo_standalone,XLF,test_legacy,annualized_volatility,13,0.0056201998508355645,0.002014980191549826,0.0050011869486654295,0.004269312243565707,0.006483343414884147,0.004197115502117354,0.011486407717441785
ppo_standalone,XLF,test_legacy,sharpe_ratio,13,0.24425331871695705,0.26094521903421086,0.32882358803063283,0.19350226179761892,0.4524581297993905,-0.23378380684840927,0.4878200501442173
ppo_standalone,XLF,test_legacy,max_drawdown,13,0.00892483210943873,0.007213578043536827,0.0049657842287347265,0.004434754608873659,0.01053799299047331,0.004434754608873659,0.02846898668077702
ppo_standalone,XLF,test_legacy,var_95,13,0.0,0.0,0.0,0.0,0.0,0.0,0.0
ppo_standalone,XLF,test_legacy,var_95_violation_rate,13,0.00706436420722135,0.004378283132997089,0.00510204081632653,0.004081632653061225,0.01020408163265306,0.003061224489795918,0.017346938775510204
ppo_standalone,XLF,test_legacy,capital_preservation_rate_95pct_hwm,13,0.9927950719758113,0.007962127278512575,0.995571594404199,0.9898717777456796,0.9990665280149652,0.9729398687129656,0.9995781345718983
ppo_standalone,XLF,wf_2018_2019,final_portfolio_value,13,979654.1101102094,6336.538675374539,980047.1606659079,978175.5395331025,984049.0471577094,967748.151775333,989905.8644478213
ppo_standalone,XLF,wf_2018_2019,annualized_return,13,-0.010738500510606616,0.003361629631893008,-0.01052537378692174,-0.01151787729293271,-0.008406226128965952,-0.01706401659628639,-0.005312189219258896
ppo_standalone,XLF,wf_2018_2019,annualized_volatility,13,0.024548337332747226,0.006629331785967663,0.02364372706310694,0.019401954598998218,0.027927114166890855,0.016955817305766063,0.04104584760329412
ppo_standalone,XLF,wf_2018_2019,sharpe_ratio,13,-0.4565171560836666,0.14926486218727886,-0.44752192566719257,-0.5860569733855477,-0.3218450319254935,-0.6983768972412825,-0.23346006547773612
ppo_standalone,XLF,wf_2018_2019,max_drawdown,13,0.04002153690117624,0.006672055050456324,0.041110715525733754,0.035266610282409294,0.04527021656314134,0.029677689490919645,0.04837857816836344
ppo_standalone,XLF,wf_2018_2019,var_95,13,-8.230182445067438e-05,0.0002967434481211424,0.0,0.0,0.0,-0.001069923717858767,0.0
ppo_standalone,XLF,wf_2018_2019,var_95_violation_rate,13,0.023237179487179484,0.014329289083587701,0.020833333333333332,0.0125,0.03333333333333333,0.008333333333333333,0.05
ppo_standalone,XLF,wf_2018_2019,capital_preservation_rate_95pct_hwm,13,0.9752764636493809,0.0063945097200975715,0.9754550379894484,0.9739903151411806,0.9797141323934447,0.9632136575068636,0.9857785034210164
ppo_standalone,XLF,wf_2020_2021,final_portfolio_value,13,990692.7831501338,34026.099735952674,1009470.5618263109,987701.8388882979,1013508.64844169,912261.0341406527,1016307.0506848687
ppo_standalone,XLF,wf_2020_2021,annualized_return,13,-0.005014969316867934,0.01805546613294886,0.004940277849670925,-0.0064487253160183606,0.007040000105458888,-0.04687597215258619,0.008492770896422789
ppo_standalone,XLF,wf_2020_2021,annualized_volatility,13,0.013864393766358302,0.011030966113238302,0.008506304808338198,0.006603838620090597,0.01353102423885558,0.006101163366437038,0.04072163080843443
ppo_standalone,XLF,wf_2020_2021,sharpe_ratio,13,0.23853851228554296,0.9539534759008583,0.579337663548765,-0.47812583568994516,1.1042582757892614,-1.1789815643332406,1.1448339788734108
ppo_standalone,XLF,wf_2020_2021,max_drawdown,13,0.026550951842337023,0.03548453423415143,0.00781493098842645,0.001539589089453064,0.030770501524250538,0.0012240490826511685,0.1092721017464301
ppo_standalone,XLF,wf_2020_2021,var_95,13,0.0,0.0,0.0,0.0,0.0,0.0,0.0
ppo_standalone,XLF,wf_2020_2021,var_95_violation_rate,13,0.022981168209383975,0.013296946277652856,0.02074688796680498,0.012448132780082987,0.026970954356846474,0.006224066390041493,0.04771784232365145
ppo_standalone,XLF,wf_2020_2021,capital_preservation_rate_95pct_hwm,13,0.9742342423389972,0.035143046005758134,0.9921850690115736,0.9692294984757495,0.9994370825311307,0.8943767448881834,0.9996835831314157
ppo_standalone,XLF,wf_2022_2023,final_portfolio_value,13,995249.3560542979,7026.579905572897,991441.5232224425,991051.8875321993,997780.6099130444,987559.0278073265,1007903.0030859348
ppo_standalone,XLF,wf_2022_2023,annualized_return,13,-0.0025078185975973516,0.0036994764183944048,-0.00451175028273537,-0.004717591926289263,-0.0011682270261166472,-0.006564559492409997,0.004149982743969021
ppo_standalone,XLF,wf_2022_2023,annualized_volatility,13,0.012958789819718609,0.0048901691342121,0.01180701536524689,0.009451327044740311,0.015728187430042496,0.007517282722818043,0.025365889808905945
ppo_standalone,XLF,wf_2022_2023,sharpe_ratio,13,-0.1359779778698842,0.3437786664639507,-0.2861312811221096,-0.34511088908185067,-0.12367472810272684,-0.4837831341945125,0.5310706641794539
ppo_standalone,XLF,wf_2022_2023,max_drawdown,13,0.021762949673320767,0.011108233116707845,0.0219804481011614,0.014705378097039756,0.02794734771321472,0.005711151178694918,0.045896906649120606
ppo_standalone,XLF,wf_2022_2023,var_95,13,-4.569547548669556e-05,0.0001647573799239886,0.0,0.0,0.0,-0.0005940411813270423,0.0
ppo_standalone,XLF,wf_2022_2023,var_95_violation_rate,13,0.028906375461699052,0.012168586180257273,0.031315240083507306,0.020876826722338204,0.037578288100208766,0.010438413361169102,0.05010438413361169
ppo_standalone,XLF,wf_2022_2023,capital_preservation_rate_95pct_hwm,13,0.9810036581646039,0.008088923037440052,0.9784712674203693,0.9748434863299577,0.9852946219029602,0.9714635154692236,0.9947866720355406
ppo_standalone,XLF,wf_2024_2025,final_portfolio_value,13,1019962.3207048449,29966.261907792745,1010388.9731861327,1004950.506954906,1022289.9228923375,1001859.8810568961,1115300.6477995208
ppo_standalone,XLF,wf_2024_2025,annualized_return,13,0.010356114336589574,0.015346937739866005,0.005452211225181074,0.002601394385168337,0.011665373167089165,0.0009780452233665434,0.059089638674566784
ppo_standalone,XLF,wf_2024_2025,annualized_volatility,13,0.010211220948684596,0.011048816918610064,0.007175634134516453,0.004799736309839787,0.009549390380021313,0.002808528257844953,0.044874353809516654
ppo_standalone,XLF,wf_2024_2025,sharpe_ratio,13,0.7987181081102214,0.3205726708070211,0.7663495520532795,0.5165956295141676,0.9153609205838809,0.3025101956003878,1.294073257193057
ppo_standalone,XLF,wf_2024_2025,max_drawdown,13,0.007976555157068393,0.009536350291977054,0.0048214743071308686,0.0031018514148697385,0.0056879661094106915,0.0022568339078935518,0.034813020031501885
ppo_standalone,XLF,wf_2024_2025,var_95,13,-0.000366578200801562,0.0012501612357764741,0.0,0.0,0.0,-0.004521297246648892,0.0
ppo_standalone,XLF,wf_2024_2025,var_95_violation_rate,13,0.02312510036935924,0.014145533962216085,0.020876826722338204,0.012526096033402923,0.025052192066805846,0.008350730688935281,0.05010438413361169
ppo_standalone,XLF,wf_2024_2025,capital_preservation_rate_95pct_hwm,13,0.9980102247933647,0.0038073955584026317,0.9996499606837311,0.9987511533713855,0.99979232128136,0.987934899091582,0.9999802916602221
ppo_standalone,XLI,test_legacy,final_portfolio_value,10,993759.6198407349,5234.394621909259,995830.5988064243,994764.1350729658,995933.7151203197,979087.4762698346,996056.6409142325
ppo_standalone,XLI,test_legacy,annualized_return,10,-0.001610800788067948,0.0013586596652827207,-0.0010737967162840977,-0.0013489989548003982,-0.0010471990877590426,-0.0054197907901933785,-0.001015495225110694
ppo_standalone,XLI,test_legacy,annualized_volatility,10,0.006020149559705614,0.0048645968195677545,0.004265717618173728,0.004222819398083695,0.004504134750602879,0.004222519073226514,0.01977658938472162
ppo_standalone,XLI,test_legacy,sharpe_ratio,10,-0.2640200824768918,0.023157158326994522,-0.25404420023026486,-0.27462267333103496,-0.24809314475741737,-0.3081460298628742,-0.23655134956417753
ppo_standalone,XLI,test_legacy,max_drawdown,10,0.012829260685648769,0.008247315540686768,0.010002034625956058,0.010002034625956058,0.010002034625956058,0.010002034625956058,0.0362302208899008
ppo_standalone,XLI,test_legacy,var_95,10,0.0,0.0,0.0,0.0,0.0,0.0,0.0
ppo_standalone,XLI,test_legacy,var_95_violation_rate,10,0.009081632653061222,0.01332578225718765,0.00510204081632653,0.004081632653061225,0.005867346938775509,0.004081632653061225,0.04693877551020408
ppo_standalone,XLI,test_legacy,capital_preservation_rate_95pct_hwm,10,0.9900432492893115,0.007181328260234025,0.9927744308888923,0.9917112400938746,0.9928772307425678,0.9698094092881283,0.9929997792816863
ppo_standalone,XLK,test_legacy,final_portfolio_value,13,991271.026433636,6266.380197933812,994938.6886239208,990279.4773662069,995301.7580565255,979481.1963582144,995301.7580565255
ppo_standalone,XLK,test_legacy,annualized_return,13,-0.0022554372687399516,0.0016260917576905187,-0.0013039339601009173,-0.0025086388903278038,-0.0012102333721769154,-0.005316961816867208,-0.0012102333721769154
ppo_standalone,XLK,test_legacy,annualized_volatility,13,0.008042226753380628,0.002434814608901731,0.0065117929084012515,0.0065032538512741385,0.00919190145245338,0.0065032538512741385,0.013740814854105401
ppo_standalone,XLK,test_legacy,sharpe_ratio,13,-0.2577650989803024,0.11538997320405348,-0.19417237529194376,-0.2515805213526415,-0.18620474682207866,-0.535291192094124,-0.18620474682207866
ppo_standalone,XLK,test_legacy,max_drawdown,13,0.015396533011973804,0.005577616731781947,0.01212638166805069,0.01212638166805069,0.015504032886398011,0.01212638166805069,0.02785702756783448
ppo_standalone,XLK,test_legacy,var_95,13,0.0,0.0,0.0,0.0,0.0,0.0,0.0
ppo_standalone,XLK,test_legacy,var_95_violation_rate,13,0.006357927786499214,0.003362546726871458,0.004081632653061225,0.004081632653061225,0.00816326530612245,0.004081632653061225,0.012244897959183673
ppo_standalone,XLK,test_legacy,capital_preservation_rate_95pct_hwm,13,0.9876254579842887,0.00633494318514909,0.9913619372673759,0.9862709251940075,0.9917237014847946,0.9759601423521306,0.9917237014847946
ppo_standalone,XLK,wf_2018_2019,final_portfolio_value,13,989906.9143015873,13559.823546849466,987611.7254496876,984975.9573028544,992411.0540825399,970750.5900327361,1029115.0350643353
ppo_standalone,XLK,wf_2018_2019,annualized_return,13,-0.005332877535637313,0.007114617680855572,-0.00652309730293432,-0.007915976963181384,-0.003991404542166591,-0.015464176288355136,0.015181183958266413
ppo_standalone,XLK,wf_2018_2019,annualized_volatility,13,0.0275600148744611,0.009804052763785506,0.024375550185782646,0.02103006032364125,0.02878062465071372,0.01779662787972104,0.04973386570396207
ppo_standalone,XLK,wf_2018_2019,sharpe_ratio,13,-0.25851745979882235,0.25029721840688873,-0.2352712906303842,-0.36773299675591625,-0.15621178334774907,-0.7435652650412348,0.30295362366357403
ppo_standalone,XLK,wf_2018_2019,max_drawdown,13,0.04037089562539417,0.005877077015202278,0.04066508751224285,0.03613982472888566,0.0472087766996967,0.030101536113494753,0.047459250131678954
ppo_standalone,XLK,wf_2018_2019,var_95,13,-0.00032942567818207733,0.0009291059886229521,0.0,0.0,0.0,-0.0032813510980070674,0.0
ppo_standalone,XLK,wf_2018_2019,var_95_violation_rate,13,0.025961538461538463,0.014145597706457458,0.020833333333333332,0.014583333333333334,0.03125,0.010416666666666666,0.05
ppo_standalone,XLK,wf_2018_2019,capital_preservation_rate_95pct_hwm,13,0.9848337347515017,0.007690515431562364,0.9853558882878158,0.9809384976917175,0.9911444521566074,0.9704161022783567,0.9962178639478401
ppo_standalone,XLK,wf_2020_2021,final_portfolio_value,13,1038287.1840202387,105364.6505165384,1014130.568878593,1002013.4910191381,1022656.2942373612,970584.2479087324,1385119.5315894592
ppo_standalone,XLK,wf_2020_2021,annualized_return,13,0.01877534259066125,0.05080728110876247,0.007363030973613478,0.0010521913376675572,0.011781874126013133,-0.015488717791795422,0.18569390899198573
ppo_standalone,XLK,wf_2020_2021,annualized_volatility,13,0.03412171470303234,0.045714514905161166,0.015967944233121343,0.011111472102268654,0.01981951306180641,0.009262952907793883,0.1549672873455933
ppo_standalone,XLK,wf_2020_2021,sharpe_ratio,13,0.4968504368304927,0.6010801425775513,0.3702807173316993,0.061352698062170176,1.0991223299403825,-0.4546626353944762,1.2644787919093772
ppo_standalone,XLK,wf_2020_2021,max_drawdown,13,0.04401797532404005,0.05470228236819217,0.024795013326870285,0.005890591178889348,0.03974238460598689,0.0020056891174075053,0.16142646413805628
ppo_standalone,XLK,wf_2020_2021,var_95,13,-0.0015428598679357436,0.004163276618427362,0.0,0.0,0.0,-0.014375696312697884,0.0
ppo_standalone,XLK,wf_2020_2021,var_95_violation_rate,13,0.025055857006064476,0.013215771392894565,0.02074688796680498,0.01867219917012448,0.024896265560165973,0.01037344398340249,0.05186721991701245
ppo_standalone,XLK,wf_2020_2021,capital_preservation_rate_95pct_hwm,13,0.9804599685696277,0.018297716734156054,0.9822774401241873,0.9689300486111709,0.9974208458424189,0.93769646968462,0.999935017958605
ppo_standalone,XLK,wf_2022_2023,final_portfolio_value,13,978059.996033406,6585.501735015239,977654.2551215299,977132.3161790649,981516.841748438,961912.7465587974,985453.246120876
ppo_standalone,XLK,wf_2022_2023,annualized_return,13,-0.01160838697488397,0.0035075248636431966,-0.01181894722641771,-0.012096528974279422,-0.009766894511741538,-0.020221854613843054,-0.007679558707503082
ppo_standalone,XLK,wf_2022_2023,annualized_volatility,13,0.01920704019399694,0.004335001282454674,0.01920545152450004,0.016099851404052422,0.020711043218611315,0.01426214124018667,0.028965025879582558
ppo_standalone,XLK,wf_2022_2023,sharpe_ratio,13,-0.6039383673834978,0.08503829779589862,-0.581735582665184,-0.6609427101202356,-0.5390385506595331,-0.7384682442791097,-0.4811191924274028
ppo_standalone,XLK,wf_2022_2023,max_drawdown,13,0.029279473327850327,0.008307236481367353,0.028940686774694524,0.024291113087188898,0.03281916784035577,0.018535627212233563,0.04742483099879302
ppo_standalone,XLK,wf_2022_2023,var_95,13,0.0,0.0,0.0,0.0,0.0,0.0,0.0
ppo_standalone,XLK,wf_2022_2023,var_95_violation_rate,13,0.029548739360847922,0.00803356251053847,0.027139874739039668,0.022964509394572025,0.033402922755741124,0.018789144050104383,0.04801670146137787
ppo_standalone,XLK,wf_2022_2023,capital_preservation_rate_95pct_hwm,13,0.9740446346739458,0.006908922008045067,0.9740964522335405,0.9728461603151884,0.9776912280646568,0.9570864049372538,0.9814643727877664
ppo_standalone,XLK,wf_2024_2025,final_portfolio_value,13,1015688.4874288023,3001.326709568947,1015683.8674488149,1013212.7766761235,1018112.6083638448,1010869.2920823039,1020762.022642073
ppo_standalone,XLK,wf_2024_2025,annualized_return,13,0.008222190066382126,0.0015672698873238993,0.00822079026467549,0.006929566787885355,0.009488434701745445,0.005703642110312216,0.010869623026449648
ppo_standalone,XLK,wf_2024_2025,annualized_volatility,13,0.010625593354908477,0.0028737882333405825,0.010684035823059922,0.008216592616636964,0.012098078933524254,0.007131836359906866,0.016865412414973677
ppo_standalone,XLK,wf_2024_2025,sharpe_ratio,13,0.7929795461524952,0.13213232439746012,0.7974539867125499,0.7010673541934999,0.8713850952485995,0.5599396636878111,1.0532271441182077
ppo_standalone,XLK,wf_2024_2025,max_drawdown,13,0.010403020592668382,0.0036411476838310018,0.011453902106398961,0.00664762838070132,0.012529138025619169,0.004951470533933411,0.014998887659609994
ppo_standalone,XLK,wf_2024_2025,var_95,13,-1.6219430207483507e-05,5.847998727189132e-05,0.0,0.0,0.0,-0.0002108525926972856,0.0
ppo_standalone,XLK,wf_2024_2025,var_95_violation_rate,13,0.02264332744499759,0.010042822533710683,0.020876826722338204,0.016701461377870562,0.025052192066805846,0.010438413361169102,0.05010438413361169
ppo_standalone,XLK,wf_2024_2025,capital_preservation_rate_95pct_hwm,13,0.9945832401502112,0.0020687415038249716,0.9941269297628932,0.9933523716192987,0.9962728509840393,0.9910601497410384,0.9987187734908439
ppo_standalone,XLU,test_legacy,final_portfolio_value,13,1043526.0972038537,71934.68875223378,1019205.2270603215,1006346.9602172492,1033210.6594687981,993462.1146747556,1208466.8939944152
ppo_standalone,XLU,test_legacy,annualized_return,13,0.0106183355744717,0.017208373325126033,0.004903646851269159,0.00162824208599512,0.008436528383833065,-0.0016852685710148933,0.049895514973668904
ppo_standalone,XLU,test_legacy,annualized_volatility,13,0.03551258083362675,0.029424496271635306,0.029036393088209343,0.01179680652364585,0.04719404877256604,0.0038467710450945406,0.09305633461585709
ppo_standalone,XLU,test_legacy,sharpe_ratio,13,0.17830882677627446,0.2500038650619887,0.12490846779414025,0.06355010151074451,0.2893298014573838,-0.21820172317193845,0.5579746236289289
ppo_standalone,XLU,test_legacy,max_drawdown,13,0.06436042204755593,0.04268315415091751,0.06685925322800046,0.02853915166304133,0.08730776763170034,0.0057711311051265035,0.13567350972018377
ppo_standalone,XLU,test_legacy,var_95,13,-0.002837369379958025,0.0035512007376708996,-0.0005458521363608246,-0.0048005972998304,0.0,-0.009697481897008142,0.0
ppo_standalone,XLU,test_legacy,var_95_violation_rate,13,0.03657770800627943,0.018535914658032653,0.05,0.017346938775510204,0.05,0.00510204081632653,0.05
ppo_standalone,XLU,test_legacy,capital_preservation_rate_95pct_hwm,13,0.9701460599896604,0.01857842947466318,0.9687846276648936,0.9550565520078205,0.9866489561484545,0.9436295974497642,0.9976512251760128
ppo_standalone,XLU,wf_2018_2019,final_portfolio_value,10,985191.6169158069,10592.106264146752,983384.8286072041,979326.4559982038,985298.6325802059,977101.1189665557,1014026.1243862669
ppo_standalone,XLU,wf_2018_2019,annualized_return,10,-0.007814672630638758,0.005570418344049837,-0.008757690796109137,-0.010907619058532114,-0.0077454311404890445,-0.012088040222353,0.007339352970509979
ppo_standalone,XLU,wf_2018_2019,annualized_volatility,10,0.0148588671457441,0.0052262908751979625,0.014274269632869648,0.011286970988122065,0.014566333198391485,0.009739272837577796,0.026677721295647078
ppo_standalone,XLU,wf_2018_2019,sharpe_ratio,10,-0.6613256053447315,0.4375690002023164,-0.6303961557093956,-0.9782515186603273,-0.5396845561453848,-1.2487068304079898,0.2741053999776816
ppo_standalone,XLU,wf_2018_2019,max_drawdown,10,0.030148208836387157,0.0017987570071654364,0.030662275234978997,0.028554682774914936,0.031211405738442083,0.027334749167732153,0.03295567068552152
ppo_standalone,XLU,wf_2018_2019,var_95,10,-0.0002146380882011556,0.0006787452313397645,0.0,0.0,0.0,-0.002146380882011556,0.0
ppo_standalone,XLU,wf_2018_2019,var_95_violation_rate,10,0.02895833333333333,0.010321322918605127,0.028125,0.020833333333333332,0.034895833333333334,0.016666666666666666,0.05
ppo_standalone,XLU,wf_2018_2019,capital_preservation_rate_95pct_hwm,10,0.9836790757473853,0.006176722560904248,0.9833848286072042,0.9793264559982039,0.985298632580206,0.9771011189665557,0.9989007127020496
ppo_standalone,XLU,wf_2024_2025,final_portfolio_value,10,1004018.8534596355,9722.022813798238,1002986.4603415225,996624.6283650838,1013508.4595184025,991866.553255044,1017303.8087466401
ppo_standalone,XLU,wf_2024_2025,annualized_return,10,0.0021017612158480852,0.0051027580089440675,0.001570017274528853,-0.0017773207158141777,0.0070821177519870045,-0.004287253784607528,0.009066453338355065
ppo_standalone,XLU,wf_2024_2025,annualized_volatility,10,0.015194042917246811,0.002913798863664891,0.015485100530981453,0.012589313200116742,0.017585295484719342,0.011416271915807685,0.01952121022564306
ppo_standalone,XLU,wf_2024_2025,sharpe_ratio,10,0.0835526857665551,0.3222583240599458,0.09861551172791527,-0.1428871440630228,0.3749026637560573,-0.37634095426515124,0.5028359893340958
ppo_standalone,XLU,wf_2024_2025,max_drawdown,10,0.01921185521120352,0.0011649849050492146,0.01856791257625695,0.01847720973702008,0.020184829286506722,0.018080710624690077,0.021368549060854947
ppo_standalone,XLU,wf_2024_2025,var_95,10,0.0,0.0,0.0,0.0,0.0,0.0,0.0
ppo_standalone,XLU,wf_2024_2025,var_95_violation_rate,10,0.02609603340292276,0.011860863290925061,0.026096033402922755,0.016701461377870562,0.03392484342379958,0.010438413361169102,0.04801670146137787
ppo_standalone,XLU,wf_2024_2025,capital_preservation_rate_95pct_hwm,10,0.9923805073761794,0.006420414127867985,0.9936151378474383,0.9872882077875994,0.9979754481966504,0.9829217826368785,0.9997107141649507
ppo_standalone,XLV,test_legacy,final_portfolio_value,3,994637.2860617065,2470.659840162948,993587.5685575876,993226.1911646314,995523.5222067222,992864.8137716753,997459.4758558568
ppo_standalone,XLV,test_legacy,annualized_return,3,-0.001382130960485853,0.0006375488422653533,-0.0016528529479928101,-0.0017462489425024213,-0.0011533739722227637,-0.0018396449370120323,-0.0006538949964527173
ppo_standalone,XLV,test_legacy,annualized_volatility,3,0.00820783983339139,0.001574642256058472,0.008903443270119969,0.007654313698182782,0.009109167686964289,0.006405184126245596,0.009314892103808608
ppo_standalone,XLV,test_legacy,sharpe_ratio,3,-0.17950688931476252,0.10701473944624272,-0.1775857634366182,-0.23252751067701857,-0.12552570501343427,-0.28746925791741895,-0.07346564659025036
ppo_standalone,XLV,test_legacy,max_drawdown,3,0.020437182069213633,0.003124595800319909,0.020841359268456094,0.018985762238272252,0.022090690499776244,0.01713016520808841,0.023340021731096394
ppo_standalone,XLV,test_legacy,var_95,3,0.0,0.0,0.0,0.0,0.0,0.0,0.0
ppo_standalone,XLV,test_legacy,var_95_violation_rate,3,0.015986394557823132,0.0025679708963505963,0.0163265306122449,0.01479591836734694,0.017346938775510204,0.013265306122448979,0.018367346938775512
ppo_standalone,XLV,test_legacy,capital_preservation_rate_95pct_hwm,3,0.9862107450216223,0.002943256434523459,0.985251101081231,0.9845590912244198,0.9873825768486291,0.9838670813676085,0.9895140526160271
ppo_standalone,XLV,wf_2018_2019,final_portfolio_value,10,987951.2914494887,28550.424842583056,979836.0273529047,979268.5753923494,980990.4453249627,971886.4350799662,1068635.677197005
ppo_standalone,XLV,wf_2018_2019,annualized_return,10,-0.006433805009877359,0.014830751210914216,-0.010637291800106056,-0.010938141579829754,-0.010025513695895808,-0.01485955752872284,0.03546536386943583
ppo_standalone,XLV,wf_2018_2019,annualized_volatility,10,0.0241182805962234,0.015028903906462526,0.020121860817174222,0.018469712875377776,0.021903817558191426,0.013929751379652392,0.06631163911774542
ppo_standalone,XLV,wf_2018_2019,sharpe_ratio,10,-0.4773767211547262,0.38060578126900424,-0.516837375282956,-0.6911586894745707,-0.4919076789230441,-0.8508154136460815,0.525561871577069
ppo_standalone,XLV,wf_2018_2019,max_drawdown,10,0.03803221770852657,0.011573014911822575,0.03559385826641415,0.03397873156679043,0.03671627098938435,0.026367975004405353,0.069582222429876
ppo_standalone,XLV,wf_2018_2019,var_95,10,-0.0007099546747882358,0.002236574509608349,0.0,0.0,0.0,-0.007075320439512822,0.0
ppo_standalone,XLV,wf_2018_2019,var_95_violation_rate,10,0.026875,0.013588771349541633,0.019791666666666666,0.016666666666666666,0.03333333333333333,0.016666666666666666,0.05
ppo_standalone,XLV,wf_2018_2019,capital_preservation_rate_95pct_hwm,10,0.9809040756925418,0.007329824262485528,0.9796905570145072,0.9791017341797332,0.9808890585787262,0.9717859892460299,0.9994238464789119
ppo_standalone,XLV,wf_2020_2021,final_portfolio_value,10,1014501.6438917483,6545.203925717404,1017341.7920531738,1009426.1233022878,1019183.0431957468,1001617.858316537,1020936.0604991241
ppo_standalone,XLV,wf_2020_2021,annualized_return,10,0.007551005512895156,0.0034026634150555743,0.0090294404272167,0.004916479756558559,0.009983792531450686,0.0008455249942988056,0.010891704911905236
ppo_standalone,XLV,wf_2020_2021,annualized_volatility,10,0.02479819340590022,0.03172613720491001,0.009640789849542253,0.009002815072763227,0.013634438379125018,0.007727624694944509,0.08802766778989447
ppo_standalone,XLV,wf_2020_2021,sharpe_ratio,10,0.7518422138965929,0.5096391583342341,1.0241669914791434,0.2056691760603536,1.139908162449268,0.04779173887029805,1.2178190343755264
ppo_standalone,XLV,wf_2020_2021,max_drawdown,10,0.032917447414402744,0.055608886598302286,0.004006181791562036,0.0027559742202157844,0.022182786607213817,0.0018524877779517723,0.1417207824428176
ppo_standalone,XLV,wf_2020_2021,var_95,10,-0.0007027563601980091,0.0014816583251149186,0.0,0.0,0.0,-0.003553420541452823,0.0
ppo_standalone,XLV,wf_2020_2021,var_95_violation_rate,10,0.02095435684647303,0.017148808615983634,0.015560165975103735,0.01037344398340249,0.021784232365145227,0.004149377593360996,0.05186721991701245
ppo_standalone,XLV,wf_2020_2021,capital_preservation_rate_95pct_hwm,10,0.9922298259265819,0.008496850777703712,0.9966291814788057,0.9841557791231184,0.9989319325054173,0.9779778824241105,0.9999180927806094
ppo_standalone,XLV,wf_2022_2023,final_portfolio_value,10,996413.2724143831,4777.48021573605,995406.3958455883,993647.8279099667,997875.0360590953,990298.5734208099,1006848.0744496924
ppo_standalone,XLV,wf_2022_2023,annualized_return,10,-0.0018911383695592765,0.0025150269874482647,-0.0024193343910946796,-0.003346920138000781,-0.001118588653638286,-0.005115670963643271,0.003596918343100763
ppo_standalone,XLV,wf_2022_2023,annualized_volatility,10,0.011590703831635596,0.006215773007942334,0.01020682709082225,0.007675611223732563,0.012245168920002115,0.005701062154859433,0.027120479090476088
ppo_standalone,XLV,wf_2022_2023,sharpe_ratio,10,-0.19617186009404125,0.19069643969159045,-0.24469556064084974,-0.33054039301881,-0.13657170568772217,-0.42756331626670574,0.13238866004764105
ppo_standalone,XLV,wf_2022_2023,max_drawdown,10,0.017800041430017,0.00840856852777049,0.017679762613253935,0.013184123231426786,0.02251018868697499,0.0051615526814613455,0.03428369837195533
ppo_standalone,XLV,wf_2022_2023,var_95,10,-0.0002603283968754333,0.0008232306737466305,0.0,0.0,0.0,-0.002603283968754333,0.0
ppo_standalone,XLV,wf_2022_2023,var_95_violation_rate,10,0.029018789144050105,0.009614931534023102,0.028183716075156576,0.022964509394572025,0.03288100208768267,0.014613778705636743,0.05010438413361169
ppo_standalone,XLV,wf_2022_2023,capital_preservation_rate_95pct_hwm,10,0.9861765083700552,0.0048886352773977815,0.9863200671067177,0.9834489912375952,0.988690902632719,0.9779482662309682,0.9948384473185387
ppo_with_uncertainty_guard,AAPL,test_legacy,final_portfolio_value,10,1348205.086732899,285516.1062307194,1399395.993708914,1053000.7440703649,1625750.343758893,992062.4894424744,1660775.0414297816
ppo_with_uncertainty_guard,AAPL,test_legacy,annualized_return,10,0.07550676932198472,0.060399005080253435,0.09021223145452589,0.013143212972837236,0.1330706530981149,-0.002047119575989938,0.13933476927301636
ppo_with_uncertainty_guard,AAPL,test_legacy,annualized_volatility,10,0.15685178202423258,0.1060833416262059,0.1738077658104969,0.07918004267994325,0.25121966836601434,0.00478771069810164,0.2770722697216457
ppo_with_uncertainty_guard,AAPL,test_legacy,sharpe_ratio,10,0.2752556267925459,0.3359235839077565,0.4698090242495883,0.15016948227420812,0.48532375124086774,-0.391597887412193,0.5122967606551639
ppo_with_uncertainty_guard,AAPL,test_legacy,max_drawdown,10,0.2173056442431609,0.1328792367182206,0.2707052111117718,0.13830990922366668,0.33339495779809225,0.008768489203447749,0.3336051995314506
ppo_with_uncertainty_guard,AAPL,test_legacy,var_95,10,-0.015687337266499075,0.011055707133011104,-0.016415734555539838,-0.02508891064556673,-0.008018596870197436,-0.02902603051756918,0.0
ppo_with_uncertainty_guard,AAPL,test_legacy,var_95_violation_rate,10,0.044489795918367346,0.01257307760778005,0.05,0.05,0.05,0.012244897959183673,0.05
ppo_with_uncertainty_guard,AAPL,test_legacy,capital_preservation_rate_95pct_hwm,10,0.9687544617236478,0.014296513465510466,0.9639621999111232,0.9565721248732475,0.9790806252603201,0.9565674121730684,0.9926646863841062
ppo_with_uncertainty_guard,AMAT,test_legacy,final_portfolio_value,10,1653239.2662676207,504964.20604732423,1722122.9192508562,1214201.6610705694,2116531.6220378457,986753.0035607944,2157414.50926578
ppo_with_uncertainty_guard,AMAT,test_legacy,annualized_return,10,0.128130601702401,0.0937397357073832,0.14653468797735625,0.050572296423541094,0.2126404786235113,-0.0034232610913343944,0.21862094636229754
ppo_with_uncertainty_guard,AMAT,test_legacy,annualized_volatility,10,0.25853652048147324,0.1532667291679839,0.2820753607825096,0.14032765388044216,0.40339747802828235,0.026976140323665288,0.4211994729946895
ppo_with_uncertainty_guard,AMAT,test_legacy,sharpe_ratio,10,0.38461964580436375,0.1924864643755351,0.4576606734678176,0.3130274788702208,0.5007756777288143,-0.03957793315729931,0.5688215192930961
ppo_with_uncertainty_guard,AMAT,test_legacy,max_drawdown,10,0.3353725926291749,0.1675767300592714,0.3520895572622655,0.20634550760986028,0.49561564629384797,0.04556373941319469,0.498819244170119
ppo_with_uncertainty_guard,AMAT,test_legacy,var_95,10,-0.025013996397120774,0.015070294279254387,-0.026698270831373574,-0.03941936216880557,-0.013913401535919379,-0.04167775410525545,-0.0017210922283585894
ppo_with_uncertainty_guard,AMAT,test_legacy,var_95_violation_rate,10,0.05,0.0,0.05,0.05,0.05,0.05,0.05
ppo_with_uncertainty_guard,AMAT,test_legacy,capital_preservation_rate_95pct_hwm,10,0.9685845003486989,0.014286714209622593,0.9632660946680132,0.9561625498206898,0.9777848342205332,0.9560241204319223,0.9939869222943952
ppo_with_uncertainty_guard,AMD,test_legacy,final_portfolio_value,10,1270139.167960833,394079.8316381807,1045227.7114635499,1021802.7998817128,1412093.06353227,1008799.0841292754,1973377.5847967153
ppo_with_uncertainty_guard,AMD,test_legacy,annualized_return,10,0.0557420151193021,0.07755579973083163,0.011418348661365612,0.005560662460470124,0.0910324897798919,0.0022552644368826293,0.19099843806506941
ppo_with_uncertainty_guard,AMD,test_legacy,annualized_volatility,10,0.17937274733358632,0.20528551484841864,0.0799070198361897,0.024163975363510812,0.28060724132654263,0.023473948093734945,0.5262270771702661
ppo_with_uncertainty_guard,AMD,test_legacy,sharpe_ratio,10,0.22489870297718317,0.09783669739227972,0.24149554763350722,0.12731840137458722,0.3161054265994291,0.09512913126809813,0.3362549370514472
ppo_with_uncertainty_guard,AMD,test_legacy,max_drawdown,10,0.25083143472149716,0.253173082348291,0.12176381829684063,0.041333739749605636,0.4580507476236957,0.04128066105266659,0.630002851121376
ppo_with_uncertainty_guard,AMD,test_legacy,var_95,10,-0.016352340083794235,0.02160724852649432,-0.006348656441065259,-0.024787520687431903,-1.73051117722256e-06,-0.05366507729433616,0.0
ppo_with_uncertainty_guard,AMD,test_legacy,var_95_violation_rate,10,0.043673469387755105,0.010525548537328675,0.05,0.03852040816326531,0.05,0.02346938775510204,0.05
ppo_with_uncertainty_guard,AMD,test_legacy,capital_preservation_rate_95pct_hwm,10,0.9171237729595066,0.07080848056575215,0.951900308537484,0.8464592121699602,0.9685969548680123,0.8156849830255847,0.9791370847444182
ppo_with_uncertainty_guard,AMZN,test_legacy,final_portfolio_value,10,1579863.5639079392,256038.670198347,1614697.6467201617,1516213.2144039045,1718454.7143698076,1008526.8145016511,1915825.7224913754
ppo_with_uncertainty_guard,AMZN,test_legacy,annualized_return,10,0.12192835829637472,0.050680633796312866,0.13112116826764353,0.11293695333959697,0.14926459808653295,0.002185699423902777,0.1819682986098129
ppo_with_uncertainty_guard,AMZN,test_legacy,annualized_volatility,10,0.2558958792554594,0.08201608129943387,0.26802573660205825,0.2548219145491839,0.30246166827346577,0.03456989708311647,0.32047458033696924
ppo_with_uncertainty_guard,AMZN,test_legacy,sharpe_ratio,10,0.4141055066902398,0.15451542778930424,0.42315233051316326,0.3863545216546158,0.48464921692745544,0.06315622597311782,0.6416987347321874
ppo_with_uncertainty_guard,AMZN,test_legacy,max_drawdown,10,0.3211490688394429,0.11171087388931188,0.3355333936969726,0.30211273326686805,0.39209680882465864,0.037083549194833476,0.4364525526354348
ppo_with_uncertainty_guard,AMZN,test_legacy,var_95,10,-0.024137534065926662,0.008917989222243527,-0.0258056728848572,-0.028834174301362925,-0.024466329218138627,-0.030936260883821908,0.0
ppo_with_uncertainty_guard,AMZN,test_legacy,var_95_violation_rate,10,0.04673469387755102,0.010325804604631443,0.05,0.05,0.05,0.017346938775510204,0.05
ppo_with_uncertainty_guard,AMZN,test_legacy,capital_preservation_rate_95pct_hwm,10,0.9269230310696919,0.02107487189498538,0.9204519447457283,0.9146952532171557,0.9292390488681829,0.9136643332053702,0.983299793805977
ppo_with_uncertainty_guard,AVGO,test_legacy,final_portfolio_value,10,5301258.589832347,1707246.0141635248,6183059.497305796,4222182.488775023,6478472.849765526,2288778.9937831517,6692964.602449374
ppo_with_uncertainty_guard,AVGO,test_legacy,annualized_return,10,0.5180090188787172,0.1486619572556664,0.5973248965539835,0.4444708525940983,0.6168296109988692,0.23728447536248284,0.6304290594017957
ppo_with_uncertainty_guard,AVGO,test_legacy,annualized_volatility,10,0.3749233812721473,0.08868691779285111,0.4259413113535335,0.31796346665915065,0.4378525505429659,0.21619013537892054,0.44031499356667
ppo_with_uncertainty_guard,AVGO,test_legacy,sharpe_ratio,10,1.0958626445427293,0.04863873219507523,1.0955496548569292,1.0873035249115122,1.1238694481125884,0.9848686308160294,1.169303418283984
ppo_with_uncertainty_guard,AVGO,test_legacy,max_drawdown,10,0.3607333329895895,0.07529243290144683,0.4084386495135506,0.3149318680936337,0.4114967646765565,0.2225923925896175,0.4114967673850627
ppo_with_uncertainty_guard,AVGO,test_legacy,var_95,10,-0.03199615902687443,0.007297219618123692,-0.03598697216707438,-0.03698686359254491,-0.027037869905658242,-0.037735574586845816,-0.018978604655721654
ppo_with_uncertainty_guard,AVGO,test_legacy,var_95_violation_rate,10,0.05,0.0,0.05,0.05,0.05,0.05,0.05
ppo_with_uncertainty_guard,AVGO,test_legacy,capital_preservation_rate_95pct_hwm,10,0.8653678409551878,0.029884290273929453,0.8483414449952518,0.8476609251359812,0.8661387690049148,0.8476609251240074,0.9312681719440423
ppo_with_uncertainty_guard,AXP,test_legacy,final_portfolio_value,10,1955081.6409715642,411356.3299086072,2130029.130186905,1754030.780210505,2224352.87444242,1193597.7511757019,2337658.378822413
ppo_with_uncertainty_guard,AXP,test_legacy,annualized_return,10,0.18290453943161414,0.07060438219909984,0.21461543275228812,0.15459938674607637,0.22823346535172748,0.04655843807004763,0.24402586902460743
ppo_with_uncertainty_guard,AXP,test_legacy,annualized_volatility,10,0.21379500476280228,0.06492260397323839,0.245289446241996,0.17099759427191832,0.25273541180479897,0.07953732908025171,0.2818419243595232
ppo_with_uncertainty_guard,AXP,test_legacy,sharpe_ratio,10,0.7564333290889137,0.1265244799112243,0.8088201450047807,0.7359748178792958,0.8179872292725452,0.4976709590161832,0.8888843156462288
ppo_with_uncertainty_guard,AXP,test_legacy,max_drawdown,10,0.23993776616169132,0.05485733423949399,0.26467420877302295,0.20653231930630678,0.27441256273595793,0.14901101302545727,0.28757426200279723
ppo_with_uncertainty_guard,AXP,test_legacy,var_95,10,-0.020204628170251027,0.0062202464915855895,-0.02282134174207151,-0.024153153276191094,-0.01641801419939719,-0.02776057387849109,-0.0071738477446324994
ppo_with_uncertainty_guard,AXP,test_legacy,var_95_violation_rate,10,0.05,0.0,0.05,0.05,0.05,0.05,0.05
ppo_with_uncertainty_guard,AXP,test_legacy,capital_preservation_rate_95pct_hwm,10,0.979747539012072,0.005716516590878377,0.9770234784368779,0.976074341723745,0.9829350186839888,0.9751357232311856,0.9925995093620001
ppo_with_uncertainty_guard,BA,test_legacy,final_portfolio_value,10,1071166.6278242676,151331.26375918213,1092681.88595291,981743.5591075262,1198922.806801014,801611.5567214671,1236048.243254209
ppo_with_uncertainty_guard,BA,test_legacy,annualized_return,10,0.016006189063909125,0.038077619978252535,0.022404935656050444,-0.004727801319323764,0.04775559217580905,-0.05527584257696023,0.056005673008751734
ppo_with_uncertainty_guard,BA,test_legacy,annualized_volatility,10,0.17485903711847556,0.1568390607382009,0.17151338786864073,0.022149884020756003,0.32453845392285896,0.010733756417059143,0.35039283463599974
ppo_with_uncertainty_guard,BA,test_legacy,sharpe_ratio,10,-0.12024815405197713,0.37764816469797013,0.10921169028641403,-0.29929372632494805,0.14051051853423258,-0.901701916697542,0.19464346967866242
ppo_with_uncertainty_guard,BA,test_legacy,max_drawdown,10,0.27285389330279547,0.2006447318139914,0.30765223178039847,0.07110958510367818,0.46758155804975376,0.018329474189677453,0.48314147330787205
ppo_with_uncertainty_guard,BA,test_legacy,var_95,10,-0.01648903699947451,0.015725103734049117,-0.016417552249818536,-0.03163039122625902,-0.0008163024956527209,-0.033999197532433544,0.0
ppo_with_uncertainty_guard,BA,test_legacy,var_95_violation_rate,10,0.04714285714285714,0.009035079029052514,0.05,0.05,0.05,0.02142857142857143,0.05
ppo_with_uncertainty_guard,BA,test_legacy,capital_preservation_rate_95pct_hwm,10,0.8838712726205455,0.07182611273767041,0.8880668121002131,0.8222056639019374,0.9446968615526867,0.7811074498980095,0.9870048353627707
ppo_with_uncertainty_guard,BLK,test_legacy,final_portfolio_value,10,1263860.2355454667,313440.5586932523,1184168.7716918606,973573.5113558237,1578920.5674497331,962617.5058106559,1621669.3064898425
ppo_with_uncertainty_guard,BLK,test_legacy,annualized_return,10,0.05639720577733289,0.06799970281910331,0.04146904313960025,-0.006863474633551565,0.12461912178267184,-0.009749087272306342,0.13237508405692572
ppo_with_uncertainty_guard,BLK,test_legacy,annualized_volatility,10,0.12958031945458165,0.11174659593007026,0.10160236023387098,0.022958358273658958,0.24708373443021425,0.008432695736163967,0.263459931098589
ppo_with_uncertainty_guard,BLK,test_legacy,sharpe_ratio,10,0.03937405838602611,0.5241585496195862,0.1604800669417044,-0.44819329146276377,0.48157991857277826,-0.7342677920344558,0.5976744505661973
ppo_with_uncertainty_guard,BLK,test_legacy,max_drawdown,10,0.16075349961871915,0.10969185719542598,0.15958965848263845,0.05145780486479326,0.26731889369722994,0.023378698439908474,0.29544424695244453
ppo_with_uncertainty_guard,BLK,test_legacy,var_95,10,-0.011968644891349571,0.010854635966188896,-0.00956950543462618,-0.023373499097496687,-0.0014656328422084418,-0.025090380419884005,0.0
ppo_with_uncertainty_guard,BLK,test_legacy,var_95_violation_rate,10,0.04591836734693878,0.012907255755789306,0.05,0.05,0.05,0.009183673469387756,0.05
ppo_with_uncertainty_guard,BLK,test_legacy,capital_preservation_rate_95pct_hwm,10,0.9433864818407767,0.031110204908143337,0.9461539503602667,0.9098709027022295,0.9721939387740918,0.9094519581275988,0.9814809699018031
ppo_with_uncertainty_guard,BRK-B,test_legacy,final_portfolio_value,10,1591895.1402005577,53637.82102655121,1600717.3480136958,1582804.453247212,1619149.708077938,1465150.922225302,1665117.5912931387
ppo_with_uncertainty_guard,BRK-B,test_legacy,annualized_return,10,0.12687940004283343,0.009916591494831567,0.12859472390539073,0.12533361851711794,0.13192224410010123,0.10320307759590593,0.14010008117657996
ppo_with_uncertainty_guard,BRK-B,test_legacy,annualized_volatility,10,0.16265363645026873,0.010412237010730541,0.16412212593413394,0.16122331566533432,0.16900344505127868,0.13539808443906015,0.17210075860190469
ppo_with_uncertainty_guard,BRK-B,test_legacy,sharpe_ratio,10,0.7345411189739166,0.03721764093227851,0.7192551322470269,0.7113852188657968,0.7589448550938215,0.6858731548855989,0.8069080045405638
ppo_with_uncertainty_guard,BRK-B,test_legacy,max_drawdown,10,0.2062490504489638,0.024671992266684088,0.2136658052818849,0.18833280290048376,0.22538406015292606,0.1676993594112045,0.23928105347641604
ppo_with_uncertainty_guard,BRK-B,test_legacy,var_95,10,-0.01540214966678149,0.0008413685586415202,-0.01547064408518306,-0.015934331208558337,-0.015248032917397892,-0.016324836886493797,-0.013265203360417654
ppo_with_uncertainty_guard,BRK-B,test_legacy,var_95_violation_rate,10,0.05,0.0,0.05,0.05,0.05,0.05,0.05
ppo_with_uncertainty_guard,BRK-B,test_legacy,capital_preservation_rate_95pct_hwm,10,0.9290752066166086,0.0016437210467197623,0.9282248501978265,0.9282142172901895,0.9289426411446706,0.928214151770504,0.9332585240434683
ppo_with_uncertainty_guard,C,test_legacy,final_portfolio_value,10,2178892.288148112,222914.8218509574,2212770.3660738496,2155441.668054543,2294781.1444582157,1608450.5557685662,2405330.8903446067
ppo_with_uncertainty_guard,C,test_legacy,annualized_return,10,0.22049345446726268,0.034638743598705016,0.2265657789687441,0.21833398163369455,0.23811546826388666,0.1299943437376387,0.2531884528025119
ppo_with_uncertainty_guard,C,test_legacy,annualized_volatility,10,0.2562839577617493,0.03918704066709183,0.2729804345412204,0.25924227729680555,0.27867456641972727,0.16671252694149125,0.2874508369886351
ppo_with_uncertainty_guard,C,test_legacy,sharpe_ratio,10,0.7785405500246009,0.06385499699133446,0.7593057192943193,0.7362412336535042,0.8046948256814024,0.7183568287968459,0.9292391166024235
ppo_with_uncertainty_guard,C,test_legacy,max_drawdown,10,0.3098856206816541,0.026638236701685226,0.3153928051134517,0.3109284415425092,0.3220333725581498,0.2428084342907032,0.33713493911406356
ppo_with_uncertainty_guard,C,test_legacy,var_95,10,-0.022231515349909036,0.0032526509539765017,-0.023219426176877354,-0.024104790754357983,-0.02255418691913362,-0.025296673905939124,-0.015004275814989575
ppo_with_uncertainty_guard,C,test_legacy,var_95_violation_rate,10,0.05,0.0,0.05,0.05,0.05,0.05,0.05
ppo_with_uncertainty_guard,C,test_legacy,capital_preservation_rate_95pct_hwm,10,0.9733372281461016,0.0030443965380457473,0.9722866259607436,0.9717884215952716,0.9732481428279642,0.9717834842296935,0.9817694117447611
ppo_with_uncertainty_guard,CAT,test_legacy,final_portfolio_value,10,2585054.557914118,583733.5834941706,2864697.661504877,2303881.347537668,3030020.4348797062,1389296.2390912084,3065181.778228911
ppo_with_uncertainty_guard,CAT,test_legacy,annualized_return,10,0.26992978895736436,0.08309247078353005,0.31073224598770866,0.2391835645371351,0.32984005798595756,0.08822494859562754,0.33379395926322397
ppo_with_uncertainty_guard,CAT,test_legacy,annualized_volatility,10,0.23568874041585114,0.06735791841748413,0.2711444327140219,0.21190936541505387,0.27922440635919854,0.08342361666545488,0.29192311761492595
ppo_with_uncertainty_guard,CAT,test_legacy,sharpe_ratio,10,1.0048779977100726,0.02275756091904649,1.006308824228207,0.9927467802787148,1.0132872104108865,0.9657738510058831,1.0398374614042534
ppo_with_uncertainty_guard,CAT,test_legacy,max_drawdown,10,0.28984476502486006,0.07548323089217616,0.325474077981602,0.27835432198641613,0.34023944225139857,0.11011303212149992,0.3404712697929728
ppo_with_uncertainty_guard,CAT,test_legacy,var_95,10,-0.02214323417272416,0.006504967201940088,-0.025692113148298557,-0.02637656646605424,-0.01966508613572948,-0.027276576502915973,-0.007458483071031807
ppo_with_uncertainty_guard,CAT,test_legacy,var_95_violation_rate,10,0.05,0.0,0.05,0.05,0.05,0.05,0.05
ppo_with_uncertainty_guard,CAT,test_legacy,capital_preservation_rate_95pct_hwm,10,0.9358338723158187,0.017491544338714058,0.929176889069681,0.9248854302721361,0.9378983259314193,0.9248733862963977,0.9813711358487374
ppo_with_uncertainty_guard,COPX,test_legacy,final_portfolio_value,10,1941012.8668987774,375097.0020769749,2100948.028113896,1843294.4689623322,2166999.2163958345,1046847.4796461632,2245276.4699997045
ppo_with_uncertainty_guard,COPX,test_legacy,annualized_return,10,0.18119607448459654,0.06786439467671396,0.2103302861737027,0.17003877701963568,0.2200097398075216,0.011842407670856167,0.23119410226720322
ppo_with_uncertainty_guard,COPX,test_legacy,annualized_volatility,10,0.27089265105209365,0.07844011396999595,0.30539056422105404,0.2608622298242069,0.32066306963377605,0.08312995723987233,0.3300497497036833
ppo_with_uncertainty_guard,COPX,test_legacy,sharpe_ratio,10,0.5755327231085515,0.15573982944093742,0.6152925798573942,0.5895068100705649,0.641540887238082,0.14161937529138316,0.6896475303934034
ppo_with_uncertainty_guard,COPX,test_legacy,max_drawdown,10,0.34776592371192705,0.08167803555743257,0.39552874074805555,0.32902585021959563,0.39664125375908943,0.16259887860244915,0.39722244686489516
ppo_with_uncertainty_guard,COPX,test_legacy,var_95,10,-0.026827150797121817,0.007851351985839253,-0.029584390878221088,-0.03161196561001271,-0.026519956337426542,-0.03348406969654834,-0.00791077819690882
ppo_with_uncertainty_guard,COPX,test_legacy,var_95_violation_rate,10,0.05,0.0,0.05,0.05,0.05,0.05,0.05
ppo_with_uncertainty_guard,COPX,test_legacy,capital_preservation_rate_95pct_hwm,10,0.9634351373903464,0.010393035192617264,0.9639461672319716,0.96394226089885,0.9647013884568976,0.9369406578292211,0.9780124341736288
ppo_with_uncertainty_guard,COST,test_legacy,final_portfolio_value,10,1682985.764808604,173841.93555140038,1766993.5905719209,1605805.7567705764,1792811.652642196,1314539.848107351,1845350.214428224
ppo_with_uncertainty_guard,COST,test_legacy,annualized_return,10,0.14210835386098672,0.031764080182058965,0.15763961214389072,0.12949722726143928,0.16196910583953006,0.07285695972827795,0.17063165254066218
ppo_with_uncertainty_guard,COST,test_legacy,annualized_volatility,10,0.18415399585823566,0.034643971140182604,0.19052821595444153,0.16979861841454483,0.20871714154063298,0.11224482673621937,0.22390154416445637
ppo_with_uncertainty_guard,COST,test_legacy,sharpe_ratio,10,0.7170761503337792,0.06813235381739344,0.7003857967961472,0.6807603852048969,0.7428940615517907,0.626532630624726,0.8614218708649692
ppo_with_uncertainty_guard,COST,test_legacy,max_drawdown,10,0.21181110068264725,0.03408706059196844,0.20718566066787142,0.19395157987109607,0.23119642420875347,0.15580524620316538,0.27216601777555083
ppo_with_uncertainty_guard,COST,test_legacy,var_95,10,-0.016403381022852173,0.003178844373250563,-0.017391751022958646,-0.018425934333327686,-0.014954796272153192,-0.020199711002093324,-0.00968605114796679
ppo_with_uncertainty_guard,COST,test_legacy,var_95_violation_rate,10,0.05,0.0,0.05,0.05,0.05,0.05,0.05
ppo_with_uncertainty_guard,COST,test_legacy,capital_preservation_rate_95pct_hwm,10,0.828581107910608,0.02985851124057284,0.8099651795429282,0.8092391719018104,0.8384050823483347,0.8092099292115875,0.898566776443345
ppo_with_uncertainty_guard,CRM,test_legacy,final_portfolio_value,10,1106446.4693559709,198783.0149370215,958724.2228113916,957074.5931085538,1308557.075618706,942953.2118661453,1397407.2763948445
ppo_with_uncertainty_guard,CRM,test_legacy,annualized_return,10,0.023605843748711004,0.046282157767838325,-0.010780507013651078,-0.01121849156071571,0.07152637504153427,-0.01499071847607238,0.08985512681366081
ppo_with_uncertainty_guard,CRM,test_legacy,annualized_volatility,10,0.15646740580567745,0.1616375020597781,0.062236491635501004,0.018705607950591504,0.3353703175975916,0.01845048325554158,0.361369509052418
ppo_with_uncertainty_guard,CRM,test_legacy,sharpe_ratio,10,-0.23268807182696144,0.42013157372052545,-0.3390353858398102,-0.5969353744047527,0.1968024317922319,-0.7062236630838873,0.2746911733558183
ppo_with_uncertainty_guard,CRM,test_legacy,max_drawdown,10,0.19757848506521253,0.17002048402517353,0.12029044754335616,0.046251717806224224,0.3836440238978999,0.04250747497968188,0.40562419486963275
ppo_with_uncertainty_guard,CRM,test_legacy,var_95,10,-0.013999616212850691,0.01618588386728501,-0.005197412450487259,-0.03174522456758484,-9.749286072779915e-06,-0.034857151129779676,0.0
ppo_with_uncertainty_guard,CRM,test_legacy,var_95_violation_rate,10,0.04336734693877551,0.014083850756981901,0.05,0.05,0.05,0.013265306122448979,0.05
ppo_with_uncertainty_guard,CRM,test_legacy,capital_preservation_rate_95pct_hwm,10,0.8633342462042821,0.11552783611767023,0.9426274636032113,0.7292774809070391,0.9573150093360023,0.7292626093796276,0.9587574805686588
ppo_with_uncertainty_guard,DIA,test_legacy,final_portfolio_value,10,1326125.9720488405,189647.31751693506,1328755.8618148468,1251595.9891600842,1501014.9530101062,992217.4996094938,1515861.514406926
ppo_with_uncertainty_guard,DIA,test_legacy,annualized_return,10,0.07326837337203716,0.04114197349788013,0.07582593489614449,0.059367123270142874,0.11008468599962137,-0.002007025477465931,0.11289785905281433
ppo_with_uncertainty_guard,DIA,test_legacy,annualized_volatility,10,0.10214453468328599,0.046329541459985885,0.10343512944788433,0.09170170404678692,0.14301235401820583,0.007690850612789486,0.14878600137599085
ppo_with_uncertainty_guard,DIA,test_legacy,sharpe_ratio,10,0.5691802408095359,0.32219642065433207,0.7065935510912513,0.6252629354475275,0.7186248804713851,-0.26121958231329506,0.7741089189213237
ppo_with_uncertainty_guard,DIA,test_legacy,max_drawdown,10,0.12276861013516624,0.04482356072108038,0.1262326534331118,0.1092224910815505,0.1583541418195259,0.01837919447083669,0.16865504902902362
ppo_with_uncertainty_guard,DIA,test_legacy,var_95,10,-0.009843188235604865,0.004724386480213008,-0.00996941132026876,-0.014146474146733,-0.008414338373547148,-0.014423561178345068,0.0
ppo_with_uncertainty_guard,DIA,test_legacy,var_95_violation_rate,10,0.0473469387755102,0.008389716241263048,0.05,0.05,0.05,0.02346938775510204,0.05
ppo_with_uncertainty_guard,DIA,test_legacy,capital_preservation_rate_95pct_hwm,10,0.995240387184713,0.002587734773639054,0.9954765488852485,0.9949900488780583,0.9963645607931635,0.9885848994885408,0.998504810480268
ppo_with_uncertainty_guard,EEMX,test_legacy,final_portfolio_value,10,1203231.8081196374,180005.27997908765,1262992.9470588015,1019378.7457356448,1332834.5065632095,968809.7800861235,1434551.3765134665
ppo_with_uncertainty_guard,EEMX,test_legacy,annualized_return,10,0.046640194128307506,0.041163278299932646,0.061699672925295226,0.004752287245705823,0.07667534777559411,-0.008114977934724002,0.09723190496091927
ppo_with_uncertainty_guard,EEMX,test_legacy,annualized_volatility,10,0.10249340604746673,0.06712901679366774,0.13096022594184145,0.044406990041563545,0.15674091723506833,0.006365404333470367,0.17449535927142332
ppo_with_uncertainty_guard,EEMX,test_legacy,sharpe_ratio,10,0.20334522498044985,0.4610553277625437,0.4308154657149521,-0.05445321979322751,0.46823927055668907,-0.7668494133316944,0.6210461843392909
ppo_with_uncertainty_guard,EEMX,test_legacy,max_drawdown,10,0.15685698745329874,0.08874521993058766,0.18332349076273663,0.10112244664080944,0.22778075063373912,0.010498248575878,0.26661511742494026
ppo_with_uncertainty_guard,EEMX,test_legacy,var_95,10,-0.009899598596489617,0.006959457853689467,-0.012665505567556811,-0.015554335268145715,-0.0039669328128645095,-0.017547108880019202,0.0
ppo_with_uncertainty_guard,EEMX,test_legacy,var_95_violation_rate,10,0.046224489795918366,0.011939211574105105,0.05,0.05,0.05,0.012244897959183673,0.05
ppo_with_uncertainty_guard,EEMX,test_legacy,capital_preservation_rate_95pct_hwm,10,0.9847617120447858,0.009969213557993278,0.9882368947923847,0.9878890490936578,0.9896786233897027,0.9628413707740598,0.992434839127888
ppo_with_uncertainty_guard,GLD,test_legacy,final_portfolio_value,10,2200449.12628311,277083.3180327513,2315781.464340541,2310837.8993120524,2324206.5638033138,1638764.7182031462,2417094.500920844
ppo_with_uncertainty_guard,GLD,test_legacy,annualized_return,10,0.2229485943911044,0.042725846344443486,0.24102161963823088,0.2403399223727646,0.24218110028641737,0.1354327397416902,0.2547615996864048
ppo_with_uncertainty_guard,GLD,test_legacy,annualized_volatility,10,0.14327314890087614,0.029301912748603973,0.1569212385840497,0.15241276649861715,0.15859977306107798,0.07706992515252054,0.15959781769186407
ppo_with_uncertainty_guard,GLD,test_legacy,sharpe_ratio,10,1.41331107032528,0.09187665450820795,1.3771792296295617,1.3623587142487634,1.3995722046620884,1.3572495100030888,1.6480304722730479
ppo_with_uncertainty_guard,GLD,test_legacy,max_drawdown,10,0.1617968602615963,0.03945253235857562,0.18024314405192882,0.138047118248521,0.18868931146008122,0.07516014816653827,0.19742065336823744
ppo_with_uncertainty_guard,GLD,test_legacy,var_95,10,-0.013704267533811746,0.003111950412710912,-0.015116647338577226,-0.015369230240282826,-0.014433549663344158,-0.015614610537620432,-0.006352817543112366
ppo_with_uncertainty_guard,GLD,test_legacy,var_95_violation_rate,10,0.05,0.0,0.05,0.05,0.05,0.05,0.05
ppo_with_uncertainty_guard,GLD,test_legacy,capital_preservation_rate_95pct_hwm,10,0.9602130940667417,0.008270353762828812,0.956471698554773,0.9564716980468869,0.9566894853076205,0.9564716980468866,0.9808182485852126
ppo_with_uncertainty_guard,GOOGL,test_legacy,final_portfolio_value,10,2366895.50958473,318375.9075910457,2488698.408398889,2387356.2634120146,2528504.4183167513,1551796.783152841,2625375.322475588
ppo_with_uncertainty_guard,GOOGL,test_legacy,annualized_return,10,0.2457014654910236,0.04819553397579812,0.26421269568863304,0.2507443219571669,0.26938430485991915,0.11962301657058261,0.2817167915132036
ppo_with_uncertainty_guard,GOOGL,test_legacy,annualized_volatility,10,0.27171034214615203,0.04445277366534203,0.29567899133197995,0.25832390959218005,0.29788741310570654,0.16787398569945158,0.3050843512630437
ppo_with_uncertainty_guard,GOOGL,test_legacy,sharpe_ratio,10,0.8055568457053208,0.09764644296719535,0.7884572434613344,0.7745614273188107,0.799739665319124,0.6730758728407138,1.0569063334009983
ppo_with_uncertainty_guard,GOOGL,test_legacy,max_drawdown,10,0.3214513034120699,0.03285492341559781,0.3298947221141999,0.3146400883864697,0.34310149744631246,0.24128298632581557,0.3503311459785019
ppo_with_uncertainty_guard,GOOGL,test_legacy,var_95,10,-0.02410281305935472,0.0037872674225966746,-0.025761308350215548,-0.026411177014694552,-0.024247339541377186,-0.02701731219554011,-0.015702840685302276
ppo_with_uncertainty_guard,GOOGL,test_legacy,var_95_violation_rate,10,0.05,0.0,0.05,0.05,0.05,0.05,0.05
ppo_with_uncertainty_guard,GOOGL,test_legacy,capital_preservation_rate_95pct_hwm,10,0.971968812630349,0.004001956429329842,0.9703158798777979,0.9700996273725246,0.971427510636734,0.9700875125411689,0.9829417603575428
ppo_with_uncertainty_guard,GS,test_legacy,final_portfolio_value,10,2508638.3215760803,631640.5047850921,2836935.913867701,2542660.932310622,2854646.767551967,1045224.9685929259,2919969.415484092
ppo_with_uncertainty_guard,GS,test_legacy,annualized_return,10,0.25729249975308754,0.1006177347185381,0.3075159897540902,0.27111181623150427,0.3096094842992819,0.011438909322160356,0.3172515138948593
ppo_with_uncertainty_guard,GS,test_legacy,annualized_volatility,10,0.2221268878971964,0.07445025367698455,0.25386800828796074,0.23735615667258658,0.2625609358879969,0.04777403051830086,0.269603185537515
ppo_with_uncertainty_guard,GS,test_legacy,sharpe_ratio,10,0.956445990770454,0.25468980817585596,1.0270831924830843,0.9971239130616953,1.06535851440268,0.23807792146104947,1.0874794628063458
ppo_with_uncertainty_guard,GS,test_legacy,max_drawdown,10,0.2651574441421769,0.08466659253411676,0.30892721321366,0.284192095629729,0.30895331099665435,0.080381924587825,0.3089572896664471
ppo_with_uncertainty_guard,GS,test_legacy,var_95,10,-0.019050670521223452,0.006239926352082089,-0.0213724233739931,-0.022576392179296433,-0.020294681483367216,-0.023295486269612996,-0.004342629749503324
ppo_with_uncertainty_guard,GS,test_legacy,var_95_violation_rate,10,0.05,0.0,0.05,0.05,0.05,0.05,0.05
ppo_with_uncertainty_guard,GS,test_legacy,capital_preservation_rate_95pct_hwm,10,0.9783163315144746,0.006489899377260865,0.9793091361091033,0.9793091104590063,0.9793746118460088,0.9607024721968134,0.9853085466003975
ppo_with_uncertainty_guard,HSBC,test_legacy,final_portfolio_value,10,2703336.959675523,494602.2300388322,2805209.557951074,2794471.8524519154,2924406.2205169285,1313296.8427375942,2981245.964638849
ppo_with_uncertainty_guard,HSBC,test_legacy,annualized_return,10,0.2861586435601552,0.07559396093190586,0.30374022063988204,0.3024551795942447,0.3177449810006212,0.07259600322432301,0.324304966905537
ppo_with_uncertainty_guard,HSBC,test_legacy,annualized_volatility,10,0.20578052595405727,0.04367261025318273,0.21905072252837576,0.21349990119774204,0.22188438300897204,0.08326289711536414,0.22968913288193502
ppo_with_uncertainty_guard,HSBC,test_legacy,sharpe_ratio,10,1.1924822991804944,0.13163011695892013,1.2329693284671879,1.170939684895218,1.2673087519436588,0.8416923998955501,1.2847521923599508
ppo_with_uncertainty_guard,HSBC,test_legacy,max_drawdown,10,0.21711525945027224,0.03459648538033975,0.2213484963937271,0.2165386096955918,0.2280079955336065,0.12578484663900624,0.25015902585484606
ppo_with_uncertainty_guard,HSBC,test_legacy,var_95,10,-0.01943792838370121,0.004495017779107779,-0.020657258104668716,-0.0212137062921522,-0.019958568694782165,-0.022475368257448204,-0.007012622045372919
ppo_with_uncertainty_guard,HSBC,test_legacy,var_95_violation_rate,10,0.05,0.0,0.05,0.05,0.05,0.05,0.05
ppo_with_uncertainty_guard,HSBC,test_legacy,capital_preservation_rate_95pct_hwm,10,0.9870672201942131,0.0026987042983467346,0.9860709680748592,0.9860079883639954,0.9864647957004757,0.9859946998712686,0.9947027270343755
ppo_with_uncertainty_guard,IAU,test_legacy,final_portfolio_value,10,2251561.9415083835,185425.1713702671,2324456.706805122,2320217.754738142,2337971.0349161644,1865749.6311530117,2403081.6054887576
ppo_with_uncertainty_guard,IAU,test_legacy,annualized_return,10,0.2313066700453738,0.027334470367376896,0.2422154643933903,0.24163255373525366,0.24406854314396864,0.17394569620258638,0.25288700551502385
ppo_with_uncertainty_guard,IAU,test_legacy,annualized_volatility,10,0.14718169807329504,0.01960988215964072,0.1555129935237366,0.15225293286955072,0.1583712559725669,0.10721221887808459,0.15939513527720273
ppo_with_uncertainty_guard,IAU,test_legacy,sharpe_ratio,10,1.418251640201895,0.06872240613570701,1.4006529243930625,1.3732409583444851,1.4221103973346394,1.36742562809654,1.5932722505828618
ppo_with_uncertainty_guard,IAU,test_legacy,max_drawdown,10,0.16405666746493025,0.031648700252306206,0.17411320466609204,0.14678551057130468,0.18825219295463164,0.09513278696715011,0.1967633188522404
ppo_with_uncertainty_guard,IAU,test_legacy,var_95,10,-0.014008916826586847,0.002305547700010792,-0.014879295329224228,-0.015385533977890619,-0.01446189302846721,-0.015508945907248339,-0.008713020640579482
ppo_with_uncertainty_guard,IAU,test_legacy,var_95_violation_rate,10,0.05,0.0,0.05,0.05,0.05,0.05,0.05
ppo_with_uncertainty_guard,IAU,test_legacy,capital_preservation_rate_95pct_hwm,10,0.9583212577237955,0.00555683621712727,0.9562925253504365,0.956292525338652,0.9567477362581758,0.9562925253386382,0.9740576757419863
ppo_with_uncertainty_guard,IBB,test_legacy,final_portfolio_value,10,1151283.5641565365,178410.74383794353,1127511.4807891254,977353.7904721048,1341892.4897449433,951991.4259366981,1355957.5593568448
ppo_with_uncertainty_guard,IBB,test_legacy,annualized_return,10,0.03474458840325478,0.041349308877157986,0.03134157430305823,-0.005873518134886518,0.07855307224859841,-0.012571545399132847,0.08144923839898892
ppo_with_uncertainty_guard,IBB,test_legacy,annualized_volatility,10,0.11185599825258241,0.08573279171826709,0.10895793248370525,0.028516585049154764,0.20043992974877,0.010507837904845139,0.20911381656892228
ppo_with_uncertainty_guard,IBB,test_legacy,sharpe_ratio,10,0.03252487629747415,0.41738010065578857,0.28363944848452,-0.35907542367849654,0.36573392252781206,-0.5952205486860739,0.398526369307464
ppo_with_uncertainty_guard,IBB,test_legacy,max_drawdown,10,0.14731760754681306,0.09364431665395688,0.13054248269602148,0.08147991367233565,0.24836931882768162,0.024933150279129457,0.24851020201464558
ppo_with_uncertainty_guard,IBB,test_legacy,var_95,10,-0.010966479380677897,0.008864901964717797,-0.010887544290241413,-0.019959488429823737,-0.002826990901181925,-0.02087030484814072,0.0
ppo_with_uncertainty_guard,IBB,test_legacy,var_95_violation_rate,10,0.046224489795918366,0.011939211574105105,0.05,0.05,0.05,0.012244897959183673,0.05
ppo_with_uncertainty_guard,IBB,test_legacy,capital_preservation_rate_95pct_hwm,10,0.9786606814362331,0.01331388775838092,0.9834015014811308,0.977116642830924,0.983413673781953,0.9490389618391699,0.9931723974829131
ppo_with_uncertainty_guard,IBM,test_legacy,final_portfolio_value,10,2316533.3718376835,362701.2017379682,2351915.149185924,2244685.767648314,2585589.8807006245,1581866.8670193013,2704403.7329139262
ppo_with_uncertainty_guard,IBM,test_legacy,annualized_return,10,0.23823126338944456,0.053303468191062145,0.24597214993635672,0.23104840443597038,0.27659985970143386,0.12516217724242581,0.2915288352557303
ppo_with_uncertainty_guard,IBM,test_legacy,annualized_volatility,10,0.19639645507403294,0.036365952082410294,0.20225546815032136,0.19152432060090419,0.22103023963298934,0.11630878285518578,0.23351084529876043
ppo_with_uncertainty_guard,IBM,test_legacy,sharpe_ratio,10,1.0784430284598883,0.0336435434558745,1.0879383383570582,1.0811106318245074,1.1006227763139584,1.0139133001553968,1.1073905737776166
ppo_with_uncertainty_guard,IBM,test_legacy,max_drawdown,10,0.1741790632595672,0.030920053256829123,0.17565167382401342,0.1723762136760294,0.1976667875671501,0.09605648609329942,0.19819079706993603
ppo_with_uncertainty_guard,IBM,test_legacy,var_95,10,-0.016369325435275146,0.0032289150476036525,-0.017283907818805934,-0.01842252950817158,-0.015421079296687257,-0.01972781269399668,-0.010065877912359512
ppo_with_uncertainty_guard,IBM,test_legacy,var_95_violation_rate,10,0.05,0.0,0.05,0.05,0.05,0.05,0.05
ppo_with_uncertainty_guard,IBM,test_legacy,capital_preservation_rate_95pct_hwm,10,0.9751000488543038,0.006002638257503697,0.9729509476384683,0.9707245806987133,0.9753307225646581,0.9706647283949297,0.9865508014297932
ppo_with_uncertainty_guard,IJR,test_legacy,final_portfolio_value,10,1131201.6820503848,134522.2960150824,1136406.7918437961,1000065.2029051234,1252449.0770277723,995394.8041062905,1290927.252140058
ppo_with_uncertainty_guard,IJR,test_legacy,annualized_return,10,0.03094799053984888,0.031641619707371206,0.03257651943124248,1.6741367474428058e-05,0.059590886196504614,-0.0011862242302729767,0.06786806204733246
ppo_with_uncertainty_guard,IJR,test_legacy,annualized_volatility,10,0.11284171142371,0.10178125397944132,0.1313606184487397,0.0070045681014959844,0.2074272766983181,0.00650587303038219,0.21465122505813186
ppo_with_uncertainty_guard,IJR,test_legacy,sharpe_ratio,10,0.12104226661020656,0.1952605907133298,0.19443462623696034,0.002513635259183732,0.2738198093903812,-0.18243506826960787,0.32380806987445093
ppo_with_uncertainty_guard,IJR,test_legacy,max_drawdown,10,0.15214353751628412,0.13683237796383757,0.18267102854464512,0.008792743525524616,0.28022769853506535,0.008483216786942638,0.28024127543985056
ppo_with_uncertainty_guard,IJR,test_legacy,var_95,10,-0.010558431626669994,0.010099356323804898,-0.012292542438434806,-0.019915760373409586,-2.024615618467784e-06,-0.020885417767096737,0.0
ppo_with_uncertainty_guard,IJR,test_legacy,var_95_violation_rate,10,0.038979591836734696,0.01777060339293137,0.05,0.023979591836734693,0.05,0.011224489795918367,0.05
ppo_with_uncertainty_guard,IJR,test_legacy,capital_preservation_rate_95pct_hwm,10,0.988418642341052,0.007793130911720242,0.9872778045082018,0.9811823936078997,0.994939582168483,0.9811823058470018,0.998898482102729
ppo_with_uncertainty_guard,IWM,test_legacy,final_portfolio_value,13,1253754.9395741646,153768.16252861594,1327318.9569476135,1316132.5012067456,1343338.5553396915,943152.9612147084,1357317.5164072842
ppo_with_uncertainty_guard,IWM,test_legacy,annualized_return,13,0.05831941908753114,0.03564736748677615,0.07552923348840754,0.07319105350032713,0.07885227195504743,-0.014937067719898582,0.08172804174362963
ppo_with_uncertainty_guard,IWM,test_legacy,annualized_volatility,13,0.1749964404849793,0.08496797597275098,0.21746957025252248,0.21386510724223362,0.21963982289718734,0.012034646870592082,0.22532174642038805
ppo_with_uncertainty_guard,IWM,test_legacy,sharpe_ratio,13,0.2504327895392374,0.19846200503948502,0.3328164945084635,0.31349150540426596,0.34619566240537314,-0.3145879349083915,0.3630597037008576
ppo_with_uncertainty_guard,IWM,test_legacy,max_drawdown,13,0.22210935422601782,0.10096713649375863,0.2750201493321959,0.2684783274774595,0.2750304969229964,0.01510810105167204,0.275030881122591
ppo_with_uncertainty_guard,IWM,test_legacy,var_95,13,-0.016630717933885004,0.008209028209787205,-0.020653381450282636,-0.021281657943752474,-0.020491912428891722,-0.021422766145258974,-0.0005013445695689178
ppo_with_uncertainty_guard,IWM,test_legacy,var_95_violation_rate,13,0.05000000000000001,7.222229756833248e-18,0.05,0.05,0.05,0.05,0.05
ppo_with_uncertainty_guard,IWM,test_legacy,capital_preservation_rate_95pct_hwm,13,0.9728885991998626,0.014300222647279249,0.9725289641623407,0.9725288770560786,0.9725291581849317,0.9335564545422881,0.9967712958875246
ppo_with_uncertainty_guard,IWM,wf_2018_2019,final_portfolio_value,10,1045928.8219293959,38212.628156361505,1061037.758724654,1028325.2638407707,1070949.6258441906,983487.183878512,1091727.4787523863
ppo_with_uncertainty_guard,IWM,wf_2018_2019,annualized_return,10,0.023700183658330015,0.019750974367776168,0.03159364924708992,0.014771246814654835,0.03663924201191819,-0.008703506274058552,0.04715260354273123
ppo_with_uncertainty_guard,IWM,wf_2018_2019,annualized_volatility,10,0.11415502755048712,0.048054014447870136,0.12526360303896356,0.08484373741445346,0.14806492444112748,0.015820710842353567,0.16543914793353404
ppo_with_uncertainty_guard,IWM,wf_2018_2019,sharpe_ratio,10,0.11925837437347053,0.25951141410517053,0.21225133777312344,0.15792435313931352,0.2518141253917434,-0.5298872838884177,0.32338742404635856
ppo_with_uncertainty_guard,IWM,wf_2018_2019,max_drawdown,10,0.18395920526069362,0.07873378218677954,0.20330252906467844,0.1331271007486894,0.24217325272370788,0.028961242055386527,0.2680359028726853
ppo_with_uncertainty_guard,IWM,wf_2018_2019,var_95,10,-0.012471662832308725,0.005785576810850354,-0.014300644302296071,-0.016044733153444145,-0.008942780808589545,-0.018792113658803088,0.0
ppo_with_uncertainty_guard,IWM,wf_2018_2019,var_95_violation_rate,10,0.04625,0.011858541225631423,0.05,0.05,0.05,0.0125,0.05
ppo_with_uncertainty_guard,IWM,wf_2018_2019,capital_preservation_rate_95pct_hwm,10,0.9802414313365435,0.014847060628554128,0.9802877492767786,0.977289309675821,0.9925988231874292,0.9487301799931123,0.9963220301274133
ppo_with_uncertainty_guard,IWM,wf_2020_2021,final_portfolio_value,10,1368772.6166894638,195632.7400727858,1427490.2778146123,1195318.7946939114,1511626.2773658966,1086447.9517286308,1582899.0220030053
ppo_with_uncertainty_guard,IWM,wf_2020_2021,annualized_return,10,0.1755395353804222,0.08979912922973178,0.20432899300352295,0.09703225029578441,0.24112023154793483,0.044302320902529814,0.2713889781268199
ppo_with_uncertainty_guard,IWM,wf_2020_2021,annualized_volatility,10,0.2032543233102254,0.07880750184880035,0.21488968811100884,0.1349035493730294,0.2631757090331471,0.08292709644758385,0.29021065893556725
ppo_with_uncertainty_guard,IWM,wf_2020_2021,sharpe_ratio,10,0.7427250153229233,0.17786171601515122,0.737397795696164,0.7070459058610303,0.8686538606739069,0.40597684029731446,0.9867751728370591
ppo_with_uncertainty_guard,IWM,wf_2020_2021,max_drawdown,10,0.2121273470449835,0.07573380771747878,0.21867348641062095,0.14432763790608638,0.25495808664937725,0.1107718570975369,0.32057025991829713
ppo_with_uncertainty_guard,IWM,wf_2020_2021,var_95,10,-0.02007081747372804,0.0076566686438441535,-0.02091506646409864,-0.0268984803294676,-0.013256055127630817,-0.027903414257306913,-0.00914401240901519
ppo_with_uncertainty_guard,IWM,wf_2020_2021,var_95_violation_rate,10,0.05186721991701245,0.0,0.05186721991701245,0.05186721991701245,0.05186721991701245,0.05186721991701245,0.05186721991701245
ppo_with_uncertainty_guard,IWM,wf_2020_2021,capital_preservation_rate_95pct_hwm,10,0.9377891951937208,0.023736987441913354,0.9223134839388081,0.9221117289008014,0.9572684657549627,0.9221117288989269,0.976667042580619
ppo_with_uncertainty_guard,IWM,wf_2022_2023,final_portfolio_value,10,1059280.0212303544,24268.860497916645,1057720.921915995,1047205.5491936756,1061559.0765222844,1028237.2659010731,1115450.966377078
ppo_with_uncertainty_guard,IWM,wf_2022_2023,annualized_return,10,0.030701203297445624,0.012356422776304376,0.0299623073811864,0.02456107830973513,0.03192734403108261,0.014757472490962282,0.05916473256085161
ppo_with_uncertainty_guard,IWM,wf_2022_2023,annualized_volatility,10,0.1914654210113222,0.0368956406381711,0.20564234828709566,0.16350040800145843,0.22204917787005735,0.1374965964767374,0.2276425307662517
ppo_with_uncertainty_guard,IWM,wf_2022_2023,sharpe_ratio,10,0.16442207207850895,0.09112159398623157,0.13977157593941797,0.12652541038860077,0.14153687758679218,0.08985765272410676,0.4113785982480419
ppo_with_uncertainty_guard,IWM,wf_2022_2023,max_drawdown,10,0.17908249597701031,0.014358896168652742,0.18177881413520558,0.1687733422020377,0.18808067833878908,0.1523792413075381,0.19644382468495902
ppo_with_uncertainty_guard,IWM,wf_2022_2023,var_95,10,-0.018972140403231454,0.003660728941683788,-0.020194989580258046,-0.021977149738639977,-0.016650150805645136,-0.022699962178536027,-0.013022033032145507
ppo_with_uncertainty_guard,IWM,wf_2022_2023,var_95_violation_rate,10,0.05010438413361169,0.0,0.05010438413361169,0.05010438413361169,0.05010438413361169,0.05010438413361169,0.05010438413361169
ppo_with_uncertainty_guard,IWM,wf_2022_2023,capital_preservation_rate_95pct_hwm,10,0.996172178917331,0.0004244790696152396,0.9961980032182403,0.9961918992171688,0.9962660764146307,0.9950625810310503,0.9966759769084155
ppo_with_uncertainty_guard,IWM,wf_2024_2025,final_portfolio_value,10,1240773.579516926,77140.57062575434,1270247.1175036915,1238575.7708119536,1280981.8284944738,1043509.4692301946,1299243.1682721304
ppo_with_uncertainty_guard,IWM,wf_2024_2025,annualized_return,10,0.11967360533203616,0.03769269589731581,0.1341096107162532,0.1191303038013053,0.13914039209578613,0.022659082336291717,0.14765694860577946
ppo_with_uncertainty_guard,IWM,wf_2024_2025,annualized_volatility,10,0.18183125023057684,0.04279865667639435,0.2000123911405166,0.1708814780743328,0.20971180553920443,0.08614892308805162,0.2145745999100823
ppo_with_uncertainty_guard,IWM,wf_2024_2025,sharpe_ratio,10,0.601129123118516,0.1217299084345167,0.6322513279539397,0.6180301305299462,0.643617894124543,0.2600860984638234,0.6772451428820673
ppo_with_uncertainty_guard,IWM,wf_2024_2025,max_drawdown,10,0.24146915363703275,0.050457027116131994,0.2691946553426152,0.2213876164458016,0.27485571924742147,0.14024159930905122,0.2750302016348338
ppo_with_uncertainty_guard,IWM,wf_2024_2025,var_95,10,-0.017094092314277772,0.003945968753005848,-0.018810569700120183,-0.019790072019816706,-0.015858730354900173,-0.019963883029018702,-0.00820178003072165
ppo_with_uncertainty_guard,IWM,wf_2024_2025,var_95_violation_rate,10,0.05010438413361169,0.0,0.05010438413361169,0.05010438413361169,0.05010438413361169,0.05010438413361169,0.05010438413361169
ppo_with_uncertainty_guard,IWM,wf_2024_2025,capital_preservation_rate_95pct_hwm,10,0.9749399718795905,0.003924412154273589,0.9725602699835543,0.9725291674596492,0.9769577169272134,0.9725289925328396,0.9823235885538943
ppo_with_uncertainty_guard,JNJ,test_legacy,final_portfolio_value,10,1303398.1885413243,79570.01662552696,1340813.703798851,1282906.5924487128,1355191.4225332292,1140216.485025935,1363588.4550626057
ppo_with_uncertainty_guard,JNJ,test_legacy,annualized_return,10,0.0701528126381058,0.0172864953262779,0.07833045015941803,0.06611671019459643,0.08129199746206206,0.03431752008675428,0.0830109622413015
ppo_with_uncertainty_guard,JNJ,test_legacy,annualized_volatility,10,0.14400591415799702,0.03291595019458676,0.16288738532285596,0.13378105109684632,0.16533793312394393,0.08386840522400006,0.16907247025718466
ppo_with_uncertainty_guard,JNJ,test_legacy,sharpe_ratio,10,0.46837163856785846,0.02817926522997928,0.46721751387140886,0.4617553199360753,0.484141542935551,0.4023177068708268,0.5040807128755559
ppo_with_uncertainty_guard,JNJ,test_legacy,max_drawdown,10,0.1522068739477927,0.03220101934189292,0.16851269345841025,0.1441726367921001,0.1737890885080307,0.09170211408324669,0.1786603229350633
ppo_with_uncertainty_guard,JNJ,test_legacy,var_95,10,-0.013460731193470049,0.0029751132564747,-0.015184852538474392,-0.015374696250211706,-0.012676362606312618,-0.015805795719011327,-0.008112884792103614
ppo_with_uncertainty_guard,JNJ,test_legacy,var_95_violation_rate,10,0.05,0.0,0.05,0.05,0.05,0.05,0.05
ppo_with_uncertainty_guard,JNJ,test_legacy,capital_preservation_rate_95pct_hwm,10,0.9729678669189049,0.006259729774681634,0.9691621468154649,0.9691366149796246,0.9736531821218565,0.9691366148844359,0.9844344259020386
ppo_with_uncertainty_guard,JPM,test_legacy,final_portfolio_value,10,2362405.1481455797,305686.2921772907,2466657.857988226,2205071.8627392394,2554199.940076502,1666203.0583900262,2662312.0529210567
ppo_with_uncertainty_guard,JPM,test_legacy,annualized_return,10,0.24539692118233197,0.04450075590099755,0.2613238913052688,0.225255940787507,0.2726815688552159,0.14029114746529336,0.28632971899046983
ppo_with_uncertainty_guard,JPM,test_legacy,annualized_volatility,10,0.21184446551491803,0.034228387960175806,0.22346778223496183,0.19559029569946412,0.2330397112847738,0.1327451382927211,0.2428388130475988
ppo_with_uncertainty_guard,JPM,test_legacy,sharpe_ratio,10,1.03298009927311,0.05681648613636962,1.033097088133893,0.9989015462566639,1.0461934527242323,0.949909956360323,1.1207239292693514
ppo_with_uncertainty_guard,JPM,test_legacy,max_drawdown,10,0.24544269629418114,0.03319788358762178,0.24417909516542557,0.2285915910200336,0.2587287534790951,0.18553901708547138,0.2976106432377824
ppo_with_uncertainty_guard,JPM,test_legacy,var_95,10,-0.019084581736921947,0.003757297630746452,-0.01957147680955158,-0.02106015145047002,-0.017382696705933308,-0.023466643208876547,-0.010940473913339766
ppo_with_uncertainty_guard,JPM,test_legacy,var_95_violation_rate,10,0.05,0.0,0.05,0.05,0.05,0.05,0.05
ppo_with_uncertainty_guard,JPM,test_legacy,capital_preservation_rate_95pct_hwm,10,0.9844577800977911,0.0014143691796459938,0.9835350217209995,0.9835343998929515,0.985071368685867,0.9835343261630904,0.9877268153797013
ppo_with_uncertainty_guard,LLY,test_legacy,final_portfolio_value,10,3796739.1991387666,625508.0139571152,4035967.02785772,3687460.072689091,4249024.058571355,2575769.7880862076,4334547.336517544
ppo_with_uncertainty_guard,LLY,test_legacy,annualized_return,10,0.40552198051739496,0.06477192891247045,0.43155460487860886,0.39864630950587543,0.4506157787167159,0.2754452230224864,0.4580940432713276
ppo_with_uncertainty_guard,LLY,test_legacy,annualized_volatility,10,0.28853597674232834,0.040993433026679994,0.3072893742780186,0.2765631263906137,0.3155070121010332,0.1874725479055647,0.31769851108503444
ppo_with_uncertainty_guard,LLY,test_legacy,sharpe_ratio,10,1.179196976015701,0.06700715621414496,1.1821649175458186,1.1683827258037724,1.1951074419604686,1.0245427119587387,1.297763906705592
ppo_with_uncertainty_guard,LLY,test_legacy,max_drawdown,10,0.3208700203342219,0.04469519640717242,0.3423926039930106,0.32090417232824353,0.34475001257373494,0.20120374444513578,0.344750018811002
ppo_with_uncertainty_guard,LLY,test_legacy,var_95,10,-0.025623643219014093,0.0036817422965997894,-0.026890642123352924,-0.028083839263139686,-0.024934625107305906,-0.028841086954954506,-0.016776115362213503
ppo_with_uncertainty_guard,LLY,test_legacy,var_95_violation_rate,10,0.05,0.0,0.05,0.05,0.05,0.05,0.05
ppo_with_uncertainty_guard,LLY,test_legacy,capital_preservation_rate_95pct_hwm,10,0.9730009824087122,0.002235364458515214,0.9720110261083955,0.9718813252630285,0.9730964124956965,0.9718813252617171,0.979036325879119
ppo_with_uncertainty_guard,MA,test_legacy,final_portfolio_value,10,1482892.466935043,271921.8502352898,1613542.57513542,1557538.860274005,1627773.9363963322,969916.1447536851,1645721.4466391043
ppo_with_uncertainty_guard,MA,test_legacy,annualized_return,10,0.1027870269693052,0.05853217855748788,0.13091134423636538,0.12068519474143523,0.13346955744500058,-0.007823831516712879,0.1366702268804116
ppo_with_uncertainty_guard,MA,test_legacy,annualized_volatility,10,0.16038834553779918,0.0790287418817139,0.19019797844136616,0.17487843817687176,0.20617103604964018,0.012605868803249322,0.21535141202883068
ppo_with_uncertainty_guard,MA,test_legacy,sharpe_ratio,10,0.37452209457058416,0.5264889985615304,0.6040126961817599,0.5716425817022831,0.6513651303171685,-0.6230827465182545,0.6765288420290919
ppo_with_uncertainty_guard,MA,test_legacy,max_drawdown,10,0.1686302739151348,0.07340653654912503,0.18794677342765848,0.1700116174144873,0.21301283951870711,0.03588591258079643,0.23696425021828238
ppo_with_uncertainty_guard,MA,test_legacy,var_95,10,-0.0154589704231417,0.008281485689756955,-0.01924353643607661,-0.020264473881975588,-0.016389764696831486,-0.02090287884041233,0.0
ppo_with_uncertainty_guard,MA,test_legacy,var_95_violation_rate,10,0.04346938775510204,0.013801311186847085,0.05,0.05,0.05,0.015306122448979591,0.05
ppo_with_uncertainty_guard,MA,test_legacy,capital_preservation_rate_95pct_hwm,10,0.9658056083208706,0.0008234437307413451,0.9661132421261616,0.9661127902648549,0.9661459054494299,0.9642114798710938,0.9665862594848428
ppo_with_uncertainty_guard,MCD,test_legacy,final_portfolio_value,10,1161563.042887967,153528.20894956152,1139263.5508668232,1011372.4144219498,1325737.3845419295,992258.1088710323,1341705.3428614305
ppo_with_uncertainty_guard,MCD,test_legacy,annualized_return,10,0.03770182249984659,0.03530644354982807,0.034056940977958444,0.0028908422738782294,0.07518352955486265,-0.0019965224728354753,0.07851483715696196
ppo_with_uncertainty_guard,MCD,test_legacy,annualized_volatility,10,0.09972297918217245,0.06763367234953976,0.11313350767525197,0.04995300810316758,0.15890799057260296,0.004314995801881911,0.1740118625667206
ppo_with_uncertainty_guard,MCD,test_legacy,sharpe_ratio,10,0.16468007839011423,0.3587601678115592,0.3001250640173373,0.057755091467344796,0.43350272418818653,-0.4631394215057163,0.4620552980126477
ppo_with_uncertainty_guard,MCD,test_legacy,max_drawdown,10,0.11478185079581951,0.061703209729154586,0.13265799052889754,0.08557783706603014,0.16843724491975692,0.013969578698101448,0.1720503472651751
ppo_with_uncertainty_guard,MCD,test_legacy,var_95,10,-0.009313388814551819,0.006525705261004912,-0.010636714825137528,-0.014671520175238116,-0.00451655751444695,-0.016589464373302488,0.0
ppo_with_uncertainty_guard,MCD,test_legacy,var_95_violation_rate,10,0.042653061224489794,0.01551855605181918,0.05,0.05,0.05,0.011224489795918367,0.05
ppo_with_uncertainty_guard,MCD,test_legacy,capital_preservation_rate_95pct_hwm,10,0.9743032996670961,0.010384283784944418,0.9694277179098216,0.965869129742839,0.9835520309794865,0.9652119448884151,0.9927321742368721
ppo_with_uncertainty_guard,META,test_legacy,final_portfolio_value,10,2476160.9117931454,550839.8438377494,2714312.4782462125,2234600.396538322,2840909.2733719135,1530114.514395018,3138288.2984931357
ppo_with_uncertainty_guard,META,test_legacy,annualized_return,10,0.2564145967292642,0.07877421068614669,0.2927432135980229,0.22958121857635425,0.30798542044605937,0.11557928256097647,0.3419026648769689
ppo_with_uncertainty_guard,META,test_legacy,annualized_volatility,10,0.35741123006444675,0.07834111889654646,0.39500409246980583,0.32000855684393137,0.4135382953606045,0.19651223643887747,0.4297329827600876
ppo_with_uncertainty_guard,META,test_legacy,sharpe_ratio,10,0.6259615548187766,0.08672068617040843,0.6406960860964183,0.6067920984922995,0.67048312382963,0.41023470338439105,0.7314709541266695
ppo_with_uncertainty_guard,META,test_legacy,max_drawdown,10,0.5414589064175146,0.08852602853999364,0.5714542187859865,0.47992794607834194,0.6088487017060276,0.36392420820359395,0.6355213207561308
ppo_with_uncertainty_guard,META,test_legacy,var_95,10,-0.030795793691520836,0.007291487975186001,-0.03308059308685056,-0.03660331807247925,-0.026525105333580587,-0.03797745553065237,-0.016332397247887886
ppo_with_uncertainty_guard,META,test_legacy,var_95_violation_rate,10,0.05,0.0,0.05,0.05,0.05,0.05,0.05
ppo_with_uncertainty_guard,META,test_legacy,capital_preservation_rate_95pct_hwm,10,0.8545537240942196,0.036789149066940564,0.8365947780685139,0.8350281074879873,0.858331524980053,0.8350280685874073,0.9500717580044484
ppo_with_uncertainty_guard,MSFT,test_legacy,final_portfolio_value,10,1399542.6268185074,362186.05391261895,1556638.0615231846,993355.706967554,1701210.7516194647,989657.626729237,1800007.1338566118
ppo_with_uncertainty_guard,MSFT,test_legacy,annualized_return,10,0.08358024218189661,0.07549873826177407,0.11990438006831883,-0.0017131457107831879,0.14640330699769372,-0.0026697454534864297,0.16316665586875348
ppo_with_uncertainty_guard,MSFT,test_legacy,annualized_volatility,10,0.14538580650201768,0.11045275288842277,0.2042803628973136,0.019467967090739086,0.23625331702811356,0.012560990015622251,0.25822498212819933
ppo_with_uncertainty_guard,MSFT,test_legacy,sharpe_ratio,10,0.2837289405809068,0.3771709482349592,0.5129425563949693,-0.12064149311819962,0.5833764246066258,-0.21282413180851828,0.6288199108224063
ppo_with_uncertainty_guard,MSFT,test_legacy,max_drawdown,10,0.16553551531401295,0.1136815659270342,0.22601973025028216,0.038080675988030166,0.24271932767668342,0.020273618040785313,0.2960478808722724
ppo_with_uncertainty_guard,MSFT,test_legacy,var_95,10,-0.01407136576941057,0.011588547386408368,-0.020132028145202693,-0.023430358661999873,-0.0008590976878562806,-0.026122077276458364,0.0
ppo_with_uncertainty_guard,MSFT,test_legacy,var_95_violation_rate,10,0.039693877551020405,0.01670791785203762,0.05,0.027806122448979592,0.05,0.013265306122448979,0.05
ppo_with_uncertainty_guard,MSFT,test_legacy,capital_preservation_rate_95pct_hwm,10,0.9364285154764987,0.04153875882044673,0.9124310951040895,0.9007839008574079,0.9828939653997928,0.9002742317556345,0.9865244730724093
ppo_with_uncertainty_guard,NFLX,test_legacy,final_portfolio_value,10,2022120.410309732,745415.2928944402,2185852.745721289,1314163.5349179434,2581155.081729723,987402.1079667942,2897873.80776822
ppo_with_uncertainty_guard,NFLX,test_legacy,annualized_return,10,0.18191694400872654,0.12612811788500303,0.22269679813143667,0.06756035371486965,0.2761186357841736,-0.003254727984651253,0.314681146961472
ppo_with_uncertainty_guard,NFLX,test_legacy,annualized_volatility,10,0.2745618566529059,0.11604617611462746,0.296964357187483,0.18343469128919446,0.3619803894031504,0.061121841308688314,0.42201388679357804
ppo_with_uncertainty_guard,NFLX,test_legacy,sharpe_ratio,10,0.5212138673185428,0.2865744902789259,0.6317801899884419,0.5356636745179484,0.7115593323791063,-0.02033115051774944,0.7390074764462813
ppo_with_uncertainty_guard,NFLX,test_legacy,max_drawdown,10,0.3699764359191908,0.10724716122356517,0.3789907250300183,0.34727104614282334,0.41901318847803687,0.11591647449575349,0.5334065469107365
ppo_with_uncertainty_guard,NFLX,test_legacy,var_95,10,-0.023195024829289777,0.00986018923075061,-0.024640377197647154,-0.031006867316977216,-0.016170625012805705,-0.035601723909539106,-0.005330986314591524
ppo_with_uncertainty_guard,NFLX,test_legacy,var_95_violation_rate,10,0.05,0.0,0.05,0.05,0.05,0.05,0.05
ppo_with_uncertainty_guard,NFLX,test_legacy,capital_preservation_rate_95pct_hwm,10,0.7809467698900571,0.10366458930785853,0.717948973269156,0.70711124147602,0.8290020096472089,0.7030684509915023,0.9668799776821116
ppo_with_uncertainty_guard,NVDA,test_legacy,final_portfolio_value,10,7355615.121616527,2428443.2772346977,8088991.866604358,7557868.964368824,8788514.887192212,1144744.83248661,9204576.744446678
ppo_with_uncertainty_guard,NVDA,test_legacy,annualized_return,10,0.6391587481866001,0.22122258174100173,0.7116827969395834,0.68218561884697,0.7485707597783267,0.03537224970018237,0.7696472166474694
ppo_with_uncertainty_guard,NVDA,test_legacy,annualized_volatility,10,0.4409051202715766,0.10233168867715482,0.4725657767582697,0.443802223175977,0.5006527675874285,0.178069329841508,0.5150196741581398
ppo_with_uncertainty_guard,NVDA,test_legacy,sharpe_ratio,10,1.0449125019258878,0.30605667369614115,1.1236350124369312,1.0705379773894808,1.1608258030520138,0.1952104421515752,1.288493139087213
ppo_with_uncertainty_guard,NVDA,test_legacy,max_drawdown,10,0.46021244747724116,0.07682701708061795,0.47067045076716596,0.4056753130573759,0.502477891537203,0.3358919387444089,0.56566460840229
ppo_with_uncertainty_guard,NVDA,test_legacy,var_95,10,-0.04065367526480883,0.00896857231222275,-0.04323740822064637,-0.04642739529124702,-0.039092786900745004,-0.04839620340102337,-0.018896583566612432
ppo_with_uncertainty_guard,NVDA,test_legacy,var_95_violation_rate,10,0.05,0.0,0.05,0.05,0.05,0.05,0.05
ppo_with_uncertainty_guard,NVDA,test_legacy,capital_preservation_rate_95pct_hwm,10,0.914621353239571,0.011000374710255148,0.909220730101481,0.9091502641711837,0.9140412463631483,0.9091502639771397,0.9434233970052174
ppo_with_uncertainty_guard,ORCL,test_legacy,final_portfolio_value,10,2277245.2426387277,510899.6469297841,2548830.09322278,1939202.5266870162,2635387.3160638073,1327184.7626750013,2649604.9650646695
ppo_with_uncertainty_guard,ORCL,test_legacy,annualized_return,10,0.22940568892533303,0.07883949135359761,0.27198693703730276,0.18330548480509484,0.2829701795841812,0.075501271266549,0.28474816063339753
ppo_with_uncertainty_guard,ORCL,test_legacy,annualized_volatility,10,0.3121856912543894,0.11676520788920612,0.3764604621557751,0.20752745951165852,0.39251878641766497,0.12314172215659017,0.39578526262911007
ppo_with_uncertainty_guard,ORCL,test_legacy,sharpe_ratio,10,0.6746833479062107,0.10454993464033854,0.636801861354759,0.6281068228565777,0.6509523552105184,0.5910812082432481,0.9430168342569901
ppo_with_uncertainty_guard,ORCL,test_legacy,max_drawdown,10,0.3608573030532548,0.1419272097126805,0.4464179283278051,0.23786277634965367,0.4555181500846449,0.1375351405694114,0.455518164493138
ppo_with_uncertainty_guard,ORCL,test_legacy,var_95,10,-0.02484503303933969,0.00926796391754942,-0.029951434053713255,-0.03125548202583217,-0.01691640941119108,-0.03171563031746745,-0.010590652422603153
ppo_with_uncertainty_guard,ORCL,test_legacy,var_95_violation_rate,10,0.05,0.0,0.05,0.05,0.05,0.05,0.05
ppo_with_uncertainty_guard,ORCL,test_legacy,capital_preservation_rate_95pct_hwm,10,0.685460242405475,0.13440816014314294,0.6043319524703592,0.5961048284588983,0.8119483312940039,0.5961048137219289,0.888674609602926
ppo_with_uncertainty_guard,PGR,test_legacy,final_portfolio_value,10,1854694.07476808,386965.5852337851,2079264.7181042857,1538200.1798849138,2137830.677984632,1142408.528968127,2174551.566495351
ppo_with_uncertainty_guard,PGR,test_legacy,annualized_return,10,0.1671652315280503,0.06820068097825557,0.2071024988871762,0.11595764404535752,0.21576589694228065,0.034828472444730973,0.22110275576921562
ppo_with_uncertainty_guard,PGR,test_legacy,annualized_volatility,10,0.20225830006573497,0.05862693406922975,0.2380307639292304,0.1476155102447337,0.24564138383013862,0.10378661142230695,0.2500817680027243
ppo_with_uncertainty_guard,PGR,test_legacy,sharpe_ratio,10,0.7261781680764612,0.14812280682824325,0.791073035183918,0.7519724539344207,0.7966280995536634,0.3298656063901319,0.7987556367803796
ppo_with_uncertainty_guard,PGR,test_legacy,max_drawdown,10,0.2550485556496394,0.06527858977912283,0.2997151647386757,0.2306350128339177,0.2997193946818819,0.13733567475384123,0.29972430100625946
ppo_with_uncertainty_guard,PGR,test_legacy,var_95,10,-0.017616855508744783,0.004705093429720323,-0.020467897225869128,-0.021073489854752325,-0.013365939817249073,-0.021536607619914338,-0.010360919645301168
ppo_with_uncertainty_guard,PGR,test_legacy,var_95_violation_rate,10,0.05,0.0,0.05,0.05,0.05,0.05,0.05
ppo_with_uncertainty_guard,PGR,test_legacy,capital_preservation_rate_95pct_hwm,10,0.8209357552504077,0.05428097862388168,0.7855763148429898,0.7855719028987117,0.8341430129678308,0.7855670210098477,0.926504013245441
ppo_with_uncertainty_guard,PLTR,test_legacy,final_portfolio_value,10,12866059.270043673,5121042.223472809,14921137.912611194,10885045.297247125,16180944.228571154,1353345.2074064035,17847723.013749633
ppo_with_uncertainty_guard,PLTR,test_legacy,annualized_return,10,0.8766993262654716,0.3072671234529161,1.0036629749764285,0.8440726816489553,1.0458329481087176,0.08091309963844719,1.0981454019178076
ppo_with_uncertainty_guard,PLTR,test_legacy,annualized_volatility,10,0.524600382171645,0.13146513570758492,0.5562002992462753,0.5157693492806891,0.6057342039511702,0.18336262299253225,0.6321852030453029
ppo_with_uncertainty_guard,PLTR,test_legacy,sharpe_ratio,10,1.1218195794599448,0.2617373878882904,1.1620256344713928,1.1216126171813663,1.2167469378224451,0.42432900409119845,1.4185025584595758
ppo_with_uncertainty_guard,PLTR,test_legacy,max_drawdown,10,0.4159454693722604,0.07843581862739245,0.420493653035863,0.39415192733582827,0.45729215232275044,0.2307766253047029,0.510328302976246
ppo_with_uncertainty_guard,PLTR,test_legacy,var_95,10,-0.04512483545458289,0.010781363402000955,-0.04793888572493241,-0.05215401081630282,-0.0425727754865336,-0.0542270683813518,-0.018059483653846086
ppo_with_uncertainty_guard,PLTR,test_legacy,var_95_violation_rate,10,0.05,0.0,0.05,0.05,0.05,0.05,0.05
ppo_with_uncertainty_guard,PLTR,test_legacy,capital_preservation_rate_95pct_hwm,10,0.9031354309347552,0.028150158539421027,0.8905997581461254,0.889147308420837,0.9007431503320138,0.888985521669015,0.9781859450935183
ppo_with_uncertainty_guard,PPLT,test_legacy,final_portfolio_value,10,1798088.6405692622,377067.1885172494,2046159.0098203346,1422960.485817275,2057446.7747280775,1238293.1470664,2120488.3972465256
ppo_with_uncertainty_guard,PPLT,test_legacy,annualized_return,10,0.15795419332570865,0.06705924324007725,0.2021418367148296,0.09317709767530925,0.20384400289121615,0.056498517915820584,0.21322307024925985
ppo_with_uncertainty_guard,PPLT,test_legacy,annualized_volatility,10,0.21097806566729296,0.08596806643980216,0.2584192289813642,0.11882482970677072,0.27990650778002835,0.08878600061793158,0.283693260618525
ppo_with_uncertainty_guard,PPLT,test_legacy,sharpe_ratio,10,0.6855624397373681,0.06362507021634005,0.668724652428206,0.6490632632713381,0.7065811149434773,0.6190171490996782,0.7962431241676478
ppo_with_uncertainty_guard,PPLT,test_legacy,max_drawdown,10,0.19515979228159758,0.06712379530907274,0.23604377245187974,0.12697853069275356,0.2491179791539349,0.09691220082388752,0.2492527571323404
ppo_with_uncertainty_guard,PPLT,test_legacy,var_95,10,-0.018807071767376695,0.007264803800104766,-0.022929747830156222,-0.02478890195247423,-0.01119705204235073,-0.024842267405045335,-0.008527497391540972
ppo_with_uncertainty_guard,PPLT,test_legacy,var_95_violation_rate,10,0.05,0.0,0.05,0.05,0.05,0.05,0.05
ppo_with_uncertainty_guard,PPLT,test_legacy,capital_preservation_rate_95pct_hwm,10,0.9111731196673125,0.05054735519359195,0.8757157087680444,0.8757154555989769,0.9546609225315557,0.8757154506849788,0.9930204137172706
ppo_with_uncertainty_guard,QCOM,test_legacy,final_portfolio_value,10,1082825.1393746426,115309.88424390166,1076616.089866222,984259.072506948,1187509.1274025375,909915.3962229775,1249280.681634061
ppo_with_uncertainty_guard,QCOM,test_legacy,annualized_return,10,0.01967100006387188,0.02806179450747238,0.019142672554980388,-0.004075650094399711,0.04518046982230975,-0.02398295205563419,0.05890118620934433
ppo_with_uncertainty_guard,QCOM,test_legacy,annualized_volatility,10,0.19085264608616703,0.1503407116920257,0.19293061881310047,0.03467961793434758,0.3279240055359448,0.027275965134557854,0.37460330962179034
ppo_with_uncertainty_guard,QCOM,test_legacy,sharpe_ratio,10,-0.016974173752725086,0.2146878554048078,0.09855058770454383,-0.1488381861994828,0.119451250132575,-0.49550468897361405,0.17193757098080312
ppo_with_uncertainty_guard,QCOM,test_legacy,max_drawdown,10,0.2539735151121706,0.17275692443481158,0.25161957923040384,0.076181049983811,0.4316843635601352,0.052900656299347926,0.4423405224835314
ppo_with_uncertainty_guard,QCOM,test_legacy,var_95,10,-0.017404458298315766,0.015692597157515743,-0.019400541680161032,-0.029833351712724276,-0.0009794804459646532,-0.03696619329518223,0.0
ppo_with_uncertainty_guard,QCOM,test_legacy,var_95_violation_rate,10,0.04255102040816326,0.015793817645823178,0.05,0.05,0.05,0.009183673469387756,0.05
ppo_with_uncertainty_guard,QCOM,test_legacy,capital_preservation_rate_95pct_hwm,10,0.8771076219486567,0.0815902614568224,0.866952330877692,0.7961509293307079,0.9516056398420834,0.7889420313265607,0.9897531967030292
ppo_with_uncertainty_guard,QQQ,test_legacy,final_portfolio_value,23,1666330.3878246958,298259.18863329117,1828762.541419243,1571422.0911868974,1845910.4842210812,982989.9624590144,1928803.5243431565
ppo_with_uncertainty_guard,QQQ,test_legacy,annualized_return,23,0.13627689409311347,0.05923855295218728,0.16791673548106004,0.1231997438680178,0.1707223221431013,-0.004401921024026829,0.18402199215076903
ppo_with_uncertainty_guard,QQQ,test_legacy,annualized_volatility,23,0.17883705602681363,0.06459338995437129,0.20665732227761907,0.16619116597129907,0.22352398064869153,0.015075125604762396,0.22837241068188457
ppo_with_uncertainty_guard,QQQ,test_legacy,sharpe_ratio,23,0.6119833869898178,0.3051568464566402,0.6998351753620582,0.6673704554381956,0.7367975407931355,-0.28817388466995647,0.9285362818769272
ppo_with_uncertainty_guard,QQQ,test_legacy,max_drawdown,23,0.21401473123148615,0.06864667532602366,0.22760648394828953,0.2002525603741384,0.26126283231717917,0.027975035662897385,0.279905160156821
ppo_with_uncertainty_guard,QQQ,test_legacy,var_95,23,-0.017712432430669924,0.006794395709948244,-0.020965601938181245,-0.02217172939761891,-0.016855364457399834,-0.02240882175818024,-7.963950417622094e-06
ppo_with_uncertainty_guard,QQQ,test_legacy,var_95_violation_rate,23,0.05000000000000002,1.4189687151543036e-17,0.05,0.05,0.05,0.05,0.05
ppo_with_uncertainty_guard,QQQ,test_legacy,capital_preservation_rate_95pct_hwm,23,0.9802100443548017,0.004438598194891771,0.9778304896829282,0.977822040046824,0.9812876933357302,0.9778220342120985,0.9972320267354637
ppo_with_uncertainty_guard,QQQ,wf_2018_2019,final_portfolio_value,13,1216377.6537911368,84286.1823888291,1261974.7640884307,1146072.2740388606,1285794.4975641975,1039462.8817886892,1293998.6440242296
ppo_with_uncertainty_guard,QQQ,wf_2018_2019,annualized_return,13,0.10767970560307535,0.04084901122578011,0.12993016254668693,0.07420285727365272,0.14107731234973328,0.020527512736577765,0.14489393874219278
ppo_with_uncertainty_guard,QQQ,wf_2018_2019,annualized_volatility,13,0.1504721183388248,0.04260760337410216,0.16229881375214766,0.12189960912615724,0.1884055397444866,0.07138000165544496,0.19236382464262844
ppo_with_uncertainty_guard,QQQ,wf_2018_2019,sharpe_ratio,13,0.6577591406344235,0.1404459169020596,0.689419574065024,0.6706153270046181,0.7181948522846773,0.284668216571265,0.8355250871464907
ppo_with_uncertainty_guard,QQQ,wf_2018_2019,max_drawdown,13,0.17941745622209515,0.05523799203055078,0.19889644622018887,0.1440099533906315,0.22756524904607245,0.08317291976179575,0.22795947094536084
ppo_with_uncertainty_guard,QQQ,wf_2018_2019,var_95,13,-0.01690841260082448,0.004843853392401627,-0.017185635848638282,-0.021255611531174164,-0.014162242781809197,-0.02273786755489855,-0.008217563985173903
ppo_with_uncertainty_guard,QQQ,wf_2018_2019,var_95_violation_rate,13,0.05000000000000001,7.222229756833248e-18,0.05,0.05,0.05,0.05,0.05
ppo_with_uncertainty_guard,QQQ,wf_2018_2019,capital_preservation_rate_95pct_hwm,13,0.9992619804155657,0.0001699638945247673,0.9991602545017687,0.9991580149496857,0.9992904852167758,0.9991579564808423,0.9996877894100167
ppo_with_uncertainty_guard,QQQ,wf_2020_2021,final_portfolio_value,13,1637372.6713754346,224260.77221422,1612643.617316031,1580736.7998962766,1827398.7956654413,1187558.6648175218,1870825.2151020053
ppo_with_uncertainty_guard,QQQ,wf_2020_2021,annualized_return,13,0.2911149735504282,0.09528812667448555,0.2838241903566636,0.2704806962464395,0.37054126711924446,0.09403516835717467,0.3874739382347312
ppo_with_uncertainty_guard,QQQ,wf_2020_2021,annualized_volatility,13,0.1990569957183905,0.04852917204241055,0.2004283486621199,0.19299628086914863,0.23237756455057976,0.10726185735879919,0.25271760345853805
ppo_with_uncertainty_guard,QQQ,wf_2020_2021,sharpe_ratio,13,1.249106243611119,0.14800673377983783,1.2568240561434643,1.2309987109164635,1.315077127149601,0.8164516747433452,1.4457289865836789
ppo_with_uncertainty_guard,QQQ,wf_2020_2021,max_drawdown,13,0.17484040861817568,0.035977649342825976,0.18401598490343418,0.15554583097919794,0.18932609850206417,0.11088934683676765,0.22325529714241588
ppo_with_uncertainty_guard,QQQ,wf_2020_2021,var_95,13,-0.021009275826970562,0.005052638798017652,-0.021188597374376082,-0.025573853851420747,-0.020345843436401712,-0.026215032290587283,-0.011129689161388168
ppo_with_uncertainty_guard,QQQ,wf_2020_2021,var_95_violation_rate,13,0.05186721991701246,7.222229756833248e-18,0.05186721991701245,0.05186721991701245,0.05186721991701245,0.05186721991701245,0.05186721991701245
ppo_with_uncertainty_guard,QQQ,wf_2020_2021,capital_preservation_rate_95pct_hwm,13,0.9955406697489431,0.0005649926457125138,0.995217417539939,0.9952166978326237,0.9961131200803773,0.9949713819756574,0.9967614185009176
ppo_with_uncertainty_guard,QQQ,wf_2022_2023,final_portfolio_value,13,1169457.3028570958,57170.58979169538,1175903.144161474,1133706.6531239375,1201497.3510169776,1074398.8462629793,1267394.4297149791
ppo_with_uncertainty_guard,QQQ,wf_2022_2023,annualized_return,13,0.08554095932775817,0.027997097206401138,0.08898574337443498,0.06824925745433216,0.10139184907250116,0.03847504196777475,0.13276934240626811
ppo_with_uncertainty_guard,QQQ,wf_2022_2023,annualized_volatility,13,0.18485252424624235,0.050707447420843564,0.18261164155319193,0.14719742892566245,0.22933180922322297,0.11229291353796761,0.24685918038361682
ppo_with_uncertainty_guard,QQQ,wf_2022_2023,sharpe_ratio,13,0.4619653654830823,0.2017982284417763,0.4202896265808169,0.36360062403672194,0.4916619636869354,0.2742444354538747,1.0874371550049167
ppo_with_uncertainty_guard,QQQ,wf_2022_2023,max_drawdown,13,0.21109018357791653,0.05822709146063378,0.21429175819704183,0.17897308468231743,0.24668035093359253,0.09550610372764246,0.28350453326475744
ppo_with_uncertainty_guard,QQQ,wf_2022_2023,var_95,13,-0.01842357358910226,0.0047020833972917,-0.01865057045546585,-0.022512048236344204,-0.015041912133977675,-0.024028243343329335,-0.01163158993426272
ppo_with_uncertainty_guard,QQQ,wf_2022_2023,var_95_violation_rate,13,0.0501043841336117,7.222229756833248e-18,0.05010438413361169,0.05010438413361169,0.05010438413361169,0.05010438413361169,0.05010438413361169
ppo_with_uncertainty_guard,QQQ,wf_2022_2023,capital_preservation_rate_95pct_hwm,13,0.9995741580089104,7.590858819247249e-05,0.9995311965353401,0.9995140092307114,0.9996087904188449,0.9995138867356899,0.9997241276759418
ppo_with_uncertainty_guard,QQQ,wf_2024_2025,final_portfolio_value,13,1422616.9177688868,65041.026936429604,1450840.125461,1422112.791274234,1461576.9579534556,1243116.2684822239,1467872.4220864347
ppo_with_uncertainty_guard,QQQ,wf_2024_2025,annualized_return,13,0.20345496074012798,0.029567510268566286,0.21626275707198128,0.20353297349994648,0.2209898005071278,0.12130112222840143,0.2237538167309861
ppo_with_uncertainty_guard,QQQ,wf_2024_2025,annualized_volatility,13,0.19020713039267698,0.027041129003339624,0.20500143284071345,0.19311454671833134,0.20600995967928307,0.12295325364794418,0.20688818899418787
ppo_with_uncertainty_guard,QQQ,wf_2024_2025,sharpe_ratio,13,0.9733229817414296,0.033986401486414054,0.9700939767746691,0.955020031279527,0.9748601597998546,0.9311634795966252,1.0678246227209554
ppo_with_uncertainty_guard,QQQ,wf_2024_2025,max_drawdown,13,0.21093399628584736,0.030795489456537584,0.2274225961257036,0.21445077093582565,0.22766996044674526,0.14194689482908007,0.22768219321389715
ppo_with_uncertainty_guard,QQQ,wf_2024_2025,var_95,13,-0.019743704255627294,0.0022553154841338384,-0.021004527100777003,-0.021060231921366676,-0.019844517906640213,-0.02108452881758378,-0.013696149893528896
ppo_with_uncertainty_guard,QQQ,wf_2024_2025,var_95_violation_rate,13,0.0501043841336117,7.222229756833248e-18,0.05010438413361169,0.05010438413361169,0.05010438413361169,0.05010438413361169,0.05010438413361169
ppo_with_uncertainty_guard,QQQ,wf_2024_2025,capital_preservation_rate_95pct_hwm,13,0.9784113609793873,0.0011976931893848172,0.9778223209100009,0.9778220368292355,0.9786157311960914,0.9778220342352395,0.9819971415517059
ppo_with_uncertainty_guard,REGN,test_legacy,final_portfolio_value,10,1194324.3809230055,93786.7763355375,1241831.7278328603,1149757.6110774793,1259960.6902270515,1005713.3975493676,1279917.9568697675
ppo_with_uncertainty_guard,REGN,test_legacy,annualized_return,10,0.04613926673506148,0.021812577901057072,0.05727400114385318,0.03648705321225175,0.06121751701008729,0.0014660519467331076,0.06551880708294769
ppo_with_uncertainty_guard,REGN,test_legacy,annualized_volatility,10,0.21961457653035707,0.1116009397866358,0.2523085717665434,0.21217475444551775,0.3006478648514114,0.006996186814364883,0.30398839934971705
ppo_with_uncertainty_guard,REGN,test_legacy,sharpe_ratio,10,0.24156641394378653,0.1307626317626742,0.20584337329593635,0.1906139728944095,0.22712504904992473,0.1304815703851771,0.6024209291425765
ppo_with_uncertainty_guard,REGN,test_legacy,max_drawdown,10,0.443818600386148,0.23008079595455533,0.5391579802805103,0.44841772088104304,0.5961155004138365,0.007510663661542516,0.5969196739024921
ppo_with_uncertainty_guard,REGN,test_legacy,var_95,10,-0.018282839895478208,0.009543096869506357,-0.021546950998617743,-0.02495634991175282,-0.017867979801405486,-0.025165115505265852,0.0
ppo_with_uncertainty_guard,REGN,test_legacy,var_95_violation_rate,10,0.046224489795918366,0.011939211574105105,0.05,0.05,0.05,0.012244897959183673,0.05
ppo_with_uncertainty_guard,REGN,test_legacy,capital_preservation_rate_95pct_hwm,10,0.7534879193015606,0.13370769691763526,0.7047904258699983,0.6535618542188275,0.7734589171118715,0.653066727356266,0.9935668836257402
ppo_with_uncertainty_guard,RY,test_legacy,final_portfolio_value,10,1703156.7940693102,176390.3111958742,1773540.1797024938,1711150.6434101588,1789048.2850719483,1232490.7338822116,1833332.189748112
ppo_with_uncertainty_guard,RY,test_legacy,annualized_return,10,0.14552295846131244,0.0334329030673963,0.15874344686921094,0.14812261834838003,0.16134142484400077,0.05522329588009682,0.1686664728044036
ppo_with_uncertainty_guard,RY,test_legacy,annualized_volatility,10,0.15820799745906577,0.03650890100985312,0.17057438908156122,0.16197196489164956,0.17774796560083483,0.06123953318432143,0.18178379613858708
ppo_with_uncertainty_guard,RY,test_legacy,sharpe_ratio,10,0.8593113092887558,0.040124037668886045,0.8536252201619783,0.8331935610830425,0.8975179261130134,0.806091451199618,0.9127558115661945
ppo_with_uncertainty_guard,RY,test_legacy,max_drawdown,10,0.21366185387423103,0.04462940566054841,0.22835739246666203,0.21548805933022636,0.23966058680116992,0.09981012254858157,0.24812422204864248
ppo_with_uncertainty_guard,RY,test_legacy,var_95,10,-0.015389464804807504,0.003703754427685183,-0.016645404807936526,-0.017479409996500706,-0.015519283902376422,-0.01787607833733764,-0.005558299060909188
ppo_with_uncertainty_guard,RY,test_legacy,var_95_violation_rate,10,0.05,0.0,0.05,0.05,0.05,0.05,0.05
ppo_with_uncertainty_guard,RY,test_legacy,capital_preservation_rate_95pct_hwm,10,1.0,0.0,1.0,1.0,1.0,1.0,1.0
ppo_with_uncertainty_guard,RYTM,test_legacy,final_portfolio_value,7,9034086.163160175,6882823.404203199,9236322.883943437,2570016.505659896,15411654.95650158,1303416.1339674639,16735521.199887373
ppo_with_uncertainty_guard,RYTM,test_legacy,annualized_return,7,0.6419321645635304,0.42444518624508737,0.771214662937614,0.2736317728706418,1.020407545313683,0.07051509422430925,1.0637167584141403
ppo_with_uncertainty_guard,RYTM,test_legacy,annualized_volatility,7,0.486122881890582,0.2813802590610366,0.6226123417370714,0.2425221323920963,0.7228824907790501,0.09794269213902856,0.7514958930156818
ppo_with_uncertainty_guard,RYTM,test_legacy,sharpe_ratio,7,0.9459750886398279,0.2061672789711625,0.9406018074053032,0.8386060112209741,0.9853148737798444,0.6957111059759914,1.3376709370958642
ppo_with_uncertainty_guard,RYTM,test_legacy,max_drawdown,7,0.45337314128529965,0.21435155986436852,0.5438842654210578,0.28155093299638584,0.6130552789842494,0.145703907803845,0.6948113918109244
ppo_with_uncertainty_guard,RYTM,test_legacy,var_95,7,-0.04105119978387144,0.02467139133566361,-0.055897225223815725,-0.06118922698628877,-0.019301906697418002,-0.06305357110414746,-0.007425334791723337
ppo_with_uncertainty_guard,RYTM,test_legacy,var_95_violation_rate,7,0.049999999999999996,7.494862020830963e-18,0.05,0.05,0.05,0.05,0.05
ppo_with_uncertainty_guard,RYTM,test_legacy,capital_preservation_rate_95pct_hwm,7,0.9658838033348639,0.014623991325000977,0.9569155210568704,0.9568950894853523,0.971301601796316,0.9568950894708974,0.9909826302529432
ppo_with_uncertainty_guard,SAP,test_legacy,final_portfolio_value,10,1919051.751677836,456601.2813749324,2086373.8013831035,1885498.3551484577,2227941.391298319,988297.1155195397,2338176.33372986
ppo_with_uncertainty_guard,SAP,test_legacy,annualized_return,10,0.17531630606989898,0.08312622832925408,0.20798380142798,0.17712440570893356,0.2287346191733918,-0.0030224836456335304,0.244096741735694
ppo_with_uncertainty_guard,SAP,test_legacy,annualized_volatility,10,0.2078263457787865,0.07808943920392929,0.23715061008751184,0.2083550996393381,0.2503978508078467,0.0071455255422247545,0.26645120813333956
ppo_with_uncertainty_guard,SAP,test_legacy,sharpe_ratio,10,0.6342805833107409,0.39956526658658886,0.7859521619140719,0.748883177649468,0.8182731949690478,-0.4236208111648263,0.867025059139049
ppo_with_uncertainty_guard,SAP,test_legacy,max_drawdown,10,0.2456631229690009,0.0872007998722463,0.2696880998962154,0.24834190083791677,0.28305210410326914,0.014234137719144835,0.32785986949840085
ppo_with_uncertainty_guard,SAP,test_legacy,var_95,10,-0.019548155834448692,0.007611799038623454,-0.02217258986617794,-0.023807700386575845,-0.018647430203100467,-0.025750995162176514,0.0
ppo_with_uncertainty_guard,SAP,test_legacy,var_95_violation_rate,10,0.04775510204081633,0.007098990665684117,0.05,0.05,0.05,0.027551020408163266,0.05
ppo_with_uncertainty_guard,SAP,test_legacy,capital_preservation_rate_95pct_hwm,10,0.8197591779762512,0.06124091053440405,0.7940401443349303,0.7889302657458162,0.8171573769913045,0.7887667389990696,0.9882971155195397
ppo_with_uncertainty_guard,SCHB,test_legacy,final_portfolio_value,10,1518948.1894374392,200811.56245654667,1571677.0076968349,1544963.0973669004,1626707.9496301617,989016.4687407502,1665893.1426472946
ppo_with_uncertainty_guard,SCHB,test_legacy,annualized_return,10,0.1114708504142126,0.04254968894867318,0.12329118504506076,0.11834837372990821,0.13325083258553228,-0.0028359328457501997,0.14023660485305037
ppo_with_uncertainty_guard,SCHB,test_legacy,annualized_volatility,10,0.13729424204776594,0.04680523311490975,0.1507266736418728,0.14082853214721314,0.15874547148967139,0.010300357706077535,0.1703497387688023
ppo_with_uncertainty_guard,SCHB,test_legacy,sharpe_ratio,10,0.6674576510391353,0.33393597697039656,0.7615046824374381,0.7285212162785571,0.7869494343163752,-0.2757106146720532,0.8600516766366681
ppo_with_uncertainty_guard,SCHB,test_legacy,max_drawdown,10,0.16508020118366126,0.052210510551450484,0.18488764195588897,0.17364714248681287,0.19058247407184095,0.0228187262616093,0.19343526364357
ppo_with_uncertainty_guard,SCHB,test_legacy,var_95,10,-0.013433030473919841,0.004912144135700351,-0.014975904628502956,-0.015505577312478014,-0.013838258322117537,-0.016703833767686138,0.0
ppo_with_uncertainty_guard,SCHB,test_legacy,var_95_violation_rate,10,0.0463265306122449,0.011616530180210376,0.05,0.05,0.05,0.013265306122448979,0.05
ppo_with_uncertainty_guard,SCHB,test_legacy,capital_preservation_rate_95pct_hwm,10,0.9957048681162792,0.00361404357709712,0.9967608068241555,0.9966193374049437,0.9968657034716758,0.9854434816123192,0.9974098780302283
ppo_with_uncertainty_guard,SCHD,test_legacy,final_portfolio_value,10,1125658.144831615,112780.24810855059,1149050.080684719,1007864.3645434129,1229421.9518860858,990095.2973904547,1243398.0888648517
ppo_with_uncertainty_guard,SCHD,test_legacy,annualized_return,10,0.03000368804579135,0.02678348202018391,0.03610232786642587,0.001964988530127885,0.05454689410284831,-0.002556347663040943,0.05761678812572585
ppo_with_uncertainty_guard,SCHD,test_legacy,annualized_volatility,10,0.08734707430607157,0.05697090703123058,0.0986257883204967,0.045516805896736415,0.14103429272123566,0.00566633413286269,0.14698800639799373
ppo_with_uncertainty_guard,SCHD,test_legacy,sharpe_ratio,10,0.17005042358118083,0.30970588771095436,0.31122788852232636,0.01848053491131154,0.3718021202979792,-0.45171162376183727,0.42785177512800726
ppo_with_uncertainty_guard,SCHD,test_legacy,max_drawdown,10,0.10518685344907537,0.06325112028597811,0.13141598522231585,0.055376110578215954,0.1607764854596909,0.014222788336413994,0.16124843888253904
ppo_with_uncertainty_guard,SCHD,test_legacy,var_95,10,-0.008264477505794367,0.005696013972735458,-0.009170362593420568,-0.013637461810498406,-0.004376657904850711,-0.014459908923791787,0.0
ppo_with_uncertainty_guard,SCHD,test_legacy,var_95_violation_rate,10,0.04285714285714286,0.015180893608449932,0.05,0.05,0.05,0.01020408163265306,0.05
ppo_with_uncertainty_guard,SCHD,test_legacy,capital_preservation_rate_95pct_hwm,10,0.9840263319971723,0.006431794022355107,0.98246521968993,0.9810632185234611,0.9856869696048866,0.9737767683061246,0.9977477960840991
ppo_with_uncertainty_guard,SCHF,test_legacy,final_portfolio_value,10,1384712.6077203606,165458.49793410633,1446838.2136832473,1290724.7670096813,1506755.693745963,1007195.7277052883,1529168.7326471305
ppo_with_uncertainty_guard,SCHF,test_legacy,annualized_return,10,0.08582680944272099,0.03559720464332443,0.0996259909175932,0.06772831985533143,0.1111747094130241,0.0018454051785855578,0.11540192829842989
ppo_with_uncertainty_guard,SCHF,test_legacy,annualized_volatility,10,0.1267126754782413,0.03705684169249082,0.14008833007716268,0.10777513141127805,0.15392395974752435,0.04173967849216479,0.1582929977754364
ppo_with_uncertainty_guard,SCHF,test_legacy,sharpe_ratio,10,0.6000704255281553,0.19975114826455675,0.6512743280418336,0.6221743658627983,0.68270869722805,0.04417133923952361,0.7313182675899071
ppo_with_uncertainty_guard,SCHF,test_legacy,max_drawdown,10,0.1901689217257143,0.04254973586612722,0.1975503547538069,0.17200306297793838,0.2205565885135127,0.09166496962914994,0.23162547611300466
ppo_with_uncertainty_guard,SCHF,test_legacy,var_95,10,-0.012055252028600829,0.0035527463884346138,-0.013457394703510728,-0.014741030052871307,-0.010171051561088683,-0.015086902493055642,-0.004118405484727283
ppo_with_uncertainty_guard,SCHF,test_legacy,var_95_violation_rate,10,0.05,0.0,0.05,0.05,0.05,0.05,0.05
ppo_with_uncertainty_guard,SCHF,test_legacy,capital_preservation_rate_95pct_hwm,10,0.9984686634778897,0.0002941547849517401,0.9984072863865021,0.9983478310748187,0.9986573713604892,0.9978914470613541,0.9988952753836924
ppo_with_uncertainty_guard,SCHG,test_legacy,final_portfolio_value,10,1718553.1330415595,313564.352666639,1852238.5200969435,1584710.856576939,1926012.240203257,985280.6370762041,2027854.2415750136
ppo_with_uncertainty_guard,SCHG,test_legacy,annualized_return,10,0.14545247473141754,0.06059135134971372,0.171722325012503,0.12568083083803588,0.18356875470604345,-0.0038058510031541925,0.19936757483299358
ppo_with_uncertainty_guard,SCHG,test_legacy,annualized_volatility,10,0.1707484901708624,0.05790455082588136,0.18846159154559333,0.1637504532938287,0.20404776657268944,0.015203176788286851,0.2100641073107328
ppo_with_uncertainty_guard,SCHG,test_legacy,sharpe_ratio,10,0.6885520588960704,0.34291761451913394,0.7751961511935783,0.7147779353411463,0.825783194449806,-0.250807572694208,0.9989679261760832
ppo_with_uncertainty_guard,SCHG,test_legacy,max_drawdown,10,0.20295479773947894,0.06298298719180917,0.22482710105469356,0.2023637532489002,0.23356528002601742,0.03021448283512007,0.24131967186951198
ppo_with_uncertainty_guard,SCHG,test_legacy,var_95,10,-0.016807634641082363,0.006195825361918175,-0.018435231232855998,-0.020174130761333606,-0.016540267088194362,-0.02132203242566515,0.0
ppo_with_uncertainty_guard,SCHG,test_legacy,var_95_violation_rate,10,0.04683673469387755,0.01000312321073671,0.05,0.05,0.05,0.018367346938775512,0.05
ppo_with_uncertainty_guard,SCHG,test_legacy,capital_preservation_rate_95pct_hwm,10,0.9801848244285567,0.0021407227481671154,0.9788814317359008,0.9784553091834433,0.9823312202737283,0.9783930032866567,0.9833791066201238
ppo_with_uncertainty_guard,SCHK,test_legacy,final_portfolio_value,10,1527148.4638880377,200493.71545653255,1590401.8782883417,1512110.152445152,1648021.273386885,988996.6677037354,1658818.5458122708
ppo_with_uncertainty_guard,SCHK,test_legacy,annualized_return,10,0.11302382400859987,0.042512974172705664,0.12670667653179563,0.11218722592045646,0.1370694259191085,-0.0028410665249597056,0.13898947926815286
ppo_with_uncertainty_guard,SCHK,test_legacy,annualized_volatility,10,0.13618885245761342,0.04677544077118166,0.150730055276022,0.1308197257881537,0.16059730217837115,0.010682244011576683,0.17057423271167138
ppo_with_uncertainty_guard,SCHK,test_legacy,sharpe_ratio,10,0.6852025003382869,0.33578505531844205,0.7748107428029101,0.7620779316423913,0.8118750197418073,-0.2663361492386962,0.8483559961715709
ppo_with_uncertainty_guard,SCHK,test_legacy,max_drawdown,10,0.16231303915029427,0.050901929553908314,0.18443873623017537,0.1585943623577748,0.18507912142643576,0.023690057921040508,0.19204666885740296
ppo_with_uncertainty_guard,SCHK,test_legacy,var_95,10,-0.013168098433962569,0.004851675865820637,-0.014635275925924373,-0.01567569997454794,-0.012839017393430786,-0.016456351514557887,0.0
ppo_with_uncertainty_guard,SCHK,test_legacy,var_95_violation_rate,10,0.0463265306122449,0.011616530180210376,0.05,0.05,0.05,0.013265306122448979,0.05
ppo_with_uncertainty_guard,SCHK,test_legacy,capital_preservation_rate_95pct_hwm,10,0.9957071313122885,0.0038553468201900937,0.9967842745875186,0.9967060867540374,0.9970652024334208,0.9847572725847091,0.9973816058341232
ppo_with_uncertainty_guard,SCHV,test_legacy,final_portfolio_value,10,1304686.961831652,141055.16271651612,1362454.2434038827,1277950.6452364444,1400037.1331904086,996072.3654794671,1412526.7960981377
ppo_with_uncertainty_guard,SCHV,test_legacy,annualized_return,10,0.06960571742907867,0.03153366794503369,0.0827709074306846,0.06505286076062852,0.09038210878494345,-0.0010114399036895531,0.09287521991036098
ppo_with_uncertainty_guard,SCHV,test_legacy,annualized_volatility,10,0.11001978601339524,0.0428400374065877,0.12182188165603705,0.10688398126696463,0.13737369452695977,0.007545366719257054,0.14647370964504813
ppo_with_uncertainty_guard,SCHV,test_legacy,sharpe_ratio,10,0.5296792240317372,0.24326370431523306,0.6200483487525241,0.5764455374198046,0.6379171691114203,-0.1341128273939881,0.66876979354317
ppo_with_uncertainty_guard,SCHV,test_legacy,max_drawdown,10,0.13007937609335835,0.043916967444823964,0.14009101951421116,0.12702948991960394,0.1525819691000368,0.01696761282345105,0.17212667842591844
ppo_with_uncertainty_guard,SCHV,test_legacy,var_95,10,-0.010578134231026066,0.004342038980179728,-0.011858875727484851,-0.013390057008519272,-0.010312860280253244,-0.013932776143787517,0.0
ppo_with_uncertainty_guard,SCHV,test_legacy,var_95_violation_rate,10,0.0476530612244898,0.00742167205957885,0.05,0.05,0.05,0.026530612244897958,0.05
ppo_with_uncertainty_guard,SCHV,test_legacy,capital_preservation_rate_95pct_hwm,10,0.9972610390178444,0.0022850689495050877,0.9977605823289577,0.9976657993002638,0.9979682616650514,0.9908671664193749,0.9990178685135921
ppo_with_uncertainty_guard,SCHW,test_legacy,final_portfolio_value,10,1182811.4489914759,190490.20415161122,1285353.2130902086,999042.1926291303,1322713.1436001505,879395.2045496511,1376767.673831915
ppo_with_uncertainty_guard,SCHW,test_legacy,annualized_return,10,0.041664262012436885,0.04469195232275781,0.06664271844596703,-0.00025377356929921335,0.07456584708462242,-0.032508098918453444,0.08569297303023418
ppo_with_uncertainty_guard,SCHW,test_legacy,annualized_volatility,10,0.20988808442779985,0.11107851411297766,0.23761624046162466,0.13517778859547214,0.3053659490198896,0.02691702968828443,0.3147384117621234
ppo_with_uncertainty_guard,SCHW,test_legacy,sharpe_ratio,10,0.12650759278807722,0.18929111975650015,0.2247106062580861,-0.009860384222802391,0.2611975147804381,-0.18611114452133853,0.3560443507995126
ppo_with_uncertainty_guard,SCHW,test_legacy,max_drawdown,10,0.3226012564100872,0.13715899061969988,0.3874808033881353,0.2247079063351712,0.43616151366830136,0.07782978007288255,0.4440352295707095
ppo_with_uncertainty_guard,SCHW,test_legacy,var_95,10,-0.018492118303039467,0.009984883132648989,-0.021000444888563896,-0.02711540440956024,-0.012150779428903323,-0.028150301841236302,-0.001350548035582566
ppo_with_uncertainty_guard,SCHW,test_legacy,var_95_violation_rate,10,0.05,0.0,0.05,0.05,0.05,0.05,0.05
ppo_with_uncertainty_guard,SCHW,test_legacy,capital_preservation_rate_95pct_hwm,10,0.9732875997782123,0.04353163176349306,0.994307588059897,0.9707319865895812,0.9943075979597087,0.8542923350426604,0.9951488135610803
ppo_with_uncertainty_guard,SLV,test_legacy,final_portfolio_value,10,2769812.848713708,690835.9995328261,3106537.369159242,2238177.639796796,3207195.43652026,1536853.8064542627,3330705.006543188
ppo_with_uncertainty_guard,SLV,test_legacy,annualized_return,10,0.2912437896734196,0.09280113229129852,0.3383964161402252,0.22520888578453854,0.3494097348961479,0.11684069179280061,0.36259391035321253
ppo_with_uncertainty_guard,SLV,test_legacy,annualized_volatility,10,0.23699161605483704,0.07554062562871257,0.2774915949438891,0.17465153368319944,0.28966915526837,0.11380651608932836,0.2915268804169856
ppo_with_uncertainty_guard,SLV,test_legacy,sharpe_ratio,10,1.0804756904742876,0.0988307653974289,1.0433921558844035,1.0004984183277312,1.1492539132142574,0.9709789745097988,1.2499609108982734
ppo_with_uncertainty_guard,SLV,test_legacy,max_drawdown,10,0.22920798024162065,0.07044391140680417,0.23890830393253149,0.1850952648922142,0.29231441288284893,0.1051833293649368,0.30681545824170464
ppo_with_uncertainty_guard,SLV,test_legacy,var_95,10,-0.021516575368793874,0.00699650068473854,-0.025235890042933605,-0.02658530520119584,-0.015207442037708383,-0.026764500854919236,-0.010635780152915063
ppo_with_uncertainty_guard,SLV,test_legacy,var_95_violation_rate,10,0.05,0.0,0.05,0.05,0.05,0.05,0.05
ppo_with_uncertainty_guard,SLV,test_legacy,capital_preservation_rate_95pct_hwm,10,0.9395032021079596,0.021226699758047238,0.9281496740747703,0.9281496006091408,0.936777652242983,0.9281496004920058,0.9812167152289556
ppo_with_uncertainty_guard,SNY,test_legacy,final_portfolio_value,10,1056072.2478527064,42567.126551093526,1065705.0436419602,1019796.9758046103,1088616.6225425762,983093.6231369491,1104862.4103595032
ppo_with_uncertainty_guard,SNY,test_legacy,annualized_return,10,0.013984476002223089,0.010586676342304951,0.01649337660701108,0.005036141133273775,0.022073289076685314,-0.0043749245859714975,0.02597409145698096
ppo_with_uncertainty_guard,SNY,test_legacy,annualized_volatility,10,0.1414057205725406,0.09780064238594617,0.15334680841980491,0.05167111772519776,0.21905446928985095,0.007864969078018572,0.2580794988033042
ppo_with_uncertainty_guard,SNY,test_legacy,sharpe_ratio,10,0.11775508848868177,0.1553223752964432,0.0973157244792327,0.09311339036853483,0.13017324189621943,-0.21084261283837605,0.3790530051750207
ppo_with_uncertainty_guard,SNY,test_legacy,max_drawdown,10,0.17530460296286288,0.11738054150371735,0.19741106111965612,0.07157234941796342,0.2702767207861181,0.00918544748858352,0.31923719862283795
ppo_with_uncertainty_guard,SNY,test_legacy,var_95,10,-0.012044594648980231,0.008874917258904125,-0.013047343091072293,-0.01902589148686329,-0.003794354582142145,-0.02277368908955637,0.0
ppo_with_uncertainty_guard,SNY,test_legacy,var_95_violation_rate,10,0.04642857142857142,0.010263432836472526,0.05,0.05,0.05,0.017346938775510204,0.05
ppo_with_uncertainty_guard,SNY,test_legacy,capital_preservation_rate_95pct_hwm,10,0.9117410411012983,0.05496170167617582,0.9027694664653692,0.8698420480765037,0.9513686736711054,0.8497562870708383,0.9950619733927826
ppo_with_uncertainty_guard,SPOT,test_legacy,final_portfolio_value,10,3165767.134352309,656201.8446361152,3214560.542320217,2591302.8148176284,3645563.41765543,2207875.405444788,4047590.100255886
ppo_with_uncertainty_guard,SPOT,test_legacy,annualized_return,10,0.339690076735624,0.07397634795923613,0.35019054902521396,0.2764441126866233,0.39460466659933646,0.22588745732100968,0.43263728375365784
ppo_with_uncertainty_guard,SPOT,test_legacy,annualized_volatility,10,0.36648810940324245,0.06664315307337335,0.3687390191585569,0.32394050953019254,0.421525070599481,0.23701963902049186,0.44849882419536186
ppo_with_uncertainty_guard,SPOT,test_legacy,sharpe_ratio,10,0.798310722671052,0.10081525832069481,0.7886051012908533,0.7381093400762099,0.8244355808383126,0.6881843475382055,1.037378511746128
ppo_with_uncertainty_guard,SPOT,test_legacy,max_drawdown,10,0.46612215542742447,0.086775281053095,0.48031710199880956,0.4453674254977852,0.5163077524821733,0.30440346259425055,0.5672139527849416
ppo_with_uncertainty_guard,SPOT,test_legacy,var_95,10,-0.034113256686045756,0.0067715759520230855,-0.035135846360368504,-0.03981548312279412,-0.028857320972652832,-0.04199893982772842,-0.02165442672058706
ppo_with_uncertainty_guard,SPOT,test_legacy,var_95_violation_rate,10,0.05,0.0,0.05,0.05,0.05,0.05,0.05
ppo_with_uncertainty_guard,SPOT,test_legacy,capital_preservation_rate_95pct_hwm,10,0.7798151618197146,0.030933118372942575,0.7741793383694379,0.7509527479718261,0.8066342565113206,0.7490526925558113,0.828683687258876
ppo_with_uncertainty_guard,SPY,test_legacy,final_portfolio_value,47,1447723.6948544201,288915.05219239887,1618647.8436240556,1000000.0,1645905.3610948636,988995.4324077726,1727624.9151596902
ppo_with_uncertainty_guard,SPY,test_legacy,annualized_return,47,0.09517047272401184,0.06107338195034846,0.13183218322857637,0.0,0.136702846146165,-0.00284138679421102,0.15095523399544486
ppo_with_uncertainty_guard,SPY,test_legacy,annualized_volatility,47,0.11382867354141972,0.07239656490607203,0.1529483880716098,0.0051466881996324486,0.16704963530547756,0.0,0.1763331233204577
ppo_with_uncertainty_guard,SPY,test_legacy,sharpe_ratio,47,0.5662090159024823,0.376695321659523,0.7516082423552801,0.0,0.7816536592169946,-0.27642895824663627,1.0659464537717762
ppo_with_uncertainty_guard,SPY,test_legacy,max_drawdown,47,0.13516956800636137,0.08529736966536694,0.18321036649132694,0.011913205416841488,0.18755193441685436,0.0,0.2158955814687703
ppo_with_uncertainty_guard,SPY,test_legacy,var_95,47,-0.010852567157718082,0.0069482457722849465,-0.015073722482089292,-0.01607699006309162,0.0,-0.01645573013694026,0.0
ppo_with_uncertainty_guard,SPY,test_legacy,var_95_violation_rate,47,0.036452453321754244,0.02222574141537961,0.05,0.0066326530612244895,0.05,0.0,0.05
ppo_with_uncertainty_guard,SPY,test_legacy,capital_preservation_rate_95pct_hwm,47,0.9971212065460294,0.0024598823397913956,0.9963676252449619,0.996335318885589,0.9989288956246511,0.9844030131387814,1.0
ppo_with_uncertainty_guard,SPY,wf_2018_2019,final_portfolio_value,13,1142616.5885479008,75485.6819824104,1189140.4338858735,1095083.7554031508,1206803.47900352,1023934.3877678218,1216689.7693969572
ppo_with_uncertainty_guard,SPY,wf_2018_2019,annualized_return,13,0.07195307928487386,0.037503621035060636,0.09521000346797268,0.04884147290275838,0.10372070731442595,0.012494954030402418,0.10845846556446728
ppo_with_uncertainty_guard,SPY,wf_2018_2019,annualized_volatility,13,0.10876881803288395,0.034302139406164514,0.13168085602517102,0.0782335889423638,0.13776015014253368,0.04440714084491144,0.13986422337115614
ppo_with_uncertainty_guard,SPY,wf_2018_2019,sharpe_ratio,13,0.5903391752659085,0.19707761011666627,0.7012369832569118,0.5294610550140747,0.7195800341086598,0.21380860624514042,0.7474953115547627
ppo_with_uncertainty_guard,SPY,wf_2018_2019,max_drawdown,13,0.15058013459225986,0.051176255456477054,0.17744728233552332,0.13436323412345552,0.19310194387228408,0.054853427736053506,0.1934626058082194
ppo_with_uncertainty_guard,SPY,wf_2018_2019,var_95,13,-0.012753429519250578,0.0044708061385664456,-0.01568306844380771,-0.016330019962234755,-0.008008947534346954,-0.01685134706680138,-0.005150417161341192
ppo_with_uncertainty_guard,SPY,wf_2018_2019,var_95_violation_rate,13,0.05000000000000001,7.222229756833248e-18,0.05,0.05,0.05,0.05,0.05
ppo_with_uncertainty_guard,SPY,wf_2018_2019,capital_preservation_rate_95pct_hwm,13,0.9997547664112716,0.0001227318761222791,0.9997525498699288,0.9997525498584645,0.9998111796209296,0.9993781011284081,0.9998919394670494
ppo_with_uncertainty_guard,SPY,wf_2020_2021,final_portfolio_value,13,1409641.1735133415,178786.15469654647,1462136.00750248,1250784.6155913775,1564449.3126401594,1113571.2715206135,1626009.4679514032
ppo_with_uncertainty_guard,SPY,wf_2020_2021,annualized_return,13,0.19434585811319835,0.08034806517861243,0.2197172539878663,0.12411080948006718,0.26361968899936206,0.057852673472435785,0.289376339192269
ppo_with_uncertainty_guard,SPY,wf_2020_2021,annualized_volatility,13,0.15074588754334095,0.04447457268662363,0.14943861935869437,0.13394823572854408,0.18625039036415839,0.07661388540435829,0.21940060009755663
ppo_with_uncertainty_guard,SPY,wf_2020_2021,sharpe_ratio,13,1.1356822193998468,0.23903694562846947,1.0842846598805551,1.0086448110695876,1.3433111199765702,0.7340830827853226,1.529899522946491
ppo_with_uncertainty_guard,SPY,wf_2020_2021,max_drawdown,13,0.179148512526242,0.04800575193009705,0.18013161073870143,0.1418237868492408,0.19802226694271852,0.11622448117188178,0.26553087096927785
ppo_with_uncertainty_guard,SPY,wf_2020_2021,var_95,13,-0.015275684070060715,0.004849947261673705,-0.015556864465704567,-0.018863025231440744,-0.011941378785915812,-0.022371363168130643,-0.006662841210302517
ppo_with_uncertainty_guard,SPY,wf_2020_2021,var_95_violation_rate,13,0.05186721991701246,7.222229756833248e-18,0.05186721991701245,0.05186721991701245,0.05186721991701245,0.05186721991701245,0.05186721991701245
ppo_with_uncertainty_guard,SPY,wf_2020_2021,capital_preservation_rate_95pct_hwm,13,1.0,0.0,1.0,1.0,1.0,1.0,1.0
ppo_with_uncertainty_guard,SPY,wf_2022_2023,final_portfolio_value,18,1077311.552425886,54575.236505162706,1104084.150614052,1042503.4365304811,1116813.7524457679,965966.518392987,1145435.9191458088
ppo_with_uncertainty_guard,SPY,wf_2022_2023,annualized_return,18,0.03963485174157114,0.02797445785784392,0.05347264054134665,0.022137345383742256,0.05984518355102344,-0.018051736372991883,0.0740495137191842
ppo_with_uncertainty_guard,SPY,wf_2022_2023,annualized_volatility,18,0.1256789780637891,0.05036078634537576,0.11639626848890747,0.08100262392894125,0.17478245976643697,0.03991144794271754,0.18721216869446333
ppo_with_uncertainty_guard,SPY,wf_2022_2023,sharpe_ratio,18,0.25879542096667474,0.2691174097062154,0.3043321925207888,0.21322282056088077,0.3616914551224307,-0.3695254611486369,0.7920429285994365
ppo_with_uncertainty_guard,SPY,wf_2022_2023,max_drawdown,18,0.14134249211626393,0.052061034513377485,0.13780223447353201,0.0993482255747688,0.19152478391370056,0.059309240660773255,0.21270141329215575
ppo_with_uncertainty_guard,SPY,wf_2022_2023,var_95,18,-0.012422231742729491,0.004822781445914076,-0.011630853694201448,-0.01718921704018923,-0.008574019297484536,-0.01764175393927747,-0.003780257391717967
ppo_with_uncertainty_guard,SPY,wf_2022_2023,var_95_violation_rate,18,0.0501043841336117,7.140062921844417e-18,0.05010438413361169,0.05010438413361169,0.05010438413361169,0.05010438413361169,0.05010438413361169
ppo_with_uncertainty_guard,SPY,wf_2022_2023,capital_preservation_rate_95pct_hwm,18,0.9959651776748449,0.011828566782440509,1.0,1.0,1.0,0.9595474606372117,1.0
ppo_with_uncertainty_guard,SPY,wf_2024_2025,final_portfolio_value,13,1369145.5867764843,109026.30868816873,1408200.3615035696,1365996.5581008096,1418312.2777762986,1019659.934877412,1429884.3274057666
ppo_with_uncertainty_guard,SPY,wf_2024_2025,annualized_return,13,0.17876893960729592,0.0523207280834375,0.19732424904467272,0.17830982773744253,0.2018397801877785,0.010295291044347347,0.20698866231010607
ppo_with_uncertainty_guard,SPY,wf_2024_2025,annualized_volatility,13,0.14583069029521398,0.041553373369021734,0.16137329464805983,0.15750386017765808,0.16231467607073236,0.011537705427881986,0.16339717194954967
ppo_with_uncertainty_guard,SPY,wf_2024_2025,sharpe_ratio,13,1.1048301984321796,0.07170651830648415,1.1315763932247238,1.109646048877942,1.1418061635288486,0.8877427693075003,1.1534665200531493
ppo_with_uncertainty_guard,SPY,wf_2024_2025,max_drawdown,13,0.16905403375544586,0.04909818293091343,0.18752049085362732,0.18668864455413792,0.1875422756060876,0.010182490946834766,0.18755229495727954
ppo_with_uncertainty_guard,SPY,wf_2024_2025,var_95,13,-0.013819877525366418,0.004011807205999194,-0.015361062458145724,-0.015361732532406868,-0.015276262707505772,-0.015401869416432313,-0.0009154262074352103
ppo_with_uncertainty_guard,SPY,wf_2024_2025,var_95_violation_rate,13,0.0501043841336117,7.222229756833248e-18,0.05010438413361169,0.05010438413361169,0.05010438413361169,0.05010438413361169,0.05010438413361169
ppo_with_uncertainty_guard,SPY,wf_2024_2025,capital_preservation_rate_95pct_hwm,13,0.9964549945297113,0.00033369296143658634,0.9963353220619735,0.996335318448822,0.9963355081150561,0.9963353181663585,0.9975345782153715
ppo_with_uncertainty_guard,SPYG,test_legacy,final_portfolio_value,10,1644424.619092655,263935.4919056433,1719958.1734167738,1607031.9093953057,1819669.2165976544,985056.7408985732,1867677.4370786378
ppo_with_uncertainty_guard,SPYG,test_legacy,annualized_return,10,0.13338419469867208,0.05310039679633188,0.14960079843551355,0.1297320089993816,0.1664186009765113,-0.003864066933519229,0.1742574888092857
ppo_with_uncertainty_guard,SPYG,test_legacy,annualized_volatility,10,0.16757617329278568,0.05613114444954715,0.18986276397144033,0.17229451350825406,0.1937060757150587,0.013605726051579366,0.19923665364792625
ppo_with_uncertainty_guard,SPYG,test_legacy,sharpe_ratio,10,0.6428930004694584,0.3306717473113927,0.7414450513138899,0.6789046469489249,0.7891385070945954,-0.2845497948423313,0.8240367736157456
ppo_with_uncertainty_guard,SPYG,test_legacy,max_drawdown,10,0.19314205543363627,0.060862295209525796,0.2179154734985913,0.19620983051850502,0.22139931916858666,0.027779449648732135,0.2313595668350681
ppo_with_uncertainty_guard,SPYG,test_legacy,var_95,10,-0.01637796209061462,0.005892196495926656,-0.018614152592892407,-0.019059048476612973,-0.01684536748108696,-0.019192284515175385,0.0
ppo_with_uncertainty_guard,SPYG,test_legacy,var_95_violation_rate,10,0.0463265306122449,0.011616530180210376,0.05,0.05,0.05,0.013265306122448979,0.05
ppo_with_uncertainty_guard,SPYG,test_legacy,capital_preservation_rate_95pct_hwm,10,0.9855006231492043,0.002179682231681033,0.985642783411838,0.985493260344899,0.9866166840478923,0.9797381760335271,0.9876457842545315
ppo_with_uncertainty_guard,SPYV,test_legacy,final_portfolio_value,10,1389870.7492251252,158375.12066895675,1410723.2765410622,1347342.483676796,1512659.5721171715,997692.597279125,1529005.5813345432
ppo_with_uncertainty_guard,SPYV,test_legacy,annualized_return,10,0.08697391523443386,0.03439020273640051,0.0925039029556205,0.07967697482447147,0.11225811389246611,-0.0005938413175302016,0.11537132570516598
ppo_with_uncertainty_guard,SPYV,test_legacy,annualized_volatility,10,0.10931224240354427,0.03944852238332947,0.11721782052368718,0.10202522825607785,0.1319083408894671,0.006961045667627217,0.14365515918741306
ppo_with_uncertainty_guard,SPYV,test_legacy,sharpe_ratio,10,0.6777840196837339,0.2696773141182314,0.7620924609059683,0.7287598508299051,0.7729961317585798,-0.08533260566775451,0.812235430755555
ppo_with_uncertainty_guard,SPYV,test_legacy,max_drawdown,10,0.14223413837690274,0.04699489905579312,0.1523696890415862,0.1408987331393177,0.17102250942652386,0.016030783243909164,0.17537333286373402
ppo_with_uncertainty_guard,SPYV,test_legacy,var_95,10,-0.01086523499942662,0.004286101368653095,-0.011826487360577873,-0.013313808257075442,-0.01030235086564526,-0.01471414319320763,0.0
ppo_with_uncertainty_guard,SPYV,test_legacy,var_95_violation_rate,10,0.047857142857142855,0.006776309271789385,0.05,0.05,0.05,0.02857142857142857,0.05
ppo_with_uncertainty_guard,SPYV,test_legacy,capital_preservation_rate_95pct_hwm,10,0.9977174440908361,0.0018519175511277548,0.9982399054420216,0.9980828530585417,0.9984290129876079,0.992475163629228,0.998582919739513
ppo_with_uncertainty_guard,SPYX,test_legacy,final_portfolio_value,10,1511953.078382746,199553.22332932786,1540875.5050979997,1510395.1568765736,1605509.4382914638,987767.6511378952,1688969.1188405624
ppo_with_uncertainty_guard,SPYX,test_legacy,annualized_return,10,0.11017335961346593,0.042241373928893315,0.11758414375333716,0.11186383211358375,0.12946223441424784,-0.0031598547811535955,0.14427733699431533
ppo_with_uncertainty_guard,SPYX,test_legacy,annualized_volatility,10,0.13222887854013043,0.0451267262885389,0.14237867946337385,0.13371489455247168,0.15212260805126146,0.010439001741173634,0.1668757331467612
ppo_with_uncertainty_guard,SPYX,test_legacy,sharpe_ratio,10,0.684030771762303,0.3483426636878121,0.7962006314122343,0.7808744577064626,0.8016163971164112,-0.3031716648232817,0.8493165841478902
ppo_with_uncertainty_guard,SPYX,test_legacy,max_drawdown,10,0.15737137663111994,0.049227880114197424,0.17374043045699306,0.15321481403820342,0.18504662642242223,0.024102126660846435,0.19053683448481307
ppo_with_uncertainty_guard,SPYX,test_legacy,var_95,10,-0.012682926016422824,0.004669210803880285,-0.013716931818163847,-0.014711890989600995,-0.012859874350660671,-0.01616849605635071,0.0
ppo_with_uncertainty_guard,SPYX,test_legacy,var_95_violation_rate,10,0.0463265306122449,0.011616530180210376,0.05,0.05,0.05,0.013265306122448979,0.05
ppo_with_uncertainty_guard,SPYX,test_legacy,capital_preservation_rate_95pct_hwm,10,0.9951241418055371,0.004213940947689787,0.9964102897490619,0.996105356237497,0.9965525850134355,0.9831647541365373,0.9971198034057378
ppo_with_uncertainty_guard,TAN,test_legacy,final_portfolio_value,10,967680.3446325191,78905.866800944,989984.2438883008,989033.5260375035,994260.7138961512,743772.6259373868,1006766.374160462
ppo_with_uncertainty_guard,TAN,test_legacy,annualized_return,10,-0.009059470098233022,0.022623834292158553,-0.0025851209814339274,-0.002831517816597396,-0.0014793650633289305,-0.07329445161277395,0.001735569072148328
ppo_with_uncertainty_guard,TAN,test_legacy,annualized_volatility,10,0.05705525130925937,0.1085483944994565,0.018082411184585985,0.016503920432481962,0.03381547999302667,0.016255011635293616,0.36451998345004355
ppo_with_uncertainty_guard,TAN,test_legacy,sharpe_ratio,10,-0.12478606343612968,0.08663306017478009,-0.14899985086512157,-0.17424367361344395,-0.08067121943878193,-0.22508878934849785,0.044878661467927884
ppo_with_uncertainty_guard,TAN,test_legacy,max_drawdown,10,0.10245381251836509,0.21088235401205294,0.026512799627961048,0.02626776618223059,0.048565541628815684,0.02626776618223059,0.7001500624798707
ppo_with_uncertainty_guard,TAN,test_legacy,var_95,10,-0.003963145345725936,0.011030552939683216,-2.3029284822895235e-05,-0.0011897861458763257,-8.68713210921956e-08,-0.03525724834239341,0.0
ppo_with_uncertainty_guard,TAN,test_legacy,var_95_violation_rate,10,0.04224489795918367,0.014858924415374213,0.05,0.045408163265306126,0.05,0.014285714285714285,0.05
ppo_with_uncertainty_guard,TAN,test_legacy,capital_preservation_rate_95pct_hwm,10,0.9400455113431926,0.12811992192597327,0.9865860400014068,0.9661395655665076,0.9879208434914015,0.5774666414234491,0.9924410172384703
ppo_with_uncertainty_guard,TMUS,test_legacy,final_portfolio_value,10,1666224.848435217,222780.57058780224,1753067.3404830599,1642120.6319918958,1788287.7122753586,1060298.978846835,1793338.737706561
ppo_with_uncertainty_guard,TMUS,test_legacy,annualized_return,10,0.13814515973527158,0.04466582991014908,0.1552836538108525,0.13602008809157284,0.1612145288000166,0.015169863660871134,0.1620570671146429
ppo_with_uncertainty_guard,TMUS,test_legacy,annualized_volatility,10,0.19256264165276277,0.06089068269020207,0.21660949607183191,0.19272133179409745,0.22238344651966896,0.02506796048893148,0.22616627904639086
ppo_with_uncertainty_guard,TMUS,test_legacy,sharpe_ratio,10,0.6624728004743233,0.023822831738551178,0.6653518062197145,0.6617182353836133,0.6732179333008447,0.6006015733233319,0.6917835515546932
ppo_with_uncertainty_guard,TMUS,test_legacy,max_drawdown,10,0.24412286413969303,0.0801751397034917,0.27594207286340533,0.25990722544381384,0.2759425906450528,0.017955665548490818,0.2759425933797245
ppo_with_uncertainty_guard,TMUS,test_legacy,var_95,10,-0.018436012797274325,0.006698397977010482,-0.020946614135327966,-0.0218012940567335,-0.018529021759415665,-0.02225727555116297,-4.745489832496119e-05
ppo_with_uncertainty_guard,TMUS,test_legacy,var_95_violation_rate,10,0.05,0.0,0.05,0.05,0.05,0.05,0.05
ppo_with_uncertainty_guard,TMUS,test_legacy,capital_preservation_rate_95pct_hwm,10,0.7828354191795805,0.0735177848568619,0.7537013789390636,0.753700842276125,0.7687136057030332,0.7537008394418241,0.9902120591965219
ppo_with_uncertainty_guard,TSLA,test_legacy,final_portfolio_value,10,1186703.038806141,290674.6365274027,1023127.5377370205,974902.1870109929,1391465.9131924608,949722.9342703745,1729640.2423632154
ppo_with_uncertainty_guard,TSLA,test_legacy,annualized_return,10,0.04004765367001267,0.06226860044808202,0.005830422124683124,-0.006522248896990957,0.08792495891785441,-0.013177121879521008,0.15130033078592606
ppo_with_uncertainty_guard,TSLA,test_legacy,annualized_volatility,10,0.1649931068047207,0.21378708166649568,0.0268047646269442,0.018749238150965714,0.29988051157269824,0.01674754608888865,0.5799099900310731
ppo_with_uncertainty_guard,TSLA,test_legacy,sharpe_ratio,10,-0.03000656129204631,0.41937284940978387,0.10432042137702463,-0.31714215913441823,0.2711559106773552,-0.7394917859994452,0.49066895476766736
ppo_with_uncertainty_guard,TSLA,test_legacy,max_drawdown,10,0.2203431242647858,0.2447455491837848,0.05455632575751168,0.039820219676061724,0.4118630174853126,0.02430240767545455,0.6453477008932866
ppo_with_uncertainty_guard,TSLA,test_legacy,var_95,10,-0.01574979683088194,0.022018339345274193,-0.00167277890297437,-0.03038399562114604,-0.00022460611521559758,-0.05743143290350376,-2.0462072359528344e-05
ppo_with_uncertainty_guard,TSLA,test_legacy,var_95_violation_rate,10,0.05,0.0,0.05,0.05,0.05,0.05,0.05
ppo_with_uncertainty_guard,TSLA,test_legacy,capital_preservation_rate_95pct_hwm,10,0.9677549148727355,0.02143998915032014,0.9660234808697182,0.9502805589377201,0.9879347631661914,0.9382706174333679,0.9985120545316469
ppo_with_uncertainty_guard,TSM,test_legacy,final_portfolio_value,10,2664887.02787116,504303.03570251976,2819526.319466126,2457455.956183203,2956602.837950046,1487705.5368588264,3253143.642236051
ppo_with_uncertainty_guard,TSM,test_legacy,annualized_return,10,0.28186647268486953,0.0706586436812498,0.30542552580367965,0.25990230615760374,0.3214803329994916,0.10754532683912292,0.35436311887513783
ppo_with_uncertainty_guard,TSM,test_legacy,annualized_volatility,10,0.3208237810401632,0.06555155658513614,0.3420805637116804,0.30815922752144886,0.3584051268975137,0.1590969441178429,0.373892448572849
ppo_with_uncertainty_guard,TSM,test_legacy,sharpe_ratio,10,0.7641068433247765,0.07039521430333505,0.7535376937727163,0.7203920977049321,0.8324131359967468,0.6420365137395216,0.850567189478705
ppo_with_uncertainty_guard,TSM,test_legacy,max_drawdown,10,0.38615667080549343,0.07152702407131409,0.3832929454691815,0.36490838698888056,0.43819288736525275,0.23471147408158943,0.4782979764690569
ppo_with_uncertainty_guard,TSM,test_legacy,var_95,10,-0.029950711878303234,0.006084723240297887,-0.031771121462221295,-0.033377449396647704,-0.029196917146404665,-0.03489912495507665,-0.014897700414265724
ppo_with_uncertainty_guard,TSM,test_legacy,var_95_violation_rate,10,0.05,0.0,0.05,0.05,0.05,0.05,0.05
ppo_with_uncertainty_guard,TSM,test_legacy,capital_preservation_rate_95pct_hwm,10,0.9755842227238354,0.004236801122706652,0.9729461331226255,0.9728946075939879,0.9781251454704071,0.9728908021389108,0.9849436793545745
ppo_with_uncertainty_guard,V,test_legacy,final_portfolio_value,10,1479485.6954079338,291006.7399897453,1661152.4564577704,1356981.2666815864,1672173.4649552302,975732.7536876245,1706452.443728174
ppo_with_uncertainty_guard,V,test_legacy,annualized_return,10,0.1017274346279529,0.061206463410048935,0.13940131793251812,0.08140273602873532,0.1413396293002949,-0.0062972013392254,0.1473115431241013
ppo_with_uncertainty_guard,V,test_legacy,annualized_volatility,10,0.1488714998476368,0.07702132890044386,0.18024039585832163,0.13665893036684362,0.2030991276401397,0.010220261773522863,0.20844074456744924
ppo_with_uncertainty_guard,V,test_legacy,sharpe_ratio,10,0.4072026416869954,0.5260130259391861,0.6277810477527875,0.5690004856225801,0.6862947983380425,-0.6180873216681746,0.7529090965803159
ppo_with_uncertainty_guard,V,test_legacy,max_drawdown,10,0.14357533085652932,0.06353645937721415,0.16016217550741313,0.13539848582863126,0.19117280844862086,0.03067134769644797,0.2040154036465176
ppo_with_uncertainty_guard,V,test_legacy,var_95,10,-0.01423342180043467,0.007962091755711975,-0.01716194722416002,-0.01999389848261266,-0.012860458430002164,-0.020687928194218316,0.0
ppo_with_uncertainty_guard,V,test_legacy,var_95_violation_rate,10,0.04489795918367347,0.011782658554890324,0.05,0.05,0.05,0.014285714285714285,0.05
ppo_with_uncertainty_guard,V,test_legacy,capital_preservation_rate_95pct_hwm,10,0.9596775153802619,0.008151037418578224,0.9538184784318706,0.9534639287552703,0.9679330197177032,0.9534639239678213,0.9712639803440888
ppo_with_uncertainty_guard,VOO,test_legacy,final_portfolio_value,10,1566505.1308120324,210852.8655745238,1624846.9903827878,1573256.2355619753,1674806.989467416,988134.0148635482,1706308.4698217912
ppo_with_uncertainty_guard,VOO,test_legacy,annualized_return,10,0.12018179158832117,0.0444666194677196,0.13292736194484867,0.12357447200715166,0.14179581017451642,-0.003064794776426381,0.14728665116739245
ppo_with_uncertainty_guard,VOO,test_legacy,annualized_volatility,10,0.13522806022787384,0.045468115001824266,0.1473686984013038,0.13689980886167413,0.15715363159897594,0.010100678429292631,0.16638654232713368
ppo_with_uncertainty_guard,VOO,test_legacy,sharpe_ratio,10,0.7293385754069461,0.366822670874409,0.8190978571956238,0.8051747794554505,0.8548528372617497,-0.30388578935568983,0.9755832117952656
ppo_with_uncertainty_guard,VOO,test_legacy,max_drawdown,10,0.1625476388433647,0.049613501494161764,0.17857340797485322,0.1720067585054365,0.18389309321985006,0.023617224837959472,0.1868939085458482
ppo_with_uncertainty_guard,VOO,test_legacy,var_95,10,-0.013053932495553547,0.0047651359458184845,-0.01433066626327899,-0.015409020483271996,-0.013100472194687351,-0.016294337059971385,0.0
ppo_with_uncertainty_guard,VOO,test_legacy,var_95_violation_rate,10,0.0463265306122449,0.011616530180210376,0.05,0.05,0.05,0.013265306122448979,0.05
ppo_with_uncertainty_guard,VOO,test_legacy,capital_preservation_rate_95pct_hwm,10,0.9953280616509245,0.004112693289856625,0.996555279650741,0.9964794626222779,0.9967037575330264,0.9836317428839074,0.9969042507183046
ppo_with_uncertainty_guard,VTI,test_legacy,final_portfolio_value,10,1510705.6818043836,200448.4815300237,1567025.7183939996,1477758.81796804,1634934.9383122232,989912.065600491,1668840.8604969492
ppo_with_uncertainty_guard,VTI,test_legacy,annualized_return,10,0.10992322013115455,0.04236523865878715,0.1224260172186314,0.10561784191988163,0.13474940810766273,-0.0026038173663380532,0.14075507408065668
ppo_with_uncertainty_guard,VTI,test_legacy,annualized_volatility,10,0.13779013146663105,0.04748763706499229,0.15314378923353886,0.13392420858605833,0.1647703025850625,0.010483059259507183,0.1715336817224659
ppo_with_uncertainty_guard,VTI,test_legacy,sharpe_ratio,10,0.6579369483018962,0.31953323701649344,0.7529637841830727,0.738636808751512,0.7753029575058915,-0.24870351772344715,0.8011917365430026
ppo_with_uncertainty_guard,VTI,test_legacy,max_drawdown,10,0.16275475075698204,0.05156985296733566,0.18384605490097422,0.1589506237329473,0.19099370196343954,0.023255927240495744,0.19303587610407857
ppo_with_uncertainty_guard,VTI,test_legacy,var_95,10,-0.013423967797445691,0.004983752276658165,-0.015029748475286375,-0.016357282227907246,-0.013003731860272283,-0.016698184604284537,0.0
ppo_with_uncertainty_guard,VTI,test_legacy,var_95_violation_rate,10,0.0463265306122449,0.011616530180210376,0.05,0.05,0.05,0.013265306122448979,0.05
ppo_with_uncertainty_guard,VTI,test_legacy,capital_preservation_rate_95pct_hwm,10,0.9949565012813952,0.0032207314948697044,0.9957493819678848,0.995616140836226,0.9962312715442929,0.9858604236982887,0.9967773955025617
ppo_with_uncertainty_guard,VYM,test_legacy,final_portfolio_value,10,1353025.9763458483,188230.4596123523,1432651.7999651567,1352475.7726366566,1471878.497135205,996159.1092297441,1492271.0284797598
ppo_with_uncertainty_guard,VYM,test_legacy,annualized_return,10,0.07882728583929455,0.041630217162859806,0.09680984480824757,0.0806917862193647,0.10450341892049578,-0.000989069787705476,0.10841832256140788
ppo_with_uncertainty_guard,VYM,test_legacy,annualized_volatility,10,0.10665160327139671,0.04567423298963079,0.12434981922342542,0.10916289885225199,0.13370401291079345,0.006389796497537723,0.1416873494272948
ppo_with_uncertainty_guard,VYM,test_legacy,sharpe_ratio,10,0.5834101517293748,0.3253864723977692,0.7111455545184584,0.6924300074904317,0.7386809407210505,-0.1548616856327723,0.7997392336417286
ppo_with_uncertainty_guard,VYM,test_legacy,max_drawdown,10,0.11700667150520191,0.04606072799450221,0.1366256241789554,0.12332902653327082,0.1444874306848813,0.015549261399902536,0.14917677470313584
ppo_with_uncertainty_guard,VYM,test_legacy,var_95,10,-0.010203460319823571,0.00457299031880392,-0.011964676185870625,-0.012889744593569286,-0.01047061505493223,-0.013675273927929155,-2.7975886958131464e-06
ppo_with_uncertainty_guard,VYM,test_legacy,var_95_violation_rate,10,0.05,0.0,0.05,0.05,0.05,0.05,0.05
ppo_with_uncertainty_guard,VYM,test_legacy,capital_preservation_rate_95pct_hwm,10,0.9867292564974933,0.0020610627829216496,0.9856021400171107,0.9855824980515447,0.9871808799403917,0.9851840035894622,0.9919916141538729
ppo_with_uncertainty_guard,VYMI,test_legacy,final_portfolio_value,10,1516449.3090817346,85071.26154814033,1505220.6227696373,1444465.4152245098,1586094.746744636,1412727.4516170695,1655939.1158826055
ppo_with_uncertainty_guard,VYMI,test_legacy,annualized_return,10,0.11271024676582349,0.015968509168660005,0.11087738835813131,0.09914821599087241,0.1258809742722539,0.09291513862460375,0.13848075552413805
ppo_with_uncertainty_guard,VYMI,test_legacy,annualized_volatility,10,0.12302276017054534,0.01627860881956718,0.12064908990790657,0.11382446620275644,0.13333642452918004,0.09235358639323964,0.14610638873169898
ppo_with_uncertainty_guard,VYMI,test_legacy,sharpe_ratio,10,0.8700777592183371,0.0716324700373387,0.8434912598318456,0.8133934349750935,0.9202900479747838,0.7875343393524015,0.9971074596284524
ppo_with_uncertainty_guard,VYMI,test_legacy,max_drawdown,10,0.17238488925508405,0.029468555233237177,0.17447030764302002,0.16773698585732258,0.18934901886265618,0.10996672642257788,0.21013604210854786
ppo_with_uncertainty_guard,VYMI,test_legacy,var_95,10,-0.011875275846445791,0.0017227373381809522,-0.011728138743264038,-0.012948020142013128,-0.011012806953744115,-0.01411079732877205,-0.008353491479955366
ppo_with_uncertainty_guard,VYMI,test_legacy,var_95_violation_rate,10,0.05,0.0,0.05,0.05,0.05,0.05,0.05
ppo_with_uncertainty_guard,VYMI,test_legacy,capital_preservation_rate_95pct_hwm,10,0.9983052033485407,0.00016243469986601923,0.998320502579308,0.9981352305861607,0.9984350055733155,0.998118004216407,0.9985291688118024
ppo_with_uncertainty_guard,XLE,test_legacy,final_portfolio_value,13,1262550.3468464536,152394.88477254935,1302051.5161747956,1148707.141431675,1383221.4961672479,945305.7475238737,1446387.9667666003
ppo_with_uncertainty_guard,XLE,test_legacy,annualized_return,13,0.0603344870551851,0.0342328353175465,0.0702267812735585,0.03629259977211978,0.0869993937831106,-0.014359385010965777,0.0995528066471815
ppo_with_uncertainty_guard,XLE,test_legacy,annualized_volatility,13,0.1597083898577212,0.06637816036134636,0.13869923622316827,0.09967939731518301,0.22506116929965303,0.06870427567010282,0.24562558016653957
ppo_with_uncertainty_guard,XLE,test_legacy,sharpe_ratio,13,0.33727819635578354,0.18454221872916357,0.3866825550289523,0.3487826635855137,0.40648479602572307,-0.21051739651436668,0.4931860756621227
ppo_with_uncertainty_guard,XLE,test_legacy,max_drawdown,13,0.16574528644289782,0.04434696220188769,0.1780721300666297,0.14398816454532648,0.19978917170643795,0.08915573047268921,0.22926490955628887
ppo_with_uncertainty_guard,XLE,test_legacy,var_95,13,-0.01576872455136573,0.006469912676452837,-0.013709880899108472,-0.0219025722198924,-0.010231731254002518,-0.024176574313872747,-0.006630341263822536
ppo_with_uncertainty_guard,XLE,test_legacy,var_95_violation_rate,13,0.05000000000000001,7.222229756833248e-18,0.05,0.05,0.05,0.05,0.05
ppo_with_uncertainty_guard,XLE,test_legacy,capital_preservation_rate_95pct_hwm,13,0.9517042346255187,0.04437547606930779,0.9573221183575004,0.9560452882298481,0.9763801768794694,0.8215730374189956,0.9869513867943246
ppo_with_uncertainty_guard,XLE,wf_2018_2019,final_portfolio_value,10,926453.3748524915,24746.739487381656,917106.6862924895,905017.8254710868,953245.9129265887,899612.9227631985,958914.0446834802
ppo_with_uncertainty_guard,XLE,wf_2018_2019,annualized_return,10,-0.03938855688304174,0.013442471198154202,-0.04441369010506042,-0.051048917475027863,-0.024835988822267983,-0.054025924220851174,-0.021784969072736995
ppo_with_uncertainty_guard,XLE,wf_2018_2019,annualized_volatility,10,0.12740949543034671,0.08793681115028436,0.19101335024067678,0.025483608663197474,0.19467639942295162,0.021167726515556616,0.20064147361141002
ppo_with_uncertainty_guard,XLE,wf_2018_2019,sharpe_ratio,10,-0.5570819806147194,0.38895716305768274,-0.28698813179102645,-1.0007451595257812,-0.2549545334897784,-1.0515027877851644,-0.21876080969727618
ppo_with_uncertainty_guard,XLE,wf_2018_2019,max_drawdown,10,0.20120916267415306,0.12468295958028583,0.29188015101793896,0.05688012390222155,0.29954878790507433,0.048102130948181054,0.30130951320164046
ppo_with_uncertainty_guard,XLE,wf_2018_2019,var_95,10,-0.013433520561382483,0.010825592497280982,-0.021384413274698887,-0.021814197786697374,-0.0009213264253500996,-0.02237670290193785,0.0
ppo_with_uncertainty_guard,XLE,wf_2018_2019,var_95_violation_rate,10,0.042291666666666665,0.012769094271659152,0.05,0.0359375,0.05,0.01875,0.05
ppo_with_uncertainty_guard,XLE,wf_2018_2019,capital_preservation_rate_95pct_hwm,10,0.8793956062342119,0.060061901396820064,0.8381998367234291,0.831349464854914,0.9485585380147037,0.8295264495390681,0.9542305913586768
ppo_with_uncertainty_guard,XLE,wf_2020_2021,final_portfolio_value,10,1188966.9604526893,178986.34910518685,1184016.5372358132,1011876.9394359796,1335707.0303185591,1006670.1353807403,1442735.606995963
ppo_with_uncertainty_guard,XLE,wf_2020_2021,annualized_return,10,0.09193221575338881,0.08604457737154121,0.09143118835487574,0.006190887215123421,0.16335939170349822,0.0034817590969112226,0.21122902067527843
ppo_with_uncertainty_guard,XLE,wf_2020_2021,annualized_volatility,10,0.1814335376931962,0.17232834424923313,0.14837807029006128,0.014133885653668948,0.34544025847454257,0.012539251482346397,0.40695154245381987
ppo_with_uncertainty_guard,XLE,wf_2020_2021,sharpe_ratio,10,0.45826661068241004,0.1476276413303684,0.47049804620950275,0.32901404526626,0.5598277820600907,0.2771830367943092,0.6613427488517756
ppo_with_uncertainty_guard,XLE,wf_2020_2021,max_drawdown,10,0.18761419397658008,0.1789641691386166,0.16047914601127106,0.00864940595604985,0.36626079325788696,0.007693533735201763,0.41693933224090196
ppo_with_uncertainty_guard,XLE,wf_2020_2021,var_95,10,-0.01690286898839559,0.016740050561457023,-0.015735442590685135,-0.033482122719641044,-0.00020741295111050825,-0.03699914894676217,0.0
ppo_with_uncertainty_guard,XLE,wf_2020_2021,var_95_violation_rate,10,0.048340248962655596,0.011153261457025408,0.05186721991701245,0.05186721991701245,0.05186721991701245,0.016597510373443983,0.05186721991701245
ppo_with_uncertainty_guard,XLE,wf_2020_2021,capital_preservation_rate_95pct_hwm,10,0.9738218488881841,0.021308802951178273,0.968175724107949,0.9540284508062308,0.9956533840766928,0.9540281278160706,0.9992578917358806
ppo_with_uncertainty_guard,XLE,wf_2022_2023,final_portfolio_value,10,1111458.60302788,123080.87111384158,1067215.367149268,1003939.038558722,1228977.4640308223,998207.1683972962,1290879.0473222318
ppo_with_uncertainty_guard,XLE,wf_2022_2023,annualized_return,10,0.055739062142842,0.061058719696647015,0.03460197761128817,0.0020703801635967023,0.11442974593183175,-0.0009436026342549483,0.14376406822792198
ppo_with_uncertainty_guard,XLE,wf_2022_2023,annualized_volatility,10,0.14115641322180314,0.1163638442870643,0.14315097721874528,0.025587471465379413,0.2537598726343385,0.008284717354178671,0.2916909285230407
ppo_with_uncertainty_guard,XLE,wf_2022_2023,sharpe_ratio,10,0.26518035048253874,0.2091298908331467,0.3133791599253388,0.12773283875326824,0.434653565547944,-0.10070661807328822,0.48526240184445635
ppo_with_uncertainty_guard,XLE,wf_2022_2023,max_drawdown,10,0.1352972211322138,0.10226113460434554,0.14489560412176672,0.03672618564261812,0.23019186649666445,0.006348660984359711,0.25829365204582955
ppo_with_uncertainty_guard,XLE,wf_2022_2023,var_95,10,-0.013540277264843931,0.011310010428045043,-0.014360335203104757,-0.024364444314638734,-0.0020080016763896146,-0.027909162502114348,0.0
ppo_with_uncertainty_guard,XLE,wf_2022_2023,var_95_violation_rate,10,0.04613778705636743,0.012543481324258707,0.05010438413361169,0.05010438413361169,0.05010438413361169,0.010438413361169102,0.05010438413361169
ppo_with_uncertainty_guard,XLE,wf_2022_2023,capital_preservation_rate_95pct_hwm,10,0.9423611413806995,0.03952494576892889,0.9306055985200093,0.9154150646221676,0.979739620156024,0.8905519264964021,0.996291875672283
ppo_with_uncertainty_guard,XLE,wf_2024_2025,final_portfolio_value,10,1045851.1246802338,45327.689468598335,1031351.8064558492,1008248.0165435835,1084804.233364915,991085.9503823092,1120835.9240930765
ppo_with_uncertainty_guard,XLE,wf_2024_2025,annualized_return,10,0.02365138246721349,0.023271296516946358,0.016373018887041468,0.004312939193762552,0.04374155942184295,-0.004699595245698521,0.061851712659681514
ppo_with_uncertainty_guard,XLE,wf_2024_2025,annualized_volatility,10,0.1266758071527315,0.07801613291018512,0.1368377987011713,0.09486459140470904,0.19224974074573697,0.002645300755659832,0.21544046066125036
ppo_with_uncertainty_guard,XLE,wf_2024_2025,sharpe_ratio,10,0.14438338345417528,0.12923565455939381,0.1716865204225389,0.11070404557858819,0.24670079065663103,-0.08740678105345287,0.27856530942009455
ppo_with_uncertainty_guard,XLE,wf_2024_2025,max_drawdown,10,0.13575245907370842,0.07391058205330317,0.15001756185425685,0.1394748442101911,0.19050716700458506,0.0023808117424325426,0.20137135141210127
ppo_with_uncertainty_guard,XLE,wf_2024_2025,var_95,10,-0.01240588538791645,0.008020652887174705,-0.01196986667461317,-0.01941187595793532,-0.010140832772130447,-0.02221910527041082,0.0
ppo_with_uncertainty_guard,XLE,wf_2024_2025,var_95_violation_rate,10,0.04739039665970772,0.008582381958703327,0.05010438413361169,0.05010438413361169,0.05010438413361169,0.022964509394572025,0.05010438413361169
ppo_with_uncertainty_guard,XLE,wf_2024_2025,capital_preservation_rate_95pct_hwm,10,0.9555818465043213,0.029831006100930493,0.9562354534273061,0.954245504111493,0.9604281431352493,0.8959895160288862,0.9982397189039659
ppo_with_uncertainty_guard,XLF,test_legacy,final_portfolio_value,23,1432070.1647900448,241258.755887387,1555172.791405685,1430857.036992188,1582744.5669364573,991410.1989347341,1636847.2937783152
ppo_with_uncertainty_guard,XLF,test_legacy,annualized_return,23,0.09346618634242349,0.05197243098882016,0.12024885798738578,0.0962634592358127,0.12532129727763222,-0.0022158885541103566,0.13509097571017
ppo_with_uncertainty_guard,XLF,test_legacy,annualized_volatility,23,0.13179543459899862,0.06756418566125001,0.15837093700968302,0.12976776184920902,0.17843620616765982,0.009264476106297576,0.18233623657926662
ppo_with_uncertainty_guard,XLF,test_legacy,sharpe_ratio,23,0.512731320343929,0.34493926737075126,0.646120680468362,0.6153813193567881,0.6771100679158225,-0.2375269202003003,0.8414145970599383
ppo_with_uncertainty_guard,XLF,test_legacy,max_drawdown,23,0.1487373069963428,0.07106760985612509,0.18135065362762925,0.13990579554451144,0.19875532825724002,0.023353579257997636,0.21514078126630576
ppo_with_uncertainty_guard,XLF,test_legacy,var_95,23,-0.012939892333588011,0.007179045832390548,-0.01543370750252846,-0.018124282405144188,-0.012578107104771785,-0.018483352306627055,0.0
ppo_with_uncertainty_guard,XLF,test_legacy,var_95_violation_rate,23,0.04804791481810117,0.007604440753013457,0.05,0.05,0.05,0.014285714285714285,0.05
ppo_with_uncertainty_guard,XLF,test_legacy,capital_preservation_rate_95pct_hwm,23,0.9902867778500947,0.005236462351973725,0.9926431531859148,0.9926431273421625,0.9926695393358388,0.9765608066682979,0.995116385067561
ppo_with_uncertainty_guard,XLF,wf_2018_2019,final_portfolio_value,13,1059414.673575466,57013.23886102627,1088843.8654345572,995429.280672841,1107165.3199142283,984138.1857358958,1118381.710931921
ppo_with_uncertainty_guard,XLF,wf_2018_2019,annualized_return,13,0.030417639939257408,0.029271908872729957,0.0456996063677942,-0.0024022384231039287,0.054900622813463126,-0.008359070590424367,0.06049781876904082
ppo_with_uncertainty_guard,XLF,wf_2018_2019,annualized_volatility,13,0.1092295629324352,0.052750024042172376,0.13927804015054573,0.06921257598268236,0.1537689163058,0.02130124904096553,0.16746555551246295
ppo_with_uncertainty_guard,XLF,wf_2018_2019,sharpe_ratio,13,0.15682103112376805,0.2867066343333511,0.3088840843957125,-0.030454389574907113,0.374174447946349,-0.39406801786018064,0.42742251483353183
ppo_with_uncertainty_guard,XLF,wf_2018_2019,max_drawdown,13,0.1522800756178839,0.06742621053803259,0.18242888664651313,0.10634895112998699,0.20705334864791858,0.037029303618485665,0.2232529773112495
ppo_with_uncertainty_guard,XLF,wf_2018_2019,var_95,13,-0.012247920655171942,0.007063537194579611,-0.015713958238518,-0.017778802098947465,-0.0072928917896358135,-0.020039101030575334,0.0
ppo_with_uncertainty_guard,XLF,wf_2018_2019,var_95_violation_rate,13,0.04775641025641027,0.008089377861617926,0.05,0.05,0.05,0.020833333333333332,0.05
ppo_with_uncertainty_guard,XLF,wf_2018_2019,capital_preservation_rate_95pct_hwm,13,0.9935312937540335,0.006913286732375432,0.99740682514539,0.9909956611111431,0.9974364093507696,0.9798410251887123,0.9987470415074534
ppo_with_uncertainty_guard,XLF,wf_2020_2021,final_portfolio_value,13,1252281.7760355647,190293.0252134677,1232192.0509105169,1073182.5902540907,1450707.9206865774,1018267.1988102,1513636.8393911638
ppo_with_uncertainty_guard,XLF,wf_2020_2021,annualized_return,13,0.12183643856922106,0.08911511374646833,0.1153434611363469,0.037616405591514024,0.21472368929404978,0.00950923147723626,0.24199321526774886
ppo_with_uncertainty_guard,XLF,wf_2020_2021,annualized_volatility,13,0.17098782145799682,0.07918216893162708,0.17119344559273064,0.13074792232609772,0.20598962691048106,0.047684728294439614,0.2932470220676009
ppo_with_uncertainty_guard,XLF,wf_2020_2021,sharpe_ratio,13,0.59693625526099,0.2581113756609596,0.6376546296474827,0.5176941732200511,0.7874149655445882,0.06653350557477088,1.0152020875134278
ppo_with_uncertainty_guard,XLF,wf_2020_2021,max_drawdown,13,0.2029353075609433,0.07855544267829258,0.22320367016806197,0.15365998958373395,0.23825243385223205,0.07149831942184937,0.32964461574469994
ppo_with_uncertainty_guard,XLF,wf_2020_2021,var_95,13,-0.015911603357992028,0.006920437940517355,-0.01636120698844028,-0.019232136139424493,-0.012672537143808959,-0.02588983029008283,-0.004603148224930376
ppo_with_uncertainty_guard,XLF,wf_2020_2021,var_95_violation_rate,13,0.05186721991701246,7.222229756833248e-18,0.05186721991701245,0.05186721991701245,0.05186721991701245,0.05186721991701245,0.05186721991701245
ppo_with_uncertainty_guard,XLF,wf_2020_2021,capital_preservation_rate_95pct_hwm,13,0.9770861773078187,0.007495074441433334,0.9747866666973002,0.9694636840922298,0.9813283392841168,0.969417897145904,0.9885073487689582
ppo_with_uncertainty_guard,XLF,wf_2022_2023,final_portfolio_value,13,1019638.9951141695,44904.81356993465,1019397.8038207911,993854.9211462672,1054597.782846044,930120.0833269949,1086219.7823327957
ppo_with_uncertainty_guard,XLF,wf_2022_2023,annualized_return,13,0.01005738298442212,0.023481941347809825,0.010158643152263154,-0.003237623267408644,0.028361720718991987,-0.03739413333659852,0.044470464861052154
ppo_with_uncertainty_guard,XLF,wf_2022_2023,annualized_volatility,13,0.11692780892675178,0.06065924289373238,0.1400473204900996,0.07312247531225836,0.1666314662418016,0.012907012114403565,0.18517503359538082
ppo_with_uncertainty_guard,XLF,wf_2022_2023,sharpe_ratio,13,-0.031368315882628846,0.2953854781193277,0.0603053731914661,-0.16442416636775267,0.15102980691967488,-0.6929335517283823,0.26111504822493337
ppo_with_uncertainty_guard,XLF,wf_2022_2023,max_drawdown,13,0.13389436317826714,0.05297475849591084,0.14175178922916598,0.10897626122097082,0.17919428573925245,0.02292585635376665,0.18973580162185244
ppo_with_uncertainty_guard,XLF,wf_2022_2023,var_95,13,-0.012057471520032352,0.00664635002747338,-0.014627827370588696,-0.01722434651306699,-0.007233915786596512,-0.019372949352159986,-2.0471954800704847e-05
ppo_with_uncertainty_guard,XLF,wf_2022_2023,var_95_violation_rate,13,0.0501043841336117,7.222229756833248e-18,0.05010438413361169,0.05010438413361169,0.05010438413361169,0.05010438413361169,0.05010438413361169
ppo_with_uncertainty_guard,XLF,wf_2022_2023,capital_preservation_rate_95pct_hwm,13,0.9831898545910752,0.025475150217870144,1.0,0.9786628599374642,1.0,0.9143366641241535,1.0
ppo_with_uncertainty_guard,XLF,wf_2024_2025,final_portfolio_value,13,1309571.165130758,159088.24183245577,1392907.1209726622,1279858.8964350033,1422641.6663375623,1013134.179256639,1446924.9835577423
ppo_with_uncertainty_guard,XLF,wf_2024_2025,annualized_return,13,0.15035680618886704,0.07600414968228165,0.1904656722066936,0.13861670536676218,0.20376842626939384,0.006888472663269228,0.21453493760452885
ppo_with_uncertainty_guard,XLF,wf_2024_2025,annualized_volatility,13,0.12717480934582182,0.05643097192743239,0.16147822653641988,0.11149549480864797,0.16732450813465324,0.011330973097145354,0.16888925492082651
ppo_with_uncertainty_guard,XLF,wf_2024_2025,sharpe_ratio,13,1.007743078245524,0.20930120655510953,1.1064618743109458,1.004228752289477,1.1433312857756497,0.6058402308192568,1.168395578623309
ppo_with_uncertainty_guard,XLF,wf_2024_2025,max_drawdown,13,0.1184824358553672,0.054090513361170614,0.15462088196093826,0.09961414248751321,0.1550907678147081,0.00870776748458002,0.1554023544781199
ppo_with_uncertainty_guard,XLF,wf_2024_2025,var_95,13,-0.011201000566581706,0.004792380743501215,-0.013779888554308247,-0.014647886789927964,-0.009922569236906043,-0.014848155050091981,-0.000726978391249844
ppo_with_uncertainty_guard,XLF,wf_2024_2025,var_95_violation_rate,13,0.0501043841336117,7.222229756833248e-18,0.05010438413361169,0.05010438413361169,0.05010438413361169,0.05010438413361169,0.05010438413361169
ppo_with_uncertainty_guard,XLF,wf_2024_2025,capital_preservation_rate_95pct_hwm,13,0.9914038810246738,0.004540685822024902,0.9926434735037162,0.9926431270553261,0.992645806215544,0.9787472203687566,0.9952548439621759
ppo_with_uncertainty_guard,XLI,test_legacy,final_portfolio_value,10,1535764.30573005,230918.37328227493,1639709.96195229,1485562.8071985128,1679918.3683347553,977276.4996309949,1700199.3914565914
ppo_with_uncertainty_guard,XLI,test_legacy,annualized_return,10,0.11407165997592499,0.04803975373017319,0.13559809645247783,0.10696826663203667,0.14269741510338224,-0.005893164589215519,0.14622899889101318
ppo_with_uncertainty_guard,XLI,test_legacy,annualized_volatility,10,0.13597496089507685,0.04334539563225849,0.15202291586856398,0.13031935760176336,0.16276998311736904,0.03056549050087875,0.17045965380263406
ppo_with_uncertainty_guard,XLI,test_legacy,sharpe_ratio,10,0.7073126820627855,0.3184112221068367,0.8069544324869129,0.7708652750078736,0.8223783417127882,-0.19337386754177427,0.868141348567466
ppo_with_uncertainty_guard,XLI,test_legacy,max_drawdown,10,0.15762256679434308,0.046973528426102355,0.1831277207559764,0.1479012207017007,0.1844496423029195,0.042249533275452555,0.18490704953411286
ppo_with_uncertainty_guard,XLI,test_legacy,var_95,10,-0.013327790093498474,0.004358842605554022,-0.014818364932568561,-0.016102398389563486,-0.012885693277415755,-0.0169650787089215,-0.002689144593899595
ppo_with_uncertainty_guard,XLI,test_legacy,var_95_violation_rate,10,0.05,0.0,0.05,0.05,0.05,0.05,0.05
ppo_with_uncertainty_guard,XLI,test_legacy,capital_preservation_rate_95pct_hwm,10,0.9933262023311158,0.009554717789101923,0.9960100923110738,0.9960000968923346,0.9961129202345873,0.966191293392292,0.9978750801674697
ppo_with_uncertainty_guard,XLK,test_legacy,final_portfolio_value,23,1823327.2466704755,244502.59269476877,1930225.6206375465,1797819.0749731325,1959590.9907971912,981291.8133694583,2029313.3965072553
ppo_with_uncertainty_guard,XLK,test_legacy,annualized_return,23,0.1646471174303173,0.04618987679416216,0.18424640945963167,0.16279673228650635,0.18885326164493751,-0.004844472818893003,0.19958943299070778
ppo_with_uncertainty_guard,XLK,test_legacy,annualized_volatility,23,0.21047518935054174,0.05612165921760729,0.22990545328358958,0.20160112769017663,0.2471851400725528,0.01555941524990633,0.2510655578047224
ppo_with_uncertainty_guard,XLK,test_legacy,sharpe_ratio,23,0.6840469043907075,0.22793884323571315,0.7179473229255576,0.6866207256865563,0.737603655517463,-0.31210657279657605,0.954598297874421
ppo_with_uncertainty_guard,XLK,test_legacy,max_drawdown,23,0.23036841847155315,0.053401852304387806,0.25311267778024293,0.22753112978815765,0.25656301217200195,0.032410486032463104,0.2670836003860697
ppo_with_uncertainty_guard,XLK,test_legacy,var_95,23,-0.021240700216906806,0.006024727362898617,-0.02303115360792729,-0.025195030087595428,-0.020004799304274637,-0.025377010625802488,-0.00016796621020107592
ppo_with_uncertainty_guard,XLK,test_legacy,var_95_violation_rate,23,0.05000000000000002,1.4189687151543036e-17,0.05,0.05,0.05,0.05,0.05
ppo_with_uncertainty_guard,XLK,test_legacy,capital_preservation_rate_95pct_hwm,23,0.9634632438863227,0.00442687338504967,0.9610067909638174,0.9607158464898178,0.9647000372518795,0.9607158167798182,0.9774839706605843
ppo_with_uncertainty_guard,XLK,wf_2018_2019,final_portfolio_value,13,1305752.6448217907,108221.70609209254,1364938.3460999236,1230353.642506138,1373111.9247519423,1036082.2174743847,1387407.9138969905
ppo_with_uncertainty_guard,XLK,wf_2018_2019,annualized_return,13,0.14937599709755134,0.051522283995514465,0.17742795633890923,0.11497653762695276,0.18112433603469189,0.018783647371338814,0.18756444857546067
ppo_with_uncertainty_guard,XLK,wf_2018_2019,annualized_volatility,13,0.1663058442310452,0.04921482947326337,0.19353979645741073,0.14690329795519066,0.19791419754921274,0.06448729582077839,0.20247139392827698
ppo_with_uncertainty_guard,XLK,wf_2018_2019,sharpe_ratio,13,0.8173407982693572,0.18888599753949553,0.8431479876030714,0.8272595646998869,0.8458237868328837,0.2885741613988031,1.1860031486626275
ppo_with_uncertainty_guard,XLK,wf_2018_2019,max_drawdown,13,0.19599298649085733,0.06366591013947777,0.23333053871659293,0.17003279076609834,0.23768251221366532,0.06925714651763126,0.23783563852164225
ppo_with_uncertainty_guard,XLK,wf_2018_2019,var_95,13,-0.016888366980300443,0.004808815708596995,-0.019199055544562516,-0.019928599535758363,-0.015191161370291527,-0.021147205210600272,-0.007223645002842271
ppo_with_uncertainty_guard,XLK,wf_2018_2019,var_95_violation_rate,13,0.05000000000000001,7.222229756833248e-18,0.05,0.05,0.05,0.05,0.05
ppo_with_uncertainty_guard,XLK,wf_2018_2019,capital_preservation_rate_95pct_hwm,13,0.9998983631882612,1.652874072910679e-05,0.9998912385715086,0.999891151194791,0.9998970545893946,0.9998911510912113,0.9999489269601483
ppo_with_uncertainty_guard,XLK,wf_2020_2021,final_portfolio_value,13,1689231.8915067492,216611.32515957425,1711090.7828317299,1583992.3767540003,1879333.9153945826,1253518.9300367476,1918488.3015399037
ppo_with_uncertainty_guard,XLK,wf_2020_2021,annualized_return,13,0.3127010586235679,0.09078980419938479,0.32422012792409605,0.2718480368842686,0.3907695639376753,0.1253949194560989,0.40584406485988034
ppo_with_uncertainty_guard,XLK,wf_2020_2021,annualized_volatility,13,0.21946339043359211,0.048786833085634036,0.2150893603775324,0.20511269007167338,0.2542325104330333,0.12791500729569777,0.27940845316699264
ppo_with_uncertainty_guard,XLK,wf_2020_2021,sharpe_ratio,13,1.2150989034238031,0.12278412922366287,1.23409451918063,1.1684194999722546,1.269536578435504,0.9235340673779205,1.4415578068032147
ppo_with_uncertainty_guard,XLK,wf_2020_2021,max_drawdown,13,0.19038353975608938,0.04016950595091614,0.1936500326158329,0.17338091512179576,0.20929343926400812,0.12771312097657495,0.250167660352115
ppo_with_uncertainty_guard,XLK,wf_2020_2021,var_95,13,-0.02149905496159487,0.004388371500476865,-0.02227755481724314,-0.02527434328332303,-0.01990059291162769,-0.02588874064710165,-0.012242906458170121
ppo_with_uncertainty_guard,XLK,wf_2020_2021,var_95_violation_rate,13,0.05186721991701246,7.222229756833248e-18,0.05186721991701245,0.05186721991701245,0.05186721991701245,0.05186721991701245,0.05186721991701245
ppo_with_uncertainty_guard,XLK,wf_2020_2021,capital_preservation_rate_95pct_hwm,13,0.9960182059340137,0.0006214080206368364,0.9956714213255835,0.9956410471986609,0.9961716690459353,0.9956410471982503,0.997756194241536
ppo_with_uncertainty_guard,XLK,wf_2022_2023,final_portfolio_value,13,1246691.9862348025,61728.35751665429,1259791.3859078684,1245461.57465105,1267198.2474167198,1116674.7417197737,1341370.9617602145
ppo_with_uncertainty_guard,XLK,wf_2022_2023,annualized_return,13,0.12267193265865185,0.029607261005259865,0.12918919480232263,0.12241357368405217,0.13267709153682278,0.05977590941528979,0.16708629868715297
ppo_with_uncertainty_guard,XLK,wf_2022_2023,annualized_volatility,13,0.20762522424647797,0.03975630426410689,0.21690261917085094,0.17029676708715,0.2461966669735212,0.13808678673034436,0.2507633021464792
ppo_with_uncertainty_guard,XLK,wf_2022_2023,sharpe_ratio,13,0.5610947787263212,0.13543789178200352,0.5324106232700357,0.4885810556053886,0.5869298786485112,0.3776589063560199,0.9272626693737551
ppo_with_uncertainty_guard,XLK,wf_2022_2023,max_drawdown,13,0.2138092004905852,0.04646599933134165,0.23024053745582906,0.16685641167741894,0.2591993859236701,0.12990624675921758,0.26667915420051136
ppo_with_uncertainty_guard,XLK,wf_2022_2023,var_95,13,-0.02026835065507846,0.003772953227107352,-0.021211372920932448,-0.023559793171824415,-0.01706321241229993,-0.024961162551541884,-0.013815496797874615
ppo_with_uncertainty_guard,XLK,wf_2022_2023,var_95_violation_rate,13,0.0501043841336117,7.222229756833248e-18,0.05010438413361169,0.05010438413361169,0.05010438413361169,0.05010438413361169,0.05010438413361169
ppo_with_uncertainty_guard,XLK,wf_2022_2023,capital_preservation_rate_95pct_hwm,13,1.0,0.0,1.0,1.0,1.0,1.0,1.0
ppo_with_uncertainty_guard,XLK,wf_2024_2025,final_portfolio_value,13,1396429.320177833,87076.71074906783,1437290.6115324441,1360791.1407469115,1448914.208296425,1171751.674438771,1463895.213636714
ppo_with_uncertainty_guard,XLK,wf_2024_2025,annualized_return,13,0.19148816292609908,0.04004012403475337,0.2102736646743202,0.17594541557477197,0.2154130931988586,0.08696141327794259,0.22200828303082554
ppo_with_uncertainty_guard,XLK,wf_2024_2025,annualized_volatility,13,0.2179788819332482,0.043485319589188054,0.24138450376054715,0.19908471242895687,0.2427548457968517,0.11359809078053766,0.24757831684386186
ppo_with_uncertainty_guard,XLK,wf_2024_2025,sharpe_ratio,13,0.8019111977592364,0.04503435373736189,0.7979855006289486,0.7902593678399998,0.8088082193240699,0.734043961881902,0.9325862683283063
ppo_with_uncertainty_guard,XLK,wf_2024_2025,max_drawdown,13,0.23134332168749985,0.04394000521895555,0.25527675961215746,0.21996615112913354,0.25613215987154725,0.12663643705437422,0.25656222909252946
ppo_with_uncertainty_guard,XLK,wf_2024_2025,var_95,13,-0.022724331999438536,0.004209070808617943,-0.025150489266085253,-0.025280984225316414,-0.021091124396259885,-0.0254583757804987,-0.013152448322273714
ppo_with_uncertainty_guard,XLK,wf_2024_2025,var_95_violation_rate,13,0.0501043841336117,7.222229756833248e-18,0.05010438413361169,0.05010438413361169,0.05010438413361169,0.05010438413361169,0.05010438413361169
ppo_with_uncertainty_guard,XLK,wf_2024_2025,capital_preservation_rate_95pct_hwm,13,0.9632395232523696,0.005203757919991967,0.960718589786417,0.9607163904101554,0.9609243622041338,0.9607158460793173,0.9754772065095234
ppo_with_uncertainty_guard,XLU,test_legacy,final_portfolio_value,23,1349850.1049118703,76420.26306283148,1384119.643701159,1329701.1840762235,1401115.552993358,1159533.781600182,1410658.7803373078
ppo_with_uncertainty_guard,XLU,test_legacy,annualized_return,23,0.07986276540956441,0.016213550255874908,0.087180842961212,0.07598743096961101,0.09059808557687127,0.03879540195548377,0.0925033917121223
ppo_with_uncertainty_guard,XLU,test_legacy,annualized_volatility,23,0.1489759013439154,0.02915020232579043,0.16128875965593814,0.13352608362582347,0.1676233906447177,0.0714353207557336,0.1749197270586692
ppo_with_uncertainty_guard,XLU,test_legacy,sharpe_ratio,23,0.515429298062039,0.029416640441661153,0.5103203534681522,0.49940094660139966,0.5288763003519974,0.4657907434860416,0.5956183399078054
ppo_with_uncertainty_guard,XLU,test_legacy,max_drawdown,23,0.2158672884321917,0.03757400728753805,0.2315429159668433,0.19622365318737806,0.24184425101060492,0.11883983522488017,0.25153865357850114
ppo_with_uncertainty_guard,XLU,test_legacy,var_95,23,-0.01576833572422131,0.003127078802579213,-0.0172820025127292,-0.017838192303417433,-0.013962042498682069,-0.018412591869642548,-0.007471218157512193
ppo_with_uncertainty_guard,XLU,test_legacy,var_95_violation_rate,23,0.05000000000000002,1.4189687151543036e-17,0.05,0.05,0.05,0.05,0.05
ppo_with_uncertainty_guard,XLU,test_legacy,capital_preservation_rate_95pct_hwm,23,0.9360520449080078,0.011579334160064531,0.9297810740164286,0.929625361040259,0.935060679266457,0.9296253307018353,0.9653807582046725
ppo_with_uncertainty_guard,XLU,wf_2018_2019,final_portfolio_value,10,1226649.3556719846,107407.91074772915,1251060.369718317,1179908.863551714,1292570.6393843389,983162.1478374676,1347386.7851593995
ppo_with_uncertainty_guard,XLU,wf_2018_2019,annualized_return,10,0.1122038024831499,0.052467742046331166,0.12470577261141955,0.09071614557582874,0.1442280998393881,-0.00887551868426126,0.16945482182711696
ppo_with_uncertainty_guard,XLU,wf_2018_2019,annualized_volatility,10,0.09050061250620896,0.03301507659838015,0.09919184071455395,0.07892311944422005,0.11008002701321261,0.011560251499207547,0.12499899456204526
ppo_with_uncertainty_guard,XLU,wf_2018_2019,sharpe_ratio,10,0.9817257784663015,0.6198073584446132,1.1747714568504377,1.0989837917899434,1.232631951004676,-0.7711785767223769,1.2523098902889862
ppo_with_uncertainty_guard,XLU,wf_2018_2019,max_drawdown,10,0.06524195342994916,0.018117421747929165,0.06897806883938806,0.05598650821865231,0.07741692397721472,0.027499632288795595,0.08658626527666591
ppo_with_uncertainty_guard,XLU,wf_2018_2019,var_95,10,-0.009079013282215378,0.0037642437184016455,-0.009957240295462633,-0.01133380757465141,-0.007753785514542554,-0.012900192505847218,0.0
ppo_with_uncertainty_guard,XLU,wf_2018_2019,var_95_violation_rate,10,0.04708333333333333,0.009223309842157773,0.05,0.05,0.05,0.020833333333333332,0.05
ppo_with_uncertainty_guard,XLU,wf_2018_2019,capital_preservation_rate_95pct_hwm,10,0.9955842345616398,0.004423269649304852,0.9968790463714058,0.9967490141659665,0.9973546917911046,0.9831621478374676,0.9980873272419323
ppo_with_uncertainty_guard,XLU,wf_2024_2025,final_portfolio_value,10,1208066.71204769,196778.81816640077,1236738.1787687065,995050.673722936,1385169.4783194605,994170.0659238358,1455456.9586146623
ppo_with_uncertainty_guard,XLU,wf_2024_2025,annualized_return,10,0.10121917020691835,0.09525770542298026,0.11814901345143572,-0.0026068820084033514,0.186975669053868,-0.003071354315496599,0.21829740831067773
ppo_with_uncertainty_guard,XLU,wf_2024_2025,annualized_volatility,10,0.0815345384633002,0.06340950347708868,0.10054151951130336,0.01167595203273664,0.1335837576506124,0.011671044695343538,0.1529035836347272
ppo_with_uncertainty_guard,XLU,wf_2024_2025,sharpe_ratio,10,0.6392440740151017,0.7547641989555508,1.1258712839663327,-0.223651815814296,1.2511407579113534,-0.2631190317494166,1.2918152510222636
ppo_with_uncertainty_guard,XLU,wf_2024_2025,max_drawdown,10,0.06142137486670969,0.040246536217753814,0.0742267777935835,0.017321048324135613,0.09366883394086487,0.017321048324135613,0.10504305910519263
ppo_with_uncertainty_guard,XLU,wf_2024_2025,var_95,10,-0.00751435894620279,0.006681812247243677,-0.010355364564187662,-0.012958502576894659,0.0,-0.014434113030283057,0.0
ppo_with_uncertainty_guard,XLU,wf_2024_2025,var_95_violation_rate,10,0.03736951983298538,0.016973258141275864,0.05010438413361169,0.01826722338204593,0.05010438413361169,0.014613778705636743,0.05010438413361169
ppo_with_uncertainty_guard,XLU,wf_2024_2025,capital_preservation_rate_95pct_hwm,10,0.9575804606226541,0.026193377002138293,0.9508546726269866,0.9340146928733177,0.9859869393018931,0.9296253309814779,0.9862051342028226
ppo_with_uncertainty_guard,XLV,test_legacy,final_portfolio_value,13,1212516.958057659,108437.63636640663,1266168.092437337,1249585.0825362788,1267508.9928710456,976403.901024966,1272958.9643690062
ppo_with_uncertainty_guard,XLV,test_legacy,annualized_return,13,0.049988245955130454,0.025594072834492065,0.06256357098929563,0.05896752636862762,0.0628528146137325,-0.0061214870657977085,0.06402608567679972
ppo_with_uncertainty_guard,XLV,test_legacy,annualized_volatility,13,0.11713668051668108,0.05090268105943099,0.14173063308329206,0.1354064466843904,0.14536419539422019,0.0113699485439752,0.14745605399677342
ppo_with_uncertainty_guard,XLV,test_legacy,sharpe_ratio,13,0.30252368293483367,0.32421570954849155,0.41935247947694093,0.4139700213351723,0.43007589317410094,-0.5400388955978529,0.5282327608034505
ppo_with_uncertainty_guard,XLV,test_legacy,max_drawdown,13,0.1420666541631173,0.05384751549315161,0.17077113533549138,0.16507300218318532,0.17109001674407953,0.034092601777682474,0.17109002731163514
ppo_with_uncertainty_guard,XLV,test_legacy,var_95,13,-0.011503041189564588,0.005087715781328955,-0.01392162491571689,-0.014366589606876623,-0.013326280391527768,-0.014531268225634175,-0.0008158215825508463
ppo_with_uncertainty_guard,XLV,test_legacy,var_95_violation_rate,13,0.05000000000000001,7.222229756833248e-18,0.05,0.05,0.05,0.05,0.05
ppo_with_uncertainty_guard,XLV,test_legacy,capital_preservation_rate_95pct_hwm,13,0.9836850894706763,0.005649328247155035,0.9855356508718549,0.9855356486969642,0.9855860855691206,0.9685640630331537,0.9890614480607125
ppo_with_uncertainty_guard,XLV,wf_2018_2019,final_portfolio_value,10,1157689.5363716306,73061.69526742506,1165192.3048301986,1119549.509889027,1211581.9746940094,998946.6861795688,1241986.505658897
ppo_with_uncertainty_guard,XLV,wf_2018_2019,annualized_return,10,0.07940809574018955,0.03630851973908459,0.08357390486920374,0.061027024002237015,0.10600039782435237,-0.0005531281644558618,0.12049870909947397
ppo_with_uncertainty_guard,XLV,wf_2018_2019,annualized_volatility,10,0.1130684349208867,0.029565352920718078,0.11834483418426456,0.09850944162495373,0.13325696980020424,0.04813775125795053,0.14766481034769124
ppo_with_uncertainty_guard,XLV,wf_2018_2019,sharpe_ratio,10,0.6203931698991199,0.234991051757082,0.6807498962683785,0.6159207817380737,0.7349860741199629,-0.011493668840994748,0.8065823115634707
ppo_with_uncertainty_guard,XLV,wf_2018_2019,max_drawdown,10,0.11950158836318185,0.03315434039158621,0.125182333926998,0.10443754616067735,0.14612035020829126,0.05502264110329935,0.15441400047005882
ppo_with_uncertainty_guard,XLV,wf_2018_2019,var_95,10,-0.01177199788232335,0.0031363536483361896,-0.012576843271874066,-0.013836846920005284,-0.010635875713923814,-0.01541404403417789,-0.004641882509124606
ppo_with_uncertainty_guard,XLV,wf_2018_2019,var_95_violation_rate,10,0.05,0.0,0.05,0.05,0.05,0.05,0.05
ppo_with_uncertainty_guard,XLV,wf_2018_2019,capital_preservation_rate_95pct_hwm,10,0.9948907436144119,0.011418952994265855,0.998410592604178,0.9983513526277374,0.998634538180078,0.962394499819365,0.9987380898485971
ppo_with_uncertainty_guard,XLV,wf_2020_2021,final_portfolio_value,10,1391807.6633865577,89262.96413813182,1446603.469446289,1302403.4068635348,1455834.569741401,1263639.9688502194,1479837.5444054406
ppo_with_uncertainty_guard,XLV,wf_2020_2021,annualized_return,10,0.18812449536359638,0.04021448189046696,0.21292209065366666,0.14804781203366213,0.2169660586844387,0.13013644978979844,0.22741541581906138
ppo_with_uncertainty_guard,XLV,wf_2020_2021,annualized_volatility,10,0.1574133292205604,0.025430850602302754,0.1620726442828977,0.1500192857867398,0.1722518187239096,0.10518015433158379,0.1922978563974659
ppo_with_uncertainty_guard,XLV,wf_2020_2021,sharpe_ratio,10,1.0908547955443986,0.11803646089079578,1.107345156418982,1.0686409766154437,1.168358990014617,0.8399163081593656,1.2237275994480534
ppo_with_uncertainty_guard,XLV,wf_2020_2021,max_drawdown,10,0.16434424940002762,0.029867749169500118,0.16272854102758488,0.15199295561994153,0.1859801985979519,0.09921922841134656,0.20305769276441077
ppo_with_uncertainty_guard,XLV,wf_2020_2021,var_95,10,-0.01414880288762942,0.0021938861199472743,-0.01535076161640565,-0.01553452192083431,-0.012738125206037742,-0.016593689174972504,-0.01045889971713434
ppo_with_uncertainty_guard,XLV,wf_2020_2021,var_95_violation_rate,10,0.05186721991701245,0.0,0.05186721991701245,0.05186721991701245,0.05186721991701245,0.05186721991701245,0.05186721991701245
ppo_with_uncertainty_guard,XLV,wf_2020_2021,capital_preservation_rate_95pct_hwm,10,1.0,0.0,1.0,1.0,1.0,1.0,1.0
ppo_with_uncertainty_guard,XLV,wf_2022_2023,final_portfolio_value,10,1048673.3280652366,24116.174676782026,1058296.258621524,1051761.986859426,1061819.6742927846,990145.1449541452,1064539.7443104633
ppo_with_uncertainty_guard,XLV,wf_2022_2023,annualized_return,10,0.025256369582086415,0.012518740048266972,0.030257491735332424,0.026905037964901637,0.03206060864391048,-0.005196765828296418,0.03345068512585868
ppo_with_uncertainty_guard,XLV,wf_2022_2023,annualized_volatility,10,0.11854270481880162,0.034174312366960016,0.12882825476251036,0.10393019045303616,0.14219974479203865,0.03633994465140648,0.15146126817776204
ppo_with_uncertainty_guard,XLV,wf_2022_2023,sharpe_ratio,10,0.18461619044440353,0.12438766767060004,0.22168666156093148,0.20900553653835538,0.24170930449561218,-0.14337647650640886,0.28161934627610274
ppo_with_uncertainty_guard,XLV,wf_2022_2023,max_drawdown,10,0.1165203601046004,0.029558786799772137,0.12086668396813244,0.10220572641150716,0.13690974861863656,0.05399537303269031,0.15538849173088132
ppo_with_uncertainty_guard,XLV,wf_2022_2023,var_95,10,-0.011922854642558675,0.003500275861197211,-0.012874692636309337,-0.01432745726907334,-0.01067349271059883,-0.01501495689382093,-0.0032538382244089443
ppo_with_uncertainty_guard,XLV,wf_2022_2023,var_95_violation_rate,10,0.05010438413361169,0.0,0.05010438413361169,0.05010438413361169,0.05010438413361169,0.05010438413361169,0.05010438413361169
ppo_with_uncertainty_guard,XLV,wf_2022_2023,capital_preservation_rate_95pct_hwm,10,0.9867095612421466,0.014914644440056081,0.9931428950413224,0.9881920278896005,0.9935394310079564,0.9517275271261226,0.9995635014078506
ppo_with_uncertainty_guard_epistemic,AAPL,test_legacy,final_portfolio_value,10,1468732.823635279,253294.10139437558,1624566.6127757346,1249621.670573335,1668353.6205501861,1034202.2064839344,1685642.1655850718
ppo_with_uncertainty_guard_epistemic,AAPL,test_legacy,annualized_return,10,0.10084567505045212,0.051408440965452634,0.132865778905391,0.05883934464155333,0.14066805480655534,0.008685295356546318,0.1436973092752707
ppo_with_uncertainty_guard_epistemic,AAPL,test_legacy,annualized_volatility,10,0.2030984196998721,0.08117603751124046,0.2350636660305701,0.12945584000027807,0.27161451256625807,0.07198645516387005,0.277169215786383
ppo_with_uncertainty_guard_epistemic,AAPL,test_legacy,sharpe_ratio,10,0.4378357586347271,0.12831947417347214,0.48037334972291595,0.43400765465435087,0.4926570818021847,0.12013060048751208,0.5913614881916813
ppo_with_uncertainty_guard_epistemic,AAPL,test_legacy,max_drawdown,10,0.26533187144772247,0.08331346290422557,0.30867434591904214,0.20023011597302526,0.33360520730618637,0.11515653571970519,0.3336052192610055
ppo_with_uncertainty_guard_epistemic,AAPL,test_legacy,var_95,10,-0.02095589223182916,0.008743822541647666,-0.024146026768708716,-0.02828926797847999,-0.012987511542529617,-0.029189651360164513,-0.007616829357168341
ppo_with_uncertainty_guard_epistemic,AAPL,test_legacy,var_95_violation_rate,10,0.05,0.0,0.05,0.05,0.05,0.05,0.05
ppo_with_uncertainty_guard_epistemic,AAPL,test_legacy,capital_preservation_rate_95pct_hwm,10,0.9651557426210898,0.01120940766950197,0.9584342674027924,0.9565674121912278,0.9714908355453729,0.9565674121730682,0.9858418348976288
ppo_with_uncertainty_guard_epistemic,AMAT,test_legacy,final_portfolio_value,10,1783583.7637689584,372826.54426562047,1877266.8701348107,1498734.3532466064,2110684.062869262,1238953.8337234198,2149842.108886867
ppo_with_uncertainty_guard_epistemic,AMAT,test_legacy,annualized_return,10,0.15573329450296233,0.06534214177652913,0.1747256962902609,0.10911757828518856,0.2117614621587255,0.05664343826639175,0.2175196351750012
ppo_with_uncertainty_guard_epistemic,AMAT,test_legacy,annualized_volatility,10,0.29662403313481406,0.12219699006547113,0.33046061010042393,0.18138291249624938,0.40311218844999347,0.11446219711011683,0.41663605858251224
ppo_with_uncertainty_guard_epistemic,AMAT,test_legacy,sharpe_ratio,10,0.4866258347766725,0.0653209155621784,0.4796269779625558,0.47398774470923755,0.4854785765183254,0.3621179851993688,0.6283941761332741
ppo_with_uncertainty_guard_epistemic,AMAT,test_legacy,max_drawdown,10,0.38661996581459646,0.12599614022778946,0.4262068967762474,0.28702994310292385,0.49709623248099577,0.17074364408216003,0.4988191680525421
ppo_with_uncertainty_guard_epistemic,AMAT,test_legacy,var_95,10,-0.028621321781658875,0.011753297777703661,-0.03214274788113758,-0.0388206798003414,-0.017675040439782054,-0.04079839125771025,-0.01106828546412224
ppo_with_uncertainty_guard_epistemic,AMAT,test_legacy,var_95_violation_rate,10,0.05,0.0,0.05,0.05,0.05,0.05,0.05
ppo_with_uncertainty_guard_epistemic,AMAT,test_legacy,capital_preservation_rate_95pct_hwm,10,0.9655610571161851,0.011503346071258701,0.9601255971733289,0.956062472840131,0.9754492083481728,0.9560241204320571,0.983225608774321
ppo_with_uncertainty_guard_epistemic,AMD,test_legacy,final_portfolio_value,10,1522221.1119437679,478827.29120129376,1600980.02687479,1013329.2975906739,1933468.2713902856,1004420.1879814115,2070084.0441698811
ppo_with_uncertainty_guard_epistemic,AMD,test_legacy,annualized_return,10,0.10406890561266022,0.09314380140002211,0.126596265366406,0.0034097800214520583,0.18475528764649424,0.0011347584598561857,0.20574106262376776
ppo_with_uncertainty_guard_epistemic,AMD,test_legacy,annualized_volatility,10,0.26401905200539366,0.21743367820884602,0.30818440319682316,0.02820313399880668,0.4533981225982898,0.025734550253338262,0.526775604965905
ppo_with_uncertainty_guard_epistemic,AMD,test_legacy,sharpe_ratio,10,0.2656779543572213,0.14943612456149144,0.32058479995731803,0.1302981834889241,0.38860483598351775,0.04399970641508667,0.42872476536111453
ppo_with_uncertainty_guard_epistemic,AMD,test_legacy,max_drawdown,10,0.3570203677997148,0.27251110695240577,0.46069192542539317,0.053045981062822156,0.6088885036123468,0.04626966059851312,0.6300028513641358
ppo_with_uncertainty_guard_epistemic,AMD,test_legacy,var_95,10,-0.025000385992516222,0.02267672798043478,-0.029554462628785225,-0.04375234230510827,-0.0005091516728259693,-0.054055856587969055,0.0
ppo_with_uncertainty_guard_epistemic,AMD,test_legacy,var_95_violation_rate,10,0.04908163265306122,0.0029041325450525953,0.05,0.05,0.05,0.04081632653061224,0.05
ppo_with_uncertainty_guard_epistemic,AMD,test_legacy,capital_preservation_rate_95pct_hwm,10,0.8826310987973749,0.06925710894496548,0.863242126831899,0.8169028965371685,0.955123153996702,0.8156849830255848,0.9655059009781753
ppo_with_uncertainty_guard_epistemic,AMZN,test_legacy,final_portfolio_value,10,1447589.7223263974,347770.52445416234,1533574.5816503307,1113587.840843839,1711200.9352173659,970802.3462626422,1922649.060135699
ppo_with_uncertainty_guard_epistemic,AMZN,test_legacy,annualized_return,10,0.09384656096285908,0.07164814926165698,0.11613886882111257,0.02589444866107251,0.1480582868259441,-0.007590800237205289,0.18304935276222295
ppo_with_uncertainty_guard_epistemic,AMZN,test_legacy,annualized_volatility,10,0.2327784260930736,0.12052842267728765,0.27632024251721493,0.15598683390173135,0.3205488219314463,0.03300232794050373,0.3502315943807808
ppo_with_uncertainty_guard_epistemic,AMZN,test_legacy,sharpe_ratio,10,0.28656293003468264,0.24049744051787003,0.3520215353887646,0.16471052649984355,0.41006192777039485,-0.13189794213248487,0.6025616458327386
ppo_with_uncertainty_guard_epistemic,AMZN,test_legacy,max_drawdown,10,0.30611889016351107,0.15282760642482304,0.3389965701519007,0.2514197377831383,0.4055636919770254,0.03656022148234561,0.48464373815691497
ppo_with_uncertainty_guard_epistemic,AMZN,test_legacy,var_95,10,-0.02172105177183547,0.012585956022594085,-0.02524161958007638,-0.03129353946807902,-0.015024373648709654,-0.03379589014576716,-1.926618487830822e-05
ppo_with_uncertainty_guard_epistemic,AMZN,test_legacy,var_95_violation_rate,10,0.05,0.0,0.05,0.05,0.05,0.05,0.05
ppo_with_uncertainty_guard_epistemic,AMZN,test_legacy,capital_preservation_rate_95pct_hwm,10,0.9284975243500522,0.024276524599063418,0.917450786730136,0.9142142279103097,0.9283643826116147,0.913661446220483,0.9897032575961745
ppo_with_uncertainty_guard_epistemic,AVGO,test_legacy,final_portfolio_value,10,5928060.564445043,757002.9502958247,6435017.9243038595,5151295.191559565,6486769.354841168,4894682.655452473,6668915.669573197
ppo_with_uncertainty_guard_epistemic,AVGO,test_legacy,annualized_return,10,0.5780368680191221,0.053087193707790775,0.6140342736825487,0.5242764490347126,0.6173621423909474,0.5043806503302829,0.6289205983869656
ppo_with_uncertainty_guard_epistemic,AVGO,test_legacy,annualized_volatility,10,0.4112506080049328,0.028512354151864233,0.4232512374533999,0.3826319631684095,0.4364051299967706,0.3748666156946911,0.4387830428810636
ppo_with_uncertainty_guard_epistemic,AVGO,test_legacy,sharpe_ratio,10,1.1078406614418443,0.0236567428170689,1.1026806036337886,1.0966614815097981,1.1197109335882849,1.0703757214277207,1.1580399030990856
ppo_with_uncertainty_guard_epistemic,AVGO,test_legacy,max_drawdown,10,0.3918301165304096,0.026067508774097664,0.4114389485784438,0.37016056878572456,0.41149664794744945,0.35054141148246243,0.41149680378564335
ppo_with_uncertainty_guard_epistemic,AVGO,test_legacy,var_95,10,-0.034983529342734,0.0019626976378342544,-0.03519238914825924,-0.03667348458426336,-0.03316207661096147,-0.03740760462976596,-0.03234460751479835
ppo_with_uncertainty_guard_epistemic,AVGO,test_legacy,var_95_violation_rate,10,0.05,0.0,0.05,0.05,0.05,0.05,0.05
ppo_with_uncertainty_guard_epistemic,AVGO,test_legacy,capital_preservation_rate_95pct_hwm,10,0.854501070233176,0.009258713678503925,0.8476625656245682,0.8476609259220726,0.8624225565981621,0.8476609251240133,0.87177876613457
ppo_with_uncertainty_guard_epistemic,AXP,test_legacy,final_portfolio_value,10,2193091.1995630106,106009.40771825997,2192090.6270638844,2137754.45388471,2257220.240204132,2024459.4639150763,2380930.781165736
ppo_with_uncertainty_guard_epistemic,AXP,test_legacy,annualized_return,10,0.22352609468358065,0.01519114833295981,0.22361959011282412,0.2157540883533081,0.23285904449216252,0.19885095438556755,0.24990711651472539
ppo_with_uncertainty_guard_epistemic,AXP,test_legacy,annualized_volatility,10,0.262004754954519,0.013801640091406036,0.2604827404578666,0.25655122844046685,0.27279985971285303,0.23883594888480583,0.28315679091528173
ppo_with_uncertainty_guard_epistemic,AXP,test_legacy,sharpe_ratio,10,0.7712256097480369,0.05798563058819948,0.7503135263187188,0.7431899281161612,0.7709412712980347,0.7051134710399041,0.8955089531145548
ppo_with_uncertainty_guard_epistemic,AXP,test_legacy,max_drawdown,10,0.28134166321674603,0.01063627813830224,0.2875091866214814,0.2790983035500436,0.28756285386951685,0.26115422054931625,0.28757424454178904
ppo_with_uncertainty_guard_epistemic,AXP,test_legacy,var_95,10,-0.02508885799165312,0.0017941836002492947,-0.024999586750993695,-0.026268278178188685,-0.024115647377601256,-0.027845368885814636,-0.02203340182280531
ppo_with_uncertainty_guard_epistemic,AXP,test_legacy,var_95_violation_rate,10,0.05,0.0,0.05,0.05,0.05,0.05,0.05
ppo_with_uncertainty_guard_epistemic,AXP,test_legacy,capital_preservation_rate_95pct_hwm,10,0.9756355812891148,0.0009145606701038444,0.9751364570892704,0.9751358044177886,0.9757051078813739,0.9751357232272418,0.9777477748031965
ppo_with_uncertainty_guard_epistemic,BA,test_legacy,final_portfolio_value,10,1061682.2862669101,106107.4628686417,1027741.3518588841,973597.7997482595,1147931.2936897113,943709.2293846434,1251287.356552033
ppo_with_uncertainty_guard_epistemic,BA,test_legacy,annualized_return,10,0.01465548461874453,0.025764604112344606,0.0070350014669284255,-0.006901127171763697,0.03608764839276127,-0.014787703903444221,0.05933829340591301
ppo_with_uncertainty_guard_epistemic,BA,test_legacy,annualized_volatility,10,0.18819340381494795,0.15686716955938762,0.18458046850606655,0.049458895766858746,0.3380553966093429,0.008526289839676843,0.3619732682467055
ppo_with_uncertainty_guard_epistemic,BA,test_legacy,sharpe_ratio,10,0.051394234416991855,0.20742494506556589,0.09243595231851692,-0.09283924126089554,0.15760920308926502,-0.31444114157945713,0.3231356924727433
ppo_with_uncertainty_guard_epistemic,BA,test_legacy,max_drawdown,10,0.2836642151321464,0.2049282702742579,0.29916201767359085,0.14277442873683882,0.4823822212144805,0.010683121927926198,0.48314223312771976
ppo_with_uncertainty_guard_epistemic,BA,test_legacy,var_95,10,-0.018036581880951853,0.015502511744575726,-0.017911766847278354,-0.03316829150759046,-0.004488378202394893,-0.03475416565744327,0.0
ppo_with_uncertainty_guard_epistemic,BA,test_legacy,var_95_violation_rate,10,0.045,0.010565591678696485,0.05,0.05,0.05,0.02346938775510204,0.05
ppo_with_uncertainty_guard_epistemic,BA,test_legacy,capital_preservation_rate_95pct_hwm,10,0.8918345157971883,0.06915293995788399,0.8894603902126683,0.8230193491409876,0.9341385631761182,0.8220759416028592,0.993910973591682
ppo_with_uncertainty_guard_epistemic,BLK,test_legacy,final_portfolio_value,10,1397047.3415610378,304586.2261308417,1551691.3599927714,1117543.9242467359,1580795.0995287502,927989.7604684065,1681452.3110603837
ppo_with_uncertainty_guard_epistemic,BLK,test_legacy,annualized_return,10,0.08472094024350404,0.0662033542359658,0.11959937422036045,0.024926014831983465,0.12496607823814548,-0.01903398524611162,0.14296563047927657
ppo_with_uncertainty_guard_epistemic,BLK,test_legacy,annualized_volatility,10,0.1747099427014668,0.110596356118436,0.2289969367481775,0.07524418991368703,0.25393176259369993,0.008961040201849095,0.26252008242073144
ppo_with_uncertainty_guard_epistemic,BLK,test_legacy,sharpe_ratio,10,0.1492482361373698,0.5499739468675447,0.4643789034492907,-0.35287190122726136,0.4773759330640018,-0.6932259830373563,0.5994485554662051
ppo_with_uncertainty_guard_epistemic,BLK,test_legacy,max_drawdown,10,0.20478700595638594,0.10577657794050407,0.25007715867122177,0.14561923462323528,0.28040628908196696,0.024807411481963082,0.2960566252261416
ppo_with_uncertainty_guard_epistemic,BLK,test_legacy,var_95,10,-0.016133815420045838,0.010629731006640327,-0.02123185672649823,-0.023813316082287116,-0.0070444085376369266,-0.024924528884195496,0.0
ppo_with_uncertainty_guard_epistemic,BLK,test_legacy,var_95_violation_rate,10,0.046122448979591835,0.012261892967999842,0.05,0.05,0.05,0.011224489795918367,0.05
ppo_with_uncertainty_guard_epistemic,BLK,test_legacy,capital_preservation_rate_95pct_hwm,10,0.9253297316272592,0.027384978498935137,0.9095997334756534,0.9094519866049521,0.9250444788589893,0.9094519581275987,0.9784571023546713
ppo_with_uncertainty_guard_epistemic,BRK-B,test_legacy,final_portfolio_value,10,1563844.7499275696,38680.968403415376,1575303.5539233736,1547922.9844833235,1587728.9576918576,1474619.3988401317,1603979.2109491578
ppo_with_uncertainty_guard_epistemic,BRK-B,test_legacy,annualized_return,10,0.1217917613591419,0.007218998271423364,0.12395950064359901,0.1188955351519794,0.12623234883119908,0.10503196881818415,0.1291857505069192
ppo_with_uncertainty_guard_epistemic,BRK-B,test_legacy,annualized_volatility,10,0.16230395733586775,0.01330463959077993,0.16894914635549815,0.15061776264198073,0.1714236689235958,0.13966547677207292,0.1744541458814777
ppo_with_uncertainty_guard_epistemic,BRK-B,test_legacy,sharpe_ratio,10,0.7111551110165875,0.05855590042700874,0.6872485482575559,0.6789512046181286,0.715714888062907,0.6661459194664145,0.8594688953592092
ppo_with_uncertainty_guard_epistemic,BRK-B,test_legacy,max_drawdown,10,0.21885061337542608,0.036877601350429154,0.23143080565164043,0.20125620213531148,0.24307731238471264,0.14837464606765927,0.25935249087814927
ppo_with_uncertainty_guard_epistemic,BRK-B,test_legacy,var_95,10,-0.015480097131451773,0.0012811911840292611,-0.015940314670727672,-0.016381123465745606,-0.014509964989033917,-0.016814827078181337,-0.01307931309815684
ppo_with_uncertainty_guard_epistemic,BRK-B,test_legacy,var_95_violation_rate,10,0.05,0.0,0.05,0.05,0.05,0.05,0.05
ppo_with_uncertainty_guard_epistemic,BRK-B,test_legacy,capital_preservation_rate_95pct_hwm,10,0.9287271359546521,0.0008854021767932117,0.9282288083243547,0.9282141521095204,0.9288704376907531,0.9282141517667801,0.9308409119793484
ppo_with_uncertainty_guard_epistemic,C,test_legacy,final_portfolio_value,10,2014047.103829046,402975.6564490204,2175733.166906027,2036637.6148533951,2228848.523558266,985269.6310120525,2293291.877142973
ppo_with_uncertainty_guard_epistemic,C,test_legacy,annualized_return,10,0.19176206488197411,0.0740668136153818,0.22124343424688903,0.20067786421128886,0.22887061187580143,-0.003808712493898609,0.23791134388929996
ppo_with_uncertainty_guard_epistemic,C,test_legacy,annualized_volatility,10,0.24180555734864795,0.06992839056428447,0.26874577992320575,0.2555422136247044,0.2803764035504863,0.06548060753977156,0.28773681058524586
ppo_with_uncertainty_guard_epistemic,C,test_legacy,sharpe_ratio,10,0.6602697556544318,0.2531128031347134,0.7421290560882741,0.7177325089382693,0.749855524052477,-0.05827641192013274,0.7658824148962536
ppo_with_uncertainty_guard_epistemic,C,test_legacy,max_drawdown,10,0.29862511304239386,0.056457958125765054,0.32107200334295527,0.30724781676556356,0.3285087957373217,0.16761976550861157,0.3434147274941973
ppo_with_uncertainty_guard_epistemic,C,test_legacy,var_95,10,-0.021278497373756623,0.005876487938463354,-0.02355910068246314,-0.024442784333064394,-0.02245804646067391,-0.025297083887078384,-0.006602551956754787
ppo_with_uncertainty_guard_epistemic,C,test_legacy,var_95_violation_rate,10,0.05,0.0,0.05,0.05,0.05,0.05,0.05
ppo_with_uncertainty_guard_epistemic,C,test_legacy,capital_preservation_rate_95pct_hwm,10,0.9736837698335646,0.003263628792216162,0.9720843150293352,0.9717834842423823,0.974030076538347,0.9716669668832137,0.9821675347923928
ppo_with_uncertainty_guard_epistemic,CAT,test_legacy,final_portfolio_value,10,2810040.1648684656,262454.64021456154,2927903.975427217,2715281.796903682,3005929.4943844033,2260240.4963335125,3014794.0159552176
ppo_with_uncertainty_guard_epistemic,CAT,test_legacy,annualized_return,10,0.3032724319523538,0.032670899337621226,0.3181547191454758,0.29282056083885977,0.32711387983822515,0.23329888551035116,0.3281211110010379
ppo_with_uncertainty_guard_epistemic,CAT,test_legacy,annualized_volatility,10,0.26630457714000116,0.026659156216241785,0.2746034225656808,0.2524498868941364,0.2852169572423018,0.20697967183649416,0.29369215808460675
ppo_with_uncertainty_guard_epistemic,CAT,test_legacy,sharpe_ratio,10,0.9943708219469463,0.03161394853261407,0.990148047779688,0.9820916101630889,1.010013440110816,0.9425132805272641,1.0611531899935709
ppo_with_uncertainty_guard_epistemic,CAT,test_legacy,max_drawdown,10,0.3309780628044404,0.013286397144222178,0.33833670996827486,0.32136145494846463,0.3403339060370839,0.3039985078444928,0.34047141877092413
ppo_with_uncertainty_guard_epistemic,CAT,test_legacy,var_95,10,-0.025049017129722434,0.0025703886913086113,-0.026179270564362422,-0.026955394889659368,-0.02361420181590579,-0.027350120238494924,-0.019184161112335296
ppo_with_uncertainty_guard_epistemic,CAT,test_legacy,var_95_violation_rate,10,0.05,0.0,0.05,0.05,0.05,0.05,0.05
ppo_with_uncertainty_guard_epistemic,CAT,test_legacy,capital_preservation_rate_95pct_hwm,10,0.925893143483132,0.0015663178903574872,0.9249601979092175,0.9248766723585468,0.9262403091445484,0.9248733862949753,0.9295352288392601
ppo_with_uncertainty_guard_epistemic,COPX,test_legacy,final_portfolio_value,10,1872474.0893756705,338511.015550652,2029752.3832571544,1727432.1980580736,2083918.16155554,1068299.2387289715,2188273.3890927103
ppo_with_uncertainty_guard_epistemic,COPX,test_legacy,annualized_return,10,0.17103568619768753,0.06173278828118353,0.19965088785946247,0.15088691010277278,0.20779818923355378,0.017134017146821185,0.2230795133058672
ppo_with_uncertainty_guard_epistemic,COPX,test_legacy,annualized_volatility,10,0.26621449636325173,0.09726259797068842,0.297914821747846,0.24884035568301138,0.325428049307227,0.021625055394876243,0.34047404888314126
ppo_with_uncertainty_guard_epistemic,COPX,test_legacy,sharpe_ratio,10,0.6089996020615055,0.0776690078103404,0.5925913609703741,0.5541134887092876,0.6327935869548328,0.5295128662890181,0.7856054147494687
ppo_with_uncertainty_guard_epistemic,COPX,test_legacy,max_drawdown,10,0.33354910247893915,0.11663528935160407,0.3889477640966251,0.32352802284048965,0.3970456313587077,0.022470496477313917,0.3972276856440373
ppo_with_uncertainty_guard_epistemic,COPX,test_legacy,var_95,10,-0.0265091293271424,0.009993510312424044,-0.030189818574292683,-0.03216435039492853,-0.024552251508723023,-0.03486135581898999,-0.0015248210905294713
ppo_with_uncertainty_guard_epistemic,COPX,test_legacy,var_95_violation_rate,10,0.05,0.0,0.05,0.05,0.05,0.05,0.05
ppo_with_uncertainty_guard_epistemic,COPX,test_legacy,capital_preservation_rate_95pct_hwm,10,0.9698296446228423,0.011296839242767854,0.964358014726642,0.9639420696200016,0.9690518415335039,0.9639414194002653,0.9995850254159366
ppo_with_uncertainty_guard_epistemic,COST,test_legacy,final_portfolio_value,10,1721715.1472814917,137870.70897736485,1767570.9544459386,1748970.8015822573,1784298.7024706954,1374575.7539045743,1837406.652650941
ppo_with_uncertainty_guard_epistemic,COST,test_legacy,annualized_return,10,0.14924754207966823,0.025089620578043734,0.15773962190460109,0.15459304724393683,0.16054723020640438,0.08524823681550033,0.16933379576668148
ppo_with_uncertainty_guard_epistemic,COST,test_legacy,annualized_volatility,10,0.20577239648026904,0.02883780691064138,0.21537821111429295,0.20651701906124517,0.22235479172481437,0.13274281628728812,0.22946762266224216
ppo_with_uncertainty_guard_epistemic,COST,test_legacy,sharpe_ratio,10,0.6734432336650397,0.04389815488522755,0.6594846677831466,0.6455889753779064,0.6901516750043963,0.6162943876752089,0.7610396234293738
ppo_with_uncertainty_guard_epistemic,COST,test_legacy,max_drawdown,10,0.24191048168894885,0.036116764203670076,0.2432138107877278,0.21070339309098765,0.26909365618810854,0.18731653211075228,0.30121864461062486
ppo_with_uncertainty_guard_epistemic,COST,test_legacy,var_95,10,-0.018406030967886754,0.002704753597370026,-0.01905937337043242,-0.020312891793693465,-0.018386348492847083,-0.020485148706989253,-0.011846537588678263
ppo_with_uncertainty_guard_epistemic,COST,test_legacy,var_95_violation_rate,10,0.05,0.0,0.05,0.05,0.05,0.05,0.05
ppo_with_uncertainty_guard_epistemic,COST,test_legacy,capital_preservation_rate_95pct_hwm,10,0.8195010312540715,0.02537637438188103,0.8092103510588552,0.8092099279213815,0.8092254332811589,0.8092099263073809,0.8885976176190687
ppo_with_uncertainty_guard_epistemic,CRM,test_legacy,final_portfolio_value,10,1101117.6724757212,191281.1261093002,962180.8093828768,957928.0302682668,1287817.1975234386,943013.1629508171,1381193.7550330143
ppo_with_uncertainty_guard_epistemic,CRM,test_legacy,annualized_return,10,0.02251273827166474,0.04471707382760791,-0.00986462400569574,-0.010992281694388121,0.06715876872258038,-0.014974615304013698,0.08658941521134365
ppo_with_uncertainty_guard_epistemic,CRM,test_legacy,annualized_volatility,10,0.14763564446339775,0.164754171093934,0.026130496281069636,0.017509223189311796,0.3312180169463187,0.017458509553754616,0.3615904116561377
ppo_with_uncertainty_guard_epistemic,CRM,test_legacy,sharpe_ratio,10,-0.2668822477933216,0.41667018988045257,-0.5158388221914061,-0.5747151228899018,0.18780742719940452,-0.6905884085121327,0.24774108970359915
ppo_with_uncertainty_guard_epistemic,CRM,test_legacy,max_drawdown,10,0.18370016162594974,0.1742961457672198,0.06510320266529851,0.041249263908666095,0.37895047197282666,0.040566966754119416,0.4096458332012909
ppo_with_uncertainty_guard_epistemic,CRM,test_legacy,var_95,10,-0.012949283951686841,0.016447643516048105,-0.000787307419131622,-0.030951027241587693,0.0,-0.034862730805358844,0.0
ppo_with_uncertainty_guard_epistemic,CRM,test_legacy,var_95_violation_rate,10,0.04,0.015711193264051248,0.05,0.03214285714285715,0.05,0.012244897959183673,0.05
ppo_with_uncertainty_guard_epistemic,CRM,test_legacy,capital_preservation_rate_95pct_hwm,10,0.866559040499636,0.1152238681305498,0.9455355893757202,0.7329654070174365,0.9603764015494125,0.7292625482644893,0.9622388160443589
ppo_with_uncertainty_guard_epistemic,DIA,test_legacy,final_portfolio_value,10,1413856.1934176176,162775.79795044824,1496796.1967578602,1410592.1958806175,1505278.170972036,1079671.6266575973,1540758.2819700285
ppo_with_uncertainty_guard_epistemic,DIA,test_legacy,annualized_return,10,0.09176678465922,0.03442777800934773,0.10928124227048075,0.09247492022186922,0.11089437702988439,0.019907346075102958,0.1175696228171907
ppo_with_uncertainty_guard_epistemic,DIA,test_legacy,annualized_volatility,10,0.12460667753713026,0.0345333808598588,0.1397779152913317,0.12623574567785564,0.14704940767651206,0.05664988328543752,0.14993381170063141
ppo_with_uncertainty_guard_epistemic,DIA,test_legacy,sharpe_ratio,10,0.6725126499101126,0.13031187134731564,0.7080915121652045,0.6885624209148882,0.7307826361104617,0.3479571291110989,0.8002575596479534
ppo_with_uncertainty_guard_epistemic,DIA,test_legacy,max_drawdown,10,0.14588602474397788,0.032627900597614515,0.15949661207871024,0.14707824278836779,0.1643747618227197,0.07887807530142554,0.17432785757327984
ppo_with_uncertainty_guard_epistemic,DIA,test_legacy,var_95,10,-0.012092302641356457,0.0033366579673724515,-0.013445795021921825,-0.014423551253776746,-0.012108985162759156,-0.0144235688024839,-0.0054757800969166045
ppo_with_uncertainty_guard_epistemic,DIA,test_legacy,var_95_violation_rate,10,0.05,0.0,0.05,0.05,0.05,0.05,0.05
ppo_with_uncertainty_guard_epistemic,DIA,test_legacy,capital_preservation_rate_95pct_hwm,10,0.9954300281715429,0.000817346119331887,0.9949902416135186,0.9949900485327761,0.9953814943811315,0.9949900485324883,0.9972705621348116
ppo_with_uncertainty_guard_epistemic,EEMX,test_legacy,final_portfolio_value,10,1196397.9523946177,172857.13164629744,1185667.9144348493,1027938.6674432806,1334344.9733625995,978166.232817009,1427853.5891405053
ppo_with_uncertainty_guard_epistemic,EEMX,test_legacy,annualized_return,10,0.04528982365555707,0.03915706505873616,0.04476317481512221,0.006883560335073926,0.07699031101859942,-0.00566051459157254,0.09591230384415743
ppo_with_uncertainty_guard_epistemic,EEMX,test_legacy,annualized_volatility,10,0.10043734714636618,0.07036662943030005,0.1143838885303365,0.029753015407484408,0.15950229995184384,0.005171056186611918,0.1744874737813965
ppo_with_uncertainty_guard_epistemic,EEMX,test_legacy,sharpe_ratio,10,0.21208732620249343,0.4109369490347449,0.3844410312508715,0.022396721609618073,0.4269906447727259,-0.7367395849297178,0.6044601416814916
ppo_with_uncertainty_guard_epistemic,EEMX,test_legacy,max_drawdown,10,0.15171049399024322,0.1010156615474327,0.17520122947999373,0.06362274312359464,0.21091112354910668,0.007057639695864926,0.26754598428962617
ppo_with_uncertainty_guard_epistemic,EEMX,test_legacy,var_95,10,-0.009813137671893101,0.007274478181888816,-0.011056989152803086,-0.01602051373002571,-0.00255656846066199,-0.017546218773016875,0.0
ppo_with_uncertainty_guard_epistemic,EEMX,test_legacy,var_95_violation_rate,10,0.04459183673469388,0.012672521791340199,0.05,0.05,0.05,0.011224489795918367,0.05
ppo_with_uncertainty_guard_epistemic,EEMX,test_legacy,capital_preservation_rate_95pct_hwm,10,0.9890698858915774,0.005916857764830565,0.9881000937045246,0.9878890018727234,0.9924462093847906,0.9749635959565213,0.9964198659480594
ppo_with_uncertainty_guard_epistemic,GLD,test_legacy,final_portfolio_value,10,2108944.6076662755,445919.1089466696,2310694.8304163627,2272837.369428802,2329939.144567183,1087749.7559015416,2342529.0545356544
ppo_with_uncertainty_guard_epistemic,GLD,test_legacy,annualized_return,10,0.20551753904929176,0.0773989121076883,0.24031976900763957,0.2350543759356417,0.24296702512084362,0.021864166292979857,0.24469187208454876
ppo_with_uncertainty_guard_epistemic,GLD,test_legacy,annualized_volatility,10,0.1361701468347044,0.04449423692679295,0.15721399515022935,0.15153160955380676,0.1591018815506378,0.03881553494304978,0.16015419993438126
ppo_with_uncertainty_guard_epistemic,GLD,test_legacy,sharpe_ratio,10,1.3059603426940511,0.26706454559604403,1.3716261945087849,1.348608364091693,1.3961945659629338,0.5572120758231909,1.4971625848836712
ppo_with_uncertainty_guard_epistemic,GLD,test_legacy,max_drawdown,10,0.1619094096516917,0.0473241141239923,0.17699331137477065,0.15724259228915494,0.19510231664341302,0.07675753451374479,0.20317208996103053
ppo_with_uncertainty_guard_epistemic,GLD,test_legacy,var_95,10,-0.013059131543345199,0.004498561422851484,-0.015033614763648773,-0.015474667089861449,-0.014569858631017008,-0.015624068228591081,-0.0033675018025159705
ppo_with_uncertainty_guard_epistemic,GLD,test_legacy,var_95_violation_rate,10,0.05,0.0,0.05,0.05,0.05,0.05,0.05
ppo_with_uncertainty_guard_epistemic,GLD,test_legacy,capital_preservation_rate_95pct_hwm,10,0.9605321138698362,0.008456325223755204,0.9564716980476542,0.9564716980468869,0.9568421667404816,0.9564716980468866,0.9779061477432612
ppo_with_uncertainty_guard_epistemic,GOOGL,test_legacy,final_portfolio_value,10,2387338.1674085027,290019.09186758805,2450845.026151124,2346622.9414968723,2533930.4391434244,1838104.762222634,2744795.5075295744
ppo_with_uncertainty_guard_epistemic,GOOGL,test_legacy,annualized_return,10,0.2490676760720886,0.04088082790289186,0.25923318662131084,0.24524137826744144,0.2700841840133832,0.1694480230888604,0.29646176391475715
ppo_with_uncertainty_guard_epistemic,GOOGL,test_legacy,annualized_volatility,10,0.27790682542742007,0.029857993737153383,0.28927656761581544,0.26965480888525944,0.29555782373069905,0.21585958988997797,0.3107653660742616
ppo_with_uncertainty_guard_epistemic,GOOGL,test_legacy,sharpe_ratio,10,0.7973366499286472,0.08059367931782814,0.785074807310671,0.7353632799006673,0.8252785883564865,0.7205371482912425,0.980230521792383
ppo_with_uncertainty_guard_epistemic,GOOGL,test_legacy,max_drawdown,10,0.32568404062673706,0.031159211423067407,0.3256873369388375,0.3007360208793551,0.34287481264394015,0.282252329297473,0.3776157232662921
ppo_with_uncertainty_guard_epistemic,GOOGL,test_legacy,var_95,10,-0.024613162535248492,0.0025198907084245247,-0.025457261203159477,-0.025985245975433967,-0.023681604434821903,-0.02784463639251422,-0.019702124642127748
ppo_with_uncertainty_guard_epistemic,GOOGL,test_legacy,var_95_violation_rate,10,0.05,0.0,0.05,0.05,0.05,0.05,0.05
ppo_with_uncertainty_guard_epistemic,GOOGL,test_legacy,capital_preservation_rate_95pct_hwm,10,0.9714150350559212,0.0022683065629839957,0.9701825407267533,0.970089481591315,0.9711870948982035,0.9700874991047023,0.9764765616734667
ppo_with_uncertainty_guard_epistemic,GS,test_legacy,final_portfolio_value,10,2420562.055434019,638476.9430326732,2803528.571762893,2244958.05744281,2824809.9500397504,1109667.4375172048,2867708.488540216
ppo_with_uncertainty_guard_epistemic,GS,test_legacy,annualized_return,10,0.24550488308211732,0.10026409723337448,0.3035362639780278,0.23063840683776413,0.30607653605852536,0.027119599593886306,0.3111484250584486
ppo_with_uncertainty_guard_epistemic,GS,test_legacy,annualized_volatility,10,0.22166369000515518,0.06819232008019317,0.24949348999721777,0.20939861736141663,0.2689669635370472,0.07968695981506987,0.2706685358624369
ppo_with_uncertainty_guard_epistemic,GS,test_legacy,sharpe_ratio,10,0.9250971237478822,0.2179137241361245,0.9912932983235514,0.9852673851205134,0.9934584486147595,0.3357930359421545,1.099549118391511
ppo_with_uncertainty_guard_epistemic,GS,test_legacy,max_drawdown,10,0.2670235275557913,0.06968006574222788,0.30697817996708543,0.26902861526255906,0.30895722517669555,0.12576865168081464,0.3089572253030173
ppo_with_uncertainty_guard_epistemic,GS,test_legacy,var_95,10,-0.019296726115653785,0.005530139481973004,-0.021573268876584662,-0.023239612618858495,-0.018357815130956467,-0.023428651347986485,-0.008081842960080809
ppo_with_uncertainty_guard_epistemic,GS,test_legacy,var_95_violation_rate,10,0.05,0.0,0.05,0.05,0.05,0.05,0.05
ppo_with_uncertainty_guard_epistemic,GS,test_legacy,capital_preservation_rate_95pct_hwm,10,0.9807706660766895,0.0022588955247570537,0.9793286985794858,0.979309105618023,0.9812944576815995,0.9793091056179702,0.9851956487614344
ppo_with_uncertainty_guard_epistemic,HSBC,test_legacy,final_portfolio_value,10,2892349.393572471,45519.72513643365,2905449.3449125467,2897228.7751665525,2914755.016302013,2769640.2874650974,2922146.1777413744
ppo_with_uncertainty_guard_epistemic,HSBC,test_legacy,annualized_return,10,0.3140076918877265,0.005384731272412535,0.31556402308696374,0.3146056361485907,0.31664623220743393,0.2994692555426779,0.3175039524297572
ppo_with_uncertainty_guard_epistemic,HSBC,test_legacy,annualized_volatility,10,0.23316368326307657,0.010952922268010383,0.23725458833419838,0.23124894640817462,0.2379287889481519,0.20441841166690736,0.2432171947451172
ppo_with_uncertainty_guard_epistemic,HSBC,test_legacy,sharpe_ratio,10,1.1737934672534105,0.06465122977250527,1.1574145439260461,1.1418237688401032,1.1869418066415816,1.1153417924979734,1.3412317424377505
ppo_with_uncertainty_guard_epistemic,HSBC,test_legacy,max_drawdown,10,0.2594104678365435,0.01751050631773258,0.2643917627153538,0.2543643810358167,0.2665980025636816,0.21831762044190883,0.2834443871385173
ppo_with_uncertainty_guard_epistemic,HSBC,test_legacy,var_95,10,-0.022311696536707434,0.0015846731127474524,-0.02275812683081422,-0.023118976782346132,-0.022004911950555137,-0.023574178757910236,-0.018185780780097537
ppo_with_uncertainty_guard_epistemic,HSBC,test_legacy,var_95_violation_rate,10,0.05,0.0,0.05,0.05,0.05,0.05,0.05
ppo_with_uncertainty_guard_epistemic,HSBC,test_legacy,capital_preservation_rate_95pct_hwm,10,0.9860406654259674,0.00014485017904011414,0.9859947335170649,0.9859946983835696,0.985995094738486,0.9859946980787961,0.9864529155892038
ppo_with_uncertainty_guard_epistemic,IAU,test_legacy,final_portfolio_value,10,2266179.08481443,164615.79897026965,2321410.963905231,2293554.706058835,2334612.309862436,1804531.4509534882,2346143.7512772083
ppo_with_uncertainty_guard_epistemic,IAU,test_legacy,annualized_return,10,0.2335052964368443,0.024757332450120455,0.24179654949735166,0.2379432960924211,0.24360859541217056,0.163917742738155,0.2451854712757464
ppo_with_uncertainty_guard_epistemic,IAU,test_legacy,annualized_volatility,10,0.15057697286939764,0.014874838493238871,0.15727692667103937,0.15059310989558916,0.1588752814324983,0.11220737527442333,0.15989065808401698
ppo_with_uncertainty_guard_epistemic,IAU,test_legacy,sharpe_ratio,10,1.3934541354380003,0.06293959700261277,1.3766651666693184,1.359549887026839,1.3951030841309637,1.3527761784253733,1.5659920243523582
ppo_with_uncertainty_guard_epistemic,IAU,test_legacy,max_drawdown,10,0.17316678584346318,0.030858173927275686,0.17894541163798589,0.17184990482463558,0.19434445530724553,0.10046134809827922,0.20204179494317287
ppo_with_uncertainty_guard_epistemic,IAU,test_legacy,var_95,10,-0.014406075854445916,0.001597566871105872,-0.01496427084938885,-0.015463925025070702,-0.014408562343532626,-0.015599988088568217,-0.010647856957046108
ppo_with_uncertainty_guard_epistemic,IAU,test_legacy,var_95_violation_rate,10,0.05,0.0,0.05,0.05,0.05,0.05,0.05
ppo_with_uncertainty_guard_epistemic,IAU,test_legacy,capital_preservation_rate_95pct_hwm,10,0.9580885951152505,0.005120360884685596,0.9562925253389616,0.9562925253386383,0.95677516033181,0.9562925253386382,0.9726281961431404
ppo_with_uncertainty_guard_epistemic,IBB,test_legacy,final_portfolio_value,10,1199985.2065002078,140970.81442244354,1222178.3416649203,1074671.5697020718,1326832.2001109866,986547.0218302147,1349253.9090756457
ppo_with_uncertainty_guard_epistemic,IBB,test_legacy,annualized_return,10,0.046708591360920745,0.032357573209426824,0.05282918056381417,0.018396966008651247,0.0754275345565955,-0.00347675928670219,0.08007188650846787
ppo_with_uncertainty_guard_epistemic,IBB,test_legacy,annualized_volatility,10,0.13689956138399334,0.07530957186829268,0.1572657949441003,0.09197654789619757,0.19568300068683298,0.008595286313677668,0.21401298049405454
ppo_with_uncertainty_guard_epistemic,IBB,test_legacy,sharpe_ratio,10,0.2346349634131085,0.2409955279368983,0.3345571475780475,0.21038121703840676,0.36420808443059166,-0.40519335950012003,0.3743424150714207
ppo_with_uncertainty_guard_epistemic,IBB,test_legacy,max_drawdown,10,0.1707985822565554,0.08802599571173987,0.19324122875360228,0.13560086366420376,0.24819486454172923,0.015288369812999414,0.24851004861670722
ppo_with_uncertainty_guard_epistemic,IBB,test_legacy,var_95,10,-0.01350173568149964,0.007658314203272169,-0.015526381840614256,-0.01959994524613169,-0.009079195230343328,-0.021273682044289987,0.0
ppo_with_uncertainty_guard_epistemic,IBB,test_legacy,var_95_violation_rate,10,0.046938775510204075,0.00968044181684198,0.05,0.05,0.05,0.019387755102040816,0.05
ppo_with_uncertainty_guard_epistemic,IBB,test_legacy,capital_preservation_rate_95pct_hwm,10,0.987247840157155,0.004501990962784604,0.9857523772410963,0.9834048435595933,0.9892506508945123,0.9834014993084912,0.9952368391682243
ppo_with_uncertainty_guard_epistemic,IBM,test_legacy,final_portfolio_value,10,2220468.6461563935,498749.9348917161,2388787.140110789,1871793.5917512428,2624031.4115678538,1278174.7957370067,2690059.226914381
ppo_with_uncertainty_guard_epistemic,IBM,test_legacy,annualized_return,10,0.22159715770588098,0.07717002744885756,0.2509413895696007,0.1744347831207754,0.2815480245452145,0.06514546168936095,0.2897638135659624
ppo_with_uncertainty_guard_epistemic,IBM,test_legacy,annualized_volatility,10,0.1878927347957536,0.05254348184443603,0.20496378286296424,0.16104587650964725,0.2266233667207428,0.0654655167657167,0.23326221319536827
ppo_with_uncertainty_guard_epistemic,IBM,test_legacy,sharpe_ratio,10,1.0396852162605958,0.09033433252226776,1.091421651374492,0.9950372843940916,1.0923634846146049,0.8292635367513215,1.1026859843507983
ppo_with_uncertainty_guard_epistemic,IBM,test_legacy,max_drawdown,10,0.1734964994489819,0.04226165017429072,0.19225675011047533,0.1672362543904724,0.19818686782230072,0.06077985521610085,0.19819093528892562
ppo_with_uncertainty_guard_epistemic,IBM,test_legacy,var_95,10,-0.015576065772899064,0.004491748720856605,-0.016481193240668057,-0.018972892851301416,-0.013139851729525365,-0.019727638760986377,-0.005521325325926885
ppo_with_uncertainty_guard_epistemic,IBM,test_legacy,var_95_violation_rate,10,0.05,0.0,0.05,0.05,0.05,0.05,0.05
ppo_with_uncertainty_guard_epistemic,IBM,test_legacy,capital_preservation_rate_95pct_hwm,10,0.9753560139314155,0.0070515541053902345,0.9713831728675821,0.9706650023382659,0.9779892829402353,0.9706647283949296,0.990696173760092
ppo_with_uncertainty_guard_epistemic,IJR,test_legacy,final_portfolio_value,10,1126938.2661828399,117268.62544630533,1156408.4589967974,1000212.9630342359,1234269.4170883535,988741.2009096103,1262045.4303586734
ppo_with_uncertainty_guard_epistemic,IJR,test_legacy,annualized_return,10,0.030232674069169723,0.027845039167687997,0.03804276938348308,5.46851301451494e-05,0.055614480161461824,-0.002907306498632672,0.06167285004591718
ppo_with_uncertainty_guard_epistemic,IJR,test_legacy,annualized_volatility,10,0.11731969914318992,0.09907106139957315,0.1461857625369934,0.007699579006783755,0.21126137001954015,0.005832724964450538,0.21614353676924877
ppo_with_uncertainty_guard_epistemic,IJR,test_legacy,sharpe_ratio,10,0.12444476225295423,0.19724713660662624,0.24429754935225323,0.006371359599792499,0.25854959769794134,-0.29077321040894144,0.2868264672771859
ppo_with_uncertainty_guard_epistemic,IJR,test_legacy,max_drawdown,10,0.15857222175008062,0.1329326937736885,0.2118136596305073,0.010287210877556602,0.2802364973444477,0.008451328420727044,0.2802412143378946
ppo_with_uncertainty_guard_epistemic,IJR,test_legacy,var_95,10,-0.011150490863765164,0.0099311058436516,-0.013833354458492719,-0.02043325235751072,-0.00014091617941203172,-0.021336713680596284,0.0
ppo_with_uncertainty_guard_epistemic,IJR,test_legacy,var_95_violation_rate,10,0.04683673469387755,0.01000312321073671,0.05,0.05,0.05,0.018367346938775512,0.05
ppo_with_uncertainty_guard_epistemic,IJR,test_legacy,capital_preservation_rate_95pct_hwm,10,0.9874881769109398,0.007724008952464827,0.9828029530195116,0.9811823491943769,0.9948599989477959,0.9811823058468998,0.999271757658936
ppo_with_uncertainty_guard_epistemic,JNJ,test_legacy,final_portfolio_value,10,1323536.1383204912,54005.370521746656,1352655.204484365,1308009.9668213008,1358146.7075329055,1215146.5125166099,1360523.5402973224
ppo_with_uncertainty_guard_epistemic,JNJ,test_legacy,annualized_return,10,0.07458195464456747,0.011482591612927777,0.08077128009176343,0.07146216472266907,0.08189779289136015,0.05138469696909037,0.08238448500028583
ppo_with_uncertainty_guard_epistemic,JNJ,test_legacy,annualized_volatility,10,0.1524025691918648,0.025723733452901715,0.16397574372207394,0.1474329211644016,0.16883730377006156,0.09690503462022723,0.17001223019206405
ppo_with_uncertainty_guard_epistemic,JNJ,test_legacy,sharpe_ratio,10,0.4736921324947739,0.017164604258162557,0.4680137794995321,0.46404193863391585,0.4778366201680199,0.4579727157995609,0.5170832712730485
ppo_with_uncertainty_guard_epistemic,JNJ,test_legacy,max_drawdown,10,0.16016741841339685,0.0277006138427404,0.17229010963433355,0.14920213515437206,0.1792885049333395,0.10479931902566486,0.18203502302747032
ppo_with_uncertainty_guard_epistemic,JNJ,test_legacy,var_95,10,-0.014209364611853159,0.002360067548467873,-0.015221103774297438,-0.01575688896799987,-0.013777759668192457,-0.015831986080478533,-0.009065712912261237
ppo_with_uncertainty_guard_epistemic,JNJ,test_legacy,var_95_violation_rate,10,0.05,0.0,0.05,0.05,0.05,0.05,0.05
ppo_with_uncertainty_guard_epistemic,JNJ,test_legacy,capital_preservation_rate_95pct_hwm,10,0.9719146373224488,0.005259235607340105,0.9691366239152852,0.9691366149088039,0.9717489642447352,0.969136614884436,0.9843624135008593
ppo_with_uncertainty_guard_epistemic,JPM,test_legacy,final_portfolio_value,10,2425090.602736701,163056.3177450421,2478895.305815243,2393746.9573346023,2514502.607275367,2134147.960393282,2620470.8029770064
ppo_with_uncertainty_guard_epistemic,JPM,test_legacy,annualized_return,10,0.2553206611267703,0.022247485987576303,0.26292657388144797,0.251626001743262,0.26757408858554554,0.2152279095310441,0.28110066035205367
ppo_with_uncertainty_guard_epistemic,JPM,test_legacy,annualized_volatility,10,0.22211253150586519,0.01890927609909992,0.2292051568891409,0.202124295309009,0.236014662589151,0.196900165062554,0.24317622512994497
ppo_with_uncertainty_guard_epistemic,JPM,test_legacy,sharpe_ratio,10,1.0252280775805565,0.06241650826499758,1.004433566644365,0.9920001974623469,1.0723533390607973,0.9376636064854711,1.1254194313821
ppo_with_uncertainty_guard_epistemic,JPM,test_legacy,max_drawdown,10,0.25860866642606994,0.026897868982298193,0.24479017872537562,0.24326059694158003,0.274447557703394,0.22165002705698666,0.3047730388038987
ppo_with_uncertainty_guard_epistemic,JPM,test_legacy,var_95,10,-0.02018873044028397,0.002344049815732576,-0.020386075461069054,-0.021532398801403937,-0.018095158382677123,-0.023466844219850458,-0.01696017924590478
ppo_with_uncertainty_guard_epistemic,JPM,test_legacy,var_95_violation_rate,10,0.05,0.0,0.05,0.05,0.05,0.05,0.05
ppo_with_uncertainty_guard_epistemic,JPM,test_legacy,capital_preservation_rate_95pct_hwm,10,0.9838543473894893,0.0006598425045214696,0.983543113437928,0.9835343261666561,0.983623367633019,0.9835343261630902,0.9854853481887317
ppo_with_uncertainty_guard_epistemic,LLY,test_legacy,final_portfolio_value,10,4082819.4675812847,305773.9353157339,4223654.123824098,3960063.0329981446,4316925.32632246,3501180.0489345854,4334932.627969996
ppo_with_uncertainty_guard_epistemic,LLY,test_legacy,annualized_return,10,0.43510947565366304,0.028449360105196442,0.44840274771683286,0.42458247357634105,0.45656509118000865,0.3801962951313634,0.4581273698926748
ppo_with_uncertainty_guard_epistemic,LLY,test_legacy,annualized_volatility,10,0.30821342657413586,0.014308464673229413,0.315596883770636,0.30362165761017273,0.3175975398898842,0.27586266151092187,0.3182749953757207
ppo_with_uncertainty_guard_epistemic,LLY,test_legacy,sharpe_ratio,10,1.1712427543987836,0.02643808845603697,1.179016138205375,1.167884585294772,1.1848806117241941,1.103693811936799,1.1996934315474768
ppo_with_uncertainty_guard_epistemic,LLY,test_legacy,max_drawdown,10,0.3392796027140947,0.012790381591554762,0.34475010047968585,0.3425280360828151,0.3447501029064337,0.30416823413574634,0.3447501031768686
ppo_with_uncertainty_guard_epistemic,LLY,test_legacy,var_95,10,-0.02780299859568855,0.0015103650407706434,-0.028103468338928204,-0.028869360099381257,-0.02753318415313506,-0.029479002250366548,-0.024485307195295736
ppo_with_uncertainty_guard_epistemic,LLY,test_legacy,var_95_violation_rate,10,0.05,0.0,0.05,0.05,0.05,0.05,0.05
ppo_with_uncertainty_guard_epistemic,LLY,test_legacy,capital_preservation_rate_95pct_hwm,10,0.972164710248417,0.0006611168043395675,0.971881325264945,0.971881325261752,0.9719103620514786,0.9718813252617173,0.9739307074802008
ppo_with_uncertainty_guard_epistemic,MA,test_legacy,final_portfolio_value,10,1509269.0073374417,159571.02482823117,1582578.7346541714,1539426.4047730984,1593447.8241576063,1131732.059689556,1607124.5369891934
ppo_with_uncertainty_guard_epistemic,MA,test_legacy,annualized_return,10,0.11045648596362767,0.03245820524967855,0.12529233540734297,0.11730213898842376,0.12727361843372265,0.03233294597499537,0.12975472227084053
ppo_with_uncertainty_guard_epistemic,MA,test_legacy,annualized_volatility,10,0.18748317648276022,0.04469776176144353,0.20515308603150906,0.19378719674422884,0.21289805409006063,0.10044022933086334,0.2198876289675623
ppo_with_uncertainty_guard_epistemic,MA,test_legacy,sharpe_ratio,10,0.5487521473455181,0.08728080460875547,0.5662435137594202,0.5423046413809556,0.5915316749498287,0.3168171460348825,0.6371615740114914
ppo_with_uncertainty_guard_epistemic,MA,test_legacy,max_drawdown,10,0.2071412633429004,0.04941523817726851,0.22193126185466816,0.21264550899974105,0.23801387041023284,0.1024768305070235,0.2470119997775907
ppo_with_uncertainty_guard_epistemic,MA,test_legacy,var_95,10,-0.018273028163326578,0.004319721468015113,-0.02017806011556784,-0.020831872439466825,-0.018880712714863468,-0.021038143140610633,-0.009668426278407338
ppo_with_uncertainty_guard_epistemic,MA,test_legacy,var_95_violation_rate,10,0.05,0.0,0.05,0.05,0.05,0.05,0.05
ppo_with_uncertainty_guard_epistemic,MA,test_legacy,capital_preservation_rate_95pct_hwm,10,0.969179133553433,0.006883295477028805,0.9661486864863531,0.9661127887538518,0.9676110222376354,0.9661127885370525,0.9878366674894641
ppo_with_uncertainty_guard_epistemic,MCD,test_legacy,final_portfolio_value,10,1159413.4673561486,135725.69244364,1172756.5937649691,1023548.5595372469,1261632.9044108575,991381.0812270408,1338578.0551802895
ppo_with_uncertainty_guard_epistemic,MCD,test_legacy,annualized_return,10,0.03753057314041229,0.031480716377029004,0.04180857610993284,0.00577223532924565,0.06151245065690379,-0.002223424184457661,0.07786786199836646
ppo_with_uncertainty_guard_epistemic,MCD,test_legacy,annualized_volatility,10,0.09702708150598544,0.0692373397450869,0.11155190907019638,0.02666773466840139,0.1466365054177867,0.004018838414177532,0.17442192526008582
ppo_with_uncertainty_guard_epistemic,MCD,test_legacy,sharpe_ratio,10,0.13082674175032682,0.4030798002606648,0.3240705781199975,-0.21065719997966334,0.42387621223852756,-0.5329650072945417,0.4326731901259006
ppo_with_uncertainty_guard_epistemic,MCD,test_legacy,max_drawdown,10,0.1038388789210671,0.06785602050789932,0.11541595572037416,0.036039359915938346,0.16568759569370656,0.011797179967850902,0.17205038239166437
ppo_with_uncertainty_guard_epistemic,MCD,test_legacy,var_95,10,-0.009008323368944682,0.006704455267961712,-0.010314879182094616,-0.01369938705494571,-0.0022776398929260197,-0.01658935427342838,0.0
ppo_with_uncertainty_guard_epistemic,MCD,test_legacy,var_95_violation_rate,10,0.04428571428571428,0.011979358123707692,0.05,0.04387755102040816,0.05,0.012244897959183673,0.05
ppo_with_uncertainty_guard_epistemic,MCD,test_legacy,capital_preservation_rate_95pct_hwm,10,0.9755019543405531,0.00962180163758849,0.9767281029272279,0.9653293188382712,0.9839106634579399,0.9652119448884151,0.9882028200321491
ppo_with_uncertainty_guard_epistemic,META,test_legacy,final_portfolio_value,10,2201014.8851988534,944271.0148456701,2698432.9762755516,1243382.9263426976,2848491.128832009,854221.520796768,3197531.07022735
ppo_with_uncertainty_guard_epistemic,META,test_legacy,annualized_return,10,0.19887518704643165,0.1620954447516747,0.29079335556342956,0.04175362397838196,0.30881008483646266,-0.039706818773288625,0.34837134063769604
ppo_with_uncertainty_guard_epistemic,META,test_legacy,annualized_volatility,10,0.2975610708627544,0.15965661920442198,0.379875828867163,0.14160942596240517,0.41487674976549843,0.06517585153705109,0.4275663345502758
ppo_with_uncertainty_guard_epistemic,META,test_legacy,sharpe_ratio,10,0.32162957648917573,0.5574895628541416,0.6104494679408861,-0.02323972447859446,0.6533303718506429,-0.6194958189967638,0.7783445652982264
ppo_with_uncertainty_guard_epistemic,META,test_legacy,max_drawdown,10,0.45964240356275,0.20648262853324792,0.5354073240875324,0.2896950664109812,0.6162832994502951,0.1405222108336932,0.6402775092837312
ppo_with_uncertainty_guard_epistemic,META,test_legacy,var_95,10,-0.024022795666333436,0.015977780278838595,-0.030012372781441816,-0.03672286631648109,-0.010044820323976177,-0.037865686688235735,-4.202380247244619e-05
ppo_with_uncertainty_guard_epistemic,META,test_legacy,var_95_violation_rate,10,0.05,0.0,0.05,0.05,0.05,0.05,0.05
ppo_with_uncertainty_guard_epistemic,META,test_legacy,capital_preservation_rate_95pct_hwm,10,0.8517228215614022,0.028096234841498462,0.8381077336415012,0.8350282529487166,0.8596213171622047,0.835028068154673,0.9247431021193676
ppo_with_uncertainty_guard_epistemic,MSFT,test_legacy,final_portfolio_value,10,1436464.7678201955,337335.4828747266,1652300.717941368,1079977.4667979386,1695459.9772261416,994049.60253733,1738915.660262188
ppo_with_uncertainty_guard_epistemic,MSFT,test_legacy,annualized_return,10,0.09195702832203523,0.06974114933522356,0.13782018358218082,0.019834960076842587,0.14540619020411652,-0.0015334956947292162,0.1528847773043374
ppo_with_uncertainty_guard_epistemic,MSFT,test_legacy,annualized_volatility,10,0.16998229802677498,0.09621578538870547,0.2262004602619645,0.11088738613492707,0.24023735725770787,0.01411885260790115,0.2596837465688902
ppo_with_uncertainty_guard_epistemic,MSFT,test_legacy,sharpe_ratio,10,0.36753795958340413,0.2828169545363829,0.5389563893559304,0.17321856510837,0.5731592996333428,-0.10240697754472884,0.591422092372324
ppo_with_uncertainty_guard_epistemic,MSFT,test_legacy,max_drawdown,10,0.19999371055573448,0.09610659654362841,0.24260207453836397,0.17608539611930452,0.26106442443715855,0.028320907997513856,0.3063306182369254
ppo_with_uncertainty_guard_epistemic,MSFT,test_legacy,var_95,10,-0.01682950870042055,0.010104221677851037,-0.02287920463235462,-0.024113014219453045,-0.010968466146659384,-0.026122623123058197,-0.00010237682308114058
ppo_with_uncertainty_guard_epistemic,MSFT,test_legacy,var_95_violation_rate,10,0.05,0.0,0.05,0.05,0.05,0.05,0.05
ppo_with_uncertainty_guard_epistemic,MSFT,test_legacy,capital_preservation_rate_95pct_hwm,10,0.9291228837533018,0.03624270650211415,0.9074500111973769,0.9007047787894811,0.9537515882601044,0.9002742317556337,0.9873022739434207
ppo_with_uncertainty_guard_epistemic,NFLX,test_legacy,final_portfolio_value,10,2281365.5067618163,628334.3655224913,2410980.7423519613,2139299.607623333,2707042.676046367,874226.4239345017,2975352.8288021386
ppo_with_uncertainty_guard_epistemic,NFLX,test_legacy,annualized_return,10,0.22541348794125438,0.10589634941364702,0.2539443132781734,0.2159180774028552,0.2916529590855268,-0.03397356624590479,0.3236313232380443
ppo_with_uncertainty_guard_epistemic,NFLX,test_legacy,annualized_volatility,10,0.31830832259645864,0.08825208523375468,0.3328112304624644,0.31578262729179596,0.3428833699969144,0.11321442013833766,0.4367434461196414
ppo_with_uncertainty_guard_epistemic,NFLX,test_legacy,sharpe_ratio,10,0.5658325776019407,0.32446047802589695,0.6546371109899027,0.5391196134346923,0.6879226831312879,-0.3052970858543641,0.8334456031478691
ppo_with_uncertainty_guard_epistemic,NFLX,test_legacy,max_drawdown,10,0.40175793908414875,0.08404044720328571,0.40843272102569245,0.3308299682231458,0.4324964263331734,0.2948040249395292,0.5690615775120524
ppo_with_uncertainty_guard_epistemic,NFLX,test_legacy,var_95,10,-0.02676384178464148,0.007391145436168414,-0.02809491421443582,-0.028901695586055175,-0.027234896793972417,-0.03581968096537995,-0.009657905146071054
ppo_with_uncertainty_guard_epistemic,NFLX,test_legacy,var_95_violation_rate,10,0.05,0.0,0.05,0.05,0.05,0.05,0.05
ppo_with_uncertainty_guard_epistemic,NFLX,test_legacy,capital_preservation_rate_95pct_hwm,10,0.7460378272533752,0.05343771671145542,0.7308863466159303,0.70769092888262,0.7570791912638425,0.7030684509627373,0.8742264239345017
ppo_with_uncertainty_guard_epistemic,NVDA,test_legacy,final_portfolio_value,10,7750047.1579398215,2307931.2052940256,8399335.310523298,8017375.437176346,8698368.561934605,1355168.3008386178,9453149.116951894
ppo_with_uncertainty_guard_epistemic,NVDA,test_legacy,annualized_return,10,0.6660862064602145,0.20734663646663057,0.7283897480553652,0.707884946579219,0.7440933283988947,0.08128733808167721,0.7818146722818055
ppo_with_uncertainty_guard_epistemic,NVDA,test_legacy,annualized_volatility,10,0.45556827089634416,0.08874601077932896,0.4818415210767507,0.4536339425993801,0.4987326556524287,0.21251784880206767,0.5125325825662371
ppo_with_uncertainty_guard_epistemic,NVDA,test_legacy,sharpe_ratio,10,1.0628781377719256,0.25521758159766306,1.1126433941351346,1.068481730544657,1.1533294319606349,0.3677444179889647,1.2786391725219066
ppo_with_uncertainty_guard_epistemic,NVDA,test_legacy,max_drawdown,10,0.46864429436241106,0.0808745606417996,0.4961062574720411,0.389021108099057,0.5246932107360659,0.34732001458852846,0.5607581466791811
ppo_with_uncertainty_guard_epistemic,NVDA,test_legacy,var_95,10,-0.04184079046990347,0.007571902175929313,-0.04426280283947772,-0.04530325436902229,-0.0405466291853497,-0.04837495377388672,-0.022077348590709266
ppo_with_uncertainty_guard_epistemic,NVDA,test_legacy,var_95_violation_rate,10,0.05,0.0,0.05,0.05,0.05,0.05,0.05
ppo_with_uncertainty_guard_epistemic,NVDA,test_legacy,capital_preservation_rate_95pct_hwm,10,0.9131413449819638,0.009684687645459603,0.9091550317465658,0.9091505699471205,0.9123435309136875,0.909150263977137,0.9402769941488223
ppo_with_uncertainty_guard_epistemic,ORCL,test_legacy,final_portfolio_value,10,2309031.4256299175,432806.4704086328,2533484.764392546,2037278.7161631738,2611188.4733271953,1452951.3349733828,2653582.495887456
ppo_with_uncertainty_guard_epistemic,ORCL,test_legacy,annualized_return,10,0.235808399146407,0.06506807753282284,0.269980418720872,0.1998248207998589,0.27993214653339193,0.1008336672004098,0.2852438195050035
ppo_with_uncertainty_guard_epistemic,ORCL,test_legacy,annualized_volatility,10,0.32883965715982855,0.08551680426245277,0.3782498719053758,0.2482173639521999,0.39253223475728705,0.19172915092424972,0.3936261567385967
ppo_with_uncertainty_guard_epistemic,ORCL,test_legacy,sharpe_ratio,10,0.6409691009939287,0.06609738241948565,0.6332747891774756,0.6295285327981701,0.6549843331411752,0.501059395653361,0.7699722369408417
ppo_with_uncertainty_guard_epistemic,ORCL,test_legacy,max_drawdown,10,0.3884496769682887,0.08918813299738856,0.44744293622422343,0.2985137686989414,0.45551793374609956,0.2598712007043664,0.45551821622724353
ppo_with_uncertainty_guard_epistemic,ORCL,test_legacy,var_95,10,-0.02602076639066304,0.007186554343188388,-0.030145793485302663,-0.03125567961818423,-0.019962943690712477,-0.03148506828720894,-0.01352228494033234
ppo_with_uncertainty_guard_epistemic,ORCL,test_legacy,var_95_violation_rate,10,0.05,0.0,0.05,0.05,0.05,0.05,0.05
ppo_with_uncertainty_guard_epistemic,ORCL,test_legacy,capital_preservation_rate_95pct_hwm,10,0.6554174762643197,0.07895762266229409,0.6032118127081818,0.5961049889295692,0.7358034982707372,0.5961047102999742,0.7723360947685404
ppo_with_uncertainty_guard_epistemic,PGR,test_legacy,final_portfolio_value,10,1896647.2387528126,380334.49156545015,2047102.5405351496,1985633.8781622548,2102470.8626365867,1108119.290505243,2155643.92708647
ppo_with_uncertainty_guard_epistemic,PGR,test_legacy,annualized_return,10,0.1739106032625612,0.06922382998148237,0.20227199223602002,0.19288260853379685,0.2105617182128113,0.026750927714747828,0.2183636947967331
ppo_with_uncertainty_guard_epistemic,PGR,test_legacy,annualized_volatility,10,0.21036272452055535,0.06262695403572763,0.23576871074154154,0.23155937240713742,0.24160510147094336,0.07930225431781483,0.2506259835291625
ppo_with_uncertainty_guard_epistemic,PGR,test_legacy,sharpe_ratio,10,0.7156126199137135,0.15057812365933984,0.778940722484443,0.7616121928351807,0.7890287881788233,0.3328950075971455,0.7962694538604
ppo_with_uncertainty_guard_epistemic,PGR,test_legacy,max_drawdown,10,0.2626625640768987,0.0714297781039108,0.29877464381093577,0.2862236280703572,0.2997133418183775,0.10916107113249529,0.2997243945836384
ppo_with_uncertainty_guard_epistemic,PGR,test_legacy,var_95,10,-0.018065805800484707,0.005187729984977039,-0.020194402712686264,-0.020747179380905888,-0.019357665384675937,-0.02159820094611602,-0.007515609648928834
ppo_with_uncertainty_guard_epistemic,PGR,test_legacy,var_95_violation_rate,10,0.05,0.0,0.05,0.05,0.05,0.05,0.05
ppo_with_uncertainty_guard_epistemic,PGR,test_legacy,capital_preservation_rate_95pct_hwm,10,0.8154007885625629,0.059266308503128674,0.7861502540143167,0.7855770239031894,0.795095697532069,0.7855669162859202,0.9529630616294822
ppo_with_uncertainty_guard_epistemic,PLTR,test_legacy,final_portfolio_value,10,13317897.525420431,3755136.5190294036,15136409.216736741,10024026.219791254,15784677.424158948,7084395.48163648,18080732.68588207
ppo_with_uncertainty_guard_epistemic,PLTR,test_legacy,annualized_return,10,0.9309155215975201,0.1526213685272042,1.011049306057707,0.8081688980890298,1.0328826918674718,0.654433406249944,1.1051552079453857
ppo_with_uncertainty_guard_epistemic,PLTR,test_legacy,annualized_volatility,10,0.565162682739798,0.07476733338551712,0.6009211736356503,0.49059342189355504,0.6229581991054611,0.4580369058512118,0.6475027652983112
ppo_with_uncertainty_guard_epistemic,PLTR,test_legacy,sharpe_ratio,10,1.162064019491721,0.07428200916914361,1.1482788133423338,1.1201734215903887,1.1620030356966469,1.0723082135678539,1.3000897951876258
ppo_with_uncertainty_guard_epistemic,PLTR,test_legacy,max_drawdown,10,0.45465224846863883,0.055899854673276426,0.4593581478223843,0.39801397366697366,0.4953639603671173,0.3916031842070714,0.5450754108980089
ppo_with_uncertainty_guard_epistemic,PLTR,test_legacy,var_95,10,-0.048951587233274516,0.0065336719276869615,-0.051361289424972645,-0.053884191078873565,-0.042299482276027,-0.057144391626627475,-0.040068692429928186
ppo_with_uncertainty_guard_epistemic,PLTR,test_legacy,var_95_violation_rate,10,0.05,0.0,0.05,0.05,0.05,0.05,0.05
ppo_with_uncertainty_guard_epistemic,PLTR,test_legacy,capital_preservation_rate_95pct_hwm,10,0.8970204189234993,0.016473897892088217,0.8890553322160797,0.888995044180225,0.8902050922283078,0.8889854207361167,0.9324417357153828
ppo_with_uncertainty_guard_epistemic,PPLT,test_legacy,final_portfolio_value,10,1954010.3843831893,226473.13721906723,2055910.2085459179,2022710.5251824209,2073485.134251487,1493081.5044756338,2090921.0718267378
ppo_with_uncertainty_guard_epistemic,PPLT,test_legacy,annualized_return,10,0.18645350081422607,0.03791926431046401,0.2036121432011679,0.1985779260154371,0.2062493776897845,0.10857309122041259,0.2088503368232638
ppo_with_uncertainty_guard_epistemic,PPLT,test_legacy,annualized_volatility,10,0.25103573664765405,0.04627624344739424,0.2774016545544648,0.2447840781464426,0.27853258157203536,0.1516480175638227,0.2806154078655627
ppo_with_uncertainty_guard_epistemic,PPLT,test_legacy,sharpe_ratio,10,0.6785364834406694,0.03502426173285162,0.6731353771545795,0.6642550538723393,0.68320582511621,0.6221012311234335,0.7572460154397
ppo_with_uncertainty_guard_epistemic,PPLT,test_legacy,max_drawdown,10,0.22943982096508336,0.03362180316281966,0.2482967955001344,0.2187083152386031,0.24872175926305579,0.15088311960423306,0.2492380532656977
ppo_with_uncertainty_guard_epistemic,PPLT,test_legacy,var_95,10,-0.022142053907326053,0.004335726050824629,-0.024673069292380757,-0.024715746719009578,-0.02157236845432293,-0.02482490276564917,-0.012593141796479568
ppo_with_uncertainty_guard_epistemic,PPLT,test_legacy,var_95_violation_rate,10,0.05,0.0,0.05,0.05,0.05,0.05,0.05
ppo_with_uncertainty_guard_epistemic,PPLT,test_legacy,capital_preservation_rate_95pct_hwm,10,0.8838095149493617,0.016518279239788627,0.8757160601786262,0.875715470451955,0.8807023036822799,0.8757154506850345,0.925253366790526
ppo_with_uncertainty_guard_epistemic,QCOM,test_legacy,final_portfolio_value,10,1129964.9307285142,106517.35224334631,1162623.5766349658,1042634.6499492945,1168860.420951856,986275.2080084799,1315216.6093050197
ppo_with_uncertainty_guard_epistemic,QCOM,test_legacy,annualized_return,10,0.03112721450429451,0.02506836871002916,0.039505326175552774,0.010727001395496937,0.040937488646099515,-0.003547368291864164,0.07299896188912935
ppo_with_uncertainty_guard_epistemic,QCOM,test_legacy,annualized_volatility,10,0.23581375599954998,0.1562457251578491,0.3306100015975202,0.0753474269122322,0.36447768624247423,0.023635288335372973,0.3750738371292467
ppo_with_uncertainty_guard_epistemic,QCOM,test_legacy,sharpe_ratio,10,0.08296105765228848,0.12063188554286887,0.10896966544521924,0.10597247999359821,0.14580582634350267,-0.1500862347982581,0.22131638527385264
ppo_with_uncertainty_guard_epistemic,QCOM,test_legacy,max_drawdown,10,0.30280034841182835,0.1795751854337884,0.42705992303470197,0.1309567383293309,0.44211283708008237,0.04428294834537616,0.4423405640973339
ppo_with_uncertainty_guard_epistemic,QCOM,test_legacy,var_95,10,-0.02204719904776854,0.01600393923418157,-0.029822619457535636,-0.03589043564955652,-0.006343327308293633,-0.036966426065662715,0.0
ppo_with_uncertainty_guard_epistemic,QCOM,test_legacy,var_95_violation_rate,10,0.04551020408163266,0.010408385574078648,0.05,0.05,0.05,0.018367346938775512,0.05
ppo_with_uncertainty_guard_epistemic,QCOM,test_legacy,capital_preservation_rate_95pct_hwm,10,0.8626227798040154,0.0928721880650735,0.7944017474079217,0.7891906215051496,0.9600732318110733,0.7889419724539645,0.981509289378313
ppo_with_uncertainty_guard_epistemic,QQQ,test_legacy,final_portfolio_value,10,1756063.7937351782,151614.48102597933,1770626.1422156617,1715336.9502462947,1854086.8880366879,1429689.2400217107,1951781.1573147527
ppo_with_uncertainty_guard_epistemic,QQQ,test_legacy,annualized_return,10,0.1550182605351595,0.026511718041569224,0.15824650960258888,0.1488337563314053,0.1720447519992006,0.0962744212522228,0.18763308666806577
ppo_with_uncertainty_guard_epistemic,QQQ,test_legacy,annualized_volatility,10,0.1918250631569234,0.023356046721166177,0.1925839996797669,0.18234431356968767,0.20784297676573604,0.14875249150384234,0.22442356791775886
ppo_with_uncertainty_guard_epistemic,QQQ,test_legacy,sharpe_ratio,10,0.7490117822766658,0.08198324683700943,0.7449622335832022,0.6997592763230562,0.7792556641712471,0.6179220429706422,0.9065955764204569
ppo_with_uncertainty_guard_epistemic,QQQ,test_legacy,max_drawdown,10,0.22684770371919588,0.02041053131058263,0.22569831653216388,0.21227510053837528,0.23805094113149652,0.1990789312084107,0.26655086969828845
ppo_with_uncertainty_guard_epistemic,QQQ,test_legacy,var_95,10,-0.019248990780921186,0.002260738172853872,-0.01926950103621468,-0.02078509251350711,-0.018540783313501886,-0.022191162558696752,-0.015007296324654185
ppo_with_uncertainty_guard_epistemic,QQQ,test_legacy,var_95_violation_rate,10,0.05,0.0,0.05,0.05,0.05,0.05,0.05
ppo_with_uncertainty_guard_epistemic,QQQ,test_legacy,capital_preservation_rate_95pct_hwm,10,0.9792661447587374,0.002025706530954605,0.9784462264832698,0.977841672162158,0.9794776207514897,0.9778220342115369,0.983531855124355
ppo_with_uncertainty_guard_epistemic,REGN,test_legacy,final_portfolio_value,10,1176062.9777291014,101728.56624248202,1222472.3201577284,1117389.8018263462,1248966.7654684866,1005510.9583522376,1260805.303690857
ppo_with_uncertainty_guard_epistemic,REGN,test_legacy,annualized_return,10,0.0418795058119656,0.023911351076210764,0.05301086586291563,0.0288005924832917,0.05883274833033025,0.0014142121201373148,0.06140449188687524
ppo_with_uncertainty_guard_epistemic,REGN,test_legacy,annualized_volatility,10,0.22199660920599654,0.11581833361657713,0.2688516901879425,0.23348629905075,0.2879877928269396,0.0067383157338718235,0.30958960934338275
ppo_with_uncertainty_guard_epistemic,REGN,test_legacy,sharpe_ratio,10,0.20005991680217292,0.06504048080132029,0.18710115352347448,0.17338788395293636,0.2202186059568638,0.0882784980697988,0.3325746741113014
ppo_with_uncertainty_guard_epistemic,REGN,test_legacy,max_drawdown,10,0.44948887408102456,0.23712796270176642,0.5645797303980483,0.4703951385564807,0.5921641263371746,0.005500230252755922,0.5969200848175429
ppo_with_uncertainty_guard_epistemic,REGN,test_legacy,var_95,10,-0.01865898612539233,0.010034997051470764,-0.02302508404266894,-0.024169473259471497,-0.019714473192900938,-0.02641519626752853,0.0
ppo_with_uncertainty_guard_epistemic,REGN,test_legacy,var_95_violation_rate,10,0.0460204081632653,0.012584574361894574,0.05,0.05,0.05,0.01020408163265306,0.05
ppo_with_uncertainty_guard_epistemic,REGN,test_legacy,capital_preservation_rate_95pct_hwm,10,0.7485417759241644,0.1358369496702245,0.6801573935631351,0.6589629197349849,0.7713930725665017,0.6530660650676687,0.9957486673920384
ppo_with_uncertainty_guard_epistemic,RY,test_legacy,final_portfolio_value,10,1720874.144173304,115034.36893416301,1774327.9305801406,1717177.7013095934,1780162.8285334932,1492225.7301723417,1838079.5151888898
ppo_with_uncertainty_guard_epistemic,RY,test_legacy,annualized_return,10,0.14933377887425597,0.02037618472586595,0.1588767770207479,0.14916147826995962,0.15985561284928534,0.10840967054518201,0.16944389263566725
ppo_with_uncertainty_guard_epistemic,RY,test_legacy,annualized_volatility,10,0.16201955999901269,0.02165513297350024,0.17079908972276342,0.145371938853741,0.17842886797875218,0.1235524302285035,0.18043813957369514
ppo_with_uncertainty_guard_epistemic,RY,test_legacy,sharpe_ratio,10,0.8632921185835389,0.10245681364429393,0.828748901443372,0.8147090853083803,0.8709268525635221,0.7711674729275135,1.126167744777592
ppo_with_uncertainty_guard_epistemic,RY,test_legacy,max_drawdown,10,0.21903981260336192,0.03392508536072239,0.2306263943648516,0.20560188611069902,0.24258289883897885,0.13604481593697548,0.24487242170642354
ppo_with_uncertainty_guard_epistemic,RY,test_legacy,var_95,10,-0.015839325614749527,0.002331363624348746,-0.01669584023726429,-0.017558908634710033,-0.014495778828624893,-0.017824874634441913,-0.0111323084680639
ppo_with_uncertainty_guard_epistemic,RY,test_legacy,var_95_violation_rate,10,0.05,0.0,0.05,0.05,0.05,0.05,0.05
ppo_with_uncertainty_guard_epistemic,RY,test_legacy,capital_preservation_rate_95pct_hwm,10,1.0,0.0,1.0,1.0,1.0,1.0,1.0
ppo_with_uncertainty_guard_epistemic,RYTM,test_legacy,final_portfolio_value,7,9041583.40052837,5754609.344095759,9086433.580784017,4771851.064793893,14319830.298124641,1181146.8838896677,14840140.61318783
ppo_with_uncertainty_guard_epistemic,RYTM,test_legacy,annualized_return,7,0.6694617659822811,0.3823703854144051,0.7637784483181116,0.45633661330074804,0.9825666818717373,0.043740254885201196,1.0009070683276833
ppo_with_uncertainty_guard_epistemic,RYTM,test_legacy,annualized_volatility,7,0.5450675417741501,0.2143046630240942,0.5393085878971368,0.42014443158618564,0.7365362340114983,0.20488782652876716,0.7579150467977792
ppo_with_uncertainty_guard_epistemic,RYTM,test_legacy,sharpe_ratio,7,0.8168213442481713,0.29910085693078914,0.916479317578844,0.7783678102293643,0.9916960464678952,0.20894666149012772,1.0521957172737089
ppo_with_uncertainty_guard_epistemic,RYTM,test_legacy,max_drawdown,7,0.5414151324800338,0.16127860619522238,0.49502800459722063,0.45758422914291635,0.6809384964595204,0.2904646460811995,0.7273678254769427
ppo_with_uncertainty_guard_epistemic,RYTM,test_legacy,var_95,7,-0.04580903209935714,0.01775642759406791,-0.04701572542292709,-0.06213661870825575,-0.03388137879233044,-0.06320077889087958,-0.01841072538052089
ppo_with_uncertainty_guard_epistemic,RYTM,test_legacy,var_95_violation_rate,7,0.049999999999999996,7.494862020830963e-18,0.05,0.05,0.05,0.05,0.05
ppo_with_uncertainty_guard_epistemic,RYTM,test_legacy,capital_preservation_rate_95pct_hwm,7,0.9610803888652193,0.012992629401361715,0.956902623355196,0.9568950894708974,0.9652747978505947,0.9422494520413676,0.9840708720169881
ppo_with_uncertainty_guard_epistemic,SAP,test_legacy,final_portfolio_value,10,1869345.3011711023,589141.0953339258,2203052.460894108,1348605.4918680592,2269173.3094998007,979089.0474409957,2303968.2346278033
ppo_with_uncertainty_guard_epistemic,SAP,test_legacy,annualized_return,10,0.16207332371367691,0.1089015136974591,0.22519732460450423,0.07111828328115839,0.2345501092853245,-0.0054193803819996295,0.23939071859510241
ppo_with_uncertainty_guard_epistemic,SAP,test_legacy,annualized_volatility,10,0.18912820876254913,0.10097635294051095,0.2414680888762315,0.1537884001252299,0.25594903808544067,0.009211094555177305,0.264801944411757
ppo_with_uncertainty_guard_epistemic,SAP,test_legacy,sharpe_ratio,10,0.5148812732042182,0.5478064486077523,0.8096890077287338,0.3345441446568356,0.8350723537855043,-0.5899434440107488,0.9187779754439189
ppo_with_uncertainty_guard_epistemic,SAP,test_legacy,max_drawdown,10,0.22101076830111946,0.10379143104198679,0.2527341708380625,0.2258518369662588,0.28304213026917036,0.021880295158179797,0.319888898015234
ppo_with_uncertainty_guard_epistemic,SAP,test_legacy,var_95,10,-0.01777669495822512,0.009766746141552114,-0.022809858477117737,-0.024154948076828008,-0.014877888347869048,-0.025355594171282546,0.0
ppo_with_uncertainty_guard_epistemic,SAP,test_legacy,var_95_violation_rate,10,0.04928571428571429,0.002258769757263129,0.05,0.05,0.05,0.04285714285714286,0.05
ppo_with_uncertainty_guard_epistemic,SAP,test_legacy,capital_preservation_rate_95pct_hwm,10,0.8336996485885624,0.08015118420825133,0.7894946069172439,0.7887683914532372,0.8354625010472871,0.7887667389990696,0.9835447158098828
ppo_with_uncertainty_guard_epistemic,SCHB,test_legacy,final_portfolio_value,10,1523036.8388179892,167371.4138283609,1545279.0221812576,1521600.8749906775,1614434.6452723541,1107810.0172913566,1715976.7193089202
ppo_with_uncertainty_guard_epistemic,SCHB,test_legacy,annualized_return,10,0.11295203177330412,0.0338982847310699,0.11840969003646795,0.11397746785658061,0.13107243486430709,0.026677232313604984,0.14895476137614566
ppo_with_uncertainty_guard_epistemic,SCHB,test_legacy,annualized_volatility,10,0.14539241217380397,0.027155111018222253,0.15016065488133423,0.13365586732220086,0.16276408003750495,0.08252463723268602,0.17550988853537072
ppo_with_uncertainty_guard_epistemic,SCHB,test_legacy,sharpe_ratio,10,0.7164070678738512,0.1606850190193174,0.7208399379258856,0.6970311232128806,0.7984258526994843,0.3190265321717753,0.930620765560616
ppo_with_uncertainty_guard_epistemic,SCHB,test_legacy,max_drawdown,10,0.1831966909362961,0.02122299577239596,0.18948768140050248,0.16991585042702728,0.19343185900020618,0.1393212574571252,0.2110374393796015
ppo_with_uncertainty_guard_epistemic,SCHB,test_legacy,var_95,10,-0.014287845197660489,0.002568012347613109,-0.014757281582779535,-0.016206015072139368,-0.013074676631103444,-0.017004851035557867,-0.008461661986513746
ppo_with_uncertainty_guard_epistemic,SCHB,test_legacy,var_95_violation_rate,10,0.05,0.0,0.05,0.05,0.05,0.05,0.05
ppo_with_uncertainty_guard_epistemic,SCHB,test_legacy,capital_preservation_rate_95pct_hwm,10,0.9967872480369613,0.00025993752557021795,0.9966487654925931,0.9966140015480293,0.9969330230457898,0.9964857970144303,0.9972149528123897
ppo_with_uncertainty_guard_epistemic,SCHD,test_legacy,final_portfolio_value,10,1167496.3874851444,79288.54094455102,1191819.7058580532,1156023.1020089565,1222474.1204482494,982023.7754207046,1228638.6216051595
ppo_with_uncertainty_guard_epistemic,SCHD,test_legacy,annualized_return,10,0.04018670106402834,0.018890402701066292,0.04615729442671219,0.03796496568449464,0.05301136477642868,-0.004653647706653267,0.05437423486389205
ppo_with_uncertainty_guard_epistemic,SCHD,test_legacy,annualized_volatility,10,0.11916913414530403,0.033919674130944,0.12698183709415212,0.10950087036214898,0.14631453879971024,0.04580105542835858,0.14832660593206937
ppo_with_uncertainty_guard_epistemic,SCHD,test_legacy,sharpe_ratio,10,0.2977279585476459,0.14414562760357033,0.3495997604965838,0.3360568732283619,0.3518048938755295,-0.10184248869422458,0.3726981198782305
ppo_with_uncertainty_guard_epistemic,SCHD,test_legacy,max_drawdown,10,0.13746561391287834,0.030057163260915048,0.14612575305517667,0.12472363682154308,0.16124836442921756,0.06903232603827003,0.161248381619986
ppo_with_uncertainty_guard_epistemic,SCHD,test_legacy,var_95,10,-0.011498549028664398,0.0034342979325615195,-0.01216084540165432,-0.014372281579216217,-0.010291513449096668,-0.014594942386979337,-0.004367115966278056
ppo_with_uncertainty_guard_epistemic,SCHD,test_legacy,var_95_violation_rate,10,0.05,0.0,0.05,0.05,0.05,0.05,0.05
ppo_with_uncertainty_guard_epistemic,SCHD,test_legacy,capital_preservation_rate_95pct_hwm,10,0.9812097298121207,0.0030434166187803657,0.9810627118822093,0.98106268212191,0.9819838129966716,0.9743671552843342,0.9868322165137972
ppo_with_uncertainty_guard_epistemic,SCHF,test_legacy,final_portfolio_value,10,1428387.5625686224,149975.48788613433,1487128.843567097,1441652.0731960135,1507139.6853105077,1047835.555735818,1535120.9155468368
ppo_with_uncertainty_guard_epistemic,SCHF,test_legacy,annualized_return,10,0.0948389915910565,0.03207907595946674,0.10743465226439619,0.09859707519104413,0.1112464136356964,0.012087902372863751,0.11651673557001276
ppo_with_uncertainty_guard_epistemic,SCHF,test_legacy,annualized_volatility,10,0.1396606716063266,0.03405431835063638,0.15360928233018833,0.14306509512988902,0.15785158715199066,0.052273494051446365,0.16018939124916157
ppo_with_uncertainty_guard_epistemic,SCHF,test_legacy,sharpe_ratio,10,0.6173077662787975,0.14033660017588273,0.6506642263032119,0.6344973660799212,0.6805199934144489,0.22985627563018798,0.7214246458712451
ppo_with_uncertainty_guard_epistemic,SCHF,test_legacy,max_drawdown,10,0.20806078032994896,0.04463123272965724,0.22041919071370586,0.2109822052087621,0.23390387139855415,0.09208271917898403,0.2420090652286193
ppo_with_uncertainty_guard_epistemic,SCHF,test_legacy,var_95,10,-0.013375937252693478,0.003286253489795981,-0.014795039606510718,-0.015121785080882022,-0.01377743751200562,-0.015378800611019728,-0.0050499094697338265
ppo_with_uncertainty_guard_epistemic,SCHF,test_legacy,var_95_violation_rate,10,0.05,0.0,0.05,0.05,0.05,0.05,0.05
ppo_with_uncertainty_guard_epistemic,SCHF,test_legacy,capital_preservation_rate_95pct_hwm,10,0.9981546452668473,0.000811068104834825,0.9983478310777839,0.9983478310742981,0.9983480054403524,0.9958728737181599,0.9987215522692531
ppo_with_uncertainty_guard_epistemic,SCHG,test_legacy,final_portfolio_value,10,1732000.5481311542,288394.4938651694,1835823.4267275375,1595165.67271462,1915544.385531855,1066257.8923989772,2033050.566719928
ppo_with_uncertainty_guard_epistemic,SCHG,test_legacy,annualized_return,10,0.14849202500041708,0.05452776723072756,0.16898733037258457,0.12723791133700624,0.18192332522883822,0.016633884866073506,0.2001571135249217
ppo_with_uncertainty_guard_epistemic,SCHG,test_legacy,annualized_volatility,10,0.183356349181189,0.043261766436695055,0.1958135703336553,0.1720015808665496,0.21156846376961624,0.07398349713559427,0.21889125123707498
ppo_with_uncertainty_guard_epistemic,SCHG,test_legacy,sharpe_ratio,10,0.7129073720930974,0.18779525650864962,0.7610759642682605,0.6900640226737911,0.7803614063648412,0.22298245255588206,0.929433506524534
ppo_with_uncertainty_guard_epistemic,SCHG,test_legacy,max_drawdown,10,0.2222579420328219,0.027888943803770376,0.23149432439911022,0.22227592955741873,0.23392163556715245,0.1487575084353654,0.24943980166357838
ppo_with_uncertainty_guard_epistemic,SCHG,test_legacy,var_95,10,-0.018234571023282638,0.004474175687403546,-0.019347642889141793,-0.021027337195142645,-0.017316071162343613,-0.021986562971623512,-0.006901091035942297
ppo_with_uncertainty_guard_epistemic,SCHG,test_legacy,var_95_violation_rate,10,0.05,0.0,0.05,0.05,0.05,0.05,0.05
ppo_with_uncertainty_guard_epistemic,SCHG,test_legacy,capital_preservation_rate_95pct_hwm,10,0.9814846388265501,0.005916051146377265,0.9784535609920979,0.978392473218338,0.9818036810108931,0.9783924110941016,0.997095237364904
ppo_with_uncertainty_guard_epistemic,SCHK,test_legacy,final_portfolio_value,10,1565636.138333581,123436.03233071219,1600083.3093191825,1531147.3684305947,1628537.2396752755,1295999.933615713,1733605.4119112005
ppo_with_uncertainty_guard_epistemic,SCHK,test_legacy,annualized_return,10,0.12155129479661766,0.02350249677943528,0.12847974462726522,0.11574464166341583,0.1336054191674098,0.06894550678864612,0.151978439946494
ppo_with_uncertainty_guard_epistemic,SCHK,test_legacy,annualized_volatility,10,0.14872101111517527,0.023718287074524513,0.14940454959700167,0.14358942962635263,0.16102560473506317,0.09186881168257899,0.1752020076261764
ppo_with_uncertainty_guard_epistemic,SCHK,test_legacy,sharpe_ratio,10,0.7697194492499682,0.08146036742576271,0.7419990820146205,0.7228042715037752,0.7903065112142861,0.68053899059154,0.9550756286169587
ppo_with_uncertainty_guard_epistemic,SCHK,test_legacy,max_drawdown,10,0.1847762375131365,0.020034404443344377,0.18865415233588956,0.1745881683398835,0.19202761665448972,0.14153151784864337,0.21073067733299233
ppo_with_uncertainty_guard_epistemic,SCHK,test_legacy,var_95,10,-0.01438397351890891,0.0022292172097135477,-0.014581620739860489,-0.016013180871529076,-0.013898844977833157,-0.016558558604072092,-0.00900642070385942
ppo_with_uncertainty_guard_epistemic,SCHK,test_legacy,var_95_violation_rate,10,0.05,0.0,0.05,0.05,0.05,0.05,0.05
ppo_with_uncertainty_guard_epistemic,SCHK,test_legacy,capital_preservation_rate_95pct_hwm,10,0.9968955724885381,0.0002850953142334265,0.9967601266538622,0.9966887081584846,0.9970397082709848,0.9966886810932154,0.9974979184324547
ppo_with_uncertainty_guard_epistemic,SCHV,test_legacy,final_portfolio_value,10,1366165.1112209118,52608.84925989899,1388874.8833357529,1329171.3856775905,1398139.5076369909,1274723.4339255104,1443911.7615278154
ppo_with_uncertainty_guard_epistemic,SCHV,test_legacy,annualized_return,10,0.08339738527272525,0.010794981410210246,0.08814006205778774,0.07591297657864589,0.09000194639328106,0.0644051413796697,0.09906844612129098
ppo_with_uncertainty_guard_epistemic,SCHV,test_legacy,annualized_volatility,10,0.13218475101174407,0.013473261482978584,0.13381759216413375,0.12352875780850125,0.14305523938733808,0.11017838767996793,0.148173600713088
ppo_with_uncertainty_guard_epistemic,SCHV,test_legacy,sharpe_ratio,10,0.6056053501901467,0.04664169709705491,0.5950458728975994,0.5738211841823284,0.6194413516360217,0.5664994905340918,0.7227669911404535
ppo_with_uncertainty_guard_epistemic,SCHV,test_legacy,max_drawdown,10,0.1551747605603631,0.017571093664157825,0.15292421576110699,0.14727598635357397,0.1661086510762037,0.1300901019228351,0.18104779675207605
ppo_with_uncertainty_guard_epistemic,SCHV,test_legacy,var_95,10,-0.012712979248617149,0.001295633991290767,-0.013103343217724238,-0.013799917624842183,-0.012071276364533113,-0.013964022644593932,-0.01021394941278233
ppo_with_uncertainty_guard_epistemic,SCHV,test_legacy,var_95_violation_rate,10,0.05,0.0,0.05,0.05,0.05,0.05,0.05
ppo_with_uncertainty_guard_epistemic,SCHV,test_legacy,capital_preservation_rate_95pct_hwm,10,0.9978305745035934,0.0002362097219861325,0.9976639054353384,0.9976627295458279,0.9980589250432222,0.9976627281986161,0.9981972121342495
ppo_with_uncertainty_guard_epistemic,SCHW,test_legacy,final_portfolio_value,10,1214677.1044312487,133360.7773633037,1266509.990781912,1164307.2482082406,1302013.5767117315,917584.5283301845,1349889.4894453895
ppo_with_uncertainty_guard_epistemic,SCHW,test_legacy,annualized_return,10,0.050093595568470525,0.03134732022738502,0.062633327502485,0.039864640723819775,0.07021869438974551,-0.021874217082292695,0.08020269259268899
ppo_with_uncertainty_guard_epistemic,SCHW,test_legacy,annualized_volatility,10,0.2572442913514613,0.07663626661461234,0.30723028010119313,0.19928442210311292,0.3098907843330777,0.10241112816075766,0.32273458933298904
ppo_with_uncertainty_guard_epistemic,SCHW,test_legacy,sharpe_ratio,10,0.1601221849244067,0.13927067646252733,0.20780942625318427,0.18514629380200678,0.22637738750005593,-0.2159625710711573,0.24858617975322478
ppo_with_uncertainty_guard_epistemic,SCHW,test_legacy,max_drawdown,10,0.3804278996271554,0.08553546422147255,0.4347706039045117,0.31780667559195386,0.44239156160139737,0.22214234880875805,0.45513719394425023
ppo_with_uncertainty_guard_epistemic,SCHW,test_legacy,var_95,10,-0.022851025087880318,0.00703778729543908,-0.026748713798113544,-0.027536468074343356,-0.01761684452880079,-0.030027670611790125,-0.00838458940026454
ppo_with_uncertainty_guard_epistemic,SCHW,test_legacy,var_95_violation_rate,10,0.05,0.0,0.05,0.05,0.05,0.05,0.05
ppo_with_uncertainty_guard_epistemic,SCHW,test_legacy,capital_preservation_rate_95pct_hwm,10,0.9845865880468623,0.032276934610857316,0.9943076832413398,0.9943075870941367,0.994726674201047,0.8927511215013835,0.9961998226924015
ppo_with_uncertainty_guard_epistemic,SLV,test_legacy,final_portfolio_value,10,2945048.2538382364,442393.5563602296,3124215.1809016503,3007350.296186816,3183998.352609285,1848493.2138377554,3258430.588652554
ppo_with_uncertainty_guard_epistemic,SLV,test_legacy,annualized_return,10,0.3170705339686165,0.05737478538778425,0.3403525757173355,0.32725577225463776,0.3468964050653716,0.17114402487322644,0.35492877079326796
ppo_with_uncertainty_guard_epistemic,SLV,test_legacy,annualized_volatility,10,0.2599627429226808,0.05016862529865223,0.2831455393425386,0.2575015939345556,0.2876617915061345,0.12950422157235425,0.29155493893509854
ppo_with_uncertainty_guard_epistemic,SLV,test_legacy,sharpe_ratio,10,1.0662102867477405,0.0776405755584055,1.0456828545266168,1.0215925088090336,1.0494659058874964,0.9907845813302061,1.2198897807571623
ppo_with_uncertainty_guard_epistemic,SLV,test_legacy,max_drawdown,10,0.24601178876326704,0.062207338804842874,0.26607169315200074,0.24738814022711997,0.28145568669128773,0.10421366707351776,0.30928570907040376
ppo_with_uncertainty_guard_epistemic,SLV,test_legacy,var_95,10,-0.023646111494342186,0.004704021857049785,-0.025881567931777295,-0.02610784748408821,-0.02314753188883172,-0.026764500828433666,-0.011493521482611069
ppo_with_uncertainty_guard_epistemic,SLV,test_legacy,var_95_violation_rate,10,0.05,0.0,0.05,0.05,0.05,0.05,0.05
ppo_with_uncertainty_guard_epistemic,SLV,test_legacy,capital_preservation_rate_95pct_hwm,10,0.9331780846789848,0.011250956603062847,0.9281865500160121,0.9281496018515794,0.9288961631850876,0.9281496004920061,0.9623986191999774
ppo_with_uncertainty_guard_epistemic,SNY,test_legacy,final_portfolio_value,10,1067333.006047774,49534.760987761714,1091188.3565724161,1016042.7251551278,1093433.751338709,1009310.4295442083,1152537.2855450006
ppo_with_uncertainty_guard_epistemic,SNY,test_legacy,annualized_return,10,0.016709214361577678,0.012130691617352241,0.022693801969503442,0.00409987583754297,0.023234578377006522,0.002385875735970396,0.037180012203257326
ppo_with_uncertainty_guard_epistemic,SNY,test_legacy,annualized_volatility,10,0.15117074665162655,0.11941011090090699,0.1947725291863006,0.020898017948852442,0.25844336356937103,0.006939581643792439,0.26184547241827905
ppo_with_uncertainty_guard_epistemic,SNY,test_legacy,sharpe_ratio,10,0.23028015627221032,0.20483540296855055,0.09076283191405649,0.08732266388485116,0.36743481536550415,0.04117887544741138,0.5859907260971101
ppo_with_uncertainty_guard_epistemic,SNY,test_legacy,max_drawdown,10,0.1888258484975707,0.14972287968597112,0.24018593710960767,0.024659928211354543,0.3231457806685897,0.007298483715826309,0.3338211078679887
ppo_with_uncertainty_guard_epistemic,SNY,test_legacy,var_95,10,-0.013110334906050208,0.010672170457358552,-0.017379384091775484,-0.022718859127149972,-0.0013361212539509059,-0.022913844604968148,0.0
ppo_with_uncertainty_guard_epistemic,SNY,test_legacy,var_95_violation_rate,10,0.04795918367346939,0.0049290397095882454,0.05,0.05,0.05,0.03469387755102041,0.05
ppo_with_uncertainty_guard_epistemic,SNY,test_legacy,capital_preservation_rate_95pct_hwm,10,0.9105669856027537,0.07090305714335307,0.8702912945411503,0.8497563585235195,0.9900630380942382,0.8497562849277641,0.997761247543309
ppo_with_uncertainty_guard_epistemic,SPOT,test_legacy,final_portfolio_value,10,3289019.5570840375,759226.5514675638,3454899.920874656,2909138.580870568,3633620.902609261,1650191.2396928556,4342840.720089127
ppo_with_uncertainty_guard_epistemic,SPOT,test_legacy,annualized_return,10,0.3507694265258806,0.09032888545448703,0.3754794235450504,0.3158338337606769,0.39341105499283435,0.13746328020313991,0.45881091193933543
ppo_with_uncertainty_guard_epistemic,SPOT,test_legacy,annualized_volatility,10,0.37060231676769206,0.06830262795635118,0.39128799735042696,0.3375515805924386,0.4096022967571132,0.2227665749696495,0.44903802218142586
ppo_with_uncertainty_guard_epistemic,SPOT,test_legacy,sharpe_ratio,10,0.7987386871201358,0.10599283239912667,0.7959552272826922,0.7646960818633153,0.8602034066394308,0.5781859258517684,0.966574017050141
ppo_with_uncertainty_guard_epistemic,SPOT,test_legacy,max_drawdown,10,0.46495181878069297,0.0735132803381306,0.4578233014588948,0.43368184857921865,0.5187680538278134,0.33623699072194446,0.5664302537845067
ppo_with_uncertainty_guard_epistemic,SPOT,test_legacy,var_95,10,-0.03455470014721311,0.0062900732469316776,-0.035723544176291665,-0.038612710643902544,-0.030985141249255777,-0.041988834467973475,-0.021617526212067074
ppo_with_uncertainty_guard_epistemic,SPOT,test_legacy,var_95_violation_rate,10,0.05,0.0,0.05,0.05,0.05,0.05,0.05
ppo_with_uncertainty_guard_epistemic,SPOT,test_legacy,capital_preservation_rate_95pct_hwm,10,0.7747925539446341,0.036418987192172826,0.7621986808672232,0.7490612450901106,0.7762745345044886,0.749052692555724,0.8570099527890245
ppo_with_uncertainty_guard_epistemic,SPY,test_legacy,final_portfolio_value,16,1571473.1755174533,156098.95972997037,1611873.0219816058,1553511.6873126188,1642081.0168476878,1044867.1981665768,1745535.7884767705
ppo_with_uncertainty_guard_epistemic,SPY,test_legacy,annualized_return,16,0.12207817219262432,0.03202843674053438,0.13061212113002463,0.119940974443984,0.13602177410681976,0.011349873657189587,0.15401180622871197
ppo_with_uncertainty_guard_epistemic,SPY,test_legacy,annualized_volatility,16,0.14701714595004467,0.02974860997528671,0.15046470182747096,0.14133273410249556,0.16424774306926587,0.048305303222474366,0.17446434961950938
ppo_with_uncertainty_guard_epistemic,SPY,test_legacy,sharpe_ratio,16,0.759903491559575,0.15659724052023646,0.7715558694777691,0.7414671659399237,0.8207500306865487,0.233637080204882,0.9621134898832151
ppo_with_uncertainty_guard_epistemic,SPY,test_legacy,max_drawdown,16,0.17519961752876292,0.030608274142878346,0.18534104911330623,0.1671674033795353,0.18904707376642127,0.07582666690214745,0.2077313225686439
ppo_with_uncertainty_guard_epistemic,SPY,test_legacy,var_95,16,-0.01406288260647054,0.002743308289184558,-0.014316486098806135,-0.015745639197867735,-0.013314111101656123,-0.016455617245332822,-0.005018025847075602
ppo_with_uncertainty_guard_epistemic,SPY,test_legacy,var_95_violation_rate,16,0.05,0.0,0.05,0.05,0.05,0.05,0.05
ppo_with_uncertainty_guard_epistemic,SPY,test_legacy,capital_preservation_rate_95pct_hwm,16,0.996088346244695,0.001723505967065692,0.9964017293905731,0.9963353310521723,0.9966864767034123,0.989677679552535,0.9970100224341782
ppo_with_uncertainty_guard_epistemic,SPYG,test_legacy,final_portfolio_value,10,1681415.9020972308,108496.86743465043,1693599.8392945363,1615856.7603110329,1759601.1694561997,1493917.347097457,1851135.2756379333
ppo_with_uncertainty_guard_epistemic,SPYG,test_legacy,annualized_return,10,0.14254644696173058,0.019075219270044158,0.14508321892593495,0.13132674325549087,0.15637135351021103,0.10873263854004034,0.1715742338351853
ppo_with_uncertainty_guard_epistemic,SPYG,test_legacy,annualized_volatility,10,0.181873852771933,0.014951463325160782,0.18152890644943268,0.1764136157818236,0.18923823286698196,0.15655531484970645,0.20630414298304964
ppo_with_uncertainty_guard_epistemic,SPYG,test_legacy,sharpe_ratio,10,0.7315455245999998,0.06652983939876557,0.716053416938849,0.674921916158009,0.7727627678450023,0.6527722498449863,0.8365855981340737
ppo_with_uncertainty_guard_epistemic,SPYG,test_legacy,max_drawdown,10,0.2139279219100773,0.015220156807271082,0.2160614467905389,0.21144653916541056,0.22135646890294838,0.1801445472970875,0.23241087976328656
ppo_with_uncertainty_guard_epistemic,SPYG,test_legacy,var_95,10,-0.01812467591275904,0.0014994371020052412,-0.01819463881521899,-0.018932046682710736,-0.017637643430148352,-0.02086823917129834,-0.015559236881646931
ppo_with_uncertainty_guard_epistemic,SPYG,test_legacy,var_95_violation_rate,10,0.05,0.0,0.05,0.05,0.05,0.05,0.05
ppo_with_uncertainty_guard_epistemic,SPYG,test_legacy,capital_preservation_rate_95pct_hwm,10,0.9864161107417481,0.0011920012088664626,0.9859419481430038,0.9855485316627466,0.986768056055084,0.9854927486035303,0.989245613797347
ppo_with_uncertainty_guard_epistemic,SPYV,test_legacy,final_portfolio_value,10,1465191.5962289083,49468.7361541761,1465566.5397305184,1429112.6984213279,1511665.1544487006,1383889.9877499035,1517605.51108375
ppo_with_uncertainty_guard_epistemic,SPYV,test_legacy,annualized_return,10,0.10310230677820606,0.009608568496600344,0.10323610493770725,0.09616047438155706,0.11210469790605881,0.08713445480674803,0.1132269609578167
ppo_with_uncertainty_guard_epistemic,SPYV,test_legacy,annualized_volatility,10,0.1292332310798497,0.013324271655656873,0.12677339899431783,0.12057835643225712,0.14182241691024136,0.10861724652315935,0.1466189343945938
ppo_with_uncertainty_guard_epistemic,SPYV,test_legacy,sharpe_ratio,10,0.7609372881111292,0.04217541996782388,0.7514581033195635,0.7313896649049836,0.7720706193620869,0.7104553623561379,0.8516292434278913
ppo_with_uncertainty_guard_epistemic,SPYV,test_legacy,max_drawdown,10,0.16626576518388642,0.011077833135235533,0.1701350413246468,0.15833244880503844,0.17528455996519515,0.14521059273360504,0.175373407171166
ppo_with_uncertainty_guard_epistemic,SPYV,test_legacy,var_95,10,-0.012913847538795684,0.0016652727592098725,-0.012901449774433527,-0.014495957978073593,-0.011816257537724794,-0.014723490071363976,-0.00972221485062219
ppo_with_uncertainty_guard_epistemic,SPYV,test_legacy,var_95_violation_rate,10,0.05,0.0,0.05,0.05,0.05,0.05,0.05
ppo_with_uncertainty_guard_epistemic,SPYV,test_legacy,capital_preservation_rate_95pct_hwm,10,0.9981795967989129,0.00014218355526671945,0.9981050751916998,0.9980827456698645,0.9981920917227196,0.9980825833980114,0.9984459458680868
ppo_with_uncertainty_guard_epistemic,SPYX,test_legacy,final_portfolio_value,10,1593836.8329096648,99310.33189764593,1607751.6158995447,1520215.4213897912,1653155.8617742998,1419462.42560285,1752272.2810067341
ppo_with_uncertainty_guard_epistemic,SPYX,test_legacy,annualized_return,10,0.12696571274375365,0.018168215689005347,0.12986300388781058,0.11370658531346699,0.13798607851050854,0.09425256804027064,0.1551553905781507
ppo_with_uncertainty_guard_epistemic,SPYX,test_legacy,annualized_volatility,10,0.14850767526907943,0.01600402006712336,0.14430628544318463,0.1354858468488283,0.15875837455402433,0.1303691871703684,0.17297784101566052
ppo_with_uncertainty_guard_epistemic,SPYX,test_legacy,sharpe_ratio,10,0.8051791144814896,0.08493536503560108,0.7714855280245503,0.7575688710726882,0.8582380514485891,0.6908951126764002,0.9770295650352301
ppo_with_uncertainty_guard_epistemic,SPYX,test_legacy,max_drawdown,10,0.1865235137882094,0.014794658839536278,0.1822753644030619,0.17500135449453172,0.19601965380809833,0.17030880504219115,0.2129719893889157
ppo_with_uncertainty_guard_epistemic,SPYX,test_legacy,var_95,10,-0.01424398155463125,0.0015780667052630976,-0.014155634927235816,-0.015589570274924292,-0.01271435618885095,-0.016292516941383273,-0.01228094691422239
ppo_with_uncertainty_guard_epistemic,SPYX,test_legacy,var_95_violation_rate,10,0.05,0.0,0.05,0.05,0.05,0.05,0.05
ppo_with_uncertainty_guard_epistemic,SPYX,test_legacy,capital_preservation_rate_95pct_hwm,10,0.9962182151843992,0.0002359326869445017,0.9961261278476718,0.996047909555638,0.9962723442106809,0.9960463835980895,0.9967864578658209
ppo_with_uncertainty_guard_epistemic,TAN,test_legacy,final_portfolio_value,10,965761.1403248205,78904.88819084519,991091.6233231393,987198.5737662094,991316.7182098915,741555.9903842256,998934.1307631787
ppo_with_uncertainty_guard_epistemic,TAN,test_legacy,annualized_return,10,-0.00956839039503026,0.022670579255807927,-0.0022983445241413565,-0.003307995439200225,-0.0022400820797974573,-0.0740054222153058,-0.0002741892351034665
ppo_with_uncertainty_guard_epistemic,TAN,test_legacy,annualized_volatility,10,0.05361654533465532,0.11457235784874506,0.017073127305305767,0.016948962668623294,0.01780270566061419,0.016936096268951706,0.3796879426550248
ppo_with_uncertainty_guard_epistemic,TAN,test_legacy,sharpe_ratio,10,-0.14508538530982037,0.06863985673338636,-0.13586151483396122,-0.17512322116637152,-0.13221355856729558,-0.276721417583322,-0.015225029285957302
ppo_with_uncertainty_guard_epistemic,TAN,test_legacy,max_drawdown,10,0.09468018076416194,0.21547142319622828,0.02631628669510011,0.02631628669510011,0.02631628669510011,0.02631628669510011,0.7079198998696743
ppo_with_uncertainty_guard_epistemic,TAN,test_legacy,var_95,10,-0.0036251997331356116,0.011400379582979039,-2.308483179769281e-06,-4.231006142474403e-05,0.0,-0.03607107806259755,0.0
ppo_with_uncertainty_guard_epistemic,TAN,test_legacy,var_95_violation_rate,10,0.03448979591836735,0.017751061650948044,0.04030612244897959,0.017346938775510204,0.05,0.00816326530612245,0.05
ppo_with_uncertainty_guard_epistemic,TAN,test_legacy,capital_preservation_rate_95pct_hwm,10,0.9444396014639777,0.1342776076796357,0.9875029682497999,0.9824823651860984,0.9877272480878843,0.562503835725367,0.9951046318236937
ppo_with_uncertainty_guard_epistemic,TMUS,test_legacy,final_portfolio_value,10,1690848.2802113849,225035.75095936848,1775771.589539648,1730570.8691415652,1788200.3926999713,1063173.0283603985,1796700.607950105
ppo_with_uncertainty_guard_epistemic,TMUS,test_legacy,annualized_return,10,0.1424284676177347,0.045123846589099,0.1591187361627552,0.15144681767735924,0.161199691517356,0.01587673814704729,0.16261684838714055
ppo_with_uncertainty_guard_epistemic,TMUS,test_legacy,annualized_volatility,10,0.2007047575341782,0.06249636078753488,0.22234172189920454,0.215019052493029,0.22466350654208997,0.02412800535938287,0.22729725394674755
ppo_with_uncertainty_guard_epistemic,TMUS,test_legacy,sharpe_ratio,10,0.6588466646853977,0.009279473694525102,0.6622740649654442,0.6548307622052794,0.6647244595161553,0.6371817944181674,0.6674567677102115
ppo_with_uncertainty_guard_epistemic,TMUS,test_legacy,max_drawdown,10,0.2481923899442285,0.08395203750707668,0.2759424565859186,0.27593660688424565,0.2759425832023422,0.009463782220331951,0.27594259337972504
ppo_with_uncertainty_guard_epistemic,TMUS,test_legacy,var_95,10,-0.019394455180001602,0.006875690091116724,-0.021808977291569897,-0.022227809519948672,-0.020735534510616337,-0.022257318620007904,0.0
ppo_with_uncertainty_guard_epistemic,TMUS,test_legacy,var_95_violation_rate,10,0.04663265306122449,0.010648485998526176,0.05,0.05,0.05,0.0163265306122449,0.05
ppo_with_uncertainty_guard_epistemic,TMUS,test_legacy,capital_preservation_rate_95pct_hwm,10,0.7786400890936699,0.0754418868147602,0.7537009793386745,0.7537008499362219,0.7537067026872691,0.7537008394418234,0.993168297676566
ppo_with_uncertainty_guard_epistemic,TSLA,test_legacy,final_portfolio_value,10,1151495.9739104882,275912.0911997086,993255.3070535108,983220.0213518325,1296754.854852547,902638.0276575817,1631535.5950555364
ppo_with_uncertainty_guard_epistemic,TSLA,test_legacy,annualized_return,10,0.03229024344272015,0.059994620986370636,-0.0017389142427470846,-0.00434272996229027,0.06804539539673835,-0.02599621013750331,0.134142656518556
ppo_with_uncertainty_guard_epistemic,TSLA,test_legacy,annualized_volatility,10,0.1761198659475739,0.22186818158917326,0.049465824669793976,0.02565038628384605,0.2560503592553936,0.01626336747311458,0.5897733651646249
ppo_with_uncertainty_guard_epistemic,TSLA,test_legacy,sharpe_ratio,10,0.01757261251566911,0.24402263860824222,-0.056569960193024,-0.18608040815008398,0.22662037544528893,-0.27922730674201374,0.4129037144871846
ppo_with_uncertainty_guard_epistemic,TSLA,test_legacy,max_drawdown,10,0.22942561735929887,0.25152951558048753,0.07935643352835475,0.04666356234000793,0.3754721165373127,0.02420881074023251,0.6735643850680993
ppo_with_uncertainty_guard_epistemic,TSLA,test_legacy,var_95,10,-0.017053079001919748,0.022889059470277386,-0.0033745303322872287,-0.026977010191926484,-0.0013023008050389029,-0.05915485581182702,-4.510372240567051e-05
ppo_with_uncertainty_guard_epistemic,TSLA,test_legacy,var_95_violation_rate,10,0.05,0.0,0.05,0.05,0.05,0.05,0.05
ppo_with_uncertainty_guard_epistemic,TSLA,test_legacy,capital_preservation_rate_95pct_hwm,10,0.9635079908405141,0.03944258493619792,0.979014105815452,0.9469513577191453,0.987900094337467,0.867133605688944,0.9934657850542719
ppo_with_uncertainty_guard_epistemic,TSM,test_legacy,final_portfolio_value,10,2602135.306321256,492049.806482224,2780774.0978785227,2200387.305926767,2945445.19028277,1737949.9798524007,3118141.4551269305
ppo_with_uncertainty_guard_epistemic,TSM,test_legacy,annualized_return,10,0.2744463072429616,0.06622398757993427,0.3007621195427392,0.22339393361493182,0.3201963867447719,0.15272011094910376,0.33968217986165794
ppo_with_uncertainty_guard_epistemic,TSM,test_legacy,annualized_volatility,10,0.30634462189832756,0.05105075420901095,0.31208913170095676,0.27179183058630846,0.33793997652952346,0.21184071894609788,0.37182381719730884
ppo_with_uncertainty_guard_epistemic,TSM,test_legacy,sharpe_ratio,10,0.7823450146349324,0.08813387803829596,0.7754921485258487,0.7043235950083973,0.8536232839421506,0.6709019753003336,0.9212282160756602
ppo_with_uncertainty_guard_epistemic,TSM,test_legacy,max_drawdown,10,0.3774671656832387,0.04938071743825746,0.368316754134308,0.36484898865340454,0.39063302515887877,0.3015587241419537,0.4671982409013532
ppo_with_uncertainty_guard_epistemic,TSM,test_legacy,var_95,10,-0.028234804623587843,0.004565149903598432,-0.028957142954189184,-0.030440706844676455,-0.025076275797534485,-0.034788430704682224,-0.0201926305875447
ppo_with_uncertainty_guard_epistemic,TSM,test_legacy,var_95_violation_rate,10,0.05,0.0,0.05,0.05,0.05,0.05,0.05
ppo_with_uncertainty_guard_epistemic,TSM,test_legacy,capital_preservation_rate_95pct_hwm,10,0.975740073634778,0.0037458438447528293,0.9734542350180858,0.9729129397896328,0.9785267338529283,0.9728908021389101,0.9831093463745674
ppo_with_uncertainty_guard_epistemic,V,test_legacy,final_portfolio_value,10,1535033.7413886765,207251.50415214745,1630657.5315327113,1553827.4824382034,1639464.8942830174,1055422.173483001,1669040.5175232857
ppo_with_uncertainty_guard_epistemic,V,test_legacy,annualized_return,10,0.11448564287781424,0.04240730757540076,0.13398517636660923,0.11993166860043236,0.13555746144088449,0.013967146381419045,0.14079016681835904
ppo_with_uncertainty_guard_epistemic,V,test_legacy,annualized_volatility,10,0.17841034086000737,0.04937773450925306,0.19988791824024815,0.1821050523411525,0.20862574579554857,0.07229549586685925,0.21235158077736316
ppo_with_uncertainty_guard_epistemic,V,test_legacy,sharpe_ratio,10,0.5772324956933477,0.1401180543703273,0.6069438154507838,0.5879493631641027,0.6257649444464815,0.19185806809866957,0.6979973410718514
ppo_with_uncertainty_guard_epistemic,V,test_legacy,max_drawdown,10,0.17874194091120127,0.04032426747952389,0.19226253086287037,0.17305582929331387,0.20650208337920084,0.09873679719555262,0.21431746112357108
ppo_with_uncertainty_guard_epistemic,V,test_legacy,var_95,10,-0.017936792884334283,0.0050216842819880095,-0.01977764626484082,-0.02145100315870694,-0.01778902863208114,-0.021495324886774015,-0.007192951810256876
ppo_with_uncertainty_guard_epistemic,V,test_legacy,var_95_violation_rate,10,0.05,0.0,0.05,0.05,0.05,0.05,0.05
ppo_with_uncertainty_guard_epistemic,V,test_legacy,capital_preservation_rate_95pct_hwm,10,0.9601267438349741,0.013071532790668064,0.9534638453470423,0.9534638415750027,0.9571529001822027,0.9534638415734813,0.9894888336302359
ppo_with_uncertainty_guard_epistemic,VOO,test_legacy,final_portfolio_value,10,1601617.8714272645,84081.81663857476,1618220.7249014461,1525440.528744973,1652933.65385854,1488199.0997860436,1748453.7246027985
ppo_with_uncertainty_guard_epistemic,VOO,test_legacy,annualized_return,10,0.12849126491318225,0.01521451833805456,0.13175492177942422,0.11469722928408238,0.13794779359527792,0.10763979990659643,0.1545075557055098
ppo_with_uncertainty_guard_epistemic,VOO,test_legacy,annualized_volatility,10,0.1483671081333152,0.017169474742083194,0.1452062874549242,0.13976453220449686,0.16012401255858574,0.11484127049049606,0.17174010359739803
ppo_with_uncertainty_guard_epistemic,VOO,test_legacy,sharpe_ratio,10,0.8181462545947786,0.0805053766387245,0.7951071946497796,0.7592655901674434,0.8716812231887916,0.7328334118434386,0.9669318785470973
ppo_with_uncertainty_guard_epistemic,VOO,test_legacy,max_drawdown,10,0.18251797123372976,0.015099408687580052,0.1848650814913701,0.16899847463928203,0.1868910886478342,0.16498366613076776,0.20792832307647457
ppo_with_uncertainty_guard_epistemic,VOO,test_legacy,var_95,10,-0.014312831803737653,0.0017308258143659786,-0.013991991573080443,-0.015783925107446573,-0.01337594444968333,-0.016418465041321627,-0.010929795159669808
ppo_with_uncertainty_guard_epistemic,VOO,test_legacy,var_95_violation_rate,10,0.05,0.0,0.05,0.05,0.05,0.05,0.05
ppo_with_uncertainty_guard_epistemic,VOO,test_legacy,capital_preservation_rate_95pct_hwm,10,0.9966840221779515,0.000235940614726899,0.9965778880581561,0.9964715236383044,0.996928429421384,0.9964715209254192,0.9969738846723445
ppo_with_uncertainty_guard_epistemic,VTI,test_legacy,final_portfolio_value,10,1509998.332588204,159019.3837841654,1562505.3518240876,1420854.2428277957,1613580.881327156,1177216.1451019705,1711932.798267021
ppo_with_uncertainty_guard_epistemic,VTI,test_legacy,annualized_return,10,0.11066450545379332,0.03127458886258181,0.12153529286682821,0.09449121066122879,0.1309186379162542,0.04284597244455465,0.14825789554413765
ppo_with_uncertainty_guard_epistemic,VTI,test_legacy,annualized_volatility,10,0.1443609989283187,0.02698020199197228,0.14844092491239327,0.13634590957415396,0.15940592955001992,0.09558793629474563,0.1770856705638012
ppo_with_uncertainty_guard_epistemic,VTI,test_legacy,sharpe_ratio,10,0.7155685743070709,0.12687117577942825,0.6977606310198292,0.6868061228341682,0.7763506791738135,0.4388986690199205,0.9256351913123637
ppo_with_uncertainty_guard_epistemic,VTI,test_legacy,max_drawdown,10,0.18173589315499789,0.02137039512051821,0.19238742445578683,0.1647012443188565,0.1929846200610957,0.14561740260949552,0.20876187581817007
ppo_with_uncertainty_guard_epistemic,VTI,test_legacy,var_95,10,-0.01393531433209402,0.002576732446107957,-0.014383369205572816,-0.01578293784355229,-0.013100394849220608,-0.016821631793606164,-0.009568742126958085
ppo_with_uncertainty_guard_epistemic,VTI,test_legacy,var_95_violation_rate,10,0.05,0.0,0.05,0.05,0.05,0.05,0.05
ppo_with_uncertainty_guard_epistemic,VTI,test_legacy,capital_preservation_rate_95pct_hwm,10,0.9960951663529702,0.0006690448510816173,0.995806346060374,0.9956161999954857,0.9963898045072788,0.9956160849833888,0.9977131225927717
ppo_with_uncertainty_guard_epistemic,VYM,test_legacy,final_portfolio_value,10,1433115.957779069,46563.08112089454,1457924.5112489318,1425320.8340044543,1461785.4327778793,1344628.1503275288,1475833.8954222547
ppo_with_uncertainty_guard_epistemic,VYM,test_legacy,annualized_return,10,0.0968478186470529,0.009289144050132167,0.10180132363532926,0.09541189929095342,0.10255081876799688,0.07911849736554513,0.1052659240979087
ppo_with_uncertainty_guard_epistemic,VYM,test_legacy,annualized_volatility,10,0.13048477832210265,0.0135399580036102,0.13673555239753982,0.12106693333279966,0.1413328439218884,0.1040963674211889,0.1429278083925946
ppo_with_uncertainty_guard_epistemic,VYM,test_legacy,sharpe_ratio,10,0.7094587377798989,0.029020932976883462,0.7079671970304376,0.6819238341269004,0.7311044033409018,0.6777963387054168,0.7606998047345058
ppo_with_uncertainty_guard_epistemic,VYM,test_legacy,max_drawdown,10,0.1414978746204231,0.011347540610870293,0.1445524890192435,0.1377700451959244,0.15008370030682086,0.12239803434061625,0.15491593702242823
ppo_with_uncertainty_guard_epistemic,VYM,test_legacy,var_95,10,-0.012634031295378831,0.00132603048141996,-0.013344661735358133,-0.013650650918613639,-0.011853936378935948,-0.013695595154867934,-0.010052244231199924
ppo_with_uncertainty_guard_epistemic,VYM,test_legacy,var_95_violation_rate,10,0.05,0.0,0.05,0.05,0.05,0.05,0.05
ppo_with_uncertainty_guard_epistemic,VYM,test_legacy,capital_preservation_rate_95pct_hwm,10,0.9862247437660037,0.0011559701031543604,0.9855821302585088,0.9855821270474141,0.9861479093407741,0.9855821270437125,0.9886982979136296
ppo_with_uncertainty_guard_epistemic,VYMI,test_legacy,final_portfolio_value,10,1560592.6138149346,74768.21909133311,1592221.28739159,1520980.6601374666,1598913.1578837337,1396208.1828264808,1639133.5542646106
ppo_with_uncertainty_guard_epistemic,VYMI,test_legacy,annualized_return,10,0.1210234386698535,0.014083453168355888,0.12705098825775474,0.11385290889993786,0.12826752328727767,0.08961457326176465,0.1354984474538324
ppo_with_uncertainty_guard_epistemic,VYMI,test_legacy,annualized_volatility,10,0.13372372526020565,0.01830084392219158,0.13877146516015976,0.132030979753266,0.14453872634782386,0.08482783186898826,0.14750873738961903
ppo_with_uncertainty_guard_epistemic,VYMI,test_legacy,sharpe_ratio,10,0.8598913989345721,0.06747729738725386,0.8360686591230027,0.8115274218625016,0.8885637393233727,0.7990809286196253,1.0117418858506824
ppo_with_uncertainty_guard_epistemic,VYMI,test_legacy,max_drawdown,10,0.19071331245375311,0.033866141283295494,0.19897792175389062,0.19031097928894675,0.20995526547925422,0.10180496602287015,0.21909752780262104
ppo_with_uncertainty_guard_epistemic,VYMI,test_legacy,var_95,10,-0.012887163531242677,0.001987951459336213,-0.013466795523269903,-0.014067320991269172,-0.012673157121126067,-0.014162563185727261,-0.007515914258810685
ppo_with_uncertainty_guard_epistemic,VYMI,test_legacy,var_95_violation_rate,10,0.05,0.0,0.05,0.05,0.05,0.05,0.05
ppo_with_uncertainty_guard_epistemic,VYMI,test_legacy,capital_preservation_rate_95pct_hwm,10,0.9982071678854952,0.00012744808280790645,0.9981239347715001,0.9981180042173111,0.9982760243896396,0.9981180042164058,0.9984362946597404
ppo_with_uncertainty_guard_epistemic,XLF,test_legacy,final_portfolio_value,10,1489282.4705801946,84130.33187600816,1515359.023884928,1411917.2688559776,1556357.729728332,1368247.9133655247,1598782.3105937368
ppo_with_uncertainty_guard_epistemic,XLF,test_legacy,annualized_return,10,0.10753976909361032,0.016207210019069544,0.11280154660257521,0.09273747054189627,0.1204670587477063,0.08396136780817429,0.12824384177612355
ppo_with_uncertainty_guard_epistemic,XLF,test_legacy,annualized_volatility,10,0.15988694508263576,0.02222792768576908,0.1675370232294414,0.14069130647790062,0.17571692120939056,0.12027554519311126,0.1846970773438
ppo_with_uncertainty_guard_epistemic,XLF,test_legacy,sharpe_ratio,10,0.6391452565266837,0.040666835741529336,0.6360770808777367,0.605216067217814,0.6784967762975004,0.583798577315907,0.6935786878160709
ppo_with_uncertainty_guard_epistemic,XLF,test_legacy,max_drawdown,10,0.18716984991923744,0.02456042924546569,0.186363479430104,0.17725943822486398,0.19942716892061946,0.1405377269521777,0.22724897139428113
ppo_with_uncertainty_guard_epistemic,XLF,test_legacy,var_95,10,-0.015935471688093374,0.0027188489228263356,-0.01717425960814851,-0.017870599028253987,-0.014089345082257676,-0.01848544291377623,-0.010369958807370948
ppo_with_uncertainty_guard_epistemic,XLF,test_legacy,var_95_violation_rate,10,0.05,0.0,0.05,0.05,0.05,0.05,0.05
ppo_with_uncertainty_guard_epistemic,XLF,test_legacy,capital_preservation_rate_95pct_hwm,10,0.9930397141107422,0.0006119080334082695,0.9928279207599909,0.9926431290296337,0.9929676448810403,0.9926431270215594,0.9944554856129009
ppo_with_uncertainty_guard_epistemic,XLI,test_legacy,final_portfolio_value,10,1515766.6382121933,257851.51275760197,1664581.523914416,1399417.960323248,1671754.985304623,1020612.1651235637,1688118.9927220833
ppo_with_uncertainty_guard_epistemic,XLI,test_legacy,annualized_return,10,0.10973861853293923,0.0527348167637743,0.1400052892862508,0.08926871506394748,0.14126682458355924,0.005260171589677066,0.14412920508466767
ppo_with_uncertainty_guard_epistemic,XLI,test_legacy,annualized_volatility,10,0.13622927012467215,0.04848067121631338,0.16111753971514653,0.11569039574554832,0.16720910056485294,0.04008382528984708,0.17263409193738966
ppo_with_uncertainty_guard_epistemic,XLI,test_legacy,sharpe_ratio,10,0.6908969704700728,0.22304855513265215,0.7837246541405569,0.7121458424225855,0.8086943658414831,0.13088482440281585,0.8351805727849396
ppo_with_uncertainty_guard_epistemic,XLI,test_legacy,max_drawdown,10,0.15802404316323354,0.04685108905599762,0.18435707819192693,0.1337134838926593,0.18489887805499677,0.057744457692750606,0.19213940095463022
ppo_with_uncertainty_guard_epistemic,XLI,test_legacy,var_95,10,-0.013443347232490296,0.0048367322708244695,-0.015917376981669708,-0.01652846475769962,-0.011297690426038431,-0.017016066133509523,-0.003921026047145748
ppo_with_uncertainty_guard_epistemic,XLI,test_legacy,var_95_violation_rate,10,0.05,0.0,0.05,0.05,0.05,0.05,0.05
ppo_with_uncertainty_guard_epistemic,XLI,test_legacy,capital_preservation_rate_95pct_hwm,10,0.9947150565591871,0.005442333701516739,0.9960010239460283,0.996000001939684,0.9960295686914946,0.9793842660080652,0.9980512581724305
ppo_with_uncertainty_guard_epistemic,XLK,test_legacy,final_portfolio_value,10,1873048.5014690817,177166.89134444523,1916060.253629378,1855303.679048819,1953244.8468596735,1444713.8802990476,2071837.2345622443
ppo_with_uncertainty_guard_epistemic,XLK,test_legacy,annualized_return,10,0.17413709500930116,0.030256144918254617,0.18200322454543053,0.17224765137045953,0.1878613625392227,0.09922541286177561,0.20600356488608607
ppo_with_uncertainty_guard_epistemic,XLK,test_legacy,annualized_volatility,10,0.21670136146055832,0.02705693435172867,0.21955496508247618,0.2088412632378659,0.22721098154761407,0.15362823958779898,0.24996787020388433
ppo_with_uncertainty_guard_epistemic,XLK,test_legacy,sharpe_ratio,10,0.7373021642903421,0.07407121467947335,0.7345139700324828,0.682067019097006,0.8024884681076718,0.615809073459478,0.8459680952379766
ppo_with_uncertainty_guard_epistemic,XLK,test_legacy,max_drawdown,10,0.24505434016088684,0.023503723581622157,0.25262506116431566,0.24203993492684983,0.2565325438038098,0.18255437431543442,0.2640458433986884
ppo_with_uncertainty_guard_epistemic,XLK,test_legacy,var_95,10,-0.02184922048267472,0.002735034968185474,-0.02183900633968392,-0.022901290197098946,-0.021241703358824717,-0.02535697846870466,-0.015548474165297855
ppo_with_uncertainty_guard_epistemic,XLK,test_legacy,var_95_violation_rate,10,0.05,0.0,0.05,0.05,0.05,0.05,0.05
ppo_with_uncertainty_guard_epistemic,XLK,test_legacy,capital_preservation_rate_95pct_hwm,10,0.9629798205484231,0.00424304111939863,0.9610045383507868,0.9607166850729664,0.962548456375128,0.9607158460587054,0.9736760462234275
ppo_with_uncertainty_guard_epistemic,XLU,test_legacy,final_portfolio_value,10,1339133.3478928213,70045.97146556863,1384185.9889708157,1282006.3376958324,1389073.2627747336,1207712.279305954,1397164.6880328488
ppo_with_uncertainty_guard_epistemic,XLU,test_legacy,annualized_return,10,0.07772280980891959,0.01473442760709108,0.08719417246983488,0.06593301925949724,0.0881800128151573,0.04972689392129092,0.08980647285258161
ppo_with_uncertainty_guard_epistemic,XLU,test_legacy,annualized_volatility,10,0.15178553073462991,0.022251791123784854,0.16079839585304456,0.13138459237841757,0.17073712806309968,0.11457535857470948,0.1758511270695483
ppo_with_uncertainty_guard_epistemic,XLU,test_legacy,sharpe_ratio,10,0.4900461494584733,0.031742795722418664,0.49059168800673214,0.48042328283688807,0.5142796335834563,0.4235636935812432,0.5274997869829613
ppo_with_uncertainty_guard_epistemic,XLU,test_legacy,max_drawdown,10,0.22156023744543757,0.02883119970171903,0.22884221746482336,0.20132713086161308,0.24633115039545544,0.16397317878278872,0.2523700820078305
ppo_with_uncertainty_guard_epistemic,XLU,test_legacy,var_95,10,-0.016204452431954224,0.002282229045226754,-0.016978640212167703,-0.018176921165949246,-0.014114723610312983,-0.018877251465289114,-0.012580813480422748
ppo_with_uncertainty_guard_epistemic,XLU,test_legacy,var_95_violation_rate,10,0.05,0.0,0.05,0.05,0.05,0.05,0.05
ppo_with_uncertainty_guard_epistemic,XLU,test_legacy,capital_preservation_rate_95pct_hwm,10,0.936347976875569,0.008270455349256408,0.9307205235113919,0.9296326365118248,0.9451794795225255,0.9296253307016885,0.9477217172017579
stop_loss_10pct,IWM,test_legacy,final_portfolio_value,2,931647.2770156879,0.022300411376466385,931647.2770156879,931647.2691313019,931647.2849000739,931647.2612469158,931647.29278446
stop_loss_10pct,IWM,test_legacy,annualized_return,2,-0.01766611809817921,5.919526227822803e-09,-0.01766611809817921,-0.017666120191047775,-0.01766611600531064,-0.017666122283916345,-0.01766611391244207
stop_loss_10pct,IWM,test_legacy,annualized_volatility,2,0.17895066267431053,3.6719873404992164e-08,0.17895066267431053,0.1789506496918748,0.1789506756567463,0.17895063670943906,0.17895068863918204
stop_loss_10pct,IWM,test_legacy,sharpe_ratio,2,-0.09960293189590329,5.411201195567085e-08,-0.09960293189590329,-0.09960295102738859,-0.09960291276441799,-0.09960297015887389,-0.09960289363293269
stop_loss_10pct,IWM,test_legacy,max_drawdown,2,0.30683652054870086,9.906861915123624e-08,0.30683652054870086,0.30683648552265463,0.3068365555747471,0.30683645049660846,0.30683659060079327
stop_loss_10pct,IWM,test_legacy,var_95,2,-0.019198801466354,1.0582203861014014e-07,-0.019198801466354,-0.01919883888009455,-0.01919876405261345,-0.0191988762938351,-0.0191987266388729
stop_loss_10pct,IWM,test_legacy,var_95_violation_rate,2,0.04995004995004995,0.0,0.04995004995004995,0.04995004995004995,0.04995004995004995,0.04995004995004995,0.04995004995004995
stop_loss_10pct,IWM,test_legacy,capital_preservation_rate_95pct_hwm,2,0.9316472770156878,2.2300411396046067e-08,0.9316472770156878,0.9316472691313018,0.931647284900074,0.9316472612469158,0.93164729278446
stop_loss_10pct,QQQ,test_legacy,final_portfolio_value,2,1182817.015310711,0.5499458900362945,1182817.015310711,1182816.820875477,1182817.209745945,1182816.6264402429,1182817.4041811791
stop_loss_10pct,QQQ,test_legacy,annualized_return,2,0.04317427602087204,1.2210282985176284e-07,0.04317427602087204,0.04317423285100254,0.043174319190741536,0.04317418968113305,0.04317436236061103
stop_loss_10pct,QQQ,test_legacy,annualized_volatility,2,0.1759009086788021,4.385972048711929e-08,0.1759009086788021,0.17590089317204918,0.17590092418555497,0.1759008776652963,0.17590093969230786
stop_loss_10pct,QQQ,test_legacy,sharpe_ratio,2,0.2402956035624979,7.253430037792343e-07,0.2402956035624979,0.2402953471150196,0.24029586000997624,0.24029509066754126,0.24029611645745458
stop_loss_10pct,QQQ,test_legacy,max_drawdown,2,0.4157373436609455,2.0687366043577478e-07,0.4157373436609455,0.41573727052006143,0.4157374168018296,0.41573719737917736,0.41573748994271364
stop_loss_10pct,QQQ,test_legacy,var_95,2,-0.01968948980620322,2.0257514655841084e-07,-0.01968948980620322,-0.019689561427333135,-0.019689418185073304,-0.01968963304846305,-0.01968934656394339
stop_loss_10pct,QQQ,test_legacy,var_95_violation_rate,2,0.04995004995004995,0.0,0.04995004995004995,0.04995004995004995,0.04995004995004995,0.04995004995004995,0.04995004995004995
stop_loss_10pct,QQQ,test_legacy,capital_preservation_rate_95pct_hwm,2,0.975554073782054,1.5700924586837752e-16,0.975554073782054,0.975554073782054,0.975554073782054,0.9755540737820539,0.9755540737820542
stop_loss_10pct,SPY,test_legacy,final_portfolio_value,5,1241164.1561589472,0.1709695604425411,1241164.212916715,1241164.147728803,1241164.2169988686,1241163.8735734443,1241164.3295769058
stop_loss_10pct,SPY,test_legacy,annualized_return,5,0.055896483083604065,3.661654776609204e-08,0.05589649523941478,0.055896481278121975,0.0558964961136898,0.055896422562270745,0.055896520224523016
stop_loss_10pct,SPY,test_legacy,annualized_volatility,5,0.13315857233902584,6.566838162499292e-08,0.13315854848075775,0.13315854292192875,0.13315861901566214,0.13315849313298786,0.13315865814379257
stop_loss_10pct,SPY,test_legacy,sharpe_ratio,5,0.40846103483655016,3.728606403107344e-07,0.40846121152824477,0.40846086430625783,0.40846126495799745,0.4084604612124035,0.40846137217784717
stop_loss_10pct,SPY,test_legacy,max_drawdown,5,0.2994738128679817,5.8489597540975323e-08,0.2994737994449891,0.2994737928067983,0.29947383870941024,0.29947373793493004,0.2994738954437809
stop_loss_10pct,SPY,test_legacy,var_95,5,-0.014456239442381502,1.0644565587388151e-07,-0.014456164905077173,-0.014456314629001099,-0.01445616382287973,-0.014456390032071553,-0.014456163822877954
stop_loss_10pct,SPY,test_legacy,var_95_violation_rate,5,0.04995004995004995,0.0,0.04995004995004995,0.04995004995004995,0.04995004995004995,0.04995004995004995,0.04995004995004995
stop_loss_10pct,SPY,test_legacy,capital_preservation_rate_95pct_hwm,5,0.9951186923772685,1.4686870114880517e-16,0.9951186923772686,0.9951186923772686,0.9951186923772686,0.9951186923772685,0.9951186923772687
stop_loss_10pct,XLE,test_legacy,final_portfolio_value,1,1246783.422962217,0.0,1246783.422962217,1246783.422962217,1246783.422962217,1246783.422962217,1246783.422962217
stop_loss_10pct,XLE,test_legacy,annualized_return,1,0.05709792818415664,0.0,0.05709792818415664,0.05709792818415664,0.05709792818415664,0.05709792818415664,0.05709792818415664
stop_loss_10pct,XLE,test_legacy,annualized_volatility,1,0.24197377717953764,0.0,0.24197377717953764,0.24197377717953764,0.24197377717953764,0.24197377717953764,0.24197377717953764
stop_loss_10pct,XLE,test_legacy,sharpe_ratio,1,0.22947657429767598,0.0,0.22947657429767598,0.22947657429767598,0.22947657429767598,0.22947657429767598,0.22947657429767598
stop_loss_10pct,XLE,test_legacy,max_drawdown,1,0.3651577463989085,0.0,0.3651577463989085,0.3651577463989085,0.3651577463989085,0.3651577463989085,0.3651577463989085
stop_loss_10pct,XLE,test_legacy,var_95,1,-0.025182960586807468,0.0,-0.025182960586807468,-0.025182960586807468,-0.025182960586807468,-0.025182960586807468,-0.025182960586807468
stop_loss_10pct,XLE,test_legacy,var_95_violation_rate,1,0.04995004995004995,0.0,0.04995004995004995,0.04995004995004995,0.04995004995004995,0.04995004995004995,0.04995004995004995
stop_loss_10pct,XLE,test_legacy,capital_preservation_rate_95pct_hwm,1,0.7657673112413453,0.0,0.7657673112413453,0.7657673112413453,0.7657673112413453,0.7657673112413453,0.7657673112413453
stop_loss_10pct,XLF,test_legacy,final_portfolio_value,1,1073441.0595487296,0.0,1073441.0595487296,1073441.0595487296,1073441.0595487296,1073441.0595487296,1073441.0595487296
stop_loss_10pct,XLF,test_legacy,annualized_return,1,0.01800136152769395,0.0,0.01800136152769395,0.01800136152769395,0.01800136152769395,0.01800136152769395,0.01800136152769395
stop_loss_10pct,XLF,test_legacy,annualized_volatility,1,0.15033889064545605,0.0,0.15033889064545605,0.15033889064545605,0.15033889064545605,0.15033889064545605,0.15033889064545605
stop_loss_10pct,XLF,test_legacy,sharpe_ratio,1,0.11867346277161105,0.0,0.11867346277161105,0.11867346277161105,0.11867346277161105,0.11867346277161105,0.11867346277161105
stop_loss_10pct,XLF,test_legacy,max_drawdown,1,0.2702525913726703,0.0,0.2702525913726703,0.2702525913726703,0.2702525913726703,0.2702525913726703,0.2702525913726703
stop_loss_10pct,XLF,test_legacy,var_95,1,-0.016277003206100815,0.0,-0.016277003206100815,-0.016277003206100815,-0.016277003206100815,-0.016277003206100815,-0.016277003206100815
stop_loss_10pct,XLF,test_legacy,var_95_violation_rate,1,0.04995004995004995,0.0,0.04995004995004995,0.04995004995004995,0.04995004995004995,0.04995004995004995,0.04995004995004995
stop_loss_10pct,XLF,test_legacy,capital_preservation_rate_95pct_hwm,1,0.9257629304073767,0.0,0.9257629304073767,0.9257629304073767,0.9257629304073767,0.9257629304073767,0.9257629304073767
stop_loss_10pct,XLK,test_legacy,final_portfolio_value,1,1199483.8910815222,0.0,1199483.8910815222,1199483.8910815222,1199483.8910815222,1199483.8910815222,1199483.8910815222
stop_loss_10pct,XLK,test_legacy,annualized_return,1,0.046855422844496376,0.0,0.046855422844496376,0.046855422844496376,0.046855422844496376,0.046855422844496376,0.046855422844496376
stop_loss_10pct,XLK,test_legacy,annualized_volatility,1,0.19495390458368872,0.0,0.19495390458368872,0.19495390458368872,0.19495390458368872,0.19495390458368872,0.19495390458368872
stop_loss_10pct,XLK,test_legacy,sharpe_ratio,1,0.23488012769841216,0.0,0.23488012769841216,0.23488012769841216,0.23488012769841216,0.23488012769841216,0.23488012769841216
stop_loss_10pct,XLK,test_legacy,max_drawdown,1,0.39596385176750926,0.0,0.39596385176750926,0.39596385176750926,0.39596385176750926,0.39596385176750926,0.39596385176750926
stop_loss_10pct,XLK,test_legacy,var_95,1,-0.022047393886852618,0.0,-0.022047393886852618,-0.022047393886852618,-0.022047393886852618,-0.022047393886852618,-0.022047393886852618
stop_loss_10pct,XLK,test_legacy,var_95_violation_rate,1,0.04995004995004995,0.0,0.04995004995004995,0.04995004995004995,0.04995004995004995,0.04995004995004995,0.04995004995004995
stop_loss_10pct,XLK,test_legacy,capital_preservation_rate_95pct_hwm,1,0.9520983436207782,0.0,0.9520983436207782,0.9520983436207782,0.9520983436207782,0.9520983436207782,0.9520983436207782
stop_loss_10pct,XLU,test_legacy,final_portfolio_value,1,986331.5872223628,0.0,986331.5872223628,986331.5872223628,986331.5872223628,986331.5872223628,986331.5872223628
stop_loss_10pct,XLU,test_legacy,annualized_return,1,-0.003458736770243451,0.0,-0.003458736770243451,-0.003458736770243451,-0.003458736770243451,-0.003458736770243451,-0.003458736770243451
stop_loss_10pct,XLU,test_legacy,annualized_volatility,1,0.14635202522299362,0.0,0.14635202522299362,0.14635202522299362,0.14635202522299362,0.14635202522299362,0.14635202522299362
stop_loss_10pct,XLU,test_legacy,sharpe_ratio,1,-0.023673934575701192,0.0,-0.023673934575701192,-0.023673934575701192,-0.023673934575701192,-0.023673934575701192,-0.023673934575701192
stop_loss_10pct,XLU,test_legacy,max_drawdown,1,0.3478457445483555,0.0,0.3478457445483555,0.3478457445483555,0.3478457445483555,0.3478457445483555,0.3478457445483555
stop_loss_10pct,XLU,test_legacy,var_95,1,-0.01644473566400073,0.0,-0.01644473566400073,-0.01644473566400073,-0.01644473566400073,-0.01644473566400073,-0.01644473566400073
stop_loss_10pct,XLU,test_legacy,var_95_violation_rate,1,0.04995004995004995,0.0,0.04995004995004995,0.04995004995004995,0.04995004995004995,0.04995004995004995,0.04995004995004995
stop_loss_10pct,XLU,test_legacy,capital_preservation_rate_95pct_hwm,1,0.9022527019624246,0.0,0.9022527019624246,0.9022527019624246,0.9022527019624246,0.9022527019624246,0.9022527019624246
stop_loss_10pct,XLV,test_legacy,final_portfolio_value,1,972344.196977682,0.0,972344.196977682,972344.196977682,972344.196977682,972344.196977682,972344.196977682
stop_loss_10pct,XLV,test_legacy,annualized_return,1,-0.007035520760471873,0.0,-0.007035520760471873,-0.007035520760471873,-0.007035520760471873,-0.007035520760471873,-0.007035520760471873
stop_loss_10pct,XLV,test_legacy,annualized_volatility,1,0.12956433487480973,0.0,0.12956433487480973,0.12956433487480973,0.12956433487480973,0.12956433487480973,0.12956433487480973
stop_loss_10pct,XLV,test_legacy,sharpe_ratio,1,-0.05449322216365129,0.0,-0.05449322216365129,-0.05449322216365129,-0.05449322216365129,-0.05449322216365129,-0.05449322216365129
stop_loss_10pct,XLV,test_legacy,max_drawdown,1,0.23357475277645268,0.0,0.23357475277645268,0.23357475277645268,0.23357475277645268,0.23357475277645268,0.23357475277645268
stop_loss_10pct,XLV,test_legacy,var_95,1,-0.013695029874869036,0.0,-0.013695029874869036,-0.013695029874869036,-0.013695029874869036,-0.013695029874869036,-0.013695029874869036
stop_loss_10pct,XLV,test_legacy,var_95_violation_rate,1,0.04995004995004995,0.0,0.04995004995004995,0.04995004995004995,0.04995004995004995,0.04995004995004995,0.04995004995004995
stop_loss_10pct,XLV,test_legacy,capital_preservation_rate_95pct_hwm,1,0.9330530019891505,0.0,0.9330530019891505,0.9330530019891505,0.9330530019891505,0.9330530019891505,0.9330530019891505
stop_loss_5pct,IWM,test_legacy,final_portfolio_value,2,1194560.8130817474,0.8852496832059139,1194560.8130817474,1194560.5000987202,1194561.1260647743,1194560.1871156932,1194561.4390478013
stop_loss_5pct,IWM,test_legacy,annualized_return,2,0.04577208621482881,1.951016868783257e-07,0.04577208621482881,0.045772017235965905,0.04577215519369172,0.045771948257103,0.045772224172554624
stop_loss_5pct,IWM,test_legacy,annualized_volatility,2,0.1764659143389939,7.269537967437906e-08,0.1764659143389939,0.17646588863729593,0.17646594004069185,0.17646586293559796,0.17646596574238982
stop_loss_5pct,IWM,test_legacy,sharpe_ratio,2,0.2536207119642097,1.1616929518591624e-06,0.2536207119642097,0.25362030124372775,0.25362112268469167,0.2536198905232458,0.2536215334051736
stop_loss_5pct,IWM,test_legacy,max_drawdown,2,0.23066887326901925,2.233437972620317e-07,0.23066887326901925,0.23066879430506246,0.23066895223297604,0.23066871534110567,0.23066903119693283
stop_loss_5pct,IWM,test_legacy,var_95,2,-0.017752019821308807,1.2131657768346885e-07,-0.017752019821308807,-0.01775206271319618,-0.01775197692942143,-0.017752105605083557,-0.017751934037534056
stop_loss_5pct,IWM,test_legacy,var_95_violation_rate,2,0.04995004995004995,0.0,0.04995004995004995,0.04995004995004995,0.04995004995004995,0.04995004995004995,0.04995004995004995
stop_loss_5pct,IWM,test_legacy,capital_preservation_rate_95pct_hwm,2,0.9653287236879878,8.121816631373967e-08,0.9653287236879878,0.9653286949730298,0.9653287524029459,0.9653286662580717,0.965328781117904
stop_loss_5pct,QQQ,test_legacy,final_portfolio_value,2,1256472.128809037,0.48186958547143505,1256472.128809037,1256471.9584424112,1256472.2991756627,1256471.7880757854,1256472.4695422885
stop_loss_5pct,QQQ,test_legacy,annualized_return,2,0.05915997095601282,1.0225973858431818e-07,0.05915997095601282,0.05915993480173552,0.05916000711029011,0.05915989864745822,0.05916004326456741
stop_loss_5pct,QQQ,test_legacy,annualized_volatility,2,0.1633677838621837,2.1941720986945643e-08,0.1633677838621837,0.16336777610461384,0.16336779161975357,0.163367768347044,0.1633677993773234
stop_loss_5pct,QQQ,test_legacy,sharpe_ratio,2,0.3518200253860174,6.382372148565029e-07,0.3518200253860174,0.3518197997350861,0.3518202510369487,0.35181957408415476,0.35182047668788
stop_loss_5pct,QQQ,test_legacy,max_drawdown,2,0.2833706229391143,3.13052790669117e-08,0.2833706229391143,0.28337061187102675,0.28337063400720186,0.2833706008029392,0.2833706450752894
stop_loss_5pct,QQQ,test_legacy,var_95,2,-0.01800542159693208,1.5043520594017019e-09,-0.01800542159693208,-0.018005422128800852,-0.01800542106506331,-0.018005422660669623,-0.01800542053319454
stop_loss_5pct,QQQ,test_legacy,var_95_violation_rate,2,0.04995004995004995,0.0,0.04995004995004995,0.04995004995004995,0.04995004995004995,0.04995004995004995,0.04995004995004995
stop_loss_5pct,QQQ,test_legacy,capital_preservation_rate_95pct_hwm,2,0.9676059112074893,1.5985294520247593e-07,0.9676059112074893,0.9676058546909385,0.9676059677240401,0.9676057981743877,0.9676060242405908
stop_loss_5pct,SPY,test_legacy,final_portfolio_value,5,1233202.8026822389,0.35850024241428835,1233203.0118427838,1233202.4737107765,1233203.0307356543,1233202.3585271714,1233203.1385948085
stop_loss_5pct,SPY,test_legacy,annualized_return,5,0.054187293000989754,7.715058203447806e-08,0.054187338013116995,0.05418722220511317,0.05418734207893227,0.05418719741716899,0.054187365290617365
stop_loss_5pct,SPY,test_legacy,annualized_volatility,5,0.12453565039740896,6.610997685220177e-08,0.12453563772591751,0.12453562929139342,0.1245357029285872,0.12453555753191906,0.12453572450922763
stop_loss_5pct,SPY,test_legacy,sharpe_ratio,5,0.42373460324911116,8.023352920511149e-07,0.4237349892242817,0.4237338852539274,0.423735048892489,0.423733623014283,0.42373546986057475
stop_loss_5pct,SPY,test_legacy,max_drawdown,5,0.25228630057942486,1.9607083843552703e-07,0.2522862240775524,0.2522861434017294,0.25228650090991456,0.2522861141168863,0.2522865203910417
stop_loss_5pct,SPY,test_legacy,var_95,5,-0.013954210970295122,5.5197301095608296e-08,-0.013954223435492352,-0.013954224363459389,-0.013954158325612198,-0.01395429040130125,-0.013954158325610422
stop_loss_5pct,SPY,test_legacy,var_95_violation_rate,5,0.04995004995004995,0.0,0.04995004995004995,0.04995004995004995,0.04995004995004995,0.04995004995004995,0.04995004995004995
stop_loss_5pct,SPY,test_legacy,capital_preservation_rate_95pct_hwm,5,0.9905298094234478,3.9557170717966444e-08,0.9905298271139523,0.9905298271139522,0.9905298271139525,0.9905297386614297,0.9905298271139525
stop_loss_5pct,XLE,test_legacy,final_portfolio_value,1,1521973.168579521,0.0,1521973.168579521,1521973.168579521,1521973.168579521,1521973.168579521,1521973.168579521
stop_loss_5pct,XLE,test_legacy,annualized_return,1,0.11152860171850758,0.0,0.11152860171850758,0.11152860171850758,0.11152860171850758,0.11152860171850758,0.11152860171850758
stop_loss_5pct,XLE,test_legacy,annualized_volatility,1,0.22781491194207598,0.0,0.22781491194207598,0.22781491194207598,0.22781491194207598,0.22781491194207598,0.22781491194207598
stop_loss_5pct,XLE,test_legacy,sharpe_ratio,1,0.464131658684281,0.0,0.464131658684281,0.464131658684281,0.464131658684281,0.464131658684281,0.464131658684281
stop_loss_5pct,XLE,test_legacy,max_drawdown,1,0.28060340924900773,0.0,0.28060340924900773,0.28060340924900773,0.28060340924900773,0.28060340924900773,0.28060340924900773
stop_loss_5pct,XLE,test_legacy,var_95,1,-0.024115222382780743,0.0,-0.024115222382780743,-0.024115222382780743,-0.024115222382780743,-0.024115222382780743,-0.024115222382780743
stop_loss_5pct,XLE,test_legacy,var_95_violation_rate,1,0.04995004995004995,0.0,0.04995004995004995,0.04995004995004995,0.04995004995004995,0.04995004995004995,0.04995004995004995
stop_loss_5pct,XLE,test_legacy,capital_preservation_rate_95pct_hwm,1,0.8451523383182366,0.0,0.8451523383182366,0.8451523383182366,0.8451523383182366,0.8451523383182366,0.8451523383182366
stop_loss_5pct,XLF,test_legacy,final_portfolio_value,1,1248017.1101980947,0.0,1248017.1101980947,1248017.1101980947,1248017.1101980947,1248017.1101980947,1248017.1101980947
stop_loss_5pct,XLF,test_legacy,annualized_return,1,0.05736115796720694,0.0,0.05736115796720694,0.05736115796720694,0.05736115796720694,0.05736115796720694,0.05736115796720694
stop_loss_5pct,XLF,test_legacy,annualized_volatility,1,0.133047383464873,0.0,0.133047383464873,0.133047383464873,0.133047383464873,0.133047383464873,0.133047383464873
stop_loss_5pct,XLF,test_legacy,sharpe_ratio,1,0.4192210520374268,0.0,0.4192210520374268,0.4192210520374268,0.4192210520374268,0.4192210520374268,0.4192210520374268
stop_loss_5pct,XLF,test_legacy,max_drawdown,1,0.16939641413880802,0.0,0.16939641413880802,0.16939641413880802,0.16939641413880802,0.16939641413880802,0.16939641413880802
stop_loss_5pct,XLF,test_legacy,var_95,1,-0.013760951599799398,0.0,-0.013760951599799398,-0.013760951599799398,-0.013760951599799398,-0.013760951599799398,-0.013760951599799398
stop_loss_5pct,XLF,test_legacy,var_95_violation_rate,1,0.04995004995004995,0.0,0.04995004995004995,0.04995004995004995,0.04995004995004995,0.04995004995004995,0.04995004995004995
stop_loss_5pct,XLF,test_legacy,capital_preservation_rate_95pct_hwm,1,0.9349777867096625,0.0,0.9349777867096625,0.9349777867096625,0.9349777867096625,0.9349777867096625,0.9349777867096625
stop_loss_5pct,XLK,test_legacy,final_portfolio_value,1,1037785.6974187555,0.0,1037785.6974187555,1037785.6974187555,1037785.6974187555,1037785.6974187555,1037785.6974187555
stop_loss_5pct,XLK,test_legacy,annualized_return,1,0.00938089534340305,0.0,0.00938089534340305,0.00938089534340305,0.00938089534340305,0.00938089534340305,0.00938089534340305
stop_loss_5pct,XLK,test_legacy,annualized_volatility,1,0.1667698955179657,0.0,0.1667698955179657,0.1667698955179657,0.1667698955179657,0.1667698955179657,0.1667698955179657
stop_loss_5pct,XLK,test_legacy,sharpe_ratio,1,0.05598827703798854,0.0,0.05598827703798854,0.05598827703798854,0.05598827703798854,0.05598827703798854,0.05598827703798854
stop_loss_5pct,XLK,test_legacy,max_drawdown,1,0.2746409118249685,0.0,0.2746409118249685,0.2746409118249685,0.2746409118249685,0.2746409118249685,0.2746409118249685
stop_loss_5pct,XLK,test_legacy,var_95,1,-0.018302401356161013,0.0,-0.018302401356161013,-0.018302401356161013,-0.018302401356161013,-0.018302401356161013,-0.018302401356161013
stop_loss_5pct,XLK,test_legacy,var_95_violation_rate,1,0.04995004995004995,0.0,0.04995004995004995,0.04995004995004995,0.04995004995004995,0.04995004995004995,0.04995004995004995
stop_loss_5pct,XLK,test_legacy,capital_preservation_rate_95pct_hwm,1,0.8769366416804317,0.0,0.8769366416804317,0.8769366416804317,0.8769366416804317,0.8769366416804317,0.8769366416804317
stop_loss_5pct,XLU,test_legacy,final_portfolio_value,1,1014111.0152222698,0.0,1014111.0152222698,1014111.0152222698,1014111.0152222698,1014111.0152222698,1014111.0152222698
stop_loss_5pct,XLU,test_legacy,annualized_return,1,0.00353382185903432,0.0,0.00353382185903432,0.00353382185903432,0.00353382185903432,0.00353382185903432,0.00353382185903432
stop_loss_5pct,XLU,test_legacy,annualized_volatility,1,0.1384150872699159,0.0,0.1384150872699159,0.1384150872699159,0.1384150872699159,0.1384150872699159,0.1384150872699159
stop_loss_5pct,XLU,test_legacy,sharpe_ratio,1,0.025485578238328845,0.0,0.025485578238328845,0.025485578238328845,0.025485578238328845,0.025485578238328845,0.025485578238328845
stop_loss_5pct,XLU,test_legacy,max_drawdown,1,0.25484506447410693,0.0,0.25484506447410693,0.25484506447410693,0.25484506447410693,0.25484506447410693,0.25484506447410693
stop_loss_5pct,XLU,test_legacy,var_95,1,-0.01544423533041872,0.0,-0.01544423533041872,-0.01544423533041872,-0.01544423533041872,-0.01544423533041872,-0.01544423533041872
stop_loss_5pct,XLU,test_legacy,var_95_violation_rate,1,0.04995004995004995,0.0,0.04995004995004995,0.04995004995004995,0.04995004995004995,0.04995004995004995,0.04995004995004995
stop_loss_5pct,XLU,test_legacy,capital_preservation_rate_95pct_hwm,1,0.9155899252730428,0.0,0.9155899252730428,0.9155899252730428,0.9155899252730428,0.9155899252730428,0.9155899252730428
stop_loss_5pct,XLV,test_legacy,final_portfolio_value,1,838456.6776548523,0.0,838456.6776548523,838456.6776548523,838456.6776548523,838456.6776548523,838456.6776548523
stop_loss_5pct,XLV,test_legacy,annualized_return,1,-0.043386772291543876,0.0,-0.043386772291543876,-0.043386772291543876,-0.043386772291543876,-0.043386772291543876,-0.043386772291543876
stop_loss_5pct,XLV,test_legacy,annualized_volatility,1,0.10994209125502172,0.0,0.10994209125502172,0.10994209125502172,0.10994209125502172,0.10994209125502172,0.10994209125502172
stop_loss_5pct,XLV,test_legacy,sharpe_ratio,1,-0.40344926536377723,0.0,-0.40344926536377723,-0.40344926536377723,-0.40344926536377723,-0.40344926536377723,-0.40344926536377723
stop_loss_5pct,XLV,test_legacy,max_drawdown,1,0.2687510459979682,0.0,0.2687510459979682,0.2687510459979682,0.2687510459979682,0.2687510459979682,0.2687510459979682
stop_loss_5pct,XLV,test_legacy,var_95,1,-0.011632460563014035,0.0,-0.011632460563014035,-0.011632460563014035,-0.011632460563014035,-0.011632460563014035,-0.011632460563014035
stop_loss_5pct,XLV,test_legacy,var_95_violation_rate,1,0.04995004995004995,0.0,0.04995004995004995,0.04995004995004995,0.04995004995004995,0.04995004995004995,0.04995004995004995
stop_loss_5pct,XLV,test_legacy,capital_preservation_rate_95pct_hwm,1,0.8384566776548523,0.0,0.8384566776548523,0.8384566776548523,0.8384566776548523,0.8384566776548523,0.8384566776548523
